[0.000000] (-) TimerEvent: {}
[0.001971] (camera_pkg) JobQueued: {'identifier': 'camera_pkg', 'dependencies': OrderedDict()}
[0.003202] (f1tenth_gym_ros) JobQueued: {'identifier': 'f1tenth_gym_ros', 'dependencies': OrderedDict()}
[0.003716] (gap_follow) JobQueued: {'identifier': 'gap_follow', 'dependencies': OrderedDict()}
[0.003847] (particle_filter) JobQueued: {'identifier': 'particle_filter', 'dependencies': OrderedDict()}
[0.004046] (ppo_racing) JobQueued: {'identifier': 'ppo_racing', 'dependencies': OrderedDict()}
[0.004146] (pure_pursuit) JobQueued: {'identifier': 'pure_pursuit', 'dependencies': OrderedDict()}
[0.004228] (realsense2_camera_msgs) JobQueued: {'identifier': 'realsense2_camera_msgs', 'dependencies': OrderedDict()}
[0.004316] (rrt_package) JobQueued: {'identifier': 'rrt_package', 'dependencies': OrderedDict()}
[0.004394] (safety_node) JobQueued: {'identifier': 'safety_node', 'dependencies': OrderedDict()}
[0.004502] (wall_follow) JobQueued: {'identifier': 'wall_follow', 'dependencies': OrderedDict()}
[0.004585] (waypoint_logger) JobQueued: {'identifier': 'waypoint_logger', 'dependencies': OrderedDict()}
[0.004686] (realsense2_camera) JobQueued: {'identifier': 'realsense2_camera', 'dependencies': OrderedDict([('realsense2_camera_msgs', '/home/f1tenth/f1tenth_mrc_ws/install/realsense2_camera_msgs')])}
[0.004811] (realsense2_description) JobQueued: {'identifier': 'realsense2_description', 'dependencies': OrderedDict([('realsense2_camera_msgs', '/home/f1tenth/f1tenth_mrc_ws/install/realsense2_camera_msgs')])}
[0.005154] (realsense2_camera_msgs) JobStarted: {'identifier': 'realsense2_camera_msgs'}
[0.041638] (camera_pkg) JobStarted: {'identifier': 'camera_pkg'}
[0.084544] (f1tenth_gym_ros) JobStarted: {'identifier': 'f1tenth_gym_ros'}
[0.099140] (-) TimerEvent: {}
[0.130785] (gap_follow) JobStarted: {'identifier': 'gap_follow'}
[0.175799] (realsense2_camera_msgs) JobProgress: {'identifier': 'realsense2_camera_msgs', 'progress': 'cmake'}
[0.182020] (realsense2_camera_msgs) Command: {'cmd': ['/usr/bin/cmake', '/home/f1tenth/f1tenth_mrc_ws/src/realsense-ros/realsense2_camera_msgs', '-DCMAKE_INSTALL_PREFIX=/home/f1tenth/f1tenth_mrc_ws/install/realsense2_camera_msgs'], 'cwd': '/home/f1tenth/f1tenth_mrc_ws/build/realsense2_camera_msgs', 'env': OrderedDict([('GJS_DEBUG_TOPICS', 'JS ERROR;JS LOG'), ('LESSOPEN', '| /usr/bin/lesspipe %s'), ('USER', 'f1tenth'), ('LC_TIME', 'bs_BA.UTF-8'), ('SSH_AGENT_PID', '2722'), ('XDG_SESSION_TYPE', 'x11'), ('SHLVL', '1'), ('LD_LIBRARY_PATH', '/opt/ros/foxy/opt/yaml_cpp_vendor/lib:/opt/ros/foxy/opt/rviz_ogre_vendor/lib:/opt/ros/foxy/lib/aarch64-linux-gnu:/opt/ros/foxy/lib'), ('HOME', '/home/f1tenth'), ('OLDPWD', '/home/f1tenth/f1tenth_mrc_ws/src'), ('DESKTOP_SESSION', 'ubuntu'), ('JETSON_L4T', '35.1.0'), ('GIO_LAUNCHED_DESKTOP_FILE', '/usr/share/applications/terminator.desktop'), ('ROS_PYTHON_VERSION', '3'), ('GNOME_SHELL_SESSION_MODE', 'ubuntu'), ('GTK_MODULES', 'gail:atk-bridge'), ('JETSON_MODEL', 'NVIDIA Jetson Xavier NX Developer Kit'), ('LC_MONETARY', 'bs_BA.UTF-8'), ('MANAGERPID', '2456'), ('DBUS_SESSION_BUS_ADDRESS', 'unix:path=/run/user/1000/bus'), ('COLORTERM', 'truecolor'), ('TERMINATOR_DBUS_NAME', 'net.tenshu.Terminator21a9d5db22c73a993ff0b42f64b396873'), ('GIO_LAUNCHED_DESKTOP_FILE_PID', '3398'), ('_colcon_cd_root', '/opt/ros/foxy/'), ('IM_CONFIG_PHASE', '1'), ('ROS_DISTRO', 'foxy'), ('LOGNAME', 'f1tenth'), ('JETSON_MODULE', 'NVIDIA Jetson Xavier NX (Developer kit)'), ('JETSON_SERIAL_NUMBER', '1422420033521'), ('JOURNAL_STREAM', '7:52952'), ('_', '/usr/bin/colcon'), ('ROS_VERSION', '2'), ('JETSON_CODENAME', 'Jakku'), ('XDG_SESSION_CLASS', 'user'), ('USERNAME', 'f1tenth'), ('TERM', 'xterm-256color'), ('GNOME_DESKTOP_SESSION_ID', 'this-is-deprecated'), ('ROS_LOCALHOST_ONLY', '0'), ('WINDOWPATH', '2'), ('PATH', '/opt/ros/foxy/bin:/home/f1tenth/.local/bin:/usr/local/sbin:/usr/local/bin:/usr/sbin:/usr/bin:/sbin:/bin:/usr/games:/usr/local/games:/snap/bin'), ('SESSION_MANAGER', 'local/f1tenth-desktop:@/tmp/.ICE-unix/2757,unix/f1tenth-desktop:/tmp/.ICE-unix/2757'), ('INVOCATION_ID', 'bd1f5b7138a241e9935586b351aafc78'), ('XDG_MENU_PREFIX', 'gnome-'), ('LC_ADDRESS', 'bs_BA.UTF-8'), ('XDG_RUNTIME_DIR', '/run/user/1000'), ('DISPLAY', ':0'), ('TERMINATOR_DBUS_PATH', '/net/tenshu/Terminator2'), ('LANG', 'en_US.UTF-8'), ('XDG_CURRENT_DESKTOP', 'ubuntu:GNOME'), ('LC_TELEPHONE', 'bs_BA.UTF-8'), ('XMODIFIERS', '@im=ibus'), ('XDG_SESSION_DESKTOP', 'ubuntu'), ('XAUTHORITY', '/run/user/1000/gdm/Xauthority'), ('LS_COLORS', 'rs=0:di=01;34:ln=01;36:mh=00:pi=40;33:so=01;35:do=01;35:bd=40;33;01:cd=40;33;01:or=40;31;01:mi=00:su=37;41:sg=30;43:ca=30;41:tw=30;42:ow=34;42:st=37;44:ex=01;32:*.tar=01;31:*.tgz=01;31:*.arc=01;31:*.arj=01;31:*.taz=01;31:*.lha=01;31:*.lz4=01;31:*.lzh=01;31:*.lzma=01;31:*.tlz=01;31:*.txz=01;31:*.tzo=01;31:*.t7z=01;31:*.zip=01;31:*.z=01;31:*.dz=01;31:*.gz=01;31:*.lrz=01;31:*.lz=01;31:*.lzo=01;31:*.xz=01;31:*.zst=01;31:*.tzst=01;31:*.bz2=01;31:*.bz=01;31:*.tbz=01;31:*.tbz2=01;31:*.tz=01;31:*.deb=01;31:*.rpm=01;31:*.jar=01;31:*.war=01;31:*.ear=01;31:*.sar=01;31:*.rar=01;31:*.alz=01;31:*.ace=01;31:*.zoo=01;31:*.cpio=01;31:*.7z=01;31:*.rz=01;31:*.cab=01;31:*.wim=01;31:*.swm=01;31:*.dwm=01;31:*.esd=01;31:*.jpg=01;35:*.jpeg=01;35:*.mjpg=01;35:*.mjpeg=01;35:*.gif=01;35:*.bmp=01;35:*.pbm=01;35:*.pgm=01;35:*.ppm=01;35:*.tga=01;35:*.xbm=01;35:*.xpm=01;35:*.tif=01;35:*.tiff=01;35:*.png=01;35:*.svg=01;35:*.svgz=01;35:*.mng=01;35:*.pcx=01;35:*.mov=01;35:*.mpg=01;35:*.mpeg=01;35:*.m2v=01;35:*.mkv=01;35:*.webm=01;35:*.ogm=01;35:*.mp4=01;35:*.m4v=01;35:*.mp4v=01;35:*.vob=01;35:*.qt=01;35:*.nuv=01;35:*.wmv=01;35:*.asf=01;35:*.rm=01;35:*.rmvb=01;35:*.flc=01;35:*.avi=01;35:*.fli=01;35:*.flv=01;35:*.gl=01;35:*.dl=01;35:*.xcf=01;35:*.xwd=01;35:*.yuv=01;35:*.cgm=01;35:*.emf=01;35:*.ogv=01;35:*.ogx=01;35:*.aac=00;36:*.au=00;36:*.flac=00;36:*.m4a=00;36:*.mid=00;36:*.midi=00;36:*.mka=00;36:*.mp3=00;36:*.mpc=00;36:*.ogg=00;36:*.ra=00;36:*.wav=00;36:*.oga=00;36:*.opus=00;36:*.spx=00;36:*.xspf=00;36:'), ('JETSON_SOC', 'tegra194'), ('SSH_AUTH_SOCK', '/run/user/1000/keyring/ssh'), ('ROS_DOMAIN_ID', '6'), ('AMENT_PREFIX_PATH', '/opt/ros/foxy'), ('SHELL', '/bin/bash'), ('CMAKE_ARGS', '-DBUILD_WITH_OPENMP=OFF'), ('LC_NAME', 'bs_BA.UTF-8'), ('TERMINATOR_UUID', 'urn:uuid:0a99abc2-9966-4d5d-a08b-faa1cb518880'), ('QT_ACCESSIBILITY', '1'), ('GDMSESSION', 'ubuntu'), ('LESSCLOSE', '/usr/bin/lesspipe %s %s'), ('LC_MEASUREMENT', 'bs_BA.UTF-8'), ('GPG_AGENT_INFO', '/run/user/1000/gnupg/S.gpg-agent:0:1'), ('GJS_DEBUG_OUTPUT', 'stderr'), ('LC_IDENTIFICATION', 'bs_BA.UTF-8'), ('QT_IM_MODULE', 'ibus'), ('JETSON_CUDA_ARCH_BIN', '7.2'), ('PWD', '/home/f1tenth/f1tenth_mrc_ws/build/realsense2_camera_msgs'), ('LC_ALL', 'en_US.UTF-8'), ('XDG_CONFIG_DIRS', '/etc/xdg/xdg-ubuntu:/etc/xdg'), ('XDG_DATA_DIRS', '/usr/share/ubuntu:/usr/local/share/:/usr/share/:/var/lib/snapd/desktop'), ('PYTHONPATH', '/opt/ros/foxy/lib/python3.8/site-packages'), ('LC_NUMERIC', 'bs_BA.UTF-8'), ('LC_PAPER', 'bs_BA.UTF-8'), ('COLCON', '1'), ('VTE_VERSION', '6003'), ('JETSON_JETPACK', '5.0.2 GA'), ('JETSON_P_NUMBER', 'p3668-0000'), ('CMAKE_PREFIX_PATH', '/opt/ros/foxy')]), 'shell': False}
[0.200751] (-) TimerEvent: {}
[0.304477] (-) TimerEvent: {}
[0.406927] (-) TimerEvent: {}
[0.507771] (-) TimerEvent: {}
[0.608679] (-) TimerEvent: {}
[0.709603] (-) TimerEvent: {}
[0.810567] (-) TimerEvent: {}
[0.912150] (-) TimerEvent: {}
[1.013024] (-) TimerEvent: {}
[1.113928] (-) TimerEvent: {}
[1.214964] (-) TimerEvent: {}
[1.316083] (-) TimerEvent: {}
[1.417664] (-) TimerEvent: {}
[1.520910] (-) TimerEvent: {}
[1.621746] (-) TimerEvent: {}
[1.722755] (-) TimerEvent: {}
[1.823609] (-) TimerEvent: {}
[1.926193] (-) TimerEvent: {}
[2.027840] (-) TimerEvent: {}
[2.129261] (-) TimerEvent: {}
[2.231526] (-) TimerEvent: {}
[2.332974] (-) TimerEvent: {}
[2.433795] (-) TimerEvent: {}
[2.534746] (-) TimerEvent: {}
[2.581939] (gap_follow) JobProgress: {'identifier': 'gap_follow', 'progress': 'cmake'}
[2.585773] (gap_follow) Command: {'cmd': ['/usr/bin/cmake', '/home/f1tenth/f1tenth_mrc_ws/src/f1tenth_lab4_template/gap_follow', '-DCMAKE_INSTALL_PREFIX=/home/f1tenth/f1tenth_mrc_ws/install/gap_follow'], 'cwd': '/home/f1tenth/f1tenth_mrc_ws/build/gap_follow', 'env': OrderedDict([('GJS_DEBUG_TOPICS', 'JS ERROR;JS LOG'), ('LESSOPEN', '| /usr/bin/lesspipe %s'), ('USER', 'f1tenth'), ('LC_TIME', 'bs_BA.UTF-8'), ('SSH_AGENT_PID', '2722'), ('XDG_SESSION_TYPE', 'x11'), ('SHLVL', '1'), ('LD_LIBRARY_PATH', '/opt/ros/foxy/opt/yaml_cpp_vendor/lib:/opt/ros/foxy/opt/rviz_ogre_vendor/lib:/opt/ros/foxy/lib/aarch64-linux-gnu:/opt/ros/foxy/lib'), ('HOME', '/home/f1tenth'), ('OLDPWD', '/home/f1tenth/f1tenth_mrc_ws/src'), ('DESKTOP_SESSION', 'ubuntu'), ('JETSON_L4T', '35.1.0'), ('GIO_LAUNCHED_DESKTOP_FILE', '/usr/share/applications/terminator.desktop'), ('ROS_PYTHON_VERSION', '3'), ('GNOME_SHELL_SESSION_MODE', 'ubuntu'), ('GTK_MODULES', 'gail:atk-bridge'), ('JETSON_MODEL', 'NVIDIA Jetson Xavier NX Developer Kit'), ('LC_MONETARY', 'bs_BA.UTF-8'), ('MANAGERPID', '2456'), ('DBUS_SESSION_BUS_ADDRESS', 'unix:path=/run/user/1000/bus'), ('COLORTERM', 'truecolor'), ('TERMINATOR_DBUS_NAME', 'net.tenshu.Terminator21a9d5db22c73a993ff0b42f64b396873'), ('GIO_LAUNCHED_DESKTOP_FILE_PID', '3398'), ('_colcon_cd_root', '/opt/ros/foxy/'), ('IM_CONFIG_PHASE', '1'), ('ROS_DISTRO', 'foxy'), ('LOGNAME', 'f1tenth'), ('JETSON_MODULE', 'NVIDIA Jetson Xavier NX (Developer kit)'), ('JETSON_SERIAL_NUMBER', '1422420033521'), ('JOURNAL_STREAM', '7:52952'), ('_', '/usr/bin/colcon'), ('ROS_VERSION', '2'), ('JETSON_CODENAME', 'Jakku'), ('XDG_SESSION_CLASS', 'user'), ('USERNAME', 'f1tenth'), ('TERM', 'xterm-256color'), ('GNOME_DESKTOP_SESSION_ID', 'this-is-deprecated'), ('ROS_LOCALHOST_ONLY', '0'), ('WINDOWPATH', '2'), ('PATH', '/opt/ros/foxy/bin:/home/f1tenth/.local/bin:/usr/local/sbin:/usr/local/bin:/usr/sbin:/usr/bin:/sbin:/bin:/usr/games:/usr/local/games:/snap/bin'), ('SESSION_MANAGER', 'local/f1tenth-desktop:@/tmp/.ICE-unix/2757,unix/f1tenth-desktop:/tmp/.ICE-unix/2757'), ('INVOCATION_ID', 'bd1f5b7138a241e9935586b351aafc78'), ('XDG_MENU_PREFIX', 'gnome-'), ('LC_ADDRESS', 'bs_BA.UTF-8'), ('XDG_RUNTIME_DIR', '/run/user/1000'), ('DISPLAY', ':0'), ('TERMINATOR_DBUS_PATH', '/net/tenshu/Terminator2'), ('LANG', 'en_US.UTF-8'), ('XDG_CURRENT_DESKTOP', 'ubuntu:GNOME'), ('LC_TELEPHONE', 'bs_BA.UTF-8'), ('XMODIFIERS', '@im=ibus'), ('XDG_SESSION_DESKTOP', 'ubuntu'), ('XAUTHORITY', '/run/user/1000/gdm/Xauthority'), ('LS_COLORS', 'rs=0:di=01;34:ln=01;36:mh=00:pi=40;33:so=01;35:do=01;35:bd=40;33;01:cd=40;33;01:or=40;31;01:mi=00:su=37;41:sg=30;43:ca=30;41:tw=30;42:ow=34;42:st=37;44:ex=01;32:*.tar=01;31:*.tgz=01;31:*.arc=01;31:*.arj=01;31:*.taz=01;31:*.lha=01;31:*.lz4=01;31:*.lzh=01;31:*.lzma=01;31:*.tlz=01;31:*.txz=01;31:*.tzo=01;31:*.t7z=01;31:*.zip=01;31:*.z=01;31:*.dz=01;31:*.gz=01;31:*.lrz=01;31:*.lz=01;31:*.lzo=01;31:*.xz=01;31:*.zst=01;31:*.tzst=01;31:*.bz2=01;31:*.bz=01;31:*.tbz=01;31:*.tbz2=01;31:*.tz=01;31:*.deb=01;31:*.rpm=01;31:*.jar=01;31:*.war=01;31:*.ear=01;31:*.sar=01;31:*.rar=01;31:*.alz=01;31:*.ace=01;31:*.zoo=01;31:*.cpio=01;31:*.7z=01;31:*.rz=01;31:*.cab=01;31:*.wim=01;31:*.swm=01;31:*.dwm=01;31:*.esd=01;31:*.jpg=01;35:*.jpeg=01;35:*.mjpg=01;35:*.mjpeg=01;35:*.gif=01;35:*.bmp=01;35:*.pbm=01;35:*.pgm=01;35:*.ppm=01;35:*.tga=01;35:*.xbm=01;35:*.xpm=01;35:*.tif=01;35:*.tiff=01;35:*.png=01;35:*.svg=01;35:*.svgz=01;35:*.mng=01;35:*.pcx=01;35:*.mov=01;35:*.mpg=01;35:*.mpeg=01;35:*.m2v=01;35:*.mkv=01;35:*.webm=01;35:*.ogm=01;35:*.mp4=01;35:*.m4v=01;35:*.mp4v=01;35:*.vob=01;35:*.qt=01;35:*.nuv=01;35:*.wmv=01;35:*.asf=01;35:*.rm=01;35:*.rmvb=01;35:*.flc=01;35:*.avi=01;35:*.fli=01;35:*.flv=01;35:*.gl=01;35:*.dl=01;35:*.xcf=01;35:*.xwd=01;35:*.yuv=01;35:*.cgm=01;35:*.emf=01;35:*.ogv=01;35:*.ogx=01;35:*.aac=00;36:*.au=00;36:*.flac=00;36:*.m4a=00;36:*.mid=00;36:*.midi=00;36:*.mka=00;36:*.mp3=00;36:*.mpc=00;36:*.ogg=00;36:*.ra=00;36:*.wav=00;36:*.oga=00;36:*.opus=00;36:*.spx=00;36:*.xspf=00;36:'), ('JETSON_SOC', 'tegra194'), ('SSH_AUTH_SOCK', '/run/user/1000/keyring/ssh'), ('ROS_DOMAIN_ID', '6'), ('AMENT_PREFIX_PATH', '/opt/ros/foxy'), ('SHELL', '/bin/bash'), ('CMAKE_ARGS', '-DBUILD_WITH_OPENMP=OFF'), ('LC_NAME', 'bs_BA.UTF-8'), ('TERMINATOR_UUID', 'urn:uuid:0a99abc2-9966-4d5d-a08b-faa1cb518880'), ('QT_ACCESSIBILITY', '1'), ('GDMSESSION', 'ubuntu'), ('LESSCLOSE', '/usr/bin/lesspipe %s %s'), ('LC_MEASUREMENT', 'bs_BA.UTF-8'), ('GPG_AGENT_INFO', '/run/user/1000/gnupg/S.gpg-agent:0:1'), ('GJS_DEBUG_OUTPUT', 'stderr'), ('LC_IDENTIFICATION', 'bs_BA.UTF-8'), ('QT_IM_MODULE', 'ibus'), ('JETSON_CUDA_ARCH_BIN', '7.2'), ('PWD', '/home/f1tenth/f1tenth_mrc_ws/build/gap_follow'), ('LC_ALL', 'en_US.UTF-8'), ('XDG_CONFIG_DIRS', '/etc/xdg/xdg-ubuntu:/etc/xdg'), ('XDG_DATA_DIRS', '/usr/share/ubuntu:/usr/local/share/:/usr/share/:/var/lib/snapd/desktop'), ('PYTHONPATH', '/opt/ros/foxy/lib/python3.8/site-packages'), ('LC_NUMERIC', 'bs_BA.UTF-8'), ('LC_PAPER', 'bs_BA.UTF-8'), ('COLCON', '1'), ('VTE_VERSION', '6003'), ('JETSON_JETPACK', '5.0.2 GA'), ('JETSON_P_NUMBER', 'p3668-0000'), ('CMAKE_PREFIX_PATH', '/opt/ros/foxy')]), 'shell': False}
[2.610992] (realsense2_camera_msgs) StdoutLine: {'line': b'-- The C compiler identification is GNU 9.4.0\n'}
[2.612719] (realsense2_camera_msgs) StdoutLine: {'line': b'-- The CXX compiler identification is GNU 9.4.0\n'}
[2.613128] (realsense2_camera_msgs) StdoutLine: {'line': b'-- Check for working C compiler: /usr/bin/cc\n'}
[2.613437] (realsense2_camera_msgs) StdoutLine: {'line': b'-- Check for working C compiler: /usr/bin/cc -- works\n'}
[2.613746] (realsense2_camera_msgs) StdoutLine: {'line': b'-- Detecting C compiler ABI info\n'}
[2.614073] (realsense2_camera_msgs) StdoutLine: {'line': b'-- Detecting C compiler ABI info - done\n'}
[2.614574] (realsense2_camera_msgs) StdoutLine: {'line': b'-- Detecting C compile features\n'}
[2.614863] (realsense2_camera_msgs) StdoutLine: {'line': b'-- Detecting C compile features - done\n'}
[2.615127] (realsense2_camera_msgs) StdoutLine: {'line': b'-- Check for working CXX compiler: /usr/bin/c++\n'}
[2.615411] (realsense2_camera_msgs) StdoutLine: {'line': b'-- Check for working CXX compiler: /usr/bin/c++ -- works\n'}
[2.615710] (realsense2_camera_msgs) StdoutLine: {'line': b'-- Detecting CXX compiler ABI info\n'}
[2.615958] (realsense2_camera_msgs) StdoutLine: {'line': b'-- Detecting CXX compiler ABI info - done\n'}
[2.616196] (realsense2_camera_msgs) StdoutLine: {'line': b'-- Detecting CXX compile features\n'}
[2.616446] (realsense2_camera_msgs) StdoutLine: {'line': b'-- Detecting CXX compile features - done\n'}
[2.616689] (realsense2_camera_msgs) StdoutLine: {'line': b'-- Found ament_cmake: 0.9.12 (/opt/ros/foxy/share/ament_cmake/cmake)\n'}
[2.616967] (realsense2_camera_msgs) StdoutLine: {'line': b'-- Found PythonInterp: /usr/bin/python3 (found suitable version "3.8.10", minimum required is "3") \n'}
[2.617241] (realsense2_camera_msgs) StdoutLine: {'line': b'-- Using PYTHON_EXECUTABLE: /usr/bin/python3\n'}
[2.637971] (-) TimerEvent: {}
[2.739680] (-) TimerEvent: {}
[2.843078] (-) TimerEvent: {}
[2.945592] (-) TimerEvent: {}
[3.048575] (-) TimerEvent: {}
[3.129470] (gap_follow) StdoutLine: {'line': b'-- The C compiler identification is GNU 9.4.0\n'}
[3.148782] (-) TimerEvent: {}
[3.249683] (-) TimerEvent: {}
[3.350543] (-) TimerEvent: {}
[3.451743] (-) TimerEvent: {}
[3.529999] (gap_follow) StdoutLine: {'line': b'-- The CXX compiler identification is GNU 9.4.0\n'}
[3.551990] (-) TimerEvent: {}
[3.554090] (gap_follow) StdoutLine: {'line': b'-- Check for working C compiler: /usr/bin/cc\n'}
[3.652285] (-) TimerEvent: {}
[3.677167] (realsense2_camera_msgs) StdoutLine: {'line': b'-- Found rosidl_default_generators: 1.0.1 (/opt/ros/foxy/share/rosidl_default_generators/cmake)\n'}
[3.704926] (realsense2_camera_msgs) StdoutLine: {'line': b'-- Using all available rosidl_typesupport_c: rosidl_typesupport_fastrtps_c;rosidl_typesupport_introspection_c\n'}
[3.738668] (realsense2_camera_msgs) StdoutLine: {'line': b'-- Found rosidl_adapter: 1.3.1 (/opt/ros/foxy/share/rosidl_adapter/cmake)\n'}
[3.752498] (-) TimerEvent: {}
[3.853500] (-) TimerEvent: {}
[3.953851] (gap_follow) StdoutLine: {'line': b'-- Check for working C compiler: /usr/bin/cc -- works\n'}
[3.954530] (-) TimerEvent: {}
[3.957971] (gap_follow) StdoutLine: {'line': b'-- Detecting C compiler ABI info\n'}
[4.054737] (-) TimerEvent: {}
[4.155565] (-) TimerEvent: {}
[4.256417] (-) TimerEvent: {}
[4.340719] (gap_follow) StdoutLine: {'line': b'-- Detecting C compiler ABI info - done\n'}
[4.356627] (-) TimerEvent: {}
[4.384955] (realsense2_camera_msgs) StdoutLine: {'line': b'-- Found OpenSSL: /usr/lib/aarch64-linux-gnu/libcrypto.so (found version "1.1.1f")  \n'}
[4.402118] (gap_follow) StdoutLine: {'line': b'-- Detecting C compile features\n'}
[4.403355] (gap_follow) StdoutLine: {'line': b'-- Detecting C compile features - done\n'}
[4.415000] (gap_follow) StdoutLine: {'line': b'-- Check for working CXX compiler: /usr/bin/c++\n'}
[4.456833] (-) TimerEvent: {}
[4.557748] (-) TimerEvent: {}
[4.561277] (realsense2_camera_msgs) StdoutLine: {'line': b'-- Found FastRTPS: /opt/ros/foxy/include  \n'}
[4.657969] (-) TimerEvent: {}
[4.758860] (-) TimerEvent: {}
[4.856381] (gap_follow) StdoutLine: {'line': b'-- Check for working CXX compiler: /usr/bin/c++ -- works\n'}
[4.859070] (-) TimerEvent: {}
[4.862253] (gap_follow) StdoutLine: {'line': b'-- Detecting CXX compiler ABI info\n'}
[4.959285] (-) TimerEvent: {}
[4.964529] (realsense2_camera_msgs) StdoutLine: {'line': b'-- Using all available rosidl_typesupport_cpp: rosidl_typesupport_fastrtps_cpp;rosidl_typesupport_introspection_cpp\n'}
[4.975024] (camera_pkg) Command: {'cmd': ['/usr/bin/python3', '-W', 'ignore:setup.py install is deprecated', '-W', 'ignore:easy_install command is deprecated', 'setup.py', 'egg_info', '--egg-base', '../../build/camera_pkg', 'build', '--build-base', '/home/f1tenth/f1tenth_mrc_ws/build/camera_pkg/build', 'install', '--record', '/home/f1tenth/f1tenth_mrc_ws/build/camera_pkg/install.log', '--install-scripts', '$base/lib/camera_pkg', '--single-version-externally-managed', 'install_data'], 'cwd': '/home/f1tenth/f1tenth_mrc_ws/src/camera_pkg', 'env': {'GJS_DEBUG_TOPICS': 'JS ERROR;JS LOG', 'LESSOPEN': '| /usr/bin/lesspipe %s', 'USER': 'f1tenth', 'LC_TIME': 'bs_BA.UTF-8', 'SSH_AGENT_PID': '2722', 'XDG_SESSION_TYPE': 'x11', 'SHLVL': '1', 'LD_LIBRARY_PATH': '/opt/ros/foxy/opt/yaml_cpp_vendor/lib:/opt/ros/foxy/opt/rviz_ogre_vendor/lib:/opt/ros/foxy/lib/aarch64-linux-gnu:/opt/ros/foxy/lib', 'HOME': '/home/f1tenth', 'OLDPWD': '/home/f1tenth/f1tenth_mrc_ws/src', 'DESKTOP_SESSION': 'ubuntu', 'JETSON_L4T': '35.1.0', 'GIO_LAUNCHED_DESKTOP_FILE': '/usr/share/applications/terminator.desktop', 'ROS_PYTHON_VERSION': '3', 'GNOME_SHELL_SESSION_MODE': 'ubuntu', 'GTK_MODULES': 'gail:atk-bridge', 'JETSON_MODEL': 'NVIDIA Jetson Xavier NX Developer Kit', 'LC_MONETARY': 'bs_BA.UTF-8', 'MANAGERPID': '2456', 'DBUS_SESSION_BUS_ADDRESS': 'unix:path=/run/user/1000/bus', 'COLORTERM': 'truecolor', 'TERMINATOR_DBUS_NAME': 'net.tenshu.Terminator21a9d5db22c73a993ff0b42f64b396873', 'GIO_LAUNCHED_DESKTOP_FILE_PID': '3398', '_colcon_cd_root': '/opt/ros/foxy/', 'IM_CONFIG_PHASE': '1', 'ROS_DISTRO': 'foxy', 'LOGNAME': 'f1tenth', 'JETSON_MODULE': 'NVIDIA Jetson Xavier NX (Developer kit)', 'JETSON_SERIAL_NUMBER': '1422420033521', 'JOURNAL_STREAM': '7:52952', '_': '/usr/bin/colcon', 'ROS_VERSION': '2', 'JETSON_CODENAME': 'Jakku', 'XDG_SESSION_CLASS': 'user', 'USERNAME': 'f1tenth', 'TERM': 'xterm-256color', 'GNOME_DESKTOP_SESSION_ID': 'this-is-deprecated', 'ROS_LOCALHOST_ONLY': '0', 'WINDOWPATH': '2', 'PATH': '/opt/ros/foxy/bin:/home/f1tenth/.local/bin:/usr/local/sbin:/usr/local/bin:/usr/sbin:/usr/bin:/sbin:/bin:/usr/games:/usr/local/games:/snap/bin', 'SESSION_MANAGER': 'local/f1tenth-desktop:@/tmp/.ICE-unix/2757,unix/f1tenth-desktop:/tmp/.ICE-unix/2757', 'INVOCATION_ID': 'bd1f5b7138a241e9935586b351aafc78', 'XDG_MENU_PREFIX': 'gnome-', 'LC_ADDRESS': 'bs_BA.UTF-8', 'XDG_RUNTIME_DIR': '/run/user/1000', 'DISPLAY': ':0', 'TERMINATOR_DBUS_PATH': '/net/tenshu/Terminator2', 'LANG': 'en_US.UTF-8', 'XDG_CURRENT_DESKTOP': 'ubuntu:GNOME', 'LC_TELEPHONE': 'bs_BA.UTF-8', 'XMODIFIERS': '@im=ibus', 'XDG_SESSION_DESKTOP': 'ubuntu', 'XAUTHORITY': '/run/user/1000/gdm/Xauthority', 'LS_COLORS': 'rs=0:di=01;34:ln=01;36:mh=00:pi=40;33:so=01;35:do=01;35:bd=40;33;01:cd=40;33;01:or=40;31;01:mi=00:su=37;41:sg=30;43:ca=30;41:tw=30;42:ow=34;42:st=37;44:ex=01;32:*.tar=01;31:*.tgz=01;31:*.arc=01;31:*.arj=01;31:*.taz=01;31:*.lha=01;31:*.lz4=01;31:*.lzh=01;31:*.lzma=01;31:*.tlz=01;31:*.txz=01;31:*.tzo=01;31:*.t7z=01;31:*.zip=01;31:*.z=01;31:*.dz=01;31:*.gz=01;31:*.lrz=01;31:*.lz=01;31:*.lzo=01;31:*.xz=01;31:*.zst=01;31:*.tzst=01;31:*.bz2=01;31:*.bz=01;31:*.tbz=01;31:*.tbz2=01;31:*.tz=01;31:*.deb=01;31:*.rpm=01;31:*.jar=01;31:*.war=01;31:*.ear=01;31:*.sar=01;31:*.rar=01;31:*.alz=01;31:*.ace=01;31:*.zoo=01;31:*.cpio=01;31:*.7z=01;31:*.rz=01;31:*.cab=01;31:*.wim=01;31:*.swm=01;31:*.dwm=01;31:*.esd=01;31:*.jpg=01;35:*.jpeg=01;35:*.mjpg=01;35:*.mjpeg=01;35:*.gif=01;35:*.bmp=01;35:*.pbm=01;35:*.pgm=01;35:*.ppm=01;35:*.tga=01;35:*.xbm=01;35:*.xpm=01;35:*.tif=01;35:*.tiff=01;35:*.png=01;35:*.svg=01;35:*.svgz=01;35:*.mng=01;35:*.pcx=01;35:*.mov=01;35:*.mpg=01;35:*.mpeg=01;35:*.m2v=01;35:*.mkv=01;35:*.webm=01;35:*.ogm=01;35:*.mp4=01;35:*.m4v=01;35:*.mp4v=01;35:*.vob=01;35:*.qt=01;35:*.nuv=01;35:*.wmv=01;35:*.asf=01;35:*.rm=01;35:*.rmvb=01;35:*.flc=01;35:*.avi=01;35:*.fli=01;35:*.flv=01;35:*.gl=01;35:*.dl=01;35:*.xcf=01;35:*.xwd=01;35:*.yuv=01;35:*.cgm=01;35:*.emf=01;35:*.ogv=01;35:*.ogx=01;35:*.aac=00;36:*.au=00;36:*.flac=00;36:*.m4a=00;36:*.mid=00;36:*.midi=00;36:*.mka=00;36:*.mp3=00;36:*.mpc=00;36:*.ogg=00;36:*.ra=00;36:*.wav=00;36:*.oga=00;36:*.opus=00;36:*.spx=00;36:*.xspf=00;36:', 'JETSON_SOC': 'tegra194', 'SSH_AUTH_SOCK': '/run/user/1000/keyring/ssh', 'ROS_DOMAIN_ID': '6', 'AMENT_PREFIX_PATH': '/opt/ros/foxy', 'SHELL': '/bin/bash', 'CMAKE_ARGS': '-DBUILD_WITH_OPENMP=OFF', 'LC_NAME': 'bs_BA.UTF-8', 'TERMINATOR_UUID': 'urn:uuid:0a99abc2-9966-4d5d-a08b-faa1cb518880', 'QT_ACCESSIBILITY': '1', 'GDMSESSION': 'ubuntu', 'LESSCLOSE': '/usr/bin/lesspipe %s %s', 'LC_MEASUREMENT': 'bs_BA.UTF-8', 'GPG_AGENT_INFO': '/run/user/1000/gnupg/S.gpg-agent:0:1', 'GJS_DEBUG_OUTPUT': 'stderr', 'LC_IDENTIFICATION': 'bs_BA.UTF-8', 'QT_IM_MODULE': 'ibus', 'JETSON_CUDA_ARCH_BIN': '7.2', 'PWD': '/home/f1tenth/f1tenth_mrc_ws/build/camera_pkg', 'LC_ALL': 'en_US.UTF-8', 'XDG_CONFIG_DIRS': '/etc/xdg/xdg-ubuntu:/etc/xdg', 'XDG_DATA_DIRS': '/usr/share/ubuntu:/usr/local/share/:/usr/share/:/var/lib/snapd/desktop', 'PYTHONPATH': '/home/f1tenth/f1tenth_mrc_ws/build/camera_pkg/prefix_override:/usr/lib/python3/dist-packages/colcon_core/task/python/colcon_distutils_commands:/home/f1tenth/f1tenth_mrc_ws/install/camera_pkg/lib/python3.8/site-packages:/opt/ros/foxy/lib/python3.8/site-packages', 'LC_NUMERIC': 'bs_BA.UTF-8', 'LC_PAPER': 'bs_BA.UTF-8', 'COLCON': '1', 'VTE_VERSION': '6003', 'JETSON_JETPACK': '5.0.2 GA', 'JETSON_P_NUMBER': 'p3668-0000'}, 'shell': False}
[5.059846] (-) TimerEvent: {}
[5.095694] (realsense2_camera_msgs) StdoutLine: {'line': b'-- Found builtin_interfaces: 1.0.0 (/opt/ros/foxy/share/builtin_interfaces/cmake)\n'}
[5.156893] (realsense2_camera_msgs) StdoutLine: {'line': b'-- Found std_msgs: 2.0.5 (/opt/ros/foxy/share/std_msgs/cmake)\n'}
[5.159950] (-) TimerEvent: {}
[5.231234] (f1tenth_gym_ros) Command: {'cmd': ['/usr/bin/python3', '-W', 'ignore:setup.py install is deprecated', '-W', 'ignore:easy_install command is deprecated', 'setup.py', 'egg_info', '--egg-base', '../../build/f1tenth_gym_ros', 'build', '--build-base', '/home/f1tenth/f1tenth_mrc_ws/build/f1tenth_gym_ros/build', 'install', '--record', '/home/f1tenth/f1tenth_mrc_ws/build/f1tenth_gym_ros/install.log', '--single-version-externally-managed', 'install_data'], 'cwd': '/home/f1tenth/f1tenth_mrc_ws/src/f1tenth_gym_ros', 'env': {'GJS_DEBUG_TOPICS': 'JS ERROR;JS LOG', 'LESSOPEN': '| /usr/bin/lesspipe %s', 'USER': 'f1tenth', 'LC_TIME': 'bs_BA.UTF-8', 'SSH_AGENT_PID': '2722', 'XDG_SESSION_TYPE': 'x11', 'SHLVL': '1', 'LD_LIBRARY_PATH': '/opt/ros/foxy/opt/yaml_cpp_vendor/lib:/opt/ros/foxy/opt/rviz_ogre_vendor/lib:/opt/ros/foxy/lib/aarch64-linux-gnu:/opt/ros/foxy/lib', 'HOME': '/home/f1tenth', 'OLDPWD': '/home/f1tenth/f1tenth_mrc_ws/src', 'DESKTOP_SESSION': 'ubuntu', 'JETSON_L4T': '35.1.0', 'GIO_LAUNCHED_DESKTOP_FILE': '/usr/share/applications/terminator.desktop', 'ROS_PYTHON_VERSION': '3', 'GNOME_SHELL_SESSION_MODE': 'ubuntu', 'GTK_MODULES': 'gail:atk-bridge', 'JETSON_MODEL': 'NVIDIA Jetson Xavier NX Developer Kit', 'LC_MONETARY': 'bs_BA.UTF-8', 'MANAGERPID': '2456', 'DBUS_SESSION_BUS_ADDRESS': 'unix:path=/run/user/1000/bus', 'COLORTERM': 'truecolor', 'TERMINATOR_DBUS_NAME': 'net.tenshu.Terminator21a9d5db22c73a993ff0b42f64b396873', 'GIO_LAUNCHED_DESKTOP_FILE_PID': '3398', '_colcon_cd_root': '/opt/ros/foxy/', 'IM_CONFIG_PHASE': '1', 'ROS_DISTRO': 'foxy', 'LOGNAME': 'f1tenth', 'JETSON_MODULE': 'NVIDIA Jetson Xavier NX (Developer kit)', 'JETSON_SERIAL_NUMBER': '1422420033521', 'JOURNAL_STREAM': '7:52952', '_': '/usr/bin/colcon', 'ROS_VERSION': '2', 'JETSON_CODENAME': 'Jakku', 'XDG_SESSION_CLASS': 'user', 'USERNAME': 'f1tenth', 'TERM': 'xterm-256color', 'GNOME_DESKTOP_SESSION_ID': 'this-is-deprecated', 'ROS_LOCALHOST_ONLY': '0', 'WINDOWPATH': '2', 'PATH': '/opt/ros/foxy/bin:/home/f1tenth/.local/bin:/usr/local/sbin:/usr/local/bin:/usr/sbin:/usr/bin:/sbin:/bin:/usr/games:/usr/local/games:/snap/bin', 'SESSION_MANAGER': 'local/f1tenth-desktop:@/tmp/.ICE-unix/2757,unix/f1tenth-desktop:/tmp/.ICE-unix/2757', 'INVOCATION_ID': 'bd1f5b7138a241e9935586b351aafc78', 'XDG_MENU_PREFIX': 'gnome-', 'LC_ADDRESS': 'bs_BA.UTF-8', 'XDG_RUNTIME_DIR': '/run/user/1000', 'DISPLAY': ':0', 'TERMINATOR_DBUS_PATH': '/net/tenshu/Terminator2', 'LANG': 'en_US.UTF-8', 'XDG_CURRENT_DESKTOP': 'ubuntu:GNOME', 'LC_TELEPHONE': 'bs_BA.UTF-8', 'XMODIFIERS': '@im=ibus', 'XDG_SESSION_DESKTOP': 'ubuntu', 'XAUTHORITY': '/run/user/1000/gdm/Xauthority', 'LS_COLORS': 'rs=0:di=01;34:ln=01;36:mh=00:pi=40;33:so=01;35:do=01;35:bd=40;33;01:cd=40;33;01:or=40;31;01:mi=00:su=37;41:sg=30;43:ca=30;41:tw=30;42:ow=34;42:st=37;44:ex=01;32:*.tar=01;31:*.tgz=01;31:*.arc=01;31:*.arj=01;31:*.taz=01;31:*.lha=01;31:*.lz4=01;31:*.lzh=01;31:*.lzma=01;31:*.tlz=01;31:*.txz=01;31:*.tzo=01;31:*.t7z=01;31:*.zip=01;31:*.z=01;31:*.dz=01;31:*.gz=01;31:*.lrz=01;31:*.lz=01;31:*.lzo=01;31:*.xz=01;31:*.zst=01;31:*.tzst=01;31:*.bz2=01;31:*.bz=01;31:*.tbz=01;31:*.tbz2=01;31:*.tz=01;31:*.deb=01;31:*.rpm=01;31:*.jar=01;31:*.war=01;31:*.ear=01;31:*.sar=01;31:*.rar=01;31:*.alz=01;31:*.ace=01;31:*.zoo=01;31:*.cpio=01;31:*.7z=01;31:*.rz=01;31:*.cab=01;31:*.wim=01;31:*.swm=01;31:*.dwm=01;31:*.esd=01;31:*.jpg=01;35:*.jpeg=01;35:*.mjpg=01;35:*.mjpeg=01;35:*.gif=01;35:*.bmp=01;35:*.pbm=01;35:*.pgm=01;35:*.ppm=01;35:*.tga=01;35:*.xbm=01;35:*.xpm=01;35:*.tif=01;35:*.tiff=01;35:*.png=01;35:*.svg=01;35:*.svgz=01;35:*.mng=01;35:*.pcx=01;35:*.mov=01;35:*.mpg=01;35:*.mpeg=01;35:*.m2v=01;35:*.mkv=01;35:*.webm=01;35:*.ogm=01;35:*.mp4=01;35:*.m4v=01;35:*.mp4v=01;35:*.vob=01;35:*.qt=01;35:*.nuv=01;35:*.wmv=01;35:*.asf=01;35:*.rm=01;35:*.rmvb=01;35:*.flc=01;35:*.avi=01;35:*.fli=01;35:*.flv=01;35:*.gl=01;35:*.dl=01;35:*.xcf=01;35:*.xwd=01;35:*.yuv=01;35:*.cgm=01;35:*.emf=01;35:*.ogv=01;35:*.ogx=01;35:*.aac=00;36:*.au=00;36:*.flac=00;36:*.m4a=00;36:*.mid=00;36:*.midi=00;36:*.mka=00;36:*.mp3=00;36:*.mpc=00;36:*.ogg=00;36:*.ra=00;36:*.wav=00;36:*.oga=00;36:*.opus=00;36:*.spx=00;36:*.xspf=00;36:', 'JETSON_SOC': 'tegra194', 'SSH_AUTH_SOCK': '/run/user/1000/keyring/ssh', 'ROS_DOMAIN_ID': '6', 'AMENT_PREFIX_PATH': '/opt/ros/foxy', 'SHELL': '/bin/bash', 'CMAKE_ARGS': '-DBUILD_WITH_OPENMP=OFF', 'LC_NAME': 'bs_BA.UTF-8', 'TERMINATOR_UUID': 'urn:uuid:0a99abc2-9966-4d5d-a08b-faa1cb518880', 'QT_ACCESSIBILITY': '1', 'GDMSESSION': 'ubuntu', 'LESSCLOSE': '/usr/bin/lesspipe %s %s', 'LC_MEASUREMENT': 'bs_BA.UTF-8', 'GPG_AGENT_INFO': '/run/user/1000/gnupg/S.gpg-agent:0:1', 'GJS_DEBUG_OUTPUT': 'stderr', 'LC_IDENTIFICATION': 'bs_BA.UTF-8', 'QT_IM_MODULE': 'ibus', 'JETSON_CUDA_ARCH_BIN': '7.2', 'PWD': '/home/f1tenth/f1tenth_mrc_ws/build/f1tenth_gym_ros', 'LC_ALL': 'en_US.UTF-8', 'XDG_CONFIG_DIRS': '/etc/xdg/xdg-ubuntu:/etc/xdg', 'XDG_DATA_DIRS': '/usr/share/ubuntu:/usr/local/share/:/usr/share/:/var/lib/snapd/desktop', 'PYTHONPATH': '/home/f1tenth/f1tenth_mrc_ws/build/f1tenth_gym_ros/prefix_override:/usr/lib/python3/dist-packages/colcon_core/task/python/colcon_distutils_commands:/home/f1tenth/f1tenth_mrc_ws/install/f1tenth_gym_ros/lib/python3.8/site-packages:/opt/ros/foxy/lib/python3.8/site-packages', 'LC_NUMERIC': 'bs_BA.UTF-8', 'LC_PAPER': 'bs_BA.UTF-8', 'COLCON': '1', 'VTE_VERSION': '6003', 'JETSON_JETPACK': '5.0.2 GA', 'JETSON_P_NUMBER': 'p3668-0000'}, 'shell': False}
[5.248750] (realsense2_camera_msgs) StdoutLine: {'line': b'-- Found sensor_msgs: 2.0.5 (/opt/ros/foxy/share/sensor_msgs/cmake)\n'}
[5.260145] (-) TimerEvent: {}
[5.361810] (-) TimerEvent: {}
[5.429886] (gap_follow) StdoutLine: {'line': b'-- Detecting CXX compiler ABI info - done\n'}
[5.462017] (-) TimerEvent: {}
[5.499675] (gap_follow) StdoutLine: {'line': b'-- Detecting CXX compile features\n'}
[5.502855] (gap_follow) StdoutLine: {'line': b'-- Detecting CXX compile features - done\n'}
[5.521924] (gap_follow) StdoutLine: {'line': b'-- Found ament_cmake: 0.9.12 (/opt/ros/foxy/share/ament_cmake/cmake)\n'}
[5.562234] (-) TimerEvent: {}
[5.663589] (-) TimerEvent: {}
[5.664719] (gap_follow) StdoutLine: {'line': b'-- Found PythonInterp: /usr/bin/python3 (found suitable version "3.8.10", minimum required is "3") \n'}
[5.665577] (gap_follow) StdoutLine: {'line': b'-- Using PYTHON_EXECUTABLE: /usr/bin/python3\n'}
[5.763780] (-) TimerEvent: {}
[5.782583] (realsense2_camera_msgs) StdoutLine: {'line': b'-- Found PythonInterp: /usr/bin/python3 (found version "3.8.10") \n'}
[5.864016] (-) TimerEvent: {}
[5.965596] (-) TimerEvent: {}
[6.066982] (-) TimerEvent: {}
[6.115761] (camera_pkg) StderrLine: {'line': b"/home/f1tenth/.local/lib/python3.8/site-packages/setuptools/dist.py:717: UserWarning: Usage of dash-separated 'script-dir' will not be supported in future versions. Please use the underscore name 'script_dir' instead\n"}
[6.116489] (camera_pkg) StderrLine: {'line': b'  warnings.warn(\n'}
[6.167171] (-) TimerEvent: {}
[6.250590] (camera_pkg) StdoutLine: {'line': b'running egg_info\n'}
[6.254427] (camera_pkg) StdoutLine: {'line': b'creating ../../build/camera_pkg/camera_pkg.egg-info\n'}
[6.255837] (camera_pkg) StdoutLine: {'line': b'writing ../../build/camera_pkg/camera_pkg.egg-info/PKG-INFO\n'}
[6.257493] (camera_pkg) StdoutLine: {'line': b'writing dependency_links to ../../build/camera_pkg/camera_pkg.egg-info/dependency_links.txt\n'}
[6.258785] (camera_pkg) StdoutLine: {'line': b'writing entry points to ../../build/camera_pkg/camera_pkg.egg-info/entry_points.txt\n'}
[6.259764] (camera_pkg) StdoutLine: {'line': b'writing requirements to ../../build/camera_pkg/camera_pkg.egg-info/requires.txt\n'}
[6.261708] (camera_pkg) StdoutLine: {'line': b'writing top-level names to ../../build/camera_pkg/camera_pkg.egg-info/top_level.txt\n'}
[6.267283] (camera_pkg) StdoutLine: {'line': b"writing manifest file '../../build/camera_pkg/camera_pkg.egg-info/SOURCES.txt'\n"}
[6.267785] (-) TimerEvent: {}
[6.274920] (camera_pkg) StdoutLine: {'line': b"reading manifest file '../../build/camera_pkg/camera_pkg.egg-info/SOURCES.txt'\n"}
[6.278534] (camera_pkg) StdoutLine: {'line': b"writing manifest file '../../build/camera_pkg/camera_pkg.egg-info/SOURCES.txt'\n"}
[6.279932] (camera_pkg) StdoutLine: {'line': b'running build\n'}
[6.280382] (camera_pkg) StdoutLine: {'line': b'running build_py\n'}
[6.281790] (camera_pkg) StdoutLine: {'line': b'creating /home/f1tenth/f1tenth_mrc_ws/build/camera_pkg/build\n'}
[6.282681] (camera_pkg) StdoutLine: {'line': b'creating /home/f1tenth/f1tenth_mrc_ws/build/camera_pkg/build/lib\n'}
[6.283529] (camera_pkg) StdoutLine: {'line': b'creating /home/f1tenth/f1tenth_mrc_ws/build/camera_pkg/build/lib/camera_pkg\n'}
[6.284439] (camera_pkg) StdoutLine: {'line': b'copying camera_pkg/pose_visualizer.py -> /home/f1tenth/f1tenth_mrc_ws/build/camera_pkg/build/lib/camera_pkg\n'}
[6.286872] (camera_pkg) StdoutLine: {'line': b'copying camera_pkg/static_camera_transform_publisher.py -> /home/f1tenth/f1tenth_mrc_ws/build/camera_pkg/build/lib/camera_pkg\n'}
[6.288002] (camera_pkg) StdoutLine: {'line': b'copying camera_pkg/opp_pose_estimator.py -> /home/f1tenth/f1tenth_mrc_ws/build/camera_pkg/build/lib/camera_pkg\n'}
[6.289162] (camera_pkg) StdoutLine: {'line': b'copying camera_pkg/__init__.py -> /home/f1tenth/f1tenth_mrc_ws/build/camera_pkg/build/lib/camera_pkg\n'}
[6.290590] (camera_pkg) StdoutLine: {'line': b'running install\n'}
[6.294271] (camera_pkg) StdoutLine: {'line': b'running install_lib\n'}
[6.298957] (camera_pkg) StdoutLine: {'line': b'creating /home/f1tenth/f1tenth_mrc_ws/install/camera_pkg/lib/python3.8/site-packages/camera_pkg\n'}
[6.300073] (camera_pkg) StdoutLine: {'line': b'copying /home/f1tenth/f1tenth_mrc_ws/build/camera_pkg/build/lib/camera_pkg/pose_visualizer.py -> /home/f1tenth/f1tenth_mrc_ws/install/camera_pkg/lib/python3.8/site-packages/camera_pkg\n'}
[6.301381] (camera_pkg) StdoutLine: {'line': b'copying /home/f1tenth/f1tenth_mrc_ws/build/camera_pkg/build/lib/camera_pkg/static_camera_transform_publisher.py -> /home/f1tenth/f1tenth_mrc_ws/install/camera_pkg/lib/python3.8/site-packages/camera_pkg\n'}
[6.302681] (camera_pkg) StdoutLine: {'line': b'copying /home/f1tenth/f1tenth_mrc_ws/build/camera_pkg/build/lib/camera_pkg/opp_pose_estimator.py -> /home/f1tenth/f1tenth_mrc_ws/install/camera_pkg/lib/python3.8/site-packages/camera_pkg\n'}
[6.303891] (camera_pkg) StdoutLine: {'line': b'copying /home/f1tenth/f1tenth_mrc_ws/build/camera_pkg/build/lib/camera_pkg/__init__.py -> /home/f1tenth/f1tenth_mrc_ws/install/camera_pkg/lib/python3.8/site-packages/camera_pkg\n'}
[6.308799] (camera_pkg) StdoutLine: {'line': b'byte-compiling /home/f1tenth/f1tenth_mrc_ws/install/camera_pkg/lib/python3.8/site-packages/camera_pkg/pose_visualizer.py to pose_visualizer.cpython-38.pyc\n'}
[6.313606] (camera_pkg) StdoutLine: {'line': b'byte-compiling /home/f1tenth/f1tenth_mrc_ws/install/camera_pkg/lib/python3.8/site-packages/camera_pkg/static_camera_transform_publisher.py to static_camera_transform_publisher.cpython-38.pyc\n'}
[6.316437] (camera_pkg) StdoutLine: {'line': b'byte-compiling /home/f1tenth/f1tenth_mrc_ws/install/camera_pkg/lib/python3.8/site-packages/camera_pkg/opp_pose_estimator.py to opp_pose_estimator.cpython-38.pyc\n'}
[6.326000] (camera_pkg) StdoutLine: {'line': b'byte-compiling /home/f1tenth/f1tenth_mrc_ws/install/camera_pkg/lib/python3.8/site-packages/camera_pkg/__init__.py to __init__.cpython-38.pyc\n'}
[6.327702] (camera_pkg) StdoutLine: {'line': b'running install_data\n'}
[6.328850] (camera_pkg) StdoutLine: {'line': b'creating /home/f1tenth/f1tenth_mrc_ws/install/camera_pkg/share/ament_index\n'}
[6.331044] (camera_pkg) StdoutLine: {'line': b'creating /home/f1tenth/f1tenth_mrc_ws/install/camera_pkg/share/ament_index/resource_index\n'}
[6.331922] (camera_pkg) StdoutLine: {'line': b'creating /home/f1tenth/f1tenth_mrc_ws/install/camera_pkg/share/ament_index/resource_index/packages\n'}
[6.332854] (camera_pkg) StdoutLine: {'line': b'copying resource/camera_pkg -> /home/f1tenth/f1tenth_mrc_ws/install/camera_pkg/share/ament_index/resource_index/packages\n'}
[6.334009] (camera_pkg) StdoutLine: {'line': b'copying package.xml -> /home/f1tenth/f1tenth_mrc_ws/install/camera_pkg/share/camera_pkg\n'}
[6.335127] (camera_pkg) StdoutLine: {'line': b'running install_egg_info\n'}
[6.342128] (camera_pkg) StdoutLine: {'line': b'Copying ../../build/camera_pkg/camera_pkg.egg-info to /home/f1tenth/f1tenth_mrc_ws/install/camera_pkg/lib/python3.8/site-packages/camera_pkg-0.0.0-py3.8.egg-info\n'}
[6.347997] (camera_pkg) StdoutLine: {'line': b'running install_scripts\n'}
[6.368040] (-) TimerEvent: {}
[6.430257] (camera_pkg) StdoutLine: {'line': b'Installing opp_pose_estimator script to /home/f1tenth/f1tenth_mrc_ws/install/camera_pkg/lib/camera_pkg\n'}
[6.431917] (camera_pkg) StdoutLine: {'line': b'Installing static_camera_transform_publisher script to /home/f1tenth/f1tenth_mrc_ws/install/camera_pkg/lib/camera_pkg\n'}
[6.434146] (camera_pkg) StdoutLine: {'line': b"writing list of installed files to '/home/f1tenth/f1tenth_mrc_ws/build/camera_pkg/install.log'\n"}
[6.468241] (-) TimerEvent: {}
[6.538600] (camera_pkg) CommandEnded: {'returncode': 0}
[6.568722] (-) TimerEvent: {}
[6.586677] (camera_pkg) JobEnded: {'identifier': 'camera_pkg', 'rc': 0}
[6.590607] (particle_filter) JobStarted: {'identifier': 'particle_filter'}
[6.669448] (-) TimerEvent: {}
[6.724554] (f1tenth_gym_ros) StdoutLine: {'line': b'running egg_info\n'}
[6.726458] (f1tenth_gym_ros) StdoutLine: {'line': b'creating ../../build/f1tenth_gym_ros/f1tenth_gym_ros.egg-info\n'}
[6.728321] (f1tenth_gym_ros) StdoutLine: {'line': b'writing ../../build/f1tenth_gym_ros/f1tenth_gym_ros.egg-info/PKG-INFO\n'}
[6.728741] (f1tenth_gym_ros) StdoutLine: {'line': b'writing dependency_links to ../../build/f1tenth_gym_ros/f1tenth_gym_ros.egg-info/dependency_links.txt\n'}
[6.729735] (f1tenth_gym_ros) StdoutLine: {'line': b'writing entry points to ../../build/f1tenth_gym_ros/f1tenth_gym_ros.egg-info/entry_points.txt\n'}
[6.730463] (f1tenth_gym_ros) StdoutLine: {'line': b'writing requirements to ../../build/f1tenth_gym_ros/f1tenth_gym_ros.egg-info/requires.txt\n'}
[6.731364] (f1tenth_gym_ros) StdoutLine: {'line': b'writing top-level names to ../../build/f1tenth_gym_ros/f1tenth_gym_ros.egg-info/top_level.txt\n'}
[6.736319] (f1tenth_gym_ros) StdoutLine: {'line': b"writing manifest file '../../build/f1tenth_gym_ros/f1tenth_gym_ros.egg-info/SOURCES.txt'\n"}
[6.743529] (f1tenth_gym_ros) StdoutLine: {'line': b"reading manifest file '../../build/f1tenth_gym_ros/f1tenth_gym_ros.egg-info/SOURCES.txt'\n"}
[6.744416] (f1tenth_gym_ros) StdoutLine: {'line': b"adding license file 'LICENSE'\n"}
[6.746825] (f1tenth_gym_ros) StdoutLine: {'line': b"writing manifest file '../../build/f1tenth_gym_ros/f1tenth_gym_ros.egg-info/SOURCES.txt'\n"}
[6.747418] (f1tenth_gym_ros) StdoutLine: {'line': b'running build\n'}
[6.747727] (f1tenth_gym_ros) StdoutLine: {'line': b'running build_py\n'}
[6.748188] (f1tenth_gym_ros) StdoutLine: {'line': b'creating /home/f1tenth/f1tenth_mrc_ws/build/f1tenth_gym_ros/build\n'}
[6.748519] (f1tenth_gym_ros) StdoutLine: {'line': b'creating /home/f1tenth/f1tenth_mrc_ws/build/f1tenth_gym_ros/build/lib\n'}
[6.748958] (f1tenth_gym_ros) StdoutLine: {'line': b'creating /home/f1tenth/f1tenth_mrc_ws/build/f1tenth_gym_ros/build/lib/f1tenth_gym_ros\n'}
[6.749238] (f1tenth_gym_ros) StdoutLine: {'line': b'copying f1tenth_gym_ros/gym_bridge.py -> /home/f1tenth/f1tenth_mrc_ws/build/f1tenth_gym_ros/build/lib/f1tenth_gym_ros\n'}
[6.749668] (f1tenth_gym_ros) StdoutLine: {'line': b'copying f1tenth_gym_ros/__init__.py -> /home/f1tenth/f1tenth_mrc_ws/build/f1tenth_gym_ros/build/lib/f1tenth_gym_ros\n'}
[6.750063] (f1tenth_gym_ros) StdoutLine: {'line': b'running install\n'}
[6.754395] (f1tenth_gym_ros) StdoutLine: {'line': b'running install_lib\n'}
[6.757863] (f1tenth_gym_ros) StdoutLine: {'line': b'creating /home/f1tenth/f1tenth_mrc_ws/install/f1tenth_gym_ros/lib/python3.8/site-packages/f1tenth_gym_ros\n'}
[6.758548] (f1tenth_gym_ros) StdoutLine: {'line': b'copying /home/f1tenth/f1tenth_mrc_ws/build/f1tenth_gym_ros/build/lib/f1tenth_gym_ros/gym_bridge.py -> /home/f1tenth/f1tenth_mrc_ws/install/f1tenth_gym_ros/lib/python3.8/site-packages/f1tenth_gym_ros\n'}
[6.759511] (f1tenth_gym_ros) StdoutLine: {'line': b'copying /home/f1tenth/f1tenth_mrc_ws/build/f1tenth_gym_ros/build/lib/f1tenth_gym_ros/__init__.py -> /home/f1tenth/f1tenth_mrc_ws/install/f1tenth_gym_ros/lib/python3.8/site-packages/f1tenth_gym_ros\n'}
[6.760923] (f1tenth_gym_ros) StdoutLine: {'line': b'byte-compiling /home/f1tenth/f1tenth_mrc_ws/install/f1tenth_gym_ros/lib/python3.8/site-packages/f1tenth_gym_ros/gym_bridge.py to gym_bridge.cpython-38.pyc\n'}
[6.769654] (-) TimerEvent: {}
[6.772655] (f1tenth_gym_ros) StdoutLine: {'line': b'byte-compiling /home/f1tenth/f1tenth_mrc_ws/install/f1tenth_gym_ros/lib/python3.8/site-packages/f1tenth_gym_ros/__init__.py to __init__.cpython-38.pyc\n'}
[6.773855] (f1tenth_gym_ros) StdoutLine: {'line': b'running install_data\n'}
[6.774315] (f1tenth_gym_ros) StdoutLine: {'line': b'creating /home/f1tenth/f1tenth_mrc_ws/install/f1tenth_gym_ros/share/ament_index\n'}
[6.774969] (f1tenth_gym_ros) StdoutLine: {'line': b'creating /home/f1tenth/f1tenth_mrc_ws/install/f1tenth_gym_ros/share/ament_index/resource_index\n'}
[6.775278] (f1tenth_gym_ros) StdoutLine: {'line': b'creating /home/f1tenth/f1tenth_mrc_ws/install/f1tenth_gym_ros/share/ament_index/resource_index/packages\n'}
[6.775610] (f1tenth_gym_ros) StdoutLine: {'line': b'copying resource/f1tenth_gym_ros -> /home/f1tenth/f1tenth_mrc_ws/install/f1tenth_gym_ros/share/ament_index/resource_index/packages\n'}
[6.777100] (f1tenth_gym_ros) StdoutLine: {'line': b'copying package.xml -> /home/f1tenth/f1tenth_mrc_ws/install/f1tenth_gym_ros/share/f1tenth_gym_ros\n'}
[6.777503] (f1tenth_gym_ros) StdoutLine: {'line': b'creating /home/f1tenth/f1tenth_mrc_ws/install/f1tenth_gym_ros/share/f1tenth_gym_ros/launch\n'}
[6.778984] (f1tenth_gym_ros) StdoutLine: {'line': b'copying launch/gym_bridge_launch.py -> /home/f1tenth/f1tenth_mrc_ws/install/f1tenth_gym_ros/share/f1tenth_gym_ros/launch\n'}
[6.779457] (f1tenth_gym_ros) StdoutLine: {'line': b'copying launch/opp_racecar.xacro -> /home/f1tenth/f1tenth_mrc_ws/install/f1tenth_gym_ros/share/f1tenth_gym_ros/launch\n'}
[6.780157] (f1tenth_gym_ros) StdoutLine: {'line': b'copying launch/ego_racecar.xacro -> /home/f1tenth/f1tenth_mrc_ws/install/f1tenth_gym_ros/share/f1tenth_gym_ros/launch\n'}
[6.780590] (f1tenth_gym_ros) StdoutLine: {'line': b'copying launch/gym_bridge.rviz -> /home/f1tenth/f1tenth_mrc_ws/install/f1tenth_gym_ros/share/f1tenth_gym_ros/launch\n'}
[6.781267] (f1tenth_gym_ros) StdoutLine: {'line': b'creating /home/f1tenth/f1tenth_mrc_ws/install/f1tenth_gym_ros/share/f1tenth_gym_ros/config\n'}
[6.781547] (f1tenth_gym_ros) StdoutLine: {'line': b'copying config/sim.yaml -> /home/f1tenth/f1tenth_mrc_ws/install/f1tenth_gym_ros/share/f1tenth_gym_ros/config\n'}
[6.781813] (f1tenth_gym_ros) StdoutLine: {'line': b'copying config/amcl_params.yaml -> /home/f1tenth/f1tenth_mrc_ws/install/f1tenth_gym_ros/share/f1tenth_gym_ros/config\n'}
[6.782256] (f1tenth_gym_ros) StdoutLine: {'line': b'running install_egg_info\n'}
[6.788069] (f1tenth_gym_ros) StdoutLine: {'line': b'Copying ../../build/f1tenth_gym_ros/f1tenth_gym_ros.egg-info to /home/f1tenth/f1tenth_mrc_ws/install/f1tenth_gym_ros/lib/python3.8/site-packages/f1tenth_gym_ros-0.0.0-py3.8.egg-info\n'}
[6.793130] (f1tenth_gym_ros) StdoutLine: {'line': b'running install_scripts\n'}
[6.869939] (-) TimerEvent: {}
[6.872848] (f1tenth_gym_ros) StdoutLine: {'line': b'Installing gym_bridge script to /home/f1tenth/f1tenth_mrc_ws/install/f1tenth_gym_ros/lib/f1tenth_gym_ros\n'}
[6.874419] (f1tenth_gym_ros) StdoutLine: {'line': b"writing list of installed files to '/home/f1tenth/f1tenth_mrc_ws/build/f1tenth_gym_ros/install.log'\n"}
[6.970183] (-) TimerEvent: {}
[7.053947] (gap_follow) StdoutLine: {'line': b'-- Found rclcpp: 2.4.3 (/opt/ros/foxy/share/rclcpp/cmake)\n'}
[7.070511] (-) TimerEvent: {}
[7.171472] (-) TimerEvent: {}
[7.200043] (realsense2_camera_msgs) StdoutLine: {'line': b'-- Found ament_cmake_cppcheck: 0.9.8 (/opt/ros/foxy/share/ament_cmake_cppcheck/cmake)\n'}
[7.209104] (realsense2_camera_msgs) StdoutLine: {'line': b'-- Found ament_cmake_cpplint: 0.9.8 (/opt/ros/foxy/share/ament_cmake_cpplint/cmake)\n'}
[7.217023] (realsense2_camera_msgs) StdoutLine: {'line': b'-- Found ament_cmake_uncrustify: 0.9.8 (/opt/ros/foxy/share/ament_cmake_uncrustify/cmake)\n'}
[7.225225] (realsense2_camera_msgs) StdoutLine: {'line': b'-- Found ament_cmake_ros: 0.9.2 (/opt/ros/foxy/share/ament_cmake_ros/cmake)\n'}
[7.252299] (gap_follow) StdoutLine: {'line': b'-- Using all available rosidl_typesupport_c: rosidl_typesupport_fastrtps_c;rosidl_typesupport_introspection_c\n'}
[7.271683] (-) TimerEvent: {}
[7.278119] (gap_follow) StdoutLine: {'line': b'-- Found rosidl_adapter: 1.3.1 (/opt/ros/foxy/share/rosidl_adapter/cmake)\n'}
[7.371889] (-) TimerEvent: {}
[7.473645] (-) TimerEvent: {}
[7.574576] (-) TimerEvent: {}
[7.675929] (-) TimerEvent: {}
[7.698551] (gap_follow) StdoutLine: {'line': b'-- Found OpenSSL: /usr/lib/aarch64-linux-gnu/libcrypto.so (found version "1.1.1f")  \n'}
[7.776241] (-) TimerEvent: {}
[7.851667] (gap_follow) StdoutLine: {'line': b'-- Found FastRTPS: /opt/ros/foxy/include  \n'}
[7.876498] (-) TimerEvent: {}
[7.977950] (-) TimerEvent: {}
[8.013932] (f1tenth_gym_ros) CommandEnded: {'returncode': 0}
[8.048556] (f1tenth_gym_ros) JobEnded: {'identifier': 'f1tenth_gym_ros', 'rc': 0}
[8.052386] (ppo_racing) JobStarted: {'identifier': 'ppo_racing'}
[8.079100] (-) TimerEvent: {}
[8.182182] (-) TimerEvent: {}
[8.284084] (-) TimerEvent: {}
[8.286023] (gap_follow) StdoutLine: {'line': b'-- Using all available rosidl_typesupport_cpp: rosidl_typesupport_fastrtps_cpp;rosidl_typesupport_introspection_cpp\n'}
[8.384302] (-) TimerEvent: {}
[8.485221] (-) TimerEvent: {}
[8.527122] (gap_follow) StdoutLine: {'line': b'-- Found rmw_implementation_cmake: 1.0.4 (/opt/ros/foxy/share/rmw_implementation_cmake/cmake)\n'}
[8.535169] (gap_follow) StdoutLine: {'line': b"-- Using RMW implementation 'rmw_fastrtps_cpp' as default\n"}
[8.539852] (gap_follow) StdoutLine: {'line': b'-- Looking for pthread.h\n'}
[8.585414] (-) TimerEvent: {}
[8.686268] (-) TimerEvent: {}
[8.787121] (-) TimerEvent: {}
[8.876817] (gap_follow) StdoutLine: {'line': b'-- Looking for pthread.h - found\n'}
[8.879241] (gap_follow) StdoutLine: {'line': b'-- Performing Test CMAKE_HAVE_LIBC_PTHREAD\n'}
[8.887318] (-) TimerEvent: {}
[8.951573] (realsense2_camera_msgs) StdoutLine: {'line': b'-- Using all available rosidl_typesupport_c: rosidl_typesupport_fastrtps_c;rosidl_typesupport_introspection_c\n'}
[8.987528] (-) TimerEvent: {}
[9.088390] (-) TimerEvent: {}
[9.189330] (-) TimerEvent: {}
[9.290484] (-) TimerEvent: {}
[9.323563] (gap_follow) StdoutLine: {'line': b'-- Performing Test CMAKE_HAVE_LIBC_PTHREAD - Failed\n'}
[9.326458] (gap_follow) StdoutLine: {'line': b'-- Looking for pthread_create in pthreads\n'}
[9.391080] (-) TimerEvent: {}
[9.492077] (-) TimerEvent: {}
[9.593215] (-) TimerEvent: {}
[9.665564] (gap_follow) StdoutLine: {'line': b'-- Looking for pthread_create in pthreads - not found\n'}
[9.671977] (gap_follow) StdoutLine: {'line': b'-- Looking for pthread_create in pthread\n'}
[9.693429] (-) TimerEvent: {}
[9.794227] (-) TimerEvent: {}
[9.897308] (-) TimerEvent: {}
[10.004316] (-) TimerEvent: {}
[10.106265] (-) TimerEvent: {}
[10.139955] (realsense2_camera_msgs) StdoutLine: {'line': b'-- Using all available rosidl_typesupport_cpp: rosidl_typesupport_fastrtps_cpp;rosidl_typesupport_introspection_cpp\n'}
[10.206250] (-) TimerEvent: {}
[10.307204] (-) TimerEvent: {}
[10.408416] (-) TimerEvent: {}
[10.444172] (realsense2_camera_msgs) StdoutLine: {'line': b'-- Found PythonInterp: /usr/bin/python3 (found suitable version "3.8.10", minimum required is "3.5") \n'}
[10.462984] (realsense2_camera_msgs) StdoutLine: {'line': b'-- Found python_cmake_module: 0.8.1 (/opt/ros/foxy/share/python_cmake_module/cmake)\n'}
[10.508688] (-) TimerEvent: {}
[10.541342] (particle_filter) Command: {'cmd': ['/usr/bin/python3', '-W', 'ignore:setup.py install is deprecated', '-W', 'ignore:easy_install command is deprecated', 'setup.py', 'egg_info', '--egg-base', '../../build/particle_filter', 'build', '--build-base', '/home/f1tenth/f1tenth_mrc_ws/build/particle_filter/build', 'install', '--record', '/home/f1tenth/f1tenth_mrc_ws/build/particle_filter/install.log', '--install-scripts', '$base/lib/particle_filter', '--single-version-externally-managed', 'install_data'], 'cwd': '/home/f1tenth/f1tenth_mrc_ws/src/particle_filter', 'env': {'GJS_DEBUG_TOPICS': 'JS ERROR;JS LOG', 'LESSOPEN': '| /usr/bin/lesspipe %s', 'USER': 'f1tenth', 'LC_TIME': 'bs_BA.UTF-8', 'SSH_AGENT_PID': '2722', 'XDG_SESSION_TYPE': 'x11', 'SHLVL': '1', 'LD_LIBRARY_PATH': '/opt/ros/foxy/opt/yaml_cpp_vendor/lib:/opt/ros/foxy/opt/rviz_ogre_vendor/lib:/opt/ros/foxy/lib/aarch64-linux-gnu:/opt/ros/foxy/lib', 'HOME': '/home/f1tenth', 'OLDPWD': '/home/f1tenth/f1tenth_mrc_ws/src', 'DESKTOP_SESSION': 'ubuntu', 'JETSON_L4T': '35.1.0', 'GIO_LAUNCHED_DESKTOP_FILE': '/usr/share/applications/terminator.desktop', 'ROS_PYTHON_VERSION': '3', 'GNOME_SHELL_SESSION_MODE': 'ubuntu', 'GTK_MODULES': 'gail:atk-bridge', 'JETSON_MODEL': 'NVIDIA Jetson Xavier NX Developer Kit', 'LC_MONETARY': 'bs_BA.UTF-8', 'MANAGERPID': '2456', 'DBUS_SESSION_BUS_ADDRESS': 'unix:path=/run/user/1000/bus', 'COLORTERM': 'truecolor', 'TERMINATOR_DBUS_NAME': 'net.tenshu.Terminator21a9d5db22c73a993ff0b42f64b396873', 'GIO_LAUNCHED_DESKTOP_FILE_PID': '3398', '_colcon_cd_root': '/opt/ros/foxy/', 'IM_CONFIG_PHASE': '1', 'ROS_DISTRO': 'foxy', 'LOGNAME': 'f1tenth', 'JETSON_MODULE': 'NVIDIA Jetson Xavier NX (Developer kit)', 'JETSON_SERIAL_NUMBER': '1422420033521', 'JOURNAL_STREAM': '7:52952', '_': '/usr/bin/colcon', 'ROS_VERSION': '2', 'JETSON_CODENAME': 'Jakku', 'XDG_SESSION_CLASS': 'user', 'USERNAME': 'f1tenth', 'TERM': 'xterm-256color', 'GNOME_DESKTOP_SESSION_ID': 'this-is-deprecated', 'ROS_LOCALHOST_ONLY': '0', 'WINDOWPATH': '2', 'PATH': '/opt/ros/foxy/bin:/home/f1tenth/.local/bin:/usr/local/sbin:/usr/local/bin:/usr/sbin:/usr/bin:/sbin:/bin:/usr/games:/usr/local/games:/snap/bin', 'SESSION_MANAGER': 'local/f1tenth-desktop:@/tmp/.ICE-unix/2757,unix/f1tenth-desktop:/tmp/.ICE-unix/2757', 'INVOCATION_ID': 'bd1f5b7138a241e9935586b351aafc78', 'XDG_MENU_PREFIX': 'gnome-', 'LC_ADDRESS': 'bs_BA.UTF-8', 'XDG_RUNTIME_DIR': '/run/user/1000', 'DISPLAY': ':0', 'TERMINATOR_DBUS_PATH': '/net/tenshu/Terminator2', 'LANG': 'en_US.UTF-8', 'XDG_CURRENT_DESKTOP': 'ubuntu:GNOME', 'LC_TELEPHONE': 'bs_BA.UTF-8', 'XMODIFIERS': '@im=ibus', 'XDG_SESSION_DESKTOP': 'ubuntu', 'XAUTHORITY': '/run/user/1000/gdm/Xauthority', 'LS_COLORS': 'rs=0:di=01;34:ln=01;36:mh=00:pi=40;33:so=01;35:do=01;35:bd=40;33;01:cd=40;33;01:or=40;31;01:mi=00:su=37;41:sg=30;43:ca=30;41:tw=30;42:ow=34;42:st=37;44:ex=01;32:*.tar=01;31:*.tgz=01;31:*.arc=01;31:*.arj=01;31:*.taz=01;31:*.lha=01;31:*.lz4=01;31:*.lzh=01;31:*.lzma=01;31:*.tlz=01;31:*.txz=01;31:*.tzo=01;31:*.t7z=01;31:*.zip=01;31:*.z=01;31:*.dz=01;31:*.gz=01;31:*.lrz=01;31:*.lz=01;31:*.lzo=01;31:*.xz=01;31:*.zst=01;31:*.tzst=01;31:*.bz2=01;31:*.bz=01;31:*.tbz=01;31:*.tbz2=01;31:*.tz=01;31:*.deb=01;31:*.rpm=01;31:*.jar=01;31:*.war=01;31:*.ear=01;31:*.sar=01;31:*.rar=01;31:*.alz=01;31:*.ace=01;31:*.zoo=01;31:*.cpio=01;31:*.7z=01;31:*.rz=01;31:*.cab=01;31:*.wim=01;31:*.swm=01;31:*.dwm=01;31:*.esd=01;31:*.jpg=01;35:*.jpeg=01;35:*.mjpg=01;35:*.mjpeg=01;35:*.gif=01;35:*.bmp=01;35:*.pbm=01;35:*.pgm=01;35:*.ppm=01;35:*.tga=01;35:*.xbm=01;35:*.xpm=01;35:*.tif=01;35:*.tiff=01;35:*.png=01;35:*.svg=01;35:*.svgz=01;35:*.mng=01;35:*.pcx=01;35:*.mov=01;35:*.mpg=01;35:*.mpeg=01;35:*.m2v=01;35:*.mkv=01;35:*.webm=01;35:*.ogm=01;35:*.mp4=01;35:*.m4v=01;35:*.mp4v=01;35:*.vob=01;35:*.qt=01;35:*.nuv=01;35:*.wmv=01;35:*.asf=01;35:*.rm=01;35:*.rmvb=01;35:*.flc=01;35:*.avi=01;35:*.fli=01;35:*.flv=01;35:*.gl=01;35:*.dl=01;35:*.xcf=01;35:*.xwd=01;35:*.yuv=01;35:*.cgm=01;35:*.emf=01;35:*.ogv=01;35:*.ogx=01;35:*.aac=00;36:*.au=00;36:*.flac=00;36:*.m4a=00;36:*.mid=00;36:*.midi=00;36:*.mka=00;36:*.mp3=00;36:*.mpc=00;36:*.ogg=00;36:*.ra=00;36:*.wav=00;36:*.oga=00;36:*.opus=00;36:*.spx=00;36:*.xspf=00;36:', 'JETSON_SOC': 'tegra194', 'SSH_AUTH_SOCK': '/run/user/1000/keyring/ssh', 'ROS_DOMAIN_ID': '6', 'AMENT_PREFIX_PATH': '/opt/ros/foxy', 'SHELL': '/bin/bash', 'CMAKE_ARGS': '-DBUILD_WITH_OPENMP=OFF', 'LC_NAME': 'bs_BA.UTF-8', 'TERMINATOR_UUID': 'urn:uuid:0a99abc2-9966-4d5d-a08b-faa1cb518880', 'QT_ACCESSIBILITY': '1', 'GDMSESSION': 'ubuntu', 'LESSCLOSE': '/usr/bin/lesspipe %s %s', 'LC_MEASUREMENT': 'bs_BA.UTF-8', 'GPG_AGENT_INFO': '/run/user/1000/gnupg/S.gpg-agent:0:1', 'GJS_DEBUG_OUTPUT': 'stderr', 'LC_IDENTIFICATION': 'bs_BA.UTF-8', 'QT_IM_MODULE': 'ibus', 'JETSON_CUDA_ARCH_BIN': '7.2', 'PWD': '/home/f1tenth/f1tenth_mrc_ws/build/particle_filter', 'LC_ALL': 'en_US.UTF-8', 'XDG_CONFIG_DIRS': '/etc/xdg/xdg-ubuntu:/etc/xdg', 'XDG_DATA_DIRS': '/usr/share/ubuntu:/usr/local/share/:/usr/share/:/var/lib/snapd/desktop', 'PYTHONPATH': '/home/f1tenth/f1tenth_mrc_ws/build/particle_filter/prefix_override:/usr/lib/python3/dist-packages/colcon_core/task/python/colcon_distutils_commands:/home/f1tenth/f1tenth_mrc_ws/install/particle_filter/lib/python3.8/site-packages:/opt/ros/foxy/lib/python3.8/site-packages', 'LC_NUMERIC': 'bs_BA.UTF-8', 'LC_PAPER': 'bs_BA.UTF-8', 'COLCON': '1', 'VTE_VERSION': '6003', 'JETSON_JETPACK': '5.0.2 GA', 'JETSON_P_NUMBER': 'p3668-0000'}, 'shell': False}
[10.547865] (gap_follow) StdoutLine: {'line': b'-- Looking for pthread_create in pthread - found\n'}
[10.568445] (gap_follow) StdoutLine: {'line': b'-- Found Threads: TRUE  \n'}
[10.609087] (-) TimerEvent: {}
[10.638052] (realsense2_camera_msgs) StdoutLine: {'line': b'-- Found PythonLibs: /usr/lib/aarch64-linux-gnu/libpython3.8.so (found suitable version "3.8.10", minimum required is "3.5") \n'}
[10.640664] (realsense2_camera_msgs) StdoutLine: {'line': b'-- Using PYTHON_EXECUTABLE: /usr/bin/python3\n'}
[10.642280] (realsense2_camera_msgs) StdoutLine: {'line': b'-- Using PYTHON_INCLUDE_DIRS: /usr/include/python3.8\n'}
[10.643223] (realsense2_camera_msgs) StdoutLine: {'line': b'-- Using PYTHON_LIBRARIES: /usr/lib/aarch64-linux-gnu/libpython3.8.so\n'}
[10.709245] (-) TimerEvent: {}
[10.747030] (realsense2_camera_msgs) StdoutLine: {'line': b'-- Found PythonExtra: .so  \n'}
[10.809555] (-) TimerEvent: {}
[10.912292] (-) TimerEvent: {}
[11.016250] (-) TimerEvent: {}
[11.117693] (-) TimerEvent: {}
[11.219076] (-) TimerEvent: {}
[11.257485] (realsense2_camera_msgs) StdoutLine: {'line': b'-- Found ament_cmake_flake8: 0.9.8 (/opt/ros/foxy/share/ament_cmake_flake8/cmake)\n'}
[11.266388] (realsense2_camera_msgs) StdoutLine: {'line': b'-- Found ament_cmake_pep257: 0.9.8 (/opt/ros/foxy/share/ament_cmake_pep257/cmake)\n'}
[11.319267] (-) TimerEvent: {}
[11.328905] (realsense2_camera_msgs) StdoutLine: {'line': b'-- Configuring done\n'}
[11.419484] (-) TimerEvent: {}
[11.520337] (-) TimerEvent: {}
[11.567216] (gap_follow) StdoutLine: {'line': b'-- Found rclpy: 1.0.13 (/opt/ros/foxy/share/rclpy/cmake)\n'}
[11.574844] (gap_follow) StdoutLine: {'line': b'-- Found geometry_msgs: 2.0.5 (/opt/ros/foxy/share/geometry_msgs/cmake)\n'}
[11.620538] (-) TimerEvent: {}
[11.721365] (-) TimerEvent: {}
[11.739699] (particle_filter) StderrLine: {'line': b"/home/f1tenth/.local/lib/python3.8/site-packages/setuptools/dist.py:717: UserWarning: Usage of dash-separated 'script-dir' will not be supported in future versions. Please use the underscore name 'script_dir' instead\n"}
[11.740451] (particle_filter) StderrLine: {'line': b'  warnings.warn(\n'}
[11.741050] (gap_follow) StdoutLine: {'line': b'-- Found nav_msgs: 2.0.5 (/opt/ros/foxy/share/nav_msgs/cmake)\n'}
[11.821561] (-) TimerEvent: {}
[11.919582] (realsense2_camera_msgs) StdoutLine: {'line': b'-- Generating done\n'}
[11.921729] (-) TimerEvent: {}
[11.926095] (particle_filter) StdoutLine: {'line': b'running egg_info\n'}
[11.928883] (particle_filter) StdoutLine: {'line': b'creating ../../build/particle_filter/particle_filter.egg-info\n'}
[11.929685] (particle_filter) StdoutLine: {'line': b'writing ../../build/particle_filter/particle_filter.egg-info/PKG-INFO\n'}
[11.930860] (particle_filter) StdoutLine: {'line': b'writing dependency_links to ../../build/particle_filter/particle_filter.egg-info/dependency_links.txt\n'}
[11.931406] (particle_filter) StdoutLine: {'line': b'writing entry points to ../../build/particle_filter/particle_filter.egg-info/entry_points.txt\n'}
[11.931828] (particle_filter) StdoutLine: {'line': b'writing requirements to ../../build/particle_filter/particle_filter.egg-info/requires.txt\n'}
[11.932239] (particle_filter) StdoutLine: {'line': b'writing top-level names to ../../build/particle_filter/particle_filter.egg-info/top_level.txt\n'}
[11.946294] (particle_filter) StdoutLine: {'line': b"writing manifest file '../../build/particle_filter/particle_filter.egg-info/SOURCES.txt'\n"}
[11.955615] (particle_filter) StdoutLine: {'line': b"reading manifest file '../../build/particle_filter/particle_filter.egg-info/SOURCES.txt'\n"}
[11.960023] (particle_filter) StdoutLine: {'line': b"writing manifest file '../../build/particle_filter/particle_filter.egg-info/SOURCES.txt'\n"}
[11.960906] (particle_filter) StdoutLine: {'line': b'running build\n'}
[11.961377] (particle_filter) StdoutLine: {'line': b'running build_py\n'}
[11.961770] (particle_filter) StdoutLine: {'line': b'creating /home/f1tenth/f1tenth_mrc_ws/build/particle_filter/build\n'}
[11.962791] (particle_filter) StdoutLine: {'line': b'creating /home/f1tenth/f1tenth_mrc_ws/build/particle_filter/build/lib\n'}
[11.963252] (particle_filter) StdoutLine: {'line': b'creating /home/f1tenth/f1tenth_mrc_ws/build/particle_filter/build/lib/particle_filter\n'}
[11.963639] (particle_filter) StdoutLine: {'line': b'copying particle_filter/particle_filter.py -> /home/f1tenth/f1tenth_mrc_ws/build/particle_filter/build/lib/particle_filter\n'}
[11.964069] (particle_filter) StdoutLine: {'line': b'copying particle_filter/utils.py -> /home/f1tenth/f1tenth_mrc_ws/build/particle_filter/build/lib/particle_filter\n'}
[11.964442] (particle_filter) StdoutLine: {'line': b'copying particle_filter/__init__.py -> /home/f1tenth/f1tenth_mrc_ws/build/particle_filter/build/lib/particle_filter\n'}
[11.964806] (particle_filter) StdoutLine: {'line': b'running install\n'}
[11.967517] (particle_filter) StdoutLine: {'line': b'running install_lib\n'}
[11.982911] (particle_filter) StdoutLine: {'line': b'creating /home/f1tenth/f1tenth_mrc_ws/install/particle_filter/lib/python3.8/site-packages/particle_filter\n'}
[11.983626] (particle_filter) StdoutLine: {'line': b'copying /home/f1tenth/f1tenth_mrc_ws/build/particle_filter/build/lib/particle_filter/particle_filter.py -> /home/f1tenth/f1tenth_mrc_ws/install/particle_filter/lib/python3.8/site-packages/particle_filter\n'}
[11.984122] (particle_filter) StdoutLine: {'line': b'copying /home/f1tenth/f1tenth_mrc_ws/build/particle_filter/build/lib/particle_filter/utils.py -> /home/f1tenth/f1tenth_mrc_ws/install/particle_filter/lib/python3.8/site-packages/particle_filter\n'}
[11.984600] (particle_filter) StdoutLine: {'line': b'copying /home/f1tenth/f1tenth_mrc_ws/build/particle_filter/build/lib/particle_filter/__init__.py -> /home/f1tenth/f1tenth_mrc_ws/install/particle_filter/lib/python3.8/site-packages/particle_filter\n'}
[11.987146] (particle_filter) StdoutLine: {'line': b'byte-compiling /home/f1tenth/f1tenth_mrc_ws/install/particle_filter/lib/python3.8/site-packages/particle_filter/particle_filter.py to particle_filter.cpython-38.pyc\n'}
[12.011730] (particle_filter) StdoutLine: {'line': b'byte-compiling /home/f1tenth/f1tenth_mrc_ws/install/particle_filter/lib/python3.8/site-packages/particle_filter/utils.py to utils.cpython-38.pyc\n'}
[12.017685] (particle_filter) StdoutLine: {'line': b'byte-compiling /home/f1tenth/f1tenth_mrc_ws/install/particle_filter/lib/python3.8/site-packages/particle_filter/__init__.py to __init__.cpython-38.pyc\n'}
[12.018507] (particle_filter) StdoutLine: {'line': b'running install_data\n'}
[12.019084] (particle_filter) StdoutLine: {'line': b'creating /home/f1tenth/f1tenth_mrc_ws/install/particle_filter/share/ament_index\n'}
[12.019554] (particle_filter) StdoutLine: {'line': b'creating /home/f1tenth/f1tenth_mrc_ws/install/particle_filter/share/ament_index/resource_index\n'}
[12.019999] (particle_filter) StdoutLine: {'line': b'creating /home/f1tenth/f1tenth_mrc_ws/install/particle_filter/share/ament_index/resource_index/packages\n'}
[12.020567] (gap_follow) StdoutLine: {'line': b'-- Found ackermann_msgs: 2.0.2 (/opt/ros/foxy/share/ackermann_msgs/cmake)\n'}
[12.021124] (particle_filter) StdoutLine: {'line': b'copying resource/particle_filter -> /home/f1tenth/f1tenth_mrc_ws/install/particle_filter/share/ament_index/resource_index/packages\n'}
[12.021426] (particle_filter) StdoutLine: {'line': b'copying package.xml -> /home/f1tenth/f1tenth_mrc_ws/install/particle_filter/share/particle_filter\n'}
[12.021675] (particle_filter) StdoutLine: {'line': b'creating /home/f1tenth/f1tenth_mrc_ws/install/particle_filter/share/particle_filter/maps\n'}
[12.021936] (-) TimerEvent: {}
[12.023096] (particle_filter) StdoutLine: {'line': b'copying maps/levine_obs.yaml -> /home/f1tenth/f1tenth_mrc_ws/install/particle_filter/share/particle_filter/maps\n'}
[12.023457] (particle_filter) StdoutLine: {'line': b'copying maps/levine_bit.yaml -> /home/f1tenth/f1tenth_mrc_ws/install/particle_filter/share/particle_filter/maps\n'}
[12.023903] (particle_filter) StdoutLine: {'line': b'copying maps/map_crta.yaml -> /home/f1tenth/f1tenth_mrc_ws/install/particle_filter/share/particle_filter/maps\n'}
[12.024371] (particle_filter) StdoutLine: {'line': b'copying maps/basement_fixed.png -> /home/f1tenth/f1tenth_mrc_ws/install/particle_filter/share/particle_filter/maps\n'}
[12.024658] (particle_filter) StdoutLine: {'line': b'copying maps/my_map.yaml -> /home/f1tenth/f1tenth_mrc_ws/install/particle_filter/share/particle_filter/maps\n'}
[12.024897] (particle_filter) StdoutLine: {'line': b'copying maps/levine_bit.pgm -> /home/f1tenth/f1tenth_mrc_ws/install/particle_filter/share/particle_filter/maps\n'}
[12.052427] (particle_filter) StdoutLine: {'line': b'copying maps/map_crta.pgm -> /home/f1tenth/f1tenth_mrc_ws/install/particle_filter/share/particle_filter/maps\n'}
[12.053303] (particle_filter) StdoutLine: {'line': b'copying maps/basement_fixed.map.yaml -> /home/f1tenth/f1tenth_mrc_ws/install/particle_filter/share/particle_filter/maps\n'}
[12.054971] (particle_filter) StdoutLine: {'line': b'copying maps/my_map.pgm -> /home/f1tenth/f1tenth_mrc_ws/install/particle_filter/share/particle_filter/maps\n'}
[12.057360] (particle_filter) StdoutLine: {'line': b'copying maps/levine_obs.png -> /home/f1tenth/f1tenth_mrc_ws/install/particle_filter/share/particle_filter/maps\n'}
[12.057955] (particle_filter) StdoutLine: {'line': b'creating /home/f1tenth/f1tenth_mrc_ws/install/particle_filter/share/particle_filter/launch\n'}
[12.058459] (particle_filter) StdoutLine: {'line': b'copying launch/localize_launch.py -> /home/f1tenth/f1tenth_mrc_ws/install/particle_filter/share/particle_filter/launch\n'}
[12.058895] (particle_filter) StdoutLine: {'line': b'creating /home/f1tenth/f1tenth_mrc_ws/install/particle_filter/share/particle_filter/config\n'}
[12.059332] (particle_filter) StdoutLine: {'line': b'copying config/localize.yaml -> /home/f1tenth/f1tenth_mrc_ws/install/particle_filter/share/particle_filter/config\n'}
[12.059750] (particle_filter) StdoutLine: {'line': b'running install_egg_info\n'}
[12.076292] (particle_filter) StdoutLine: {'line': b'Copying ../../build/particle_filter/particle_filter.egg-info to /home/f1tenth/f1tenth_mrc_ws/install/particle_filter/lib/python3.8/site-packages/particle_filter-0.2.0-py3.8.egg-info\n'}
[12.083015] (particle_filter) StdoutLine: {'line': b'running install_scripts\n'}
[12.110204] (realsense2_camera_msgs) StdoutLine: {'line': b'-- Build files have been written to: /home/f1tenth/f1tenth_mrc_ws/build/realsense2_camera_msgs\n'}
[12.122219] (-) TimerEvent: {}
[12.162637] (realsense2_camera_msgs) CommandEnded: {'returncode': 0}
[12.167242] (realsense2_camera_msgs) JobProgress: {'identifier': 'realsense2_camera_msgs', 'progress': 'build'}
[12.171062] (realsense2_camera_msgs) Command: {'cmd': ['/usr/bin/cmake', '--build', '/home/f1tenth/f1tenth_mrc_ws/build/realsense2_camera_msgs', '--', '-j4', '-l4'], 'cwd': '/home/f1tenth/f1tenth_mrc_ws/build/realsense2_camera_msgs', 'env': OrderedDict([('GJS_DEBUG_TOPICS', 'JS ERROR;JS LOG'), ('LESSOPEN', '| /usr/bin/lesspipe %s'), ('USER', 'f1tenth'), ('LC_TIME', 'bs_BA.UTF-8'), ('SSH_AGENT_PID', '2722'), ('XDG_SESSION_TYPE', 'x11'), ('SHLVL', '1'), ('LD_LIBRARY_PATH', '/opt/ros/foxy/opt/yaml_cpp_vendor/lib:/opt/ros/foxy/opt/rviz_ogre_vendor/lib:/opt/ros/foxy/lib/aarch64-linux-gnu:/opt/ros/foxy/lib'), ('HOME', '/home/f1tenth'), ('OLDPWD', '/home/f1tenth/f1tenth_mrc_ws/src'), ('DESKTOP_SESSION', 'ubuntu'), ('JETSON_L4T', '35.1.0'), ('GIO_LAUNCHED_DESKTOP_FILE', '/usr/share/applications/terminator.desktop'), ('ROS_PYTHON_VERSION', '3'), ('GNOME_SHELL_SESSION_MODE', 'ubuntu'), ('GTK_MODULES', 'gail:atk-bridge'), ('JETSON_MODEL', 'NVIDIA Jetson Xavier NX Developer Kit'), ('LC_MONETARY', 'bs_BA.UTF-8'), ('MANAGERPID', '2456'), ('DBUS_SESSION_BUS_ADDRESS', 'unix:path=/run/user/1000/bus'), ('COLORTERM', 'truecolor'), ('TERMINATOR_DBUS_NAME', 'net.tenshu.Terminator21a9d5db22c73a993ff0b42f64b396873'), ('GIO_LAUNCHED_DESKTOP_FILE_PID', '3398'), ('_colcon_cd_root', '/opt/ros/foxy/'), ('IM_CONFIG_PHASE', '1'), ('ROS_DISTRO', 'foxy'), ('LOGNAME', 'f1tenth'), ('JETSON_MODULE', 'NVIDIA Jetson Xavier NX (Developer kit)'), ('JETSON_SERIAL_NUMBER', '1422420033521'), ('JOURNAL_STREAM', '7:52952'), ('_', '/usr/bin/colcon'), ('ROS_VERSION', '2'), ('JETSON_CODENAME', 'Jakku'), ('XDG_SESSION_CLASS', 'user'), ('USERNAME', 'f1tenth'), ('TERM', 'xterm-256color'), ('GNOME_DESKTOP_SESSION_ID', 'this-is-deprecated'), ('ROS_LOCALHOST_ONLY', '0'), ('WINDOWPATH', '2'), ('PATH', '/opt/ros/foxy/bin:/home/f1tenth/.local/bin:/usr/local/sbin:/usr/local/bin:/usr/sbin:/usr/bin:/sbin:/bin:/usr/games:/usr/local/games:/snap/bin'), ('SESSION_MANAGER', 'local/f1tenth-desktop:@/tmp/.ICE-unix/2757,unix/f1tenth-desktop:/tmp/.ICE-unix/2757'), ('INVOCATION_ID', 'bd1f5b7138a241e9935586b351aafc78'), ('XDG_MENU_PREFIX', 'gnome-'), ('LC_ADDRESS', 'bs_BA.UTF-8'), ('XDG_RUNTIME_DIR', '/run/user/1000'), ('DISPLAY', ':0'), ('TERMINATOR_DBUS_PATH', '/net/tenshu/Terminator2'), ('LANG', 'en_US.UTF-8'), ('XDG_CURRENT_DESKTOP', 'ubuntu:GNOME'), ('LC_TELEPHONE', 'bs_BA.UTF-8'), ('XMODIFIERS', '@im=ibus'), ('XDG_SESSION_DESKTOP', 'ubuntu'), ('XAUTHORITY', '/run/user/1000/gdm/Xauthority'), ('LS_COLORS', 'rs=0:di=01;34:ln=01;36:mh=00:pi=40;33:so=01;35:do=01;35:bd=40;33;01:cd=40;33;01:or=40;31;01:mi=00:su=37;41:sg=30;43:ca=30;41:tw=30;42:ow=34;42:st=37;44:ex=01;32:*.tar=01;31:*.tgz=01;31:*.arc=01;31:*.arj=01;31:*.taz=01;31:*.lha=01;31:*.lz4=01;31:*.lzh=01;31:*.lzma=01;31:*.tlz=01;31:*.txz=01;31:*.tzo=01;31:*.t7z=01;31:*.zip=01;31:*.z=01;31:*.dz=01;31:*.gz=01;31:*.lrz=01;31:*.lz=01;31:*.lzo=01;31:*.xz=01;31:*.zst=01;31:*.tzst=01;31:*.bz2=01;31:*.bz=01;31:*.tbz=01;31:*.tbz2=01;31:*.tz=01;31:*.deb=01;31:*.rpm=01;31:*.jar=01;31:*.war=01;31:*.ear=01;31:*.sar=01;31:*.rar=01;31:*.alz=01;31:*.ace=01;31:*.zoo=01;31:*.cpio=01;31:*.7z=01;31:*.rz=01;31:*.cab=01;31:*.wim=01;31:*.swm=01;31:*.dwm=01;31:*.esd=01;31:*.jpg=01;35:*.jpeg=01;35:*.mjpg=01;35:*.mjpeg=01;35:*.gif=01;35:*.bmp=01;35:*.pbm=01;35:*.pgm=01;35:*.ppm=01;35:*.tga=01;35:*.xbm=01;35:*.xpm=01;35:*.tif=01;35:*.tiff=01;35:*.png=01;35:*.svg=01;35:*.svgz=01;35:*.mng=01;35:*.pcx=01;35:*.mov=01;35:*.mpg=01;35:*.mpeg=01;35:*.m2v=01;35:*.mkv=01;35:*.webm=01;35:*.ogm=01;35:*.mp4=01;35:*.m4v=01;35:*.mp4v=01;35:*.vob=01;35:*.qt=01;35:*.nuv=01;35:*.wmv=01;35:*.asf=01;35:*.rm=01;35:*.rmvb=01;35:*.flc=01;35:*.avi=01;35:*.fli=01;35:*.flv=01;35:*.gl=01;35:*.dl=01;35:*.xcf=01;35:*.xwd=01;35:*.yuv=01;35:*.cgm=01;35:*.emf=01;35:*.ogv=01;35:*.ogx=01;35:*.aac=00;36:*.au=00;36:*.flac=00;36:*.m4a=00;36:*.mid=00;36:*.midi=00;36:*.mka=00;36:*.mp3=00;36:*.mpc=00;36:*.ogg=00;36:*.ra=00;36:*.wav=00;36:*.oga=00;36:*.opus=00;36:*.spx=00;36:*.xspf=00;36:'), ('JETSON_SOC', 'tegra194'), ('SSH_AUTH_SOCK', '/run/user/1000/keyring/ssh'), ('ROS_DOMAIN_ID', '6'), ('AMENT_PREFIX_PATH', '/opt/ros/foxy'), ('SHELL', '/bin/bash'), ('CMAKE_ARGS', '-DBUILD_WITH_OPENMP=OFF'), ('LC_NAME', 'bs_BA.UTF-8'), ('TERMINATOR_UUID', 'urn:uuid:0a99abc2-9966-4d5d-a08b-faa1cb518880'), ('QT_ACCESSIBILITY', '1'), ('GDMSESSION', 'ubuntu'), ('LESSCLOSE', '/usr/bin/lesspipe %s %s'), ('LC_MEASUREMENT', 'bs_BA.UTF-8'), ('GPG_AGENT_INFO', '/run/user/1000/gnupg/S.gpg-agent:0:1'), ('GJS_DEBUG_OUTPUT', 'stderr'), ('LC_IDENTIFICATION', 'bs_BA.UTF-8'), ('QT_IM_MODULE', 'ibus'), ('JETSON_CUDA_ARCH_BIN', '7.2'), ('PWD', '/home/f1tenth/f1tenth_mrc_ws/build/realsense2_camera_msgs'), ('LC_ALL', 'en_US.UTF-8'), ('XDG_CONFIG_DIRS', '/etc/xdg/xdg-ubuntu:/etc/xdg'), ('XDG_DATA_DIRS', '/usr/share/ubuntu:/usr/local/share/:/usr/share/:/var/lib/snapd/desktop'), ('PYTHONPATH', '/opt/ros/foxy/lib/python3.8/site-packages'), ('LC_NUMERIC', 'bs_BA.UTF-8'), ('LC_PAPER', 'bs_BA.UTF-8'), ('COLCON', '1'), ('VTE_VERSION', '6003'), ('JETSON_JETPACK', '5.0.2 GA'), ('JETSON_P_NUMBER', 'p3668-0000'), ('CMAKE_PREFIX_PATH', '/opt/ros/foxy')]), 'shell': False}
[12.172892] (gap_follow) StdoutLine: {'line': b'-- Found sensor_msgs: 2.0.5 (/opt/ros/foxy/share/sensor_msgs/cmake)\n'}
[12.215292] (particle_filter) StdoutLine: {'line': b'Installing particle_filter script to /home/f1tenth/f1tenth_mrc_ws/install/particle_filter/lib/particle_filter\n'}
[12.217267] (particle_filter) StdoutLine: {'line': b"writing list of installed files to '/home/f1tenth/f1tenth_mrc_ws/build/particle_filter/install.log'\n"}
[12.222607] (-) TimerEvent: {}
[12.324697] (-) TimerEvent: {}
[12.378645] (particle_filter) CommandEnded: {'returncode': 0}
[12.418527] (particle_filter) JobEnded: {'identifier': 'particle_filter', 'rc': 0}
[12.423351] (pure_pursuit) JobStarted: {'identifier': 'pure_pursuit'}
[12.425114] (-) TimerEvent: {}
[12.426547] (realsense2_camera_msgs) StdoutLine: {'line': b'\x1b[35m\x1b[1mScanning dependencies of target realsense2_camera_msgs__cpp\x1b[0m\n'}
[12.467830] (ppo_racing) Command: {'cmd': ['/usr/bin/python3', '-W', 'ignore:setup.py install is deprecated', '-W', 'ignore:easy_install command is deprecated', 'setup.py', 'egg_info', '--egg-base', '../../build/ppo_racing', 'build', '--build-base', '/home/f1tenth/f1tenth_mrc_ws/build/ppo_racing/build', 'install', '--record', '/home/f1tenth/f1tenth_mrc_ws/build/ppo_racing/install.log', '--install-scripts', '$base/lib/ppo_racing', '--single-version-externally-managed', 'install_data'], 'cwd': '/home/f1tenth/f1tenth_mrc_ws/src/ppo_racing', 'env': {'GJS_DEBUG_TOPICS': 'JS ERROR;JS LOG', 'LESSOPEN': '| /usr/bin/lesspipe %s', 'USER': 'f1tenth', 'LC_TIME': 'bs_BA.UTF-8', 'SSH_AGENT_PID': '2722', 'XDG_SESSION_TYPE': 'x11', 'SHLVL': '1', 'LD_LIBRARY_PATH': '/opt/ros/foxy/opt/yaml_cpp_vendor/lib:/opt/ros/foxy/opt/rviz_ogre_vendor/lib:/opt/ros/foxy/lib/aarch64-linux-gnu:/opt/ros/foxy/lib', 'HOME': '/home/f1tenth', 'OLDPWD': '/home/f1tenth/f1tenth_mrc_ws/src', 'DESKTOP_SESSION': 'ubuntu', 'JETSON_L4T': '35.1.0', 'GIO_LAUNCHED_DESKTOP_FILE': '/usr/share/applications/terminator.desktop', 'ROS_PYTHON_VERSION': '3', 'GNOME_SHELL_SESSION_MODE': 'ubuntu', 'GTK_MODULES': 'gail:atk-bridge', 'JETSON_MODEL': 'NVIDIA Jetson Xavier NX Developer Kit', 'LC_MONETARY': 'bs_BA.UTF-8', 'MANAGERPID': '2456', 'DBUS_SESSION_BUS_ADDRESS': 'unix:path=/run/user/1000/bus', 'COLORTERM': 'truecolor', 'TERMINATOR_DBUS_NAME': 'net.tenshu.Terminator21a9d5db22c73a993ff0b42f64b396873', 'GIO_LAUNCHED_DESKTOP_FILE_PID': '3398', '_colcon_cd_root': '/opt/ros/foxy/', 'IM_CONFIG_PHASE': '1', 'ROS_DISTRO': 'foxy', 'LOGNAME': 'f1tenth', 'JETSON_MODULE': 'NVIDIA Jetson Xavier NX (Developer kit)', 'JETSON_SERIAL_NUMBER': '1422420033521', 'JOURNAL_STREAM': '7:52952', '_': '/usr/bin/colcon', 'ROS_VERSION': '2', 'JETSON_CODENAME': 'Jakku', 'XDG_SESSION_CLASS': 'user', 'USERNAME': 'f1tenth', 'TERM': 'xterm-256color', 'GNOME_DESKTOP_SESSION_ID': 'this-is-deprecated', 'ROS_LOCALHOST_ONLY': '0', 'WINDOWPATH': '2', 'PATH': '/opt/ros/foxy/bin:/home/f1tenth/.local/bin:/usr/local/sbin:/usr/local/bin:/usr/sbin:/usr/bin:/sbin:/bin:/usr/games:/usr/local/games:/snap/bin', 'SESSION_MANAGER': 'local/f1tenth-desktop:@/tmp/.ICE-unix/2757,unix/f1tenth-desktop:/tmp/.ICE-unix/2757', 'INVOCATION_ID': 'bd1f5b7138a241e9935586b351aafc78', 'XDG_MENU_PREFIX': 'gnome-', 'LC_ADDRESS': 'bs_BA.UTF-8', 'XDG_RUNTIME_DIR': '/run/user/1000', 'DISPLAY': ':0', 'TERMINATOR_DBUS_PATH': '/net/tenshu/Terminator2', 'LANG': 'en_US.UTF-8', 'XDG_CURRENT_DESKTOP': 'ubuntu:GNOME', 'LC_TELEPHONE': 'bs_BA.UTF-8', 'XMODIFIERS': '@im=ibus', 'XDG_SESSION_DESKTOP': 'ubuntu', 'XAUTHORITY': '/run/user/1000/gdm/Xauthority', 'LS_COLORS': 'rs=0:di=01;34:ln=01;36:mh=00:pi=40;33:so=01;35:do=01;35:bd=40;33;01:cd=40;33;01:or=40;31;01:mi=00:su=37;41:sg=30;43:ca=30;41:tw=30;42:ow=34;42:st=37;44:ex=01;32:*.tar=01;31:*.tgz=01;31:*.arc=01;31:*.arj=01;31:*.taz=01;31:*.lha=01;31:*.lz4=01;31:*.lzh=01;31:*.lzma=01;31:*.tlz=01;31:*.txz=01;31:*.tzo=01;31:*.t7z=01;31:*.zip=01;31:*.z=01;31:*.dz=01;31:*.gz=01;31:*.lrz=01;31:*.lz=01;31:*.lzo=01;31:*.xz=01;31:*.zst=01;31:*.tzst=01;31:*.bz2=01;31:*.bz=01;31:*.tbz=01;31:*.tbz2=01;31:*.tz=01;31:*.deb=01;31:*.rpm=01;31:*.jar=01;31:*.war=01;31:*.ear=01;31:*.sar=01;31:*.rar=01;31:*.alz=01;31:*.ace=01;31:*.zoo=01;31:*.cpio=01;31:*.7z=01;31:*.rz=01;31:*.cab=01;31:*.wim=01;31:*.swm=01;31:*.dwm=01;31:*.esd=01;31:*.jpg=01;35:*.jpeg=01;35:*.mjpg=01;35:*.mjpeg=01;35:*.gif=01;35:*.bmp=01;35:*.pbm=01;35:*.pgm=01;35:*.ppm=01;35:*.tga=01;35:*.xbm=01;35:*.xpm=01;35:*.tif=01;35:*.tiff=01;35:*.png=01;35:*.svg=01;35:*.svgz=01;35:*.mng=01;35:*.pcx=01;35:*.mov=01;35:*.mpg=01;35:*.mpeg=01;35:*.m2v=01;35:*.mkv=01;35:*.webm=01;35:*.ogm=01;35:*.mp4=01;35:*.m4v=01;35:*.mp4v=01;35:*.vob=01;35:*.qt=01;35:*.nuv=01;35:*.wmv=01;35:*.asf=01;35:*.rm=01;35:*.rmvb=01;35:*.flc=01;35:*.avi=01;35:*.fli=01;35:*.flv=01;35:*.gl=01;35:*.dl=01;35:*.xcf=01;35:*.xwd=01;35:*.yuv=01;35:*.cgm=01;35:*.emf=01;35:*.ogv=01;35:*.ogx=01;35:*.aac=00;36:*.au=00;36:*.flac=00;36:*.m4a=00;36:*.mid=00;36:*.midi=00;36:*.mka=00;36:*.mp3=00;36:*.mpc=00;36:*.ogg=00;36:*.ra=00;36:*.wav=00;36:*.oga=00;36:*.opus=00;36:*.spx=00;36:*.xspf=00;36:', 'JETSON_SOC': 'tegra194', 'SSH_AUTH_SOCK': '/run/user/1000/keyring/ssh', 'ROS_DOMAIN_ID': '6', 'AMENT_PREFIX_PATH': '/opt/ros/foxy', 'SHELL': '/bin/bash', 'CMAKE_ARGS': '-DBUILD_WITH_OPENMP=OFF', 'LC_NAME': 'bs_BA.UTF-8', 'TERMINATOR_UUID': 'urn:uuid:0a99abc2-9966-4d5d-a08b-faa1cb518880', 'QT_ACCESSIBILITY': '1', 'GDMSESSION': 'ubuntu', 'LESSCLOSE': '/usr/bin/lesspipe %s %s', 'LC_MEASUREMENT': 'bs_BA.UTF-8', 'GPG_AGENT_INFO': '/run/user/1000/gnupg/S.gpg-agent:0:1', 'GJS_DEBUG_OUTPUT': 'stderr', 'LC_IDENTIFICATION': 'bs_BA.UTF-8', 'QT_IM_MODULE': 'ibus', 'JETSON_CUDA_ARCH_BIN': '7.2', 'PWD': '/home/f1tenth/f1tenth_mrc_ws/build/ppo_racing', 'LC_ALL': 'en_US.UTF-8', 'XDG_CONFIG_DIRS': '/etc/xdg/xdg-ubuntu:/etc/xdg', 'XDG_DATA_DIRS': '/usr/share/ubuntu:/usr/local/share/:/usr/share/:/var/lib/snapd/desktop', 'PYTHONPATH': '/home/f1tenth/f1tenth_mrc_ws/build/ppo_racing/prefix_override:/usr/lib/python3/dist-packages/colcon_core/task/python/colcon_distutils_commands:/home/f1tenth/f1tenth_mrc_ws/install/ppo_racing/lib/python3.8/site-packages:/opt/ros/foxy/lib/python3.8/site-packages', 'LC_NUMERIC': 'bs_BA.UTF-8', 'LC_PAPER': 'bs_BA.UTF-8', 'COLCON': '1', 'VTE_VERSION': '6003', 'JETSON_JETPACK': '5.0.2 GA', 'JETSON_P_NUMBER': 'p3668-0000'}, 'shell': False}
[12.485405] (realsense2_camera_msgs) StdoutLine: {'line': b'[  1%] \x1b[34m\x1b[1mGenerating C code for ROS interfaces\x1b[0m\n'}
[12.499864] (pure_pursuit) JobProgress: {'identifier': 'pure_pursuit', 'progress': 'cmake'}
[12.511339] (pure_pursuit) Command: {'cmd': ['/usr/bin/cmake', '/home/f1tenth/f1tenth_mrc_ws/src/f1tenth_lab6_template/pure_pursuit', '-DCMAKE_INSTALL_PREFIX=/home/f1tenth/f1tenth_mrc_ws/install/pure_pursuit'], 'cwd': '/home/f1tenth/f1tenth_mrc_ws/build/pure_pursuit', 'env': OrderedDict([('GJS_DEBUG_TOPICS', 'JS ERROR;JS LOG'), ('LESSOPEN', '| /usr/bin/lesspipe %s'), ('USER', 'f1tenth'), ('LC_TIME', 'bs_BA.UTF-8'), ('SSH_AGENT_PID', '2722'), ('XDG_SESSION_TYPE', 'x11'), ('SHLVL', '1'), ('LD_LIBRARY_PATH', '/opt/ros/foxy/opt/yaml_cpp_vendor/lib:/opt/ros/foxy/opt/rviz_ogre_vendor/lib:/opt/ros/foxy/lib/aarch64-linux-gnu:/opt/ros/foxy/lib'), ('HOME', '/home/f1tenth'), ('OLDPWD', '/home/f1tenth/f1tenth_mrc_ws/src'), ('DESKTOP_SESSION', 'ubuntu'), ('JETSON_L4T', '35.1.0'), ('GIO_LAUNCHED_DESKTOP_FILE', '/usr/share/applications/terminator.desktop'), ('ROS_PYTHON_VERSION', '3'), ('GNOME_SHELL_SESSION_MODE', 'ubuntu'), ('GTK_MODULES', 'gail:atk-bridge'), ('JETSON_MODEL', 'NVIDIA Jetson Xavier NX Developer Kit'), ('LC_MONETARY', 'bs_BA.UTF-8'), ('MANAGERPID', '2456'), ('DBUS_SESSION_BUS_ADDRESS', 'unix:path=/run/user/1000/bus'), ('COLORTERM', 'truecolor'), ('TERMINATOR_DBUS_NAME', 'net.tenshu.Terminator21a9d5db22c73a993ff0b42f64b396873'), ('GIO_LAUNCHED_DESKTOP_FILE_PID', '3398'), ('_colcon_cd_root', '/opt/ros/foxy/'), ('IM_CONFIG_PHASE', '1'), ('ROS_DISTRO', 'foxy'), ('LOGNAME', 'f1tenth'), ('JETSON_MODULE', 'NVIDIA Jetson Xavier NX (Developer kit)'), ('JETSON_SERIAL_NUMBER', '1422420033521'), ('JOURNAL_STREAM', '7:52952'), ('_', '/usr/bin/colcon'), ('ROS_VERSION', '2'), ('JETSON_CODENAME', 'Jakku'), ('XDG_SESSION_CLASS', 'user'), ('USERNAME', 'f1tenth'), ('TERM', 'xterm-256color'), ('GNOME_DESKTOP_SESSION_ID', 'this-is-deprecated'), ('ROS_LOCALHOST_ONLY', '0'), ('WINDOWPATH', '2'), ('PATH', '/opt/ros/foxy/bin:/home/f1tenth/.local/bin:/usr/local/sbin:/usr/local/bin:/usr/sbin:/usr/bin:/sbin:/bin:/usr/games:/usr/local/games:/snap/bin'), ('SESSION_MANAGER', 'local/f1tenth-desktop:@/tmp/.ICE-unix/2757,unix/f1tenth-desktop:/tmp/.ICE-unix/2757'), ('INVOCATION_ID', 'bd1f5b7138a241e9935586b351aafc78'), ('XDG_MENU_PREFIX', 'gnome-'), ('LC_ADDRESS', 'bs_BA.UTF-8'), ('XDG_RUNTIME_DIR', '/run/user/1000'), ('DISPLAY', ':0'), ('TERMINATOR_DBUS_PATH', '/net/tenshu/Terminator2'), ('LANG', 'en_US.UTF-8'), ('XDG_CURRENT_DESKTOP', 'ubuntu:GNOME'), ('LC_TELEPHONE', 'bs_BA.UTF-8'), ('XMODIFIERS', '@im=ibus'), ('XDG_SESSION_DESKTOP', 'ubuntu'), ('XAUTHORITY', '/run/user/1000/gdm/Xauthority'), ('LS_COLORS', 'rs=0:di=01;34:ln=01;36:mh=00:pi=40;33:so=01;35:do=01;35:bd=40;33;01:cd=40;33;01:or=40;31;01:mi=00:su=37;41:sg=30;43:ca=30;41:tw=30;42:ow=34;42:st=37;44:ex=01;32:*.tar=01;31:*.tgz=01;31:*.arc=01;31:*.arj=01;31:*.taz=01;31:*.lha=01;31:*.lz4=01;31:*.lzh=01;31:*.lzma=01;31:*.tlz=01;31:*.txz=01;31:*.tzo=01;31:*.t7z=01;31:*.zip=01;31:*.z=01;31:*.dz=01;31:*.gz=01;31:*.lrz=01;31:*.lz=01;31:*.lzo=01;31:*.xz=01;31:*.zst=01;31:*.tzst=01;31:*.bz2=01;31:*.bz=01;31:*.tbz=01;31:*.tbz2=01;31:*.tz=01;31:*.deb=01;31:*.rpm=01;31:*.jar=01;31:*.war=01;31:*.ear=01;31:*.sar=01;31:*.rar=01;31:*.alz=01;31:*.ace=01;31:*.zoo=01;31:*.cpio=01;31:*.7z=01;31:*.rz=01;31:*.cab=01;31:*.wim=01;31:*.swm=01;31:*.dwm=01;31:*.esd=01;31:*.jpg=01;35:*.jpeg=01;35:*.mjpg=01;35:*.mjpeg=01;35:*.gif=01;35:*.bmp=01;35:*.pbm=01;35:*.pgm=01;35:*.ppm=01;35:*.tga=01;35:*.xbm=01;35:*.xpm=01;35:*.tif=01;35:*.tiff=01;35:*.png=01;35:*.svg=01;35:*.svgz=01;35:*.mng=01;35:*.pcx=01;35:*.mov=01;35:*.mpg=01;35:*.mpeg=01;35:*.m2v=01;35:*.mkv=01;35:*.webm=01;35:*.ogm=01;35:*.mp4=01;35:*.m4v=01;35:*.mp4v=01;35:*.vob=01;35:*.qt=01;35:*.nuv=01;35:*.wmv=01;35:*.asf=01;35:*.rm=01;35:*.rmvb=01;35:*.flc=01;35:*.avi=01;35:*.fli=01;35:*.flv=01;35:*.gl=01;35:*.dl=01;35:*.xcf=01;35:*.xwd=01;35:*.yuv=01;35:*.cgm=01;35:*.emf=01;35:*.ogv=01;35:*.ogx=01;35:*.aac=00;36:*.au=00;36:*.flac=00;36:*.m4a=00;36:*.mid=00;36:*.midi=00;36:*.mka=00;36:*.mp3=00;36:*.mpc=00;36:*.ogg=00;36:*.ra=00;36:*.wav=00;36:*.oga=00;36:*.opus=00;36:*.spx=00;36:*.xspf=00;36:'), ('JETSON_SOC', 'tegra194'), ('SSH_AUTH_SOCK', '/run/user/1000/keyring/ssh'), ('ROS_DOMAIN_ID', '6'), ('AMENT_PREFIX_PATH', '/opt/ros/foxy'), ('SHELL', '/bin/bash'), ('CMAKE_ARGS', '-DBUILD_WITH_OPENMP=OFF'), ('LC_NAME', 'bs_BA.UTF-8'), ('TERMINATOR_UUID', 'urn:uuid:0a99abc2-9966-4d5d-a08b-faa1cb518880'), ('QT_ACCESSIBILITY', '1'), ('GDMSESSION', 'ubuntu'), ('LESSCLOSE', '/usr/bin/lesspipe %s %s'), ('LC_MEASUREMENT', 'bs_BA.UTF-8'), ('GPG_AGENT_INFO', '/run/user/1000/gnupg/S.gpg-agent:0:1'), ('GJS_DEBUG_OUTPUT', 'stderr'), ('LC_IDENTIFICATION', 'bs_BA.UTF-8'), ('QT_IM_MODULE', 'ibus'), ('JETSON_CUDA_ARCH_BIN', '7.2'), ('PWD', '/home/f1tenth/f1tenth_mrc_ws/build/pure_pursuit'), ('LC_ALL', 'en_US.UTF-8'), ('XDG_CONFIG_DIRS', '/etc/xdg/xdg-ubuntu:/etc/xdg'), ('XDG_DATA_DIRS', '/usr/share/ubuntu:/usr/local/share/:/usr/share/:/var/lib/snapd/desktop'), ('PYTHONPATH', '/opt/ros/foxy/lib/python3.8/site-packages'), ('LC_NUMERIC', 'bs_BA.UTF-8'), ('LC_PAPER', 'bs_BA.UTF-8'), ('COLCON', '1'), ('VTE_VERSION', '6003'), ('JETSON_JETPACK', '5.0.2 GA'), ('JETSON_P_NUMBER', 'p3668-0000'), ('CMAKE_PREFIX_PATH', '/opt/ros/foxy')]), 'shell': False}
[12.525497] (realsense2_camera_msgs) StdoutLine: {'line': b'[  2%] \x1b[34m\x1b[1mGenerating C++ code for ROS interfaces\x1b[0m\n'}
[12.526332] (-) TimerEvent: {}
[12.627931] (-) TimerEvent: {}
[12.640662] (gap_follow) StdoutLine: {'line': b'-- Found ament_lint_auto: 0.9.8 (/opt/ros/foxy/share/ament_lint_auto/cmake)\n'}
[12.728157] (-) TimerEvent: {}
[12.828961] (-) TimerEvent: {}
[12.929761] (-) TimerEvent: {}
[13.030565] (-) TimerEvent: {}
[13.054593] (gap_follow) StdoutLine: {'line': b"-- Added test 'copyright' to check source files copyright and LICENSE\n"}
[13.093889] (gap_follow) StdoutLine: {'line': b"-- Added test 'flake8' to check Python code syntax and style conventions\n"}
[13.102025] (pure_pursuit) StdoutLine: {'line': b'-- The C compiler identification is GNU 9.4.0\n'}
[13.105176] (gap_follow) StdoutLine: {'line': b"-- Added test 'lint_cmake' to check CMake code style\n"}
[13.108483] (gap_follow) StdoutLine: {'line': b"-- Added test 'pep257' to check Python code against some of the style conventions in PEP 257\n"}
[13.126827] (gap_follow) StdoutLine: {'line': b"-- Added test 'xmllint' to check XML markup files\n"}
[13.130753] (-) TimerEvent: {}
[13.158161] (gap_follow) StdoutLine: {'line': b'-- Configuring done\n'}
[13.184024] (gap_follow) StdoutLine: {'line': b'-- Generating done\n'}
[13.197586] (gap_follow) StdoutLine: {'line': b'-- Build files have been written to: /home/f1tenth/f1tenth_mrc_ws/build/gap_follow\n'}
[13.230955] (-) TimerEvent: {}
[13.254582] (gap_follow) CommandEnded: {'returncode': 0}
[13.261029] (gap_follow) JobProgress: {'identifier': 'gap_follow', 'progress': 'build'}
[13.262725] (gap_follow) Command: {'cmd': ['/usr/bin/cmake', '--build', '/home/f1tenth/f1tenth_mrc_ws/build/gap_follow', '--', '-j4', '-l4'], 'cwd': '/home/f1tenth/f1tenth_mrc_ws/build/gap_follow', 'env': OrderedDict([('GJS_DEBUG_TOPICS', 'JS ERROR;JS LOG'), ('LESSOPEN', '| /usr/bin/lesspipe %s'), ('USER', 'f1tenth'), ('LC_TIME', 'bs_BA.UTF-8'), ('SSH_AGENT_PID', '2722'), ('XDG_SESSION_TYPE', 'x11'), ('SHLVL', '1'), ('LD_LIBRARY_PATH', '/opt/ros/foxy/opt/yaml_cpp_vendor/lib:/opt/ros/foxy/opt/rviz_ogre_vendor/lib:/opt/ros/foxy/lib/aarch64-linux-gnu:/opt/ros/foxy/lib'), ('HOME', '/home/f1tenth'), ('OLDPWD', '/home/f1tenth/f1tenth_mrc_ws/src'), ('DESKTOP_SESSION', 'ubuntu'), ('JETSON_L4T', '35.1.0'), ('GIO_LAUNCHED_DESKTOP_FILE', '/usr/share/applications/terminator.desktop'), ('ROS_PYTHON_VERSION', '3'), ('GNOME_SHELL_SESSION_MODE', 'ubuntu'), ('GTK_MODULES', 'gail:atk-bridge'), ('JETSON_MODEL', 'NVIDIA Jetson Xavier NX Developer Kit'), ('LC_MONETARY', 'bs_BA.UTF-8'), ('MANAGERPID', '2456'), ('DBUS_SESSION_BUS_ADDRESS', 'unix:path=/run/user/1000/bus'), ('COLORTERM', 'truecolor'), ('TERMINATOR_DBUS_NAME', 'net.tenshu.Terminator21a9d5db22c73a993ff0b42f64b396873'), ('GIO_LAUNCHED_DESKTOP_FILE_PID', '3398'), ('_colcon_cd_root', '/opt/ros/foxy/'), ('IM_CONFIG_PHASE', '1'), ('ROS_DISTRO', 'foxy'), ('LOGNAME', 'f1tenth'), ('JETSON_MODULE', 'NVIDIA Jetson Xavier NX (Developer kit)'), ('JETSON_SERIAL_NUMBER', '1422420033521'), ('JOURNAL_STREAM', '7:52952'), ('_', '/usr/bin/colcon'), ('ROS_VERSION', '2'), ('JETSON_CODENAME', 'Jakku'), ('XDG_SESSION_CLASS', 'user'), ('USERNAME', 'f1tenth'), ('TERM', 'xterm-256color'), ('GNOME_DESKTOP_SESSION_ID', 'this-is-deprecated'), ('ROS_LOCALHOST_ONLY', '0'), ('WINDOWPATH', '2'), ('PATH', '/opt/ros/foxy/bin:/home/f1tenth/.local/bin:/usr/local/sbin:/usr/local/bin:/usr/sbin:/usr/bin:/sbin:/bin:/usr/games:/usr/local/games:/snap/bin'), ('SESSION_MANAGER', 'local/f1tenth-desktop:@/tmp/.ICE-unix/2757,unix/f1tenth-desktop:/tmp/.ICE-unix/2757'), ('INVOCATION_ID', 'bd1f5b7138a241e9935586b351aafc78'), ('XDG_MENU_PREFIX', 'gnome-'), ('LC_ADDRESS', 'bs_BA.UTF-8'), ('XDG_RUNTIME_DIR', '/run/user/1000'), ('DISPLAY', ':0'), ('TERMINATOR_DBUS_PATH', '/net/tenshu/Terminator2'), ('LANG', 'en_US.UTF-8'), ('XDG_CURRENT_DESKTOP', 'ubuntu:GNOME'), ('LC_TELEPHONE', 'bs_BA.UTF-8'), ('XMODIFIERS', '@im=ibus'), ('XDG_SESSION_DESKTOP', 'ubuntu'), ('XAUTHORITY', '/run/user/1000/gdm/Xauthority'), ('LS_COLORS', 'rs=0:di=01;34:ln=01;36:mh=00:pi=40;33:so=01;35:do=01;35:bd=40;33;01:cd=40;33;01:or=40;31;01:mi=00:su=37;41:sg=30;43:ca=30;41:tw=30;42:ow=34;42:st=37;44:ex=01;32:*.tar=01;31:*.tgz=01;31:*.arc=01;31:*.arj=01;31:*.taz=01;31:*.lha=01;31:*.lz4=01;31:*.lzh=01;31:*.lzma=01;31:*.tlz=01;31:*.txz=01;31:*.tzo=01;31:*.t7z=01;31:*.zip=01;31:*.z=01;31:*.dz=01;31:*.gz=01;31:*.lrz=01;31:*.lz=01;31:*.lzo=01;31:*.xz=01;31:*.zst=01;31:*.tzst=01;31:*.bz2=01;31:*.bz=01;31:*.tbz=01;31:*.tbz2=01;31:*.tz=01;31:*.deb=01;31:*.rpm=01;31:*.jar=01;31:*.war=01;31:*.ear=01;31:*.sar=01;31:*.rar=01;31:*.alz=01;31:*.ace=01;31:*.zoo=01;31:*.cpio=01;31:*.7z=01;31:*.rz=01;31:*.cab=01;31:*.wim=01;31:*.swm=01;31:*.dwm=01;31:*.esd=01;31:*.jpg=01;35:*.jpeg=01;35:*.mjpg=01;35:*.mjpeg=01;35:*.gif=01;35:*.bmp=01;35:*.pbm=01;35:*.pgm=01;35:*.ppm=01;35:*.tga=01;35:*.xbm=01;35:*.xpm=01;35:*.tif=01;35:*.tiff=01;35:*.png=01;35:*.svg=01;35:*.svgz=01;35:*.mng=01;35:*.pcx=01;35:*.mov=01;35:*.mpg=01;35:*.mpeg=01;35:*.m2v=01;35:*.mkv=01;35:*.webm=01;35:*.ogm=01;35:*.mp4=01;35:*.m4v=01;35:*.mp4v=01;35:*.vob=01;35:*.qt=01;35:*.nuv=01;35:*.wmv=01;35:*.asf=01;35:*.rm=01;35:*.rmvb=01;35:*.flc=01;35:*.avi=01;35:*.fli=01;35:*.flv=01;35:*.gl=01;35:*.dl=01;35:*.xcf=01;35:*.xwd=01;35:*.yuv=01;35:*.cgm=01;35:*.emf=01;35:*.ogv=01;35:*.ogx=01;35:*.aac=00;36:*.au=00;36:*.flac=00;36:*.m4a=00;36:*.mid=00;36:*.midi=00;36:*.mka=00;36:*.mp3=00;36:*.mpc=00;36:*.ogg=00;36:*.ra=00;36:*.wav=00;36:*.oga=00;36:*.opus=00;36:*.spx=00;36:*.xspf=00;36:'), ('JETSON_SOC', 'tegra194'), ('SSH_AUTH_SOCK', '/run/user/1000/keyring/ssh'), ('ROS_DOMAIN_ID', '6'), ('AMENT_PREFIX_PATH', '/opt/ros/foxy'), ('SHELL', '/bin/bash'), ('CMAKE_ARGS', '-DBUILD_WITH_OPENMP=OFF'), ('LC_NAME', 'bs_BA.UTF-8'), ('TERMINATOR_UUID', 'urn:uuid:0a99abc2-9966-4d5d-a08b-faa1cb518880'), ('QT_ACCESSIBILITY', '1'), ('GDMSESSION', 'ubuntu'), ('LESSCLOSE', '/usr/bin/lesspipe %s %s'), ('LC_MEASUREMENT', 'bs_BA.UTF-8'), ('GPG_AGENT_INFO', '/run/user/1000/gnupg/S.gpg-agent:0:1'), ('GJS_DEBUG_OUTPUT', 'stderr'), ('LC_IDENTIFICATION', 'bs_BA.UTF-8'), ('QT_IM_MODULE', 'ibus'), ('JETSON_CUDA_ARCH_BIN', '7.2'), ('PWD', '/home/f1tenth/f1tenth_mrc_ws/build/gap_follow'), ('LC_ALL', 'en_US.UTF-8'), ('XDG_CONFIG_DIRS', '/etc/xdg/xdg-ubuntu:/etc/xdg'), ('XDG_DATA_DIRS', '/usr/share/ubuntu:/usr/local/share/:/usr/share/:/var/lib/snapd/desktop'), ('PYTHONPATH', '/opt/ros/foxy/lib/python3.8/site-packages'), ('LC_NUMERIC', 'bs_BA.UTF-8'), ('LC_PAPER', 'bs_BA.UTF-8'), ('COLCON', '1'), ('VTE_VERSION', '6003'), ('JETSON_JETPACK', '5.0.2 GA'), ('JETSON_P_NUMBER', 'p3668-0000'), ('CMAKE_PREFIX_PATH', '/opt/ros/foxy')]), 'shell': False}
[13.331180] (-) TimerEvent: {}
[13.432339] (-) TimerEvent: {}
[13.505412] (pure_pursuit) StdoutLine: {'line': b'-- The CXX compiler identification is GNU 9.4.0\n'}
[13.532551] (-) TimerEvent: {}
[13.548945] (pure_pursuit) StdoutLine: {'line': b'-- Check for working C compiler: /usr/bin/cc\n'}
[13.564832] (gap_follow) CommandEnded: {'returncode': 0}
[13.572933] (gap_follow) JobProgress: {'identifier': 'gap_follow', 'progress': 'install'}
[13.647944] (gap_follow) Command: {'cmd': ['/usr/bin/cmake', '--install', '/home/f1tenth/f1tenth_mrc_ws/build/gap_follow'], 'cwd': '/home/f1tenth/f1tenth_mrc_ws/build/gap_follow', 'env': OrderedDict([('GJS_DEBUG_TOPICS', 'JS ERROR;JS LOG'), ('LESSOPEN', '| /usr/bin/lesspipe %s'), ('USER', 'f1tenth'), ('LC_TIME', 'bs_BA.UTF-8'), ('SSH_AGENT_PID', '2722'), ('XDG_SESSION_TYPE', 'x11'), ('SHLVL', '1'), ('LD_LIBRARY_PATH', '/opt/ros/foxy/opt/yaml_cpp_vendor/lib:/opt/ros/foxy/opt/rviz_ogre_vendor/lib:/opt/ros/foxy/lib/aarch64-linux-gnu:/opt/ros/foxy/lib'), ('HOME', '/home/f1tenth'), ('OLDPWD', '/home/f1tenth/f1tenth_mrc_ws/src'), ('DESKTOP_SESSION', 'ubuntu'), ('JETSON_L4T', '35.1.0'), ('GIO_LAUNCHED_DESKTOP_FILE', '/usr/share/applications/terminator.desktop'), ('ROS_PYTHON_VERSION', '3'), ('GNOME_SHELL_SESSION_MODE', 'ubuntu'), ('GTK_MODULES', 'gail:atk-bridge'), ('JETSON_MODEL', 'NVIDIA Jetson Xavier NX Developer Kit'), ('LC_MONETARY', 'bs_BA.UTF-8'), ('MANAGERPID', '2456'), ('DBUS_SESSION_BUS_ADDRESS', 'unix:path=/run/user/1000/bus'), ('COLORTERM', 'truecolor'), ('TERMINATOR_DBUS_NAME', 'net.tenshu.Terminator21a9d5db22c73a993ff0b42f64b396873'), ('GIO_LAUNCHED_DESKTOP_FILE_PID', '3398'), ('_colcon_cd_root', '/opt/ros/foxy/'), ('IM_CONFIG_PHASE', '1'), ('ROS_DISTRO', 'foxy'), ('LOGNAME', 'f1tenth'), ('JETSON_MODULE', 'NVIDIA Jetson Xavier NX (Developer kit)'), ('JETSON_SERIAL_NUMBER', '1422420033521'), ('JOURNAL_STREAM', '7:52952'), ('_', '/usr/bin/colcon'), ('ROS_VERSION', '2'), ('JETSON_CODENAME', 'Jakku'), ('XDG_SESSION_CLASS', 'user'), ('USERNAME', 'f1tenth'), ('TERM', 'xterm-256color'), ('GNOME_DESKTOP_SESSION_ID', 'this-is-deprecated'), ('ROS_LOCALHOST_ONLY', '0'), ('WINDOWPATH', '2'), ('PATH', '/opt/ros/foxy/bin:/home/f1tenth/.local/bin:/usr/local/sbin:/usr/local/bin:/usr/sbin:/usr/bin:/sbin:/bin:/usr/games:/usr/local/games:/snap/bin'), ('SESSION_MANAGER', 'local/f1tenth-desktop:@/tmp/.ICE-unix/2757,unix/f1tenth-desktop:/tmp/.ICE-unix/2757'), ('INVOCATION_ID', 'bd1f5b7138a241e9935586b351aafc78'), ('XDG_MENU_PREFIX', 'gnome-'), ('LC_ADDRESS', 'bs_BA.UTF-8'), ('XDG_RUNTIME_DIR', '/run/user/1000'), ('DISPLAY', ':0'), ('TERMINATOR_DBUS_PATH', '/net/tenshu/Terminator2'), ('LANG', 'en_US.UTF-8'), ('XDG_CURRENT_DESKTOP', 'ubuntu:GNOME'), ('LC_TELEPHONE', 'bs_BA.UTF-8'), ('XMODIFIERS', '@im=ibus'), ('XDG_SESSION_DESKTOP', 'ubuntu'), ('XAUTHORITY', '/run/user/1000/gdm/Xauthority'), ('LS_COLORS', 'rs=0:di=01;34:ln=01;36:mh=00:pi=40;33:so=01;35:do=01;35:bd=40;33;01:cd=40;33;01:or=40;31;01:mi=00:su=37;41:sg=30;43:ca=30;41:tw=30;42:ow=34;42:st=37;44:ex=01;32:*.tar=01;31:*.tgz=01;31:*.arc=01;31:*.arj=01;31:*.taz=01;31:*.lha=01;31:*.lz4=01;31:*.lzh=01;31:*.lzma=01;31:*.tlz=01;31:*.txz=01;31:*.tzo=01;31:*.t7z=01;31:*.zip=01;31:*.z=01;31:*.dz=01;31:*.gz=01;31:*.lrz=01;31:*.lz=01;31:*.lzo=01;31:*.xz=01;31:*.zst=01;31:*.tzst=01;31:*.bz2=01;31:*.bz=01;31:*.tbz=01;31:*.tbz2=01;31:*.tz=01;31:*.deb=01;31:*.rpm=01;31:*.jar=01;31:*.war=01;31:*.ear=01;31:*.sar=01;31:*.rar=01;31:*.alz=01;31:*.ace=01;31:*.zoo=01;31:*.cpio=01;31:*.7z=01;31:*.rz=01;31:*.cab=01;31:*.wim=01;31:*.swm=01;31:*.dwm=01;31:*.esd=01;31:*.jpg=01;35:*.jpeg=01;35:*.mjpg=01;35:*.mjpeg=01;35:*.gif=01;35:*.bmp=01;35:*.pbm=01;35:*.pgm=01;35:*.ppm=01;35:*.tga=01;35:*.xbm=01;35:*.xpm=01;35:*.tif=01;35:*.tiff=01;35:*.png=01;35:*.svg=01;35:*.svgz=01;35:*.mng=01;35:*.pcx=01;35:*.mov=01;35:*.mpg=01;35:*.mpeg=01;35:*.m2v=01;35:*.mkv=01;35:*.webm=01;35:*.ogm=01;35:*.mp4=01;35:*.m4v=01;35:*.mp4v=01;35:*.vob=01;35:*.qt=01;35:*.nuv=01;35:*.wmv=01;35:*.asf=01;35:*.rm=01;35:*.rmvb=01;35:*.flc=01;35:*.avi=01;35:*.fli=01;35:*.flv=01;35:*.gl=01;35:*.dl=01;35:*.xcf=01;35:*.xwd=01;35:*.yuv=01;35:*.cgm=01;35:*.emf=01;35:*.ogv=01;35:*.ogx=01;35:*.aac=00;36:*.au=00;36:*.flac=00;36:*.m4a=00;36:*.mid=00;36:*.midi=00;36:*.mka=00;36:*.mp3=00;36:*.mpc=00;36:*.ogg=00;36:*.ra=00;36:*.wav=00;36:*.oga=00;36:*.opus=00;36:*.spx=00;36:*.xspf=00;36:'), ('JETSON_SOC', 'tegra194'), ('SSH_AUTH_SOCK', '/run/user/1000/keyring/ssh'), ('ROS_DOMAIN_ID', '6'), ('AMENT_PREFIX_PATH', '/opt/ros/foxy'), ('SHELL', '/bin/bash'), ('CMAKE_ARGS', '-DBUILD_WITH_OPENMP=OFF'), ('LC_NAME', 'bs_BA.UTF-8'), ('TERMINATOR_UUID', 'urn:uuid:0a99abc2-9966-4d5d-a08b-faa1cb518880'), ('QT_ACCESSIBILITY', '1'), ('GDMSESSION', 'ubuntu'), ('LESSCLOSE', '/usr/bin/lesspipe %s %s'), ('LC_MEASUREMENT', 'bs_BA.UTF-8'), ('GPG_AGENT_INFO', '/run/user/1000/gnupg/S.gpg-agent:0:1'), ('GJS_DEBUG_OUTPUT', 'stderr'), ('LC_IDENTIFICATION', 'bs_BA.UTF-8'), ('QT_IM_MODULE', 'ibus'), ('JETSON_CUDA_ARCH_BIN', '7.2'), ('PWD', '/home/f1tenth/f1tenth_mrc_ws/build/gap_follow'), ('LC_ALL', 'en_US.UTF-8'), ('XDG_CONFIG_DIRS', '/etc/xdg/xdg-ubuntu:/etc/xdg'), ('XDG_DATA_DIRS', '/usr/share/ubuntu:/usr/local/share/:/usr/share/:/var/lib/snapd/desktop'), ('PYTHONPATH', '/opt/ros/foxy/lib/python3.8/site-packages'), ('LC_NUMERIC', 'bs_BA.UTF-8'), ('LC_PAPER', 'bs_BA.UTF-8'), ('COLCON', '1'), ('VTE_VERSION', '6003'), ('JETSON_JETPACK', '5.0.2 GA'), ('JETSON_P_NUMBER', 'p3668-0000'), ('CMAKE_PREFIX_PATH', '/opt/ros/foxy')]), 'shell': False}
[13.655345] (-) TimerEvent: {}
[13.704036] (gap_follow) StdoutLine: {'line': b'-- Install configuration: ""\n'}
[13.707020] (gap_follow) StdoutLine: {'line': b'-- Installing: /home/f1tenth/f1tenth_mrc_ws/install/gap_follow/share/gap_follow/environment/pythonpath.sh\n'}
[13.708105] (gap_follow) StdoutLine: {'line': b'-- Installing: /home/f1tenth/f1tenth_mrc_ws/install/gap_follow/share/gap_follow/environment/pythonpath.dsv\n'}
[13.709050] (gap_follow) StdoutLine: {'line': b'-- Installing: /home/f1tenth/f1tenth_mrc_ws/install/gap_follow/lib/python3.8/site-packages/gap_follow\n'}
[13.709664] (gap_follow) StdoutLine: {'line': b'-- Installing: /home/f1tenth/f1tenth_mrc_ws/install/gap_follow/lib/python3.8/site-packages/gap_follow/__init__.py\n'}
[13.755532] (-) TimerEvent: {}
[13.846752] (ppo_racing) StderrLine: {'line': b"/home/f1tenth/.local/lib/python3.8/site-packages/setuptools/dist.py:717: UserWarning: Usage of dash-separated 'script-dir' will not be supported in future versions. Please use the underscore name 'script_dir' instead\n"}
[13.847562] (ppo_racing) StderrLine: {'line': b'  warnings.warn(\n'}
[13.855712] (-) TimerEvent: {}
[13.865747] (gap_follow) StdoutLine: {'line': b"Listing '/home/f1tenth/f1tenth_mrc_ws/install/gap_follow/lib/python3.8/site-packages/gap_follow'...\n"}
[13.866464] (gap_follow) StdoutLine: {'line': b"Compiling '/home/f1tenth/f1tenth_mrc_ws/install/gap_follow/lib/python3.8/site-packages/gap_follow/__init__.py'...\n"}
[13.884075] (gap_follow) StdoutLine: {'line': b'-- Installing: /home/f1tenth/f1tenth_mrc_ws/install/gap_follow/lib/gap_follow/reactive_node.py\n'}
[13.886423] (gap_follow) StdoutLine: {'line': b'-- Installing: /home/f1tenth/f1tenth_mrc_ws/install/gap_follow/share/ament_index/resource_index/package_run_dependencies/gap_follow\n'}
[13.887411] (gap_follow) StdoutLine: {'line': b'-- Installing: /home/f1tenth/f1tenth_mrc_ws/install/gap_follow/share/ament_index/resource_index/parent_prefix_path/gap_follow\n'}
[13.888241] (gap_follow) StdoutLine: {'line': b'-- Installing: /home/f1tenth/f1tenth_mrc_ws/install/gap_follow/share/gap_follow/environment/ament_prefix_path.sh\n'}
[13.891678] (gap_follow) StdoutLine: {'line': b'-- Installing: /home/f1tenth/f1tenth_mrc_ws/install/gap_follow/share/gap_follow/environment/ament_prefix_path.dsv\n'}
[13.893536] (gap_follow) StdoutLine: {'line': b'-- Installing: /home/f1tenth/f1tenth_mrc_ws/install/gap_follow/share/gap_follow/environment/path.sh\n'}
[13.895284] (gap_follow) StdoutLine: {'line': b'-- Installing: /home/f1tenth/f1tenth_mrc_ws/install/gap_follow/share/gap_follow/environment/path.dsv\n'}
[13.895972] (gap_follow) StdoutLine: {'line': b'-- Installing: /home/f1tenth/f1tenth_mrc_ws/install/gap_follow/share/gap_follow/local_setup.bash\n'}
[13.896438] (gap_follow) StdoutLine: {'line': b'-- Installing: /home/f1tenth/f1tenth_mrc_ws/install/gap_follow/share/gap_follow/local_setup.sh\n'}
[13.896832] (gap_follow) StdoutLine: {'line': b'-- Installing: /home/f1tenth/f1tenth_mrc_ws/install/gap_follow/share/gap_follow/local_setup.zsh\n'}
[13.898481] (gap_follow) StdoutLine: {'line': b'-- Installing: /home/f1tenth/f1tenth_mrc_ws/install/gap_follow/share/gap_follow/local_setup.dsv\n'}
[13.901900] (gap_follow) StdoutLine: {'line': b'-- Installing: /home/f1tenth/f1tenth_mrc_ws/install/gap_follow/share/gap_follow/package.dsv\n'}
[13.904920] (gap_follow) StdoutLine: {'line': b'-- Installing: /home/f1tenth/f1tenth_mrc_ws/install/gap_follow/share/ament_index/resource_index/packages/gap_follow\n'}
[13.905759] (gap_follow) StdoutLine: {'line': b'-- Installing: /home/f1tenth/f1tenth_mrc_ws/install/gap_follow/share/gap_follow/cmake/gap_followConfig.cmake\n'}
[13.906234] (gap_follow) StdoutLine: {'line': b'-- Installing: /home/f1tenth/f1tenth_mrc_ws/install/gap_follow/share/gap_follow/cmake/gap_followConfig-version.cmake\n'}
[13.908693] (gap_follow) StdoutLine: {'line': b'-- Installing: /home/f1tenth/f1tenth_mrc_ws/install/gap_follow/share/gap_follow/package.xml\n'}
[13.917494] (gap_follow) CommandEnded: {'returncode': 0}
[13.957455] (-) TimerEvent: {}
[14.032438] (pure_pursuit) StdoutLine: {'line': b'-- Check for working C compiler: /usr/bin/cc -- works\n'}
[14.037650] (pure_pursuit) StdoutLine: {'line': b'-- Detecting C compiler ABI info\n'}
[14.042145] (ppo_racing) StdoutLine: {'line': b'running egg_info\n'}
[14.044261] (ppo_racing) StdoutLine: {'line': b'creating ../../build/ppo_racing/ppo_racing.egg-info\n'}
[14.044796] (ppo_racing) StdoutLine: {'line': b'writing ../../build/ppo_racing/ppo_racing.egg-info/PKG-INFO\n'}
[14.045937] (ppo_racing) StdoutLine: {'line': b'writing dependency_links to ../../build/ppo_racing/ppo_racing.egg-info/dependency_links.txt\n'}
[14.046524] (ppo_racing) StdoutLine: {'line': b'writing entry points to ../../build/ppo_racing/ppo_racing.egg-info/entry_points.txt\n'}
[14.047356] (ppo_racing) StdoutLine: {'line': b'writing requirements to ../../build/ppo_racing/ppo_racing.egg-info/requires.txt\n'}
[14.048341] (ppo_racing) StdoutLine: {'line': b'writing top-level names to ../../build/ppo_racing/ppo_racing.egg-info/top_level.txt\n'}
[14.053620] (ppo_racing) StdoutLine: {'line': b"writing manifest file '../../build/ppo_racing/ppo_racing.egg-info/SOURCES.txt'\n"}
[14.060178] (-) TimerEvent: {}
[14.077517] (ppo_racing) StdoutLine: {'line': b"reading manifest file '../../build/ppo_racing/ppo_racing.egg-info/SOURCES.txt'\n"}
[14.079058] (ppo_racing) StdoutLine: {'line': b"writing manifest file '../../build/ppo_racing/ppo_racing.egg-info/SOURCES.txt'\n"}
[14.079830] (ppo_racing) StdoutLine: {'line': b'running build\n'}
[14.084548] (ppo_racing) StdoutLine: {'line': b'running build_py\n'}
[14.088690] (ppo_racing) StdoutLine: {'line': b'creating /home/f1tenth/f1tenth_mrc_ws/build/ppo_racing/build\n'}
[14.092675] (ppo_racing) StdoutLine: {'line': b'creating /home/f1tenth/f1tenth_mrc_ws/build/ppo_racing/build/lib\n'}
[14.093000] (ppo_racing) StdoutLine: {'line': b'creating /home/f1tenth/f1tenth_mrc_ws/build/ppo_racing/build/lib/ppo_racing\n'}
[14.093653] (ppo_racing) StdoutLine: {'line': b'copying ppo_racing/pendulum_train.py -> /home/f1tenth/f1tenth_mrc_ws/build/ppo_racing/build/lib/ppo_racing\n'}
[14.096707] (ppo_racing) StdoutLine: {'line': b'copying ppo_racing/test_gym.py -> /home/f1tenth/f1tenth_mrc_ws/build/ppo_racing/build/lib/ppo_racing\n'}
[14.107514] (ppo_racing) StdoutLine: {'line': b'copying ppo_racing/multi_agent_policy_node.py -> /home/f1tenth/f1tenth_mrc_ws/build/ppo_racing/build/lib/ppo_racing\n'}
[14.108038] (ppo_racing) StdoutLine: {'line': b'copying ppo_racing/test_logger.py -> /home/f1tenth/f1tenth_mrc_ws/build/ppo_racing/build/lib/ppo_racing\n'}
[14.108357] (ppo_racing) StdoutLine: {'line': b'copying ppo_racing/ppo_agent.py -> /home/f1tenth/f1tenth_mrc_ws/build/ppo_racing/build/lib/ppo_racing\n'}
[14.110282] (ppo_racing) StdoutLine: {'line': b'copying ppo_racing/custom_rendering.py -> /home/f1tenth/f1tenth_mrc_ws/build/ppo_racing/build/lib/ppo_racing\n'}
[14.114487] (ppo_racing) StdoutLine: {'line': b'copying ppo_racing/opp_pose_to_odom.py -> /home/f1tenth/f1tenth_mrc_ws/build/ppo_racing/build/lib/ppo_racing\n'}
[14.124857] (ppo_racing) StdoutLine: {'line': b'copying ppo_racing/env_wrapper.py -> /home/f1tenth/f1tenth_mrc_ws/build/ppo_racing/build/lib/ppo_racing\n'}
[14.125811] (ppo_racing) StdoutLine: {'line': b'copying ppo_racing/policy_node_local_obs.py -> /home/f1tenth/f1tenth_mrc_ws/build/ppo_racing/build/lib/ppo_racing\n'}
[14.126188] (ppo_racing) StdoutLine: {'line': b'copying ppo_racing/train.py -> /home/f1tenth/f1tenth_mrc_ws/build/ppo_racing/build/lib/ppo_racing\n'}
[14.129587] (ppo_racing) StdoutLine: {'line': b'copying ppo_racing/pendulum _sb3_train.py -> /home/f1tenth/f1tenth_mrc_ws/build/ppo_racing/build/lib/ppo_racing\n'}
[14.130178] (gap_follow) JobEnded: {'identifier': 'gap_follow', 'rc': 0}
[14.136516] (rrt_package) JobStarted: {'identifier': 'rrt_package'}
[14.137143] (ppo_racing) StdoutLine: {'line': b'copying ppo_racing/utils.py -> /home/f1tenth/f1tenth_mrc_ws/build/ppo_racing/build/lib/ppo_racing\n'}
[14.137541] (ppo_racing) StdoutLine: {'line': b'copying ppo_racing/__init__.py -> /home/f1tenth/f1tenth_mrc_ws/build/ppo_racing/build/lib/ppo_racing\n'}
[14.137829] (ppo_racing) StdoutLine: {'line': b'copying ppo_racing/policy_node.py -> /home/f1tenth/f1tenth_mrc_ws/build/ppo_racing/build/lib/ppo_racing\n'}
[14.138635] (ppo_racing) StdoutLine: {'line': b'copying ppo_racing/multi_env_train.py -> /home/f1tenth/f1tenth_mrc_ws/build/ppo_racing/build/lib/ppo_racing\n'}
[14.143489] (ppo_racing) StdoutLine: {'line': b'copying ppo_racing/reward_node.py -> /home/f1tenth/f1tenth_mrc_ws/build/ppo_racing/build/lib/ppo_racing\n'}
[14.166840] (ppo_racing) StdoutLine: {'line': b'copying ppo_racing/multi_agent_train.py -> /home/f1tenth/f1tenth_mrc_ws/build/ppo_racing/build/lib/ppo_racing\n'}
[14.167385] (-) TimerEvent: {}
[14.168105] (ppo_racing) StdoutLine: {'line': b'copying ppo_racing/custom_policy.py -> /home/f1tenth/f1tenth_mrc_ws/build/ppo_racing/build/lib/ppo_racing\n'}
[14.168527] (ppo_racing) StdoutLine: {'line': b'running install\n'}
[14.169982] (ppo_racing) StdoutLine: {'line': b'running install_lib\n'}
[14.177404] (ppo_racing) StdoutLine: {'line': b'creating /home/f1tenth/f1tenth_mrc_ws/install/ppo_racing/lib/python3.8/site-packages/ppo_racing\n'}
[14.179401] (ppo_racing) StdoutLine: {'line': b'copying /home/f1tenth/f1tenth_mrc_ws/build/ppo_racing/build/lib/ppo_racing/pendulum_train.py -> /home/f1tenth/f1tenth_mrc_ws/install/ppo_racing/lib/python3.8/site-packages/ppo_racing\n'}
[14.183443] (ppo_racing) StdoutLine: {'line': b'copying /home/f1tenth/f1tenth_mrc_ws/build/ppo_racing/build/lib/ppo_racing/test_gym.py -> /home/f1tenth/f1tenth_mrc_ws/install/ppo_racing/lib/python3.8/site-packages/ppo_racing\n'}
[14.184043] (ppo_racing) StdoutLine: {'line': b'copying /home/f1tenth/f1tenth_mrc_ws/build/ppo_racing/build/lib/ppo_racing/multi_agent_policy_node.py -> /home/f1tenth/f1tenth_mrc_ws/install/ppo_racing/lib/python3.8/site-packages/ppo_racing\n'}
[14.185350] (ppo_racing) StdoutLine: {'line': b'copying /home/f1tenth/f1tenth_mrc_ws/build/ppo_racing/build/lib/ppo_racing/test_logger.py -> /home/f1tenth/f1tenth_mrc_ws/install/ppo_racing/lib/python3.8/site-packages/ppo_racing\n'}
[14.186813] (ppo_racing) StdoutLine: {'line': b'copying /home/f1tenth/f1tenth_mrc_ws/build/ppo_racing/build/lib/ppo_racing/ppo_agent.py -> /home/f1tenth/f1tenth_mrc_ws/install/ppo_racing/lib/python3.8/site-packages/ppo_racing\n'}
[14.188116] (ppo_racing) StdoutLine: {'line': b'copying /home/f1tenth/f1tenth_mrc_ws/build/ppo_racing/build/lib/ppo_racing/custom_rendering.py -> /home/f1tenth/f1tenth_mrc_ws/install/ppo_racing/lib/python3.8/site-packages/ppo_racing\n'}
[14.189261] (ppo_racing) StdoutLine: {'line': b'copying /home/f1tenth/f1tenth_mrc_ws/build/ppo_racing/build/lib/ppo_racing/opp_pose_to_odom.py -> /home/f1tenth/f1tenth_mrc_ws/install/ppo_racing/lib/python3.8/site-packages/ppo_racing\n'}
[14.197759] (ppo_racing) StdoutLine: {'line': b'copying /home/f1tenth/f1tenth_mrc_ws/build/ppo_racing/build/lib/ppo_racing/env_wrapper.py -> /home/f1tenth/f1tenth_mrc_ws/install/ppo_racing/lib/python3.8/site-packages/ppo_racing\n'}
[14.211269] (ppo_racing) StdoutLine: {'line': b'copying /home/f1tenth/f1tenth_mrc_ws/build/ppo_racing/build/lib/ppo_racing/policy_node_local_obs.py -> /home/f1tenth/f1tenth_mrc_ws/install/ppo_racing/lib/python3.8/site-packages/ppo_racing\n'}
[14.215130] (ppo_racing) StdoutLine: {'line': b'copying /home/f1tenth/f1tenth_mrc_ws/build/ppo_racing/build/lib/ppo_racing/train.py -> /home/f1tenth/f1tenth_mrc_ws/install/ppo_racing/lib/python3.8/site-packages/ppo_racing\n'}
[14.218923] (ppo_racing) StdoutLine: {'line': b'copying /home/f1tenth/f1tenth_mrc_ws/build/ppo_racing/build/lib/ppo_racing/pendulum _sb3_train.py -> /home/f1tenth/f1tenth_mrc_ws/install/ppo_racing/lib/python3.8/site-packages/ppo_racing\n'}
[14.221557] (ppo_racing) StdoutLine: {'line': b'copying /home/f1tenth/f1tenth_mrc_ws/build/ppo_racing/build/lib/ppo_racing/utils.py -> /home/f1tenth/f1tenth_mrc_ws/install/ppo_racing/lib/python3.8/site-packages/ppo_racing\n'}
[14.223263] (ppo_racing) StdoutLine: {'line': b'copying /home/f1tenth/f1tenth_mrc_ws/build/ppo_racing/build/lib/ppo_racing/__init__.py -> /home/f1tenth/f1tenth_mrc_ws/install/ppo_racing/lib/python3.8/site-packages/ppo_racing\n'}
[14.227345] (ppo_racing) StdoutLine: {'line': b'copying /home/f1tenth/f1tenth_mrc_ws/build/ppo_racing/build/lib/ppo_racing/policy_node.py -> /home/f1tenth/f1tenth_mrc_ws/install/ppo_racing/lib/python3.8/site-packages/ppo_racing\n'}
[14.229717] (ppo_racing) StdoutLine: {'line': b'copying /home/f1tenth/f1tenth_mrc_ws/build/ppo_racing/build/lib/ppo_racing/multi_env_train.py -> /home/f1tenth/f1tenth_mrc_ws/install/ppo_racing/lib/python3.8/site-packages/ppo_racing\n'}
[14.234696] (ppo_racing) StdoutLine: {'line': b'copying /home/f1tenth/f1tenth_mrc_ws/build/ppo_racing/build/lib/ppo_racing/reward_node.py -> /home/f1tenth/f1tenth_mrc_ws/install/ppo_racing/lib/python3.8/site-packages/ppo_racing\n'}
[14.235649] (ppo_racing) StdoutLine: {'line': b'copying /home/f1tenth/f1tenth_mrc_ws/build/ppo_racing/build/lib/ppo_racing/multi_agent_train.py -> /home/f1tenth/f1tenth_mrc_ws/install/ppo_racing/lib/python3.8/site-packages/ppo_racing\n'}
[14.243154] (ppo_racing) StdoutLine: {'line': b'copying /home/f1tenth/f1tenth_mrc_ws/build/ppo_racing/build/lib/ppo_racing/custom_policy.py -> /home/f1tenth/f1tenth_mrc_ws/install/ppo_racing/lib/python3.8/site-packages/ppo_racing\n'}
[14.248942] (ppo_racing) StdoutLine: {'line': b'byte-compiling /home/f1tenth/f1tenth_mrc_ws/install/ppo_racing/lib/python3.8/site-packages/ppo_racing/pendulum_train.py to pendulum_train.cpython-38.pyc\n'}
[14.253440] (ppo_racing) StdoutLine: {'line': b'byte-compiling /home/f1tenth/f1tenth_mrc_ws/install/ppo_racing/lib/python3.8/site-packages/ppo_racing/test_gym.py to test_gym.cpython-38.pyc\n'}
[14.255696] (ppo_racing) StdoutLine: {'line': b'byte-compiling /home/f1tenth/f1tenth_mrc_ws/install/ppo_racing/lib/python3.8/site-packages/ppo_racing/multi_agent_policy_node.py to multi_agent_policy_node.cpython-38.pyc\n'}
[14.265862] (ppo_racing) StdoutLine: {'line': b'byte-compiling /home/f1tenth/f1tenth_mrc_ws/install/ppo_racing/lib/python3.8/site-packages/ppo_racing/test_logger.py to test_logger.cpython-38.pyc\n'}
[14.267618] (-) TimerEvent: {}
[14.275414] (ppo_racing) StdoutLine: {'line': b'byte-compiling /home/f1tenth/f1tenth_mrc_ws/install/ppo_racing/lib/python3.8/site-packages/ppo_racing/ppo_agent.py to ppo_agent.cpython-38.pyc\n'}
[14.291177] (ppo_racing) StdoutLine: {'line': b'byte-compiling /home/f1tenth/f1tenth_mrc_ws/install/ppo_racing/lib/python3.8/site-packages/ppo_racing/custom_rendering.py to custom_rendering.cpython-38.pyc\n'}
[14.294240] (ppo_racing) StdoutLine: {'line': b'byte-compiling /home/f1tenth/f1tenth_mrc_ws/install/ppo_racing/lib/python3.8/site-packages/ppo_racing/opp_pose_to_odom.py to opp_pose_to_odom.cpython-38.pyc\n'}
[14.299787] (ppo_racing) StdoutLine: {'line': b'byte-compiling /home/f1tenth/f1tenth_mrc_ws/install/ppo_racing/lib/python3.8/site-packages/ppo_racing/env_wrapper.py to env_wrapper.cpython-38.pyc\n'}
[14.303702] (ppo_racing) StdoutLine: {'line': b'byte-compiling /home/f1tenth/f1tenth_mrc_ws/install/ppo_racing/lib/python3.8/site-packages/ppo_racing/policy_node_local_obs.py to policy_node_local_obs.cpython-38.pyc\n'}
[14.314486] (ppo_racing) StdoutLine: {'line': b'byte-compiling /home/f1tenth/f1tenth_mrc_ws/install/ppo_racing/lib/python3.8/site-packages/ppo_racing/train.py to train.cpython-38.pyc\n'}
[14.323389] (ppo_racing) StdoutLine: {'line': b'byte-compiling /home/f1tenth/f1tenth_mrc_ws/install/ppo_racing/lib/python3.8/site-packages/ppo_racing/pendulum _sb3_train.py to pendulum _sb3_train.cpython-38.pyc\n'}
[14.325994] (ppo_racing) StdoutLine: {'line': b'byte-compiling /home/f1tenth/f1tenth_mrc_ws/install/ppo_racing/lib/python3.8/site-packages/ppo_racing/utils.py to utils.cpython-38.pyc\n'}
[14.329924] (ppo_racing) StdoutLine: {'line': b'byte-compiling /home/f1tenth/f1tenth_mrc_ws/install/ppo_racing/lib/python3.8/site-packages/ppo_racing/__init__.py to __init__.cpython-38.pyc\n'}
[14.331721] (ppo_racing) StdoutLine: {'line': b'byte-compiling /home/f1tenth/f1tenth_mrc_ws/install/ppo_racing/lib/python3.8/site-packages/ppo_racing/policy_node.py to policy_node.cpython-38.pyc\n'}
[14.336218] (ppo_racing) StdoutLine: {'line': b'byte-compiling /home/f1tenth/f1tenth_mrc_ws/install/ppo_racing/lib/python3.8/site-packages/ppo_racing/multi_env_train.py to multi_env_train.cpython-38.pyc\n'}
[14.347237] (ppo_racing) StdoutLine: {'line': b'byte-compiling /home/f1tenth/f1tenth_mrc_ws/install/ppo_racing/lib/python3.8/site-packages/ppo_racing/reward_node.py to reward_node.cpython-38.pyc\n'}
[14.353755] (ppo_racing) StdoutLine: {'line': b'byte-compiling /home/f1tenth/f1tenth_mrc_ws/install/ppo_racing/lib/python3.8/site-packages/ppo_racing/multi_agent_train.py to multi_agent_train.cpython-38.pyc\n'}
[14.361072] (ppo_racing) StdoutLine: {'line': b'byte-compiling /home/f1tenth/f1tenth_mrc_ws/install/ppo_racing/lib/python3.8/site-packages/ppo_racing/custom_policy.py to custom_policy.cpython-38.pyc\n'}
[14.364831] (ppo_racing) StdoutLine: {'line': b'running install_data\n'}
[14.366146] (ppo_racing) StdoutLine: {'line': b'creating /home/f1tenth/f1tenth_mrc_ws/install/ppo_racing/share/ament_index\n'}
[14.367208] (ppo_racing) StdoutLine: {'line': b'creating /home/f1tenth/f1tenth_mrc_ws/install/ppo_racing/share/ament_index/resource_index\n'}
[14.367597] (-) TimerEvent: {}
[14.368990] (ppo_racing) StdoutLine: {'line': b'creating /home/f1tenth/f1tenth_mrc_ws/install/ppo_racing/share/ament_index/resource_index/packages\n'}
[14.369926] (ppo_racing) StdoutLine: {'line': b'copying resource/ppo_racing -> /home/f1tenth/f1tenth_mrc_ws/install/ppo_racing/share/ament_index/resource_index/packages\n'}
[14.373439] (ppo_racing) StdoutLine: {'line': b'copying package.xml -> /home/f1tenth/f1tenth_mrc_ws/install/ppo_racing/share/ppo_racing\n'}
[14.375415] (ppo_racing) StdoutLine: {'line': b'running install_egg_info\n'}
[14.389432] (ppo_racing) StdoutLine: {'line': b'Copying ../../build/ppo_racing/ppo_racing.egg-info to /home/f1tenth/f1tenth_mrc_ws/install/ppo_racing/lib/python3.8/site-packages/ppo_racing-0.0.0-py3.8.egg-info\n'}
[14.401341] (ppo_racing) StdoutLine: {'line': b'running install_scripts\n'}
[14.468120] (-) TimerEvent: {}
[14.543934] (ppo_racing) StdoutLine: {'line': b'Installing opp_pose_to_odom script to /home/f1tenth/f1tenth_mrc_ws/install/ppo_racing/lib/ppo_racing\n'}
[14.545833] (ppo_racing) StdoutLine: {'line': b'Installing policy_node script to /home/f1tenth/f1tenth_mrc_ws/install/ppo_racing/lib/ppo_racing\n'}
[14.547249] (ppo_racing) StdoutLine: {'line': b'Installing policy_node_local_obs script to /home/f1tenth/f1tenth_mrc_ws/install/ppo_racing/lib/ppo_racing\n'}
[14.548432] (ppo_racing) StdoutLine: {'line': b'Installing test_logger script to /home/f1tenth/f1tenth_mrc_ws/install/ppo_racing/lib/ppo_racing\n'}
[14.551905] (ppo_racing) StdoutLine: {'line': b"writing list of installed files to '/home/f1tenth/f1tenth_mrc_ws/build/ppo_racing/install.log'\n"}
[14.568334] (-) TimerEvent: {}
[14.642852] (pure_pursuit) StdoutLine: {'line': b'-- Detecting C compiler ABI info - done\n'}
[14.668560] (-) TimerEvent: {}
[14.707175] (pure_pursuit) StdoutLine: {'line': b'-- Detecting C compile features\n'}
[14.708979] (pure_pursuit) StdoutLine: {'line': b'-- Detecting C compile features - done\n'}
[14.722055] (pure_pursuit) StdoutLine: {'line': b'-- Check for working CXX compiler: /usr/bin/c++\n'}
[14.768760] (-) TimerEvent: {}
[14.870028] (-) TimerEvent: {}
[14.971613] (-) TimerEvent: {}
[15.075484] (-) TimerEvent: {}
[15.117983] (pure_pursuit) StdoutLine: {'line': b'-- Check for working CXX compiler: /usr/bin/c++ -- works\n'}
[15.124372] (pure_pursuit) StdoutLine: {'line': b'-- Detecting CXX compiler ABI info\n'}
[15.176208] (-) TimerEvent: {}
[15.278003] (-) TimerEvent: {}
[15.379528] (-) TimerEvent: {}
[15.480828] (-) TimerEvent: {}
[15.515661] (pure_pursuit) StdoutLine: {'line': b'-- Detecting CXX compiler ABI info - done\n'}
[15.571009] (pure_pursuit) StdoutLine: {'line': b'-- Detecting CXX compile features\n'}
[15.573395] (pure_pursuit) StdoutLine: {'line': b'-- Detecting CXX compile features - done\n'}
[15.581025] (-) TimerEvent: {}
[15.585132] (pure_pursuit) StdoutLine: {'line': b'-- Found ament_cmake: 0.9.12 (/opt/ros/foxy/share/ament_cmake/cmake)\n'}
[15.681217] (-) TimerEvent: {}
[15.712332] (pure_pursuit) StdoutLine: {'line': b'-- Found PythonInterp: /usr/bin/python3 (found suitable version "3.8.10", minimum required is "3") \n'}
[15.714285] (pure_pursuit) StdoutLine: {'line': b'-- Using PYTHON_EXECUTABLE: /usr/bin/python3\n'}
[15.781415] (-) TimerEvent: {}
[15.882517] (-) TimerEvent: {}
[15.918786] (ppo_racing) CommandEnded: {'returncode': 0}
[15.961658] (ppo_racing) JobEnded: {'identifier': 'ppo_racing', 'rc': 0}
[15.968790] (safety_node) JobStarted: {'identifier': 'safety_node'}
[15.982707] (-) TimerEvent: {}
[16.092451] (-) TimerEvent: {}
[16.094952] (safety_node) JobProgress: {'identifier': 'safety_node', 'progress': 'cmake'}
[16.102484] (safety_node) Command: {'cmd': ['/usr/bin/cmake', '/home/f1tenth/f1tenth_mrc_ws/src/f1tenth_lab2_template/safety_node', '-DCMAKE_INSTALL_PREFIX=/home/f1tenth/f1tenth_mrc_ws/install/safety_node'], 'cwd': '/home/f1tenth/f1tenth_mrc_ws/build/safety_node', 'env': OrderedDict([('GJS_DEBUG_TOPICS', 'JS ERROR;JS LOG'), ('LESSOPEN', '| /usr/bin/lesspipe %s'), ('USER', 'f1tenth'), ('LC_TIME', 'bs_BA.UTF-8'), ('SSH_AGENT_PID', '2722'), ('XDG_SESSION_TYPE', 'x11'), ('SHLVL', '1'), ('LD_LIBRARY_PATH', '/opt/ros/foxy/opt/yaml_cpp_vendor/lib:/opt/ros/foxy/opt/rviz_ogre_vendor/lib:/opt/ros/foxy/lib/aarch64-linux-gnu:/opt/ros/foxy/lib'), ('HOME', '/home/f1tenth'), ('OLDPWD', '/home/f1tenth/f1tenth_mrc_ws/src'), ('DESKTOP_SESSION', 'ubuntu'), ('JETSON_L4T', '35.1.0'), ('GIO_LAUNCHED_DESKTOP_FILE', '/usr/share/applications/terminator.desktop'), ('ROS_PYTHON_VERSION', '3'), ('GNOME_SHELL_SESSION_MODE', 'ubuntu'), ('GTK_MODULES', 'gail:atk-bridge'), ('JETSON_MODEL', 'NVIDIA Jetson Xavier NX Developer Kit'), ('LC_MONETARY', 'bs_BA.UTF-8'), ('MANAGERPID', '2456'), ('DBUS_SESSION_BUS_ADDRESS', 'unix:path=/run/user/1000/bus'), ('COLORTERM', 'truecolor'), ('TERMINATOR_DBUS_NAME', 'net.tenshu.Terminator21a9d5db22c73a993ff0b42f64b396873'), ('GIO_LAUNCHED_DESKTOP_FILE_PID', '3398'), ('_colcon_cd_root', '/opt/ros/foxy/'), ('IM_CONFIG_PHASE', '1'), ('ROS_DISTRO', 'foxy'), ('LOGNAME', 'f1tenth'), ('JETSON_MODULE', 'NVIDIA Jetson Xavier NX (Developer kit)'), ('JETSON_SERIAL_NUMBER', '1422420033521'), ('JOURNAL_STREAM', '7:52952'), ('_', '/usr/bin/colcon'), ('ROS_VERSION', '2'), ('JETSON_CODENAME', 'Jakku'), ('XDG_SESSION_CLASS', 'user'), ('USERNAME', 'f1tenth'), ('TERM', 'xterm-256color'), ('GNOME_DESKTOP_SESSION_ID', 'this-is-deprecated'), ('ROS_LOCALHOST_ONLY', '0'), ('WINDOWPATH', '2'), ('PATH', '/opt/ros/foxy/bin:/home/f1tenth/.local/bin:/usr/local/sbin:/usr/local/bin:/usr/sbin:/usr/bin:/sbin:/bin:/usr/games:/usr/local/games:/snap/bin'), ('SESSION_MANAGER', 'local/f1tenth-desktop:@/tmp/.ICE-unix/2757,unix/f1tenth-desktop:/tmp/.ICE-unix/2757'), ('INVOCATION_ID', 'bd1f5b7138a241e9935586b351aafc78'), ('XDG_MENU_PREFIX', 'gnome-'), ('LC_ADDRESS', 'bs_BA.UTF-8'), ('XDG_RUNTIME_DIR', '/run/user/1000'), ('DISPLAY', ':0'), ('TERMINATOR_DBUS_PATH', '/net/tenshu/Terminator2'), ('LANG', 'en_US.UTF-8'), ('XDG_CURRENT_DESKTOP', 'ubuntu:GNOME'), ('LC_TELEPHONE', 'bs_BA.UTF-8'), ('XMODIFIERS', '@im=ibus'), ('XDG_SESSION_DESKTOP', 'ubuntu'), ('XAUTHORITY', '/run/user/1000/gdm/Xauthority'), ('LS_COLORS', 'rs=0:di=01;34:ln=01;36:mh=00:pi=40;33:so=01;35:do=01;35:bd=40;33;01:cd=40;33;01:or=40;31;01:mi=00:su=37;41:sg=30;43:ca=30;41:tw=30;42:ow=34;42:st=37;44:ex=01;32:*.tar=01;31:*.tgz=01;31:*.arc=01;31:*.arj=01;31:*.taz=01;31:*.lha=01;31:*.lz4=01;31:*.lzh=01;31:*.lzma=01;31:*.tlz=01;31:*.txz=01;31:*.tzo=01;31:*.t7z=01;31:*.zip=01;31:*.z=01;31:*.dz=01;31:*.gz=01;31:*.lrz=01;31:*.lz=01;31:*.lzo=01;31:*.xz=01;31:*.zst=01;31:*.tzst=01;31:*.bz2=01;31:*.bz=01;31:*.tbz=01;31:*.tbz2=01;31:*.tz=01;31:*.deb=01;31:*.rpm=01;31:*.jar=01;31:*.war=01;31:*.ear=01;31:*.sar=01;31:*.rar=01;31:*.alz=01;31:*.ace=01;31:*.zoo=01;31:*.cpio=01;31:*.7z=01;31:*.rz=01;31:*.cab=01;31:*.wim=01;31:*.swm=01;31:*.dwm=01;31:*.esd=01;31:*.jpg=01;35:*.jpeg=01;35:*.mjpg=01;35:*.mjpeg=01;35:*.gif=01;35:*.bmp=01;35:*.pbm=01;35:*.pgm=01;35:*.ppm=01;35:*.tga=01;35:*.xbm=01;35:*.xpm=01;35:*.tif=01;35:*.tiff=01;35:*.png=01;35:*.svg=01;35:*.svgz=01;35:*.mng=01;35:*.pcx=01;35:*.mov=01;35:*.mpg=01;35:*.mpeg=01;35:*.m2v=01;35:*.mkv=01;35:*.webm=01;35:*.ogm=01;35:*.mp4=01;35:*.m4v=01;35:*.mp4v=01;35:*.vob=01;35:*.qt=01;35:*.nuv=01;35:*.wmv=01;35:*.asf=01;35:*.rm=01;35:*.rmvb=01;35:*.flc=01;35:*.avi=01;35:*.fli=01;35:*.flv=01;35:*.gl=01;35:*.dl=01;35:*.xcf=01;35:*.xwd=01;35:*.yuv=01;35:*.cgm=01;35:*.emf=01;35:*.ogv=01;35:*.ogx=01;35:*.aac=00;36:*.au=00;36:*.flac=00;36:*.m4a=00;36:*.mid=00;36:*.midi=00;36:*.mka=00;36:*.mp3=00;36:*.mpc=00;36:*.ogg=00;36:*.ra=00;36:*.wav=00;36:*.oga=00;36:*.opus=00;36:*.spx=00;36:*.xspf=00;36:'), ('JETSON_SOC', 'tegra194'), ('SSH_AUTH_SOCK', '/run/user/1000/keyring/ssh'), ('ROS_DOMAIN_ID', '6'), ('AMENT_PREFIX_PATH', '/opt/ros/foxy'), ('SHELL', '/bin/bash'), ('CMAKE_ARGS', '-DBUILD_WITH_OPENMP=OFF'), ('LC_NAME', 'bs_BA.UTF-8'), ('TERMINATOR_UUID', 'urn:uuid:0a99abc2-9966-4d5d-a08b-faa1cb518880'), ('QT_ACCESSIBILITY', '1'), ('GDMSESSION', 'ubuntu'), ('LESSCLOSE', '/usr/bin/lesspipe %s %s'), ('LC_MEASUREMENT', 'bs_BA.UTF-8'), ('GPG_AGENT_INFO', '/run/user/1000/gnupg/S.gpg-agent:0:1'), ('GJS_DEBUG_OUTPUT', 'stderr'), ('LC_IDENTIFICATION', 'bs_BA.UTF-8'), ('QT_IM_MODULE', 'ibus'), ('JETSON_CUDA_ARCH_BIN', '7.2'), ('PWD', '/home/f1tenth/f1tenth_mrc_ws/build/safety_node'), ('LC_ALL', 'en_US.UTF-8'), ('XDG_CONFIG_DIRS', '/etc/xdg/xdg-ubuntu:/etc/xdg'), ('XDG_DATA_DIRS', '/usr/share/ubuntu:/usr/local/share/:/usr/share/:/var/lib/snapd/desktop'), ('PYTHONPATH', '/opt/ros/foxy/lib/python3.8/site-packages'), ('LC_NUMERIC', 'bs_BA.UTF-8'), ('LC_PAPER', 'bs_BA.UTF-8'), ('COLCON', '1'), ('VTE_VERSION', '6003'), ('JETSON_JETPACK', '5.0.2 GA'), ('JETSON_P_NUMBER', 'p3668-0000'), ('CMAKE_PREFIX_PATH', '/opt/ros/foxy')]), 'shell': False}
[16.192867] (-) TimerEvent: {}
[16.294524] (-) TimerEvent: {}
[16.395495] (-) TimerEvent: {}
[16.496268] (-) TimerEvent: {}
[16.597115] (-) TimerEvent: {}
[16.698007] (-) TimerEvent: {}
[16.780791] (safety_node) StdoutLine: {'line': b'-- The C compiler identification is GNU 9.4.0\n'}
[16.798293] (-) TimerEvent: {}
[16.899281] (-) TimerEvent: {}
[17.000268] (-) TimerEvent: {}
[17.101276] (-) TimerEvent: {}
[17.202227] (-) TimerEvent: {}
[17.281765] (safety_node) StdoutLine: {'line': b'-- The CXX compiler identification is GNU 9.4.0\n'}
[17.302515] (-) TimerEvent: {}
[17.330172] (safety_node) StdoutLine: {'line': b'-- Check for working C compiler: /usr/bin/cc\n'}
[17.333677] (pure_pursuit) StdoutLine: {'line': b'-- Found rclcpp: 2.4.3 (/opt/ros/foxy/share/rclcpp/cmake)\n'}
[17.403144] (-) TimerEvent: {}
[17.504104] (-) TimerEvent: {}
[17.605364] (-) TimerEvent: {}
[17.706314] (-) TimerEvent: {}
[17.742848] (pure_pursuit) StdoutLine: {'line': b'-- Using all available rosidl_typesupport_c: rosidl_typesupport_fastrtps_c;rosidl_typesupport_introspection_c\n'}
[17.794485] (pure_pursuit) StdoutLine: {'line': b'-- Found rosidl_adapter: 1.3.1 (/opt/ros/foxy/share/rosidl_adapter/cmake)\n'}
[17.806577] (-) TimerEvent: {}
[17.907426] (-) TimerEvent: {}
[17.960431] (realsense2_camera_msgs) StdoutLine: {'line': b'[  2%] Built target realsense2_camera_msgs__cpp\n'}
[18.007704] (-) TimerEvent: {}
[18.056525] (realsense2_camera_msgs) StdoutLine: {'line': b'[  3%] \x1b[34m\x1b[1mGenerating C++ type support dispatch for ROS interfaces\x1b[0m\n'}
[18.104791] (safety_node) StdoutLine: {'line': b'-- Check for working C compiler: /usr/bin/cc -- works\n'}
[18.107921] (-) TimerEvent: {}
[18.110619] (safety_node) StdoutLine: {'line': b'-- Detecting C compiler ABI info\n'}
[18.208163] (-) TimerEvent: {}
[18.298879] (realsense2_camera_msgs) StdoutLine: {'line': b'[  4%] \x1b[34m\x1b[1mGenerating C++ type support for eProsima Fast-RTPS\x1b[0m\n'}
[18.309196] (-) TimerEvent: {}
[18.410167] (-) TimerEvent: {}
[18.478843] (realsense2_camera_msgs) StdoutLine: {'line': b'[  5%] \x1b[34m\x1b[1mGenerating C++ introspection for ROS interfaces\x1b[0m\n'}
[18.510446] (-) TimerEvent: {}
[18.611313] (-) TimerEvent: {}
[18.712258] (-) TimerEvent: {}
[18.813125] (-) TimerEvent: {}
[18.865271] (pure_pursuit) StdoutLine: {'line': b'-- Found OpenSSL: /usr/lib/aarch64-linux-gnu/libcrypto.so (found version "1.1.1f")  \n'}
[18.898661] (safety_node) StdoutLine: {'line': b'-- Detecting C compiler ABI info - done\n'}
[18.913349] (-) TimerEvent: {}
[19.014205] (-) TimerEvent: {}
[19.027230] (safety_node) StdoutLine: {'line': b'-- Detecting C compile features\n'}
[19.032082] (safety_node) StdoutLine: {'line': b'-- Detecting C compile features - done\n'}
[19.060738] (safety_node) StdoutLine: {'line': b'-- Check for working CXX compiler: /usr/bin/c++\n'}
[19.114472] (-) TimerEvent: {}
[19.187769] (pure_pursuit) StdoutLine: {'line': b'-- Found FastRTPS: /opt/ros/foxy/include  \n'}
[19.214695] (-) TimerEvent: {}
[19.315713] (-) TimerEvent: {}
[19.372169] (realsense2_camera_msgs) StdoutLine: {'line': b'\x1b[35m\x1b[1mScanning dependencies of target realsense2_camera_msgs__rosidl_generator_c\x1b[0m\n'}
[19.415925] (-) TimerEvent: {}
[19.516993] (-) TimerEvent: {}
[19.617490] (rrt_package) Command: {'cmd': ['/usr/bin/python3', '-W', 'ignore:setup.py install is deprecated', '-W', 'ignore:easy_install command is deprecated', 'setup.py', 'egg_info', '--egg-base', '../../build/rrt_package', 'build', '--build-base', '/home/f1tenth/f1tenth_mrc_ws/build/rrt_package/build', 'install', '--record', '/home/f1tenth/f1tenth_mrc_ws/build/rrt_package/install.log', '--install-scripts', '$base/lib/rrt_package', '--single-version-externally-managed', 'install_data'], 'cwd': '/home/f1tenth/f1tenth_mrc_ws/src/rrt_package', 'env': {'GJS_DEBUG_TOPICS': 'JS ERROR;JS LOG', 'LESSOPEN': '| /usr/bin/lesspipe %s', 'USER': 'f1tenth', 'LC_TIME': 'bs_BA.UTF-8', 'SSH_AGENT_PID': '2722', 'XDG_SESSION_TYPE': 'x11', 'SHLVL': '1', 'LD_LIBRARY_PATH': '/opt/ros/foxy/opt/yaml_cpp_vendor/lib:/opt/ros/foxy/opt/rviz_ogre_vendor/lib:/opt/ros/foxy/lib/aarch64-linux-gnu:/opt/ros/foxy/lib', 'HOME': '/home/f1tenth', 'OLDPWD': '/home/f1tenth/f1tenth_mrc_ws/src', 'DESKTOP_SESSION': 'ubuntu', 'JETSON_L4T': '35.1.0', 'GIO_LAUNCHED_DESKTOP_FILE': '/usr/share/applications/terminator.desktop', 'ROS_PYTHON_VERSION': '3', 'GNOME_SHELL_SESSION_MODE': 'ubuntu', 'GTK_MODULES': 'gail:atk-bridge', 'JETSON_MODEL': 'NVIDIA Jetson Xavier NX Developer Kit', 'LC_MONETARY': 'bs_BA.UTF-8', 'MANAGERPID': '2456', 'DBUS_SESSION_BUS_ADDRESS': 'unix:path=/run/user/1000/bus', 'COLORTERM': 'truecolor', 'TERMINATOR_DBUS_NAME': 'net.tenshu.Terminator21a9d5db22c73a993ff0b42f64b396873', 'GIO_LAUNCHED_DESKTOP_FILE_PID': '3398', '_colcon_cd_root': '/opt/ros/foxy/', 'IM_CONFIG_PHASE': '1', 'ROS_DISTRO': 'foxy', 'LOGNAME': 'f1tenth', 'JETSON_MODULE': 'NVIDIA Jetson Xavier NX (Developer kit)', 'JETSON_SERIAL_NUMBER': '1422420033521', 'JOURNAL_STREAM': '7:52952', '_': '/usr/bin/colcon', 'ROS_VERSION': '2', 'JETSON_CODENAME': 'Jakku', 'XDG_SESSION_CLASS': 'user', 'USERNAME': 'f1tenth', 'TERM': 'xterm-256color', 'GNOME_DESKTOP_SESSION_ID': 'this-is-deprecated', 'ROS_LOCALHOST_ONLY': '0', 'WINDOWPATH': '2', 'PATH': '/opt/ros/foxy/bin:/home/f1tenth/.local/bin:/usr/local/sbin:/usr/local/bin:/usr/sbin:/usr/bin:/sbin:/bin:/usr/games:/usr/local/games:/snap/bin', 'SESSION_MANAGER': 'local/f1tenth-desktop:@/tmp/.ICE-unix/2757,unix/f1tenth-desktop:/tmp/.ICE-unix/2757', 'INVOCATION_ID': 'bd1f5b7138a241e9935586b351aafc78', 'XDG_MENU_PREFIX': 'gnome-', 'LC_ADDRESS': 'bs_BA.UTF-8', 'XDG_RUNTIME_DIR': '/run/user/1000', 'DISPLAY': ':0', 'TERMINATOR_DBUS_PATH': '/net/tenshu/Terminator2', 'LANG': 'en_US.UTF-8', 'XDG_CURRENT_DESKTOP': 'ubuntu:GNOME', 'LC_TELEPHONE': 'bs_BA.UTF-8', 'XMODIFIERS': '@im=ibus', 'XDG_SESSION_DESKTOP': 'ubuntu', 'XAUTHORITY': '/run/user/1000/gdm/Xauthority', 'LS_COLORS': 'rs=0:di=01;34:ln=01;36:mh=00:pi=40;33:so=01;35:do=01;35:bd=40;33;01:cd=40;33;01:or=40;31;01:mi=00:su=37;41:sg=30;43:ca=30;41:tw=30;42:ow=34;42:st=37;44:ex=01;32:*.tar=01;31:*.tgz=01;31:*.arc=01;31:*.arj=01;31:*.taz=01;31:*.lha=01;31:*.lz4=01;31:*.lzh=01;31:*.lzma=01;31:*.tlz=01;31:*.txz=01;31:*.tzo=01;31:*.t7z=01;31:*.zip=01;31:*.z=01;31:*.dz=01;31:*.gz=01;31:*.lrz=01;31:*.lz=01;31:*.lzo=01;31:*.xz=01;31:*.zst=01;31:*.tzst=01;31:*.bz2=01;31:*.bz=01;31:*.tbz=01;31:*.tbz2=01;31:*.tz=01;31:*.deb=01;31:*.rpm=01;31:*.jar=01;31:*.war=01;31:*.ear=01;31:*.sar=01;31:*.rar=01;31:*.alz=01;31:*.ace=01;31:*.zoo=01;31:*.cpio=01;31:*.7z=01;31:*.rz=01;31:*.cab=01;31:*.wim=01;31:*.swm=01;31:*.dwm=01;31:*.esd=01;31:*.jpg=01;35:*.jpeg=01;35:*.mjpg=01;35:*.mjpeg=01;35:*.gif=01;35:*.bmp=01;35:*.pbm=01;35:*.pgm=01;35:*.ppm=01;35:*.tga=01;35:*.xbm=01;35:*.xpm=01;35:*.tif=01;35:*.tiff=01;35:*.png=01;35:*.svg=01;35:*.svgz=01;35:*.mng=01;35:*.pcx=01;35:*.mov=01;35:*.mpg=01;35:*.mpeg=01;35:*.m2v=01;35:*.mkv=01;35:*.webm=01;35:*.ogm=01;35:*.mp4=01;35:*.m4v=01;35:*.mp4v=01;35:*.vob=01;35:*.qt=01;35:*.nuv=01;35:*.wmv=01;35:*.asf=01;35:*.rm=01;35:*.rmvb=01;35:*.flc=01;35:*.avi=01;35:*.fli=01;35:*.flv=01;35:*.gl=01;35:*.dl=01;35:*.xcf=01;35:*.xwd=01;35:*.yuv=01;35:*.cgm=01;35:*.emf=01;35:*.ogv=01;35:*.ogx=01;35:*.aac=00;36:*.au=00;36:*.flac=00;36:*.m4a=00;36:*.mid=00;36:*.midi=00;36:*.mka=00;36:*.mp3=00;36:*.mpc=00;36:*.ogg=00;36:*.ra=00;36:*.wav=00;36:*.oga=00;36:*.opus=00;36:*.spx=00;36:*.xspf=00;36:', 'JETSON_SOC': 'tegra194', 'SSH_AUTH_SOCK': '/run/user/1000/keyring/ssh', 'ROS_DOMAIN_ID': '6', 'AMENT_PREFIX_PATH': '/opt/ros/foxy', 'SHELL': '/bin/bash', 'CMAKE_ARGS': '-DBUILD_WITH_OPENMP=OFF', 'LC_NAME': 'bs_BA.UTF-8', 'TERMINATOR_UUID': 'urn:uuid:0a99abc2-9966-4d5d-a08b-faa1cb518880', 'QT_ACCESSIBILITY': '1', 'GDMSESSION': 'ubuntu', 'LESSCLOSE': '/usr/bin/lesspipe %s %s', 'LC_MEASUREMENT': 'bs_BA.UTF-8', 'GPG_AGENT_INFO': '/run/user/1000/gnupg/S.gpg-agent:0:1', 'GJS_DEBUG_OUTPUT': 'stderr', 'LC_IDENTIFICATION': 'bs_BA.UTF-8', 'QT_IM_MODULE': 'ibus', 'JETSON_CUDA_ARCH_BIN': '7.2', 'PWD': '/home/f1tenth/f1tenth_mrc_ws/build/rrt_package', 'LC_ALL': 'en_US.UTF-8', 'XDG_CONFIG_DIRS': '/etc/xdg/xdg-ubuntu:/etc/xdg', 'XDG_DATA_DIRS': '/usr/share/ubuntu:/usr/local/share/:/usr/share/:/var/lib/snapd/desktop', 'PYTHONPATH': '/home/f1tenth/f1tenth_mrc_ws/build/rrt_package/prefix_override:/usr/lib/python3/dist-packages/colcon_core/task/python/colcon_distutils_commands:/home/f1tenth/f1tenth_mrc_ws/install/rrt_package/lib/python3.8/site-packages:/opt/ros/foxy/lib/python3.8/site-packages', 'LC_NUMERIC': 'bs_BA.UTF-8', 'LC_PAPER': 'bs_BA.UTF-8', 'COLCON': '1', 'VTE_VERSION': '6003', 'JETSON_JETPACK': '5.0.2 GA', 'JETSON_P_NUMBER': 'p3668-0000'}, 'shell': False}
[19.636970] (-) TimerEvent: {}
[19.638192] (realsense2_camera_msgs) StdoutLine: {'line': b'[  6%] \x1b[32mBuilding C object CMakeFiles/realsense2_camera_msgs__rosidl_generator_c.dir/rosidl_generator_c/realsense2_camera_msgs/msg/detail/imu_info__functions.c.o\x1b[0m\n'}
[19.726531] (-) TimerEvent: {}
[19.827443] (-) TimerEvent: {}
[19.887049] (pure_pursuit) StdoutLine: {'line': b'-- Using all available rosidl_typesupport_cpp: rosidl_typesupport_fastrtps_cpp;rosidl_typesupport_introspection_cpp\n'}
[19.927632] (-) TimerEvent: {}
[20.028520] (-) TimerEvent: {}
[20.093192] (safety_node) StdoutLine: {'line': b'-- Check for working CXX compiler: /usr/bin/c++ -- works\n'}
[20.104294] (safety_node) StdoutLine: {'line': b'-- Detecting CXX compiler ABI info\n'}
[20.129897] (-) TimerEvent: {}
[20.230915] (-) TimerEvent: {}
[20.314866] (realsense2_camera_msgs) StdoutLine: {'line': b'[  8%] \x1b[32mBuilding C object CMakeFiles/realsense2_camera_msgs__rosidl_generator_c.dir/rosidl_generator_c/realsense2_camera_msgs/msg/detail/extrinsics__functions.c.o\x1b[0m\n'}
[20.331123] (-) TimerEvent: {}
[20.365170] (pure_pursuit) StdoutLine: {'line': b'-- Found rmw_implementation_cmake: 1.0.4 (/opt/ros/foxy/share/rmw_implementation_cmake/cmake)\n'}
[20.370773] (pure_pursuit) StdoutLine: {'line': b"-- Using RMW implementation 'rmw_fastrtps_cpp' as default\n"}
[20.382996] (pure_pursuit) StdoutLine: {'line': b'-- Looking for pthread.h\n'}
[20.431361] (-) TimerEvent: {}
[20.532219] (-) TimerEvent: {}
[20.633108] (-) TimerEvent: {}
[20.733960] (-) TimerEvent: {}
[20.830727] (realsense2_camera_msgs) StdoutLine: {'line': b'[  9%] \x1b[32mBuilding C object CMakeFiles/realsense2_camera_msgs__rosidl_generator_c.dir/rosidl_generator_c/realsense2_camera_msgs/msg/detail/metadata__functions.c.o\x1b[0m\n'}
[20.834609] (-) TimerEvent: {}
[20.935664] (-) TimerEvent: {}
[21.007383] (safety_node) StdoutLine: {'line': b'-- Detecting CXX compiler ABI info - done\n'}
[21.035863] (-) TimerEvent: {}
[21.118058] (pure_pursuit) StdoutLine: {'line': b'-- Looking for pthread.h - found\n'}
[21.120924] (pure_pursuit) StdoutLine: {'line': b'-- Performing Test CMAKE_HAVE_LIBC_PTHREAD\n'}
[21.136050] (-) TimerEvent: {}
[21.153820] (safety_node) StdoutLine: {'line': b'-- Detecting CXX compile features\n'}
[21.155996] (safety_node) StdoutLine: {'line': b'-- Detecting CXX compile features - done\n'}
[21.178192] (safety_node) StdoutLine: {'line': b'-- Found ament_cmake: 0.9.12 (/opt/ros/foxy/share/ament_cmake/cmake)\n'}
[21.236470] (-) TimerEvent: {}
[21.337285] (-) TimerEvent: {}
[21.390261] (realsense2_camera_msgs) StdoutLine: {'line': b'[ 10%] \x1b[32mBuilding C object CMakeFiles/realsense2_camera_msgs__rosidl_generator_c.dir/rosidl_generator_c/realsense2_camera_msgs/msg/detail/rgbd__functions.c.o\x1b[0m\n'}
[21.403499] (safety_node) StdoutLine: {'line': b'-- Found PythonInterp: /usr/bin/python3 (found suitable version "3.8.10", minimum required is "3") \n'}
[21.404382] (safety_node) StdoutLine: {'line': b'-- Using PYTHON_EXECUTABLE: /usr/bin/python3\n'}
[21.437472] (-) TimerEvent: {}
[21.538502] (-) TimerEvent: {}
[21.582547] (rrt_package) StderrLine: {'line': b"/home/f1tenth/.local/lib/python3.8/site-packages/setuptools/dist.py:717: UserWarning: Usage of dash-separated 'script-dir' will not be supported in future versions. Please use the underscore name 'script_dir' instead\n"}
[21.583275] (rrt_package) StderrLine: {'line': b'  warnings.warn(\n'}
[21.638740] (-) TimerEvent: {}
[21.739695] (-) TimerEvent: {}
[21.826829] (rrt_package) StdoutLine: {'line': b'running egg_info\n'}
[21.832843] (rrt_package) StdoutLine: {'line': b'creating ../../build/rrt_package/rrt_package.egg-info\n'}
[21.839895] (-) TimerEvent: {}
[21.841781] (rrt_package) StdoutLine: {'line': b'writing ../../build/rrt_package/rrt_package.egg-info/PKG-INFO\n'}
[21.843744] (rrt_package) StdoutLine: {'line': b'writing dependency_links to ../../build/rrt_package/rrt_package.egg-info/dependency_links.txt\n'}
[21.847064] (rrt_package) StdoutLine: {'line': b'writing entry points to ../../build/rrt_package/rrt_package.egg-info/entry_points.txt\n'}
[21.848352] (rrt_package) StdoutLine: {'line': b'writing requirements to ../../build/rrt_package/rrt_package.egg-info/requires.txt\n'}
[21.849281] (rrt_package) StdoutLine: {'line': b'writing top-level names to ../../build/rrt_package/rrt_package.egg-info/top_level.txt\n'}
[21.860225] (rrt_package) StdoutLine: {'line': b"writing manifest file '../../build/rrt_package/rrt_package.egg-info/SOURCES.txt'\n"}
[21.882570] (rrt_package) StdoutLine: {'line': b"reading manifest file '../../build/rrt_package/rrt_package.egg-info/SOURCES.txt'\n"}
[21.899542] (rrt_package) StdoutLine: {'line': b"writing manifest file '../../build/rrt_package/rrt_package.egg-info/SOURCES.txt'\n"}
[21.900867] (rrt_package) StdoutLine: {'line': b'running build\n'}
[21.901518] (rrt_package) StdoutLine: {'line': b'running build_py\n'}
[21.902886] (rrt_package) StdoutLine: {'line': b'creating /home/f1tenth/f1tenth_mrc_ws/build/rrt_package/build\n'}
[21.903673] (rrt_package) StdoutLine: {'line': b'creating /home/f1tenth/f1tenth_mrc_ws/build/rrt_package/build/lib\n'}
[21.904308] (rrt_package) StdoutLine: {'line': b'creating /home/f1tenth/f1tenth_mrc_ws/build/rrt_package/build/lib/rrt_package\n'}
[21.905201] (rrt_package) StdoutLine: {'line': b'copying rrt_package/rrt_pure_pursuit.py -> /home/f1tenth/f1tenth_mrc_ws/build/rrt_package/build/lib/rrt_package\n'}
[21.907427] (rrt_package) StdoutLine: {'line': b'copying rrt_package/RRT_node.py -> /home/f1tenth/f1tenth_mrc_ws/build/rrt_package/build/lib/rrt_package\n'}
[21.908708] (rrt_package) StdoutLine: {'line': b'copying rrt_package/__init__.py -> /home/f1tenth/f1tenth_mrc_ws/build/rrt_package/build/lib/rrt_package\n'}
[21.910080] (rrt_package) StdoutLine: {'line': b'running install\n'}
[21.924014] (rrt_package) StdoutLine: {'line': b'running install_lib\n'}
[21.929208] (rrt_package) StdoutLine: {'line': b'creating /home/f1tenth/f1tenth_mrc_ws/install/rrt_package/lib/python3.8/site-packages/rrt_package\n'}
[21.930705] (rrt_package) StdoutLine: {'line': b'copying /home/f1tenth/f1tenth_mrc_ws/build/rrt_package/build/lib/rrt_package/rrt_pure_pursuit.py -> /home/f1tenth/f1tenth_mrc_ws/install/rrt_package/lib/python3.8/site-packages/rrt_package\n'}
[21.932121] (rrt_package) StdoutLine: {'line': b'copying /home/f1tenth/f1tenth_mrc_ws/build/rrt_package/build/lib/rrt_package/RRT_node.py -> /home/f1tenth/f1tenth_mrc_ws/install/rrt_package/lib/python3.8/site-packages/rrt_package\n'}
[21.933351] (rrt_package) StdoutLine: {'line': b'copying /home/f1tenth/f1tenth_mrc_ws/build/rrt_package/build/lib/rrt_package/__init__.py -> /home/f1tenth/f1tenth_mrc_ws/install/rrt_package/lib/python3.8/site-packages/rrt_package\n'}
[21.936273] (rrt_package) StdoutLine: {'line': b'byte-compiling /home/f1tenth/f1tenth_mrc_ws/install/rrt_package/lib/python3.8/site-packages/rrt_package/rrt_pure_pursuit.py to rrt_pure_pursuit.cpython-38.pyc\n'}
[21.940136] (-) TimerEvent: {}
[21.942867] (rrt_package) StdoutLine: {'line': b'byte-compiling /home/f1tenth/f1tenth_mrc_ws/install/rrt_package/lib/python3.8/site-packages/rrt_package/RRT_node.py to RRT_node.cpython-38.pyc\n'}
[21.955327] (rrt_package) StdoutLine: {'line': b'byte-compiling /home/f1tenth/f1tenth_mrc_ws/install/rrt_package/lib/python3.8/site-packages/rrt_package/__init__.py to __init__.cpython-38.pyc\n'}
[21.957212] (rrt_package) StdoutLine: {'line': b'running install_data\n'}
[21.958541] (rrt_package) StdoutLine: {'line': b'creating /home/f1tenth/f1tenth_mrc_ws/install/rrt_package/share/ament_index\n'}
[21.959546] (rrt_package) StdoutLine: {'line': b'creating /home/f1tenth/f1tenth_mrc_ws/install/rrt_package/share/ament_index/resource_index\n'}
[21.960288] (rrt_package) StdoutLine: {'line': b'creating /home/f1tenth/f1tenth_mrc_ws/install/rrt_package/share/ament_index/resource_index/packages\n'}
[21.961250] (rrt_package) StdoutLine: {'line': b'copying resource/rrt_package -> /home/f1tenth/f1tenth_mrc_ws/install/rrt_package/share/ament_index/resource_index/packages\n'}
[21.962528] (rrt_package) StdoutLine: {'line': b'copying package.xml -> /home/f1tenth/f1tenth_mrc_ws/install/rrt_package/share/rrt_package\n'}
[21.963981] (rrt_package) StdoutLine: {'line': b'creating /home/f1tenth/f1tenth_mrc_ws/install/rrt_package/share/rrt_package/launch\n'}
[21.965103] (rrt_package) StdoutLine: {'line': b'copying launch/rrt_launch.py -> /home/f1tenth/f1tenth_mrc_ws/install/rrt_package/share/rrt_package/launch\n'}
[21.968703] (rrt_package) StdoutLine: {'line': b'running install_egg_info\n'}
[21.980469] (rrt_package) StdoutLine: {'line': b'Copying ../../build/rrt_package/rrt_package.egg-info to /home/f1tenth/f1tenth_mrc_ws/install/rrt_package/lib/python3.8/site-packages/rrt_package-0.0.0-py3.8.egg-info\n'}
[21.985666] (rrt_package) StdoutLine: {'line': b'running install_scripts\n'}
[22.008778] (pure_pursuit) StdoutLine: {'line': b'-- Performing Test CMAKE_HAVE_LIBC_PTHREAD - Failed\n'}
[22.010911] (realsense2_camera_msgs) StdoutLine: {'line': b'[ 11%] \x1b[32mBuilding C object CMakeFiles/realsense2_camera_msgs__rosidl_generator_c.dir/rosidl_generator_c/realsense2_camera_msgs/srv/detail/device_info__functions.c.o\x1b[0m\n'}
[22.011595] (pure_pursuit) StdoutLine: {'line': b'-- Looking for pthread_create in pthreads\n'}
[22.040352] (-) TimerEvent: {}
[22.079648] (rrt_package) StdoutLine: {'line': b'Installing RRT_node script to /home/f1tenth/f1tenth_mrc_ws/install/rrt_package/lib/rrt_package\n'}
[22.082629] (rrt_package) StdoutLine: {'line': b'Installing rrt_pure_pursuit script to /home/f1tenth/f1tenth_mrc_ws/install/rrt_package/lib/rrt_package\n'}
[22.087090] (rrt_package) StdoutLine: {'line': b"writing list of installed files to '/home/f1tenth/f1tenth_mrc_ws/build/rrt_package/install.log'\n"}
[22.140572] (-) TimerEvent: {}
[22.241855] (-) TimerEvent: {}
[22.297492] (rrt_package) CommandEnded: {'returncode': 0}
[22.347267] (-) TimerEvent: {}
[22.364028] (rrt_package) JobEnded: {'identifier': 'rrt_package', 'rc': 0}
[22.371724] (wall_follow) JobStarted: {'identifier': 'wall_follow'}
[22.448589] (-) TimerEvent: {}
[22.459569] (wall_follow) JobProgress: {'identifier': 'wall_follow', 'progress': 'cmake'}
[22.468972] (wall_follow) Command: {'cmd': ['/usr/bin/cmake', '/home/f1tenth/f1tenth_mrc_ws/src/f1tenth_lab3_template/wall_follow', '-DCMAKE_INSTALL_PREFIX=/home/f1tenth/f1tenth_mrc_ws/install/wall_follow'], 'cwd': '/home/f1tenth/f1tenth_mrc_ws/build/wall_follow', 'env': OrderedDict([('GJS_DEBUG_TOPICS', 'JS ERROR;JS LOG'), ('LESSOPEN', '| /usr/bin/lesspipe %s'), ('USER', 'f1tenth'), ('LC_TIME', 'bs_BA.UTF-8'), ('SSH_AGENT_PID', '2722'), ('XDG_SESSION_TYPE', 'x11'), ('SHLVL', '1'), ('LD_LIBRARY_PATH', '/opt/ros/foxy/opt/yaml_cpp_vendor/lib:/opt/ros/foxy/opt/rviz_ogre_vendor/lib:/opt/ros/foxy/lib/aarch64-linux-gnu:/opt/ros/foxy/lib'), ('HOME', '/home/f1tenth'), ('OLDPWD', '/home/f1tenth/f1tenth_mrc_ws/src'), ('DESKTOP_SESSION', 'ubuntu'), ('JETSON_L4T', '35.1.0'), ('GIO_LAUNCHED_DESKTOP_FILE', '/usr/share/applications/terminator.desktop'), ('ROS_PYTHON_VERSION', '3'), ('GNOME_SHELL_SESSION_MODE', 'ubuntu'), ('GTK_MODULES', 'gail:atk-bridge'), ('JETSON_MODEL', 'NVIDIA Jetson Xavier NX Developer Kit'), ('LC_MONETARY', 'bs_BA.UTF-8'), ('MANAGERPID', '2456'), ('DBUS_SESSION_BUS_ADDRESS', 'unix:path=/run/user/1000/bus'), ('COLORTERM', 'truecolor'), ('TERMINATOR_DBUS_NAME', 'net.tenshu.Terminator21a9d5db22c73a993ff0b42f64b396873'), ('GIO_LAUNCHED_DESKTOP_FILE_PID', '3398'), ('_colcon_cd_root', '/opt/ros/foxy/'), ('IM_CONFIG_PHASE', '1'), ('ROS_DISTRO', 'foxy'), ('LOGNAME', 'f1tenth'), ('JETSON_MODULE', 'NVIDIA Jetson Xavier NX (Developer kit)'), ('JETSON_SERIAL_NUMBER', '1422420033521'), ('JOURNAL_STREAM', '7:52952'), ('_', '/usr/bin/colcon'), ('ROS_VERSION', '2'), ('JETSON_CODENAME', 'Jakku'), ('XDG_SESSION_CLASS', 'user'), ('USERNAME', 'f1tenth'), ('TERM', 'xterm-256color'), ('GNOME_DESKTOP_SESSION_ID', 'this-is-deprecated'), ('ROS_LOCALHOST_ONLY', '0'), ('WINDOWPATH', '2'), ('PATH', '/opt/ros/foxy/bin:/home/f1tenth/.local/bin:/usr/local/sbin:/usr/local/bin:/usr/sbin:/usr/bin:/sbin:/bin:/usr/games:/usr/local/games:/snap/bin'), ('SESSION_MANAGER', 'local/f1tenth-desktop:@/tmp/.ICE-unix/2757,unix/f1tenth-desktop:/tmp/.ICE-unix/2757'), ('INVOCATION_ID', 'bd1f5b7138a241e9935586b351aafc78'), ('XDG_MENU_PREFIX', 'gnome-'), ('LC_ADDRESS', 'bs_BA.UTF-8'), ('XDG_RUNTIME_DIR', '/run/user/1000'), ('DISPLAY', ':0'), ('TERMINATOR_DBUS_PATH', '/net/tenshu/Terminator2'), ('LANG', 'en_US.UTF-8'), ('XDG_CURRENT_DESKTOP', 'ubuntu:GNOME'), ('LC_TELEPHONE', 'bs_BA.UTF-8'), ('XMODIFIERS', '@im=ibus'), ('XDG_SESSION_DESKTOP', 'ubuntu'), ('XAUTHORITY', '/run/user/1000/gdm/Xauthority'), ('LS_COLORS', 'rs=0:di=01;34:ln=01;36:mh=00:pi=40;33:so=01;35:do=01;35:bd=40;33;01:cd=40;33;01:or=40;31;01:mi=00:su=37;41:sg=30;43:ca=30;41:tw=30;42:ow=34;42:st=37;44:ex=01;32:*.tar=01;31:*.tgz=01;31:*.arc=01;31:*.arj=01;31:*.taz=01;31:*.lha=01;31:*.lz4=01;31:*.lzh=01;31:*.lzma=01;31:*.tlz=01;31:*.txz=01;31:*.tzo=01;31:*.t7z=01;31:*.zip=01;31:*.z=01;31:*.dz=01;31:*.gz=01;31:*.lrz=01;31:*.lz=01;31:*.lzo=01;31:*.xz=01;31:*.zst=01;31:*.tzst=01;31:*.bz2=01;31:*.bz=01;31:*.tbz=01;31:*.tbz2=01;31:*.tz=01;31:*.deb=01;31:*.rpm=01;31:*.jar=01;31:*.war=01;31:*.ear=01;31:*.sar=01;31:*.rar=01;31:*.alz=01;31:*.ace=01;31:*.zoo=01;31:*.cpio=01;31:*.7z=01;31:*.rz=01;31:*.cab=01;31:*.wim=01;31:*.swm=01;31:*.dwm=01;31:*.esd=01;31:*.jpg=01;35:*.jpeg=01;35:*.mjpg=01;35:*.mjpeg=01;35:*.gif=01;35:*.bmp=01;35:*.pbm=01;35:*.pgm=01;35:*.ppm=01;35:*.tga=01;35:*.xbm=01;35:*.xpm=01;35:*.tif=01;35:*.tiff=01;35:*.png=01;35:*.svg=01;35:*.svgz=01;35:*.mng=01;35:*.pcx=01;35:*.mov=01;35:*.mpg=01;35:*.mpeg=01;35:*.m2v=01;35:*.mkv=01;35:*.webm=01;35:*.ogm=01;35:*.mp4=01;35:*.m4v=01;35:*.mp4v=01;35:*.vob=01;35:*.qt=01;35:*.nuv=01;35:*.wmv=01;35:*.asf=01;35:*.rm=01;35:*.rmvb=01;35:*.flc=01;35:*.avi=01;35:*.fli=01;35:*.flv=01;35:*.gl=01;35:*.dl=01;35:*.xcf=01;35:*.xwd=01;35:*.yuv=01;35:*.cgm=01;35:*.emf=01;35:*.ogv=01;35:*.ogx=01;35:*.aac=00;36:*.au=00;36:*.flac=00;36:*.m4a=00;36:*.mid=00;36:*.midi=00;36:*.mka=00;36:*.mp3=00;36:*.mpc=00;36:*.ogg=00;36:*.ra=00;36:*.wav=00;36:*.oga=00;36:*.opus=00;36:*.spx=00;36:*.xspf=00;36:'), ('JETSON_SOC', 'tegra194'), ('SSH_AUTH_SOCK', '/run/user/1000/keyring/ssh'), ('ROS_DOMAIN_ID', '6'), ('AMENT_PREFIX_PATH', '/opt/ros/foxy'), ('SHELL', '/bin/bash'), ('CMAKE_ARGS', '-DBUILD_WITH_OPENMP=OFF'), ('LC_NAME', 'bs_BA.UTF-8'), ('TERMINATOR_UUID', 'urn:uuid:0a99abc2-9966-4d5d-a08b-faa1cb518880'), ('QT_ACCESSIBILITY', '1'), ('GDMSESSION', 'ubuntu'), ('LESSCLOSE', '/usr/bin/lesspipe %s %s'), ('LC_MEASUREMENT', 'bs_BA.UTF-8'), ('GPG_AGENT_INFO', '/run/user/1000/gnupg/S.gpg-agent:0:1'), ('GJS_DEBUG_OUTPUT', 'stderr'), ('LC_IDENTIFICATION', 'bs_BA.UTF-8'), ('QT_IM_MODULE', 'ibus'), ('JETSON_CUDA_ARCH_BIN', '7.2'), ('PWD', '/home/f1tenth/f1tenth_mrc_ws/build/wall_follow'), ('LC_ALL', 'en_US.UTF-8'), ('XDG_CONFIG_DIRS', '/etc/xdg/xdg-ubuntu:/etc/xdg'), ('XDG_DATA_DIRS', '/usr/share/ubuntu:/usr/local/share/:/usr/share/:/var/lib/snapd/desktop'), ('PYTHONPATH', '/opt/ros/foxy/lib/python3.8/site-packages'), ('LC_NUMERIC', 'bs_BA.UTF-8'), ('LC_PAPER', 'bs_BA.UTF-8'), ('COLCON', '1'), ('VTE_VERSION', '6003'), ('JETSON_JETPACK', '5.0.2 GA'), ('JETSON_P_NUMBER', 'p3668-0000'), ('CMAKE_PREFIX_PATH', '/opt/ros/foxy')]), 'shell': False}
[22.525665] (realsense2_camera_msgs) StdoutLine: {'line': b'\x1b[35m\x1b[1mScanning dependencies of target realsense2_camera_msgs__rosidl_typesupport_cpp\x1b[0m\n'}
[22.540601] (realsense2_camera_msgs) StdoutLine: {'line': b'[ 12%] \x1b[32mBuilding C object CMakeFiles/realsense2_camera_msgs__rosidl_generator_c.dir/rosidl_generator_c/realsense2_camera_msgs/srv/detail/calib_config_read__functions.c.o\x1b[0m\n'}
[22.548644] (-) TimerEvent: {}
[22.650308] (-) TimerEvent: {}
[22.726075] (pure_pursuit) StdoutLine: {'line': b'-- Looking for pthread_create in pthreads - not found\n'}
[22.727041] (pure_pursuit) StdoutLine: {'line': b'-- Looking for pthread_create in pthread\n'}
[22.730808] (realsense2_camera_msgs) StdoutLine: {'line': b'[ 13%] \x1b[32mBuilding CXX object CMakeFiles/realsense2_camera_msgs__rosidl_typesupport_cpp.dir/rosidl_typesupport_cpp/realsense2_camera_msgs/msg/imu_info__type_support.cpp.o\x1b[0m\n'}
[22.750612] (-) TimerEvent: {}
[22.851429] (-) TimerEvent: {}
[22.952297] (-) TimerEvent: {}
[23.053148] (-) TimerEvent: {}
[23.142664] (realsense2_camera_msgs) StdoutLine: {'line': b'[ 14%] \x1b[32mBuilding C object CMakeFiles/realsense2_camera_msgs__rosidl_generator_c.dir/rosidl_generator_c/realsense2_camera_msgs/srv/detail/calib_config_write__functions.c.o\x1b[0m\n'}
[23.158646] (-) TimerEvent: {}
[23.163357] (wall_follow) StdoutLine: {'line': b'-- The C compiler identification is GNU 9.4.0\n'}
[23.258911] (-) TimerEvent: {}
[23.354777] (pure_pursuit) StdoutLine: {'line': b'-- Looking for pthread_create in pthread - found\n'}
[23.359163] (-) TimerEvent: {}
[23.363817] (pure_pursuit) StdoutLine: {'line': b'-- Found Threads: TRUE  \n'}
[23.373799] (safety_node) StdoutLine: {'line': b'-- Found rclcpp: 2.4.3 (/opt/ros/foxy/share/rclcpp/cmake)\n'}
[23.459384] (-) TimerEvent: {}
[23.560322] (-) TimerEvent: {}
[23.620474] (realsense2_camera_msgs) StdoutLine: {'line': b'[ 16%] \x1b[32mBuilding C object CMakeFiles/realsense2_camera_msgs__rosidl_generator_c.dir/rosidl_generator_c/realsense2_camera_msgs/action/detail/triggered_calibration__functions.c.o\x1b[0m\n'}
[23.660584] (-) TimerEvent: {}
[23.761600] (-) TimerEvent: {}
[23.764512] (wall_follow) StdoutLine: {'line': b'-- The CXX compiler identification is GNU 9.4.0\n'}
[23.824734] (wall_follow) StdoutLine: {'line': b'-- Check for working C compiler: /usr/bin/cc\n'}
[23.861833] (-) TimerEvent: {}
[23.873120] (safety_node) StdoutLine: {'line': b'-- Using all available rosidl_typesupport_c: rosidl_typesupport_fastrtps_c;rosidl_typesupport_introspection_c\n'}
[23.921757] (safety_node) StdoutLine: {'line': b'-- Found rosidl_adapter: 1.3.1 (/opt/ros/foxy/share/rosidl_adapter/cmake)\n'}
[23.977071] (-) TimerEvent: {}
[24.078138] (-) TimerEvent: {}
[24.187217] (-) TimerEvent: {}
[24.289039] (-) TimerEvent: {}
[24.390045] (-) TimerEvent: {}
[24.406203] (realsense2_camera_msgs) StdoutLine: {'line': b'\x1b[35m\x1b[1mScanning dependencies of target realsense2_camera_msgs__rosidl_typesupport_introspection_cpp\x1b[0m\n'}
[24.490316] (-) TimerEvent: {}
[24.591413] (-) TimerEvent: {}
[24.669624] (realsense2_camera_msgs) StdoutLine: {'line': b'[ 17%] \x1b[32mBuilding CXX object CMakeFiles/realsense2_camera_msgs__rosidl_typesupport_introspection_cpp.dir/rosidl_typesupport_introspection_cpp/realsense2_camera_msgs/msg/detail/imu_info__type_support.cpp.o\x1b[0m\n'}
[24.691684] (-) TimerEvent: {}
[24.758643] (wall_follow) StdoutLine: {'line': b'-- Check for working C compiler: /usr/bin/cc -- works\n'}
[24.770662] (wall_follow) StdoutLine: {'line': b'-- Detecting C compiler ABI info\n'}
[24.792250] (-) TimerEvent: {}
[24.867783] (safety_node) StdoutLine: {'line': b'-- Found OpenSSL: /usr/lib/aarch64-linux-gnu/libcrypto.so (found version "1.1.1f")  \n'}
[24.892521] (-) TimerEvent: {}
[24.942957] (pure_pursuit) StdoutLine: {'line': b'-- Found rclpy: 1.0.13 (/opt/ros/foxy/share/rclpy/cmake)\n'}
[24.954525] (pure_pursuit) StdoutLine: {'line': b'-- Found geometry_msgs: 2.0.5 (/opt/ros/foxy/share/geometry_msgs/cmake)\n'}
[24.993285] (-) TimerEvent: {}
[25.085098] (realsense2_camera_msgs) StdoutLine: {'line': b'[ 18%] \x1b[32m\x1b[1mLinking C shared library librealsense2_camera_msgs__rosidl_generator_c.so\x1b[0m\n'}
[25.093965] (-) TimerEvent: {}
[25.158419] (safety_node) StdoutLine: {'line': b'-- Found FastRTPS: /opt/ros/foxy/include  \n'}
[25.194569] (-) TimerEvent: {}
[25.289829] (pure_pursuit) StdoutLine: {'line': b'-- Found nav_msgs: 2.0.5 (/opt/ros/foxy/share/nav_msgs/cmake)\n'}
[25.294732] (-) TimerEvent: {}
[25.295812] (realsense2_camera_msgs) StdoutLine: {'line': b'\x1b[35m\x1b[1mScanning dependencies of target realsense2_camera_msgs__rosidl_typesupport_fastrtps_cpp\x1b[0m\n'}
[25.395014] (-) TimerEvent: {}
[25.432305] (wall_follow) StdoutLine: {'line': b'-- Detecting C compiler ABI info - done\n'}
[25.495282] (-) TimerEvent: {}
[25.501205] (realsense2_camera_msgs) StdoutLine: {'line': b'[ 18%] Built target realsense2_camera_msgs__rosidl_generator_c\n'}
[25.545215] (wall_follow) StdoutLine: {'line': b'-- Detecting C compile features\n'}
[25.560548] (wall_follow) StdoutLine: {'line': b'-- Detecting C compile features - done\n'}
[25.590931] (wall_follow) StdoutLine: {'line': b'-- Check for working CXX compiler: /usr/bin/c++\n'}
[25.595499] (-) TimerEvent: {}
[25.632470] (realsense2_camera_msgs) StdoutLine: {'line': b'[ 19%] \x1b[34m\x1b[1mGenerating C introspection for ROS interfaces\x1b[0m\n'}
[25.676509] (realsense2_camera_msgs) StdoutLine: {'line': b'[ 20%] \x1b[32mBuilding CXX object CMakeFiles/realsense2_camera_msgs__rosidl_typesupport_fastrtps_cpp.dir/rosidl_typesupport_fastrtps_cpp/realsense2_camera_msgs/msg/detail/dds_fastrtps/imu_info__type_support.cpp.o\x1b[0m\n'}
[25.695716] (-) TimerEvent: {}
[25.797112] (-) TimerEvent: {}
[25.898046] (-) TimerEvent: {}
[25.986640] (pure_pursuit) StdoutLine: {'line': b'-- Found ackermann_msgs: 2.0.2 (/opt/ros/foxy/share/ackermann_msgs/cmake)\n'}
[25.998258] (-) TimerEvent: {}
[26.073773] (safety_node) StdoutLine: {'line': b'-- Using all available rosidl_typesupport_cpp: rosidl_typesupport_fastrtps_cpp;rosidl_typesupport_introspection_cpp\n'}
[26.098585] (-) TimerEvent: {}
[26.199996] (-) TimerEvent: {}
[26.271104] (pure_pursuit) StdoutLine: {'line': b'-- Found sensor_msgs: 2.0.5 (/opt/ros/foxy/share/sensor_msgs/cmake)\n'}
[26.300279] (-) TimerEvent: {}
[26.324576] (realsense2_camera_msgs) StdoutLine: {'line': b'[ 21%] \x1b[32mBuilding CXX object CMakeFiles/realsense2_camera_msgs__rosidl_typesupport_cpp.dir/rosidl_typesupport_cpp/realsense2_camera_msgs/msg/extrinsics__type_support.cpp.o\x1b[0m\n'}
[26.400449] (-) TimerEvent: {}
[26.501895] (-) TimerEvent: {}
[26.563587] (wall_follow) StdoutLine: {'line': b'-- Check for working CXX compiler: /usr/bin/c++ -- works\n'}
[26.574128] (wall_follow) StdoutLine: {'line': b'-- Detecting CXX compiler ABI info\n'}
[26.577107] (safety_node) StdoutLine: {'line': b'-- Found rmw_implementation_cmake: 1.0.4 (/opt/ros/foxy/share/rmw_implementation_cmake/cmake)\n'}
[26.602124] (safety_node) StdoutLine: {'line': b"-- Using RMW implementation 'rmw_fastrtps_cpp' as default\n"}
[26.602780] (-) TimerEvent: {}
[26.606739] (safety_node) StdoutLine: {'line': b'-- Looking for pthread.h\n'}
[26.703040] (-) TimerEvent: {}
[26.739489] (pure_pursuit) StdoutLine: {'line': b'-- Found visualization_msgs: 2.0.5 (/opt/ros/foxy/share/visualization_msgs/cmake)\n'}
[26.803240] (-) TimerEvent: {}
[26.904260] (-) TimerEvent: {}
[27.005380] (-) TimerEvent: {}
[27.106333] (-) TimerEvent: {}
[27.207347] (-) TimerEvent: {}
[27.308285] (-) TimerEvent: {}
[27.345962] (pure_pursuit) StdoutLine: {'line': b'-- Found tf2_ros: 0.13.14 (/opt/ros/foxy/share/tf2_ros/cmake)\n'}
[27.398843] (realsense2_camera_msgs) StdoutLine: {'line': b'[ 22%] \x1b[32mBuilding CXX object CMakeFiles/realsense2_camera_msgs__rosidl_typesupport_introspection_cpp.dir/rosidl_typesupport_introspection_cpp/realsense2_camera_msgs/msg/detail/extrinsics__type_support.cpp.o\x1b[0m\n'}
[27.408527] (-) TimerEvent: {}
[27.509612] (-) TimerEvent: {}
[27.582131] (wall_follow) StdoutLine: {'line': b'-- Detecting CXX compiler ABI info - done\n'}
[27.597520] (safety_node) StdoutLine: {'line': b'-- Looking for pthread.h - found\n'}
[27.598993] (safety_node) StdoutLine: {'line': b'-- Performing Test CMAKE_HAVE_LIBC_PTHREAD\n'}
[27.609822] (-) TimerEvent: {}
[27.710787] (-) TimerEvent: {}
[27.721290] (wall_follow) StdoutLine: {'line': b'-- Detecting CXX compile features\n'}
[27.730889] (wall_follow) StdoutLine: {'line': b'-- Detecting CXX compile features - done\n'}
[27.757022] (wall_follow) StdoutLine: {'line': b'-- Found ament_cmake: 0.9.12 (/opt/ros/foxy/share/ament_cmake/cmake)\n'}
[27.811049] (-) TimerEvent: {}
[27.912016] (-) TimerEvent: {}
[28.000721] (wall_follow) StdoutLine: {'line': b'-- Found PythonInterp: /usr/bin/python3 (found suitable version "3.8.10", minimum required is "3") \n'}
[28.002469] (wall_follow) StdoutLine: {'line': b'-- Using PYTHON_EXECUTABLE: /usr/bin/python3\n'}
[28.012240] (-) TimerEvent: {}
[28.113666] (-) TimerEvent: {}
[28.215207] (-) TimerEvent: {}
[28.316437] (-) TimerEvent: {}
[28.417358] (-) TimerEvent: {}
[28.490857] (safety_node) StdoutLine: {'line': b'-- Performing Test CMAKE_HAVE_LIBC_PTHREAD - Failed\n'}
[28.492587] (safety_node) StdoutLine: {'line': b'-- Looking for pthread_create in pthreads\n'}
[28.517570] (-) TimerEvent: {}
[28.618508] (-) TimerEvent: {}
[28.719444] (-) TimerEvent: {}
[28.820369] (-) TimerEvent: {}
[28.921307] (-) TimerEvent: {}
[28.933663] (realsense2_camera_msgs) StdoutLine: {'line': b'[ 24%] \x1b[32mBuilding CXX object CMakeFiles/realsense2_camera_msgs__rosidl_typesupport_cpp.dir/rosidl_typesupport_cpp/realsense2_camera_msgs/msg/metadata__type_support.cpp.o\x1b[0m\n'}
[29.021554] (-) TimerEvent: {}
[29.122498] (-) TimerEvent: {}
[29.204681] (safety_node) StdoutLine: {'line': b'-- Looking for pthread_create in pthreads - not found\n'}
[29.210159] (safety_node) StdoutLine: {'line': b'-- Looking for pthread_create in pthread\n'}
[29.222692] (-) TimerEvent: {}
[29.323533] (-) TimerEvent: {}
[29.424436] (-) TimerEvent: {}
[29.525291] (-) TimerEvent: {}
[29.626221] (-) TimerEvent: {}
[29.727149] (-) TimerEvent: {}
[29.827996] (-) TimerEvent: {}
[29.928853] (-) TimerEvent: {}
[30.031007] (-) TimerEvent: {}
[30.131893] (-) TimerEvent: {}
[30.197830] (safety_node) StdoutLine: {'line': b'-- Looking for pthread_create in pthread - found\n'}
[30.211129] (safety_node) StdoutLine: {'line': b'-- Found Threads: TRUE  \n'}
[30.232084] (-) TimerEvent: {}
[30.316894] (wall_follow) StdoutLine: {'line': b'-- Found rclcpp: 2.4.3 (/opt/ros/foxy/share/rclcpp/cmake)\n'}
[30.325153] (pure_pursuit) StdoutLine: {'line': b'-- Found ament_lint_auto: 0.9.8 (/opt/ros/foxy/share/ament_lint_auto/cmake)\n'}
[30.332630] (-) TimerEvent: {}
[30.433621] (-) TimerEvent: {}
[30.480546] (realsense2_camera_msgs) StdoutLine: {'line': b'[ 25%] \x1b[32mBuilding CXX object CMakeFiles/realsense2_camera_msgs__rosidl_typesupport_fastrtps_cpp.dir/rosidl_typesupport_fastrtps_cpp/realsense2_camera_msgs/msg/detail/dds_fastrtps/extrinsics__type_support.cpp.o\x1b[0m\n'}
[30.533846] (-) TimerEvent: {}
[30.634820] (-) TimerEvent: {}
[30.687101] (wall_follow) StdoutLine: {'line': b'-- Using all available rosidl_typesupport_c: rosidl_typesupport_fastrtps_c;rosidl_typesupport_introspection_c\n'}
[30.735025] (-) TimerEvent: {}
[30.736060] (wall_follow) StdoutLine: {'line': b'-- Found rosidl_adapter: 1.3.1 (/opt/ros/foxy/share/rosidl_adapter/cmake)\n'}
[30.835229] (-) TimerEvent: {}
[30.936122] (-) TimerEvent: {}
[30.981973] (realsense2_camera_msgs) StdoutLine: {'line': b'[ 26%] \x1b[32mBuilding CXX object CMakeFiles/realsense2_camera_msgs__rosidl_typesupport_introspection_cpp.dir/rosidl_typesupport_introspection_cpp/realsense2_camera_msgs/msg/detail/metadata__type_support.cpp.o\x1b[0m\n'}
[31.036324] (-) TimerEvent: {}
[31.137267] (-) TimerEvent: {}
[31.238276] (-) TimerEvent: {}
[31.285111] (pure_pursuit) StdoutLine: {'line': b"-- Added test 'copyright' to check source files copyright and LICENSE\n"}
[31.318679] (pure_pursuit) StdoutLine: {'line': b"-- Added test 'flake8' to check Python code syntax and style conventions\n"}
[31.330562] (pure_pursuit) StdoutLine: {'line': b"-- Added test 'lint_cmake' to check CMake code style\n"}
[31.332669] (pure_pursuit) StdoutLine: {'line': b"-- Added test 'pep257' to check Python code against some of the style conventions in PEP 257\n"}
[31.338554] (-) TimerEvent: {}
[31.349138] (pure_pursuit) StdoutLine: {'line': b"-- Added test 'xmllint' to check XML markup files\n"}
[31.393782] (pure_pursuit) StdoutLine: {'line': b'-- Configuring done\n'}
[31.427683] (pure_pursuit) StdoutLine: {'line': b'-- Generating done\n'}
[31.438921] (-) TimerEvent: {}
[31.458487] (pure_pursuit) StdoutLine: {'line': b'-- Build files have been written to: /home/f1tenth/f1tenth_mrc_ws/build/pure_pursuit\n'}
[31.496069] (wall_follow) StdoutLine: {'line': b'-- Found OpenSSL: /usr/lib/aarch64-linux-gnu/libcrypto.so (found version "1.1.1f")  \n'}
[31.539193] (-) TimerEvent: {}
[31.603934] (pure_pursuit) CommandEnded: {'returncode': 0}
[31.606843] (pure_pursuit) JobProgress: {'identifier': 'pure_pursuit', 'progress': 'build'}
[31.613266] (pure_pursuit) Command: {'cmd': ['/usr/bin/cmake', '--build', '/home/f1tenth/f1tenth_mrc_ws/build/pure_pursuit', '--', '-j4', '-l4'], 'cwd': '/home/f1tenth/f1tenth_mrc_ws/build/pure_pursuit', 'env': OrderedDict([('GJS_DEBUG_TOPICS', 'JS ERROR;JS LOG'), ('LESSOPEN', '| /usr/bin/lesspipe %s'), ('USER', 'f1tenth'), ('LC_TIME', 'bs_BA.UTF-8'), ('SSH_AGENT_PID', '2722'), ('XDG_SESSION_TYPE', 'x11'), ('SHLVL', '1'), ('LD_LIBRARY_PATH', '/opt/ros/foxy/opt/yaml_cpp_vendor/lib:/opt/ros/foxy/opt/rviz_ogre_vendor/lib:/opt/ros/foxy/lib/aarch64-linux-gnu:/opt/ros/foxy/lib'), ('HOME', '/home/f1tenth'), ('OLDPWD', '/home/f1tenth/f1tenth_mrc_ws/src'), ('DESKTOP_SESSION', 'ubuntu'), ('JETSON_L4T', '35.1.0'), ('GIO_LAUNCHED_DESKTOP_FILE', '/usr/share/applications/terminator.desktop'), ('ROS_PYTHON_VERSION', '3'), ('GNOME_SHELL_SESSION_MODE', 'ubuntu'), ('GTK_MODULES', 'gail:atk-bridge'), ('JETSON_MODEL', 'NVIDIA Jetson Xavier NX Developer Kit'), ('LC_MONETARY', 'bs_BA.UTF-8'), ('MANAGERPID', '2456'), ('DBUS_SESSION_BUS_ADDRESS', 'unix:path=/run/user/1000/bus'), ('COLORTERM', 'truecolor'), ('TERMINATOR_DBUS_NAME', 'net.tenshu.Terminator21a9d5db22c73a993ff0b42f64b396873'), ('GIO_LAUNCHED_DESKTOP_FILE_PID', '3398'), ('_colcon_cd_root', '/opt/ros/foxy/'), ('IM_CONFIG_PHASE', '1'), ('ROS_DISTRO', 'foxy'), ('LOGNAME', 'f1tenth'), ('JETSON_MODULE', 'NVIDIA Jetson Xavier NX (Developer kit)'), ('JETSON_SERIAL_NUMBER', '1422420033521'), ('JOURNAL_STREAM', '7:52952'), ('_', '/usr/bin/colcon'), ('ROS_VERSION', '2'), ('JETSON_CODENAME', 'Jakku'), ('XDG_SESSION_CLASS', 'user'), ('USERNAME', 'f1tenth'), ('TERM', 'xterm-256color'), ('GNOME_DESKTOP_SESSION_ID', 'this-is-deprecated'), ('ROS_LOCALHOST_ONLY', '0'), ('WINDOWPATH', '2'), ('PATH', '/opt/ros/foxy/bin:/home/f1tenth/.local/bin:/usr/local/sbin:/usr/local/bin:/usr/sbin:/usr/bin:/sbin:/bin:/usr/games:/usr/local/games:/snap/bin'), ('SESSION_MANAGER', 'local/f1tenth-desktop:@/tmp/.ICE-unix/2757,unix/f1tenth-desktop:/tmp/.ICE-unix/2757'), ('INVOCATION_ID', 'bd1f5b7138a241e9935586b351aafc78'), ('XDG_MENU_PREFIX', 'gnome-'), ('LC_ADDRESS', 'bs_BA.UTF-8'), ('XDG_RUNTIME_DIR', '/run/user/1000'), ('DISPLAY', ':0'), ('TERMINATOR_DBUS_PATH', '/net/tenshu/Terminator2'), ('LANG', 'en_US.UTF-8'), ('XDG_CURRENT_DESKTOP', 'ubuntu:GNOME'), ('LC_TELEPHONE', 'bs_BA.UTF-8'), ('XMODIFIERS', '@im=ibus'), ('XDG_SESSION_DESKTOP', 'ubuntu'), ('XAUTHORITY', '/run/user/1000/gdm/Xauthority'), ('LS_COLORS', 'rs=0:di=01;34:ln=01;36:mh=00:pi=40;33:so=01;35:do=01;35:bd=40;33;01:cd=40;33;01:or=40;31;01:mi=00:su=37;41:sg=30;43:ca=30;41:tw=30;42:ow=34;42:st=37;44:ex=01;32:*.tar=01;31:*.tgz=01;31:*.arc=01;31:*.arj=01;31:*.taz=01;31:*.lha=01;31:*.lz4=01;31:*.lzh=01;31:*.lzma=01;31:*.tlz=01;31:*.txz=01;31:*.tzo=01;31:*.t7z=01;31:*.zip=01;31:*.z=01;31:*.dz=01;31:*.gz=01;31:*.lrz=01;31:*.lz=01;31:*.lzo=01;31:*.xz=01;31:*.zst=01;31:*.tzst=01;31:*.bz2=01;31:*.bz=01;31:*.tbz=01;31:*.tbz2=01;31:*.tz=01;31:*.deb=01;31:*.rpm=01;31:*.jar=01;31:*.war=01;31:*.ear=01;31:*.sar=01;31:*.rar=01;31:*.alz=01;31:*.ace=01;31:*.zoo=01;31:*.cpio=01;31:*.7z=01;31:*.rz=01;31:*.cab=01;31:*.wim=01;31:*.swm=01;31:*.dwm=01;31:*.esd=01;31:*.jpg=01;35:*.jpeg=01;35:*.mjpg=01;35:*.mjpeg=01;35:*.gif=01;35:*.bmp=01;35:*.pbm=01;35:*.pgm=01;35:*.ppm=01;35:*.tga=01;35:*.xbm=01;35:*.xpm=01;35:*.tif=01;35:*.tiff=01;35:*.png=01;35:*.svg=01;35:*.svgz=01;35:*.mng=01;35:*.pcx=01;35:*.mov=01;35:*.mpg=01;35:*.mpeg=01;35:*.m2v=01;35:*.mkv=01;35:*.webm=01;35:*.ogm=01;35:*.mp4=01;35:*.m4v=01;35:*.mp4v=01;35:*.vob=01;35:*.qt=01;35:*.nuv=01;35:*.wmv=01;35:*.asf=01;35:*.rm=01;35:*.rmvb=01;35:*.flc=01;35:*.avi=01;35:*.fli=01;35:*.flv=01;35:*.gl=01;35:*.dl=01;35:*.xcf=01;35:*.xwd=01;35:*.yuv=01;35:*.cgm=01;35:*.emf=01;35:*.ogv=01;35:*.ogx=01;35:*.aac=00;36:*.au=00;36:*.flac=00;36:*.m4a=00;36:*.mid=00;36:*.midi=00;36:*.mka=00;36:*.mp3=00;36:*.mpc=00;36:*.ogg=00;36:*.ra=00;36:*.wav=00;36:*.oga=00;36:*.opus=00;36:*.spx=00;36:*.xspf=00;36:'), ('JETSON_SOC', 'tegra194'), ('SSH_AUTH_SOCK', '/run/user/1000/keyring/ssh'), ('ROS_DOMAIN_ID', '6'), ('AMENT_PREFIX_PATH', '/opt/ros/foxy'), ('SHELL', '/bin/bash'), ('CMAKE_ARGS', '-DBUILD_WITH_OPENMP=OFF'), ('LC_NAME', 'bs_BA.UTF-8'), ('TERMINATOR_UUID', 'urn:uuid:0a99abc2-9966-4d5d-a08b-faa1cb518880'), ('QT_ACCESSIBILITY', '1'), ('GDMSESSION', 'ubuntu'), ('LESSCLOSE', '/usr/bin/lesspipe %s %s'), ('LC_MEASUREMENT', 'bs_BA.UTF-8'), ('GPG_AGENT_INFO', '/run/user/1000/gnupg/S.gpg-agent:0:1'), ('GJS_DEBUG_OUTPUT', 'stderr'), ('LC_IDENTIFICATION', 'bs_BA.UTF-8'), ('QT_IM_MODULE', 'ibus'), ('JETSON_CUDA_ARCH_BIN', '7.2'), ('PWD', '/home/f1tenth/f1tenth_mrc_ws/build/pure_pursuit'), ('LC_ALL', 'en_US.UTF-8'), ('XDG_CONFIG_DIRS', '/etc/xdg/xdg-ubuntu:/etc/xdg'), ('XDG_DATA_DIRS', '/usr/share/ubuntu:/usr/local/share/:/usr/share/:/var/lib/snapd/desktop'), ('PYTHONPATH', '/opt/ros/foxy/lib/python3.8/site-packages'), ('LC_NUMERIC', 'bs_BA.UTF-8'), ('LC_PAPER', 'bs_BA.UTF-8'), ('COLCON', '1'), ('VTE_VERSION', '6003'), ('JETSON_JETPACK', '5.0.2 GA'), ('JETSON_P_NUMBER', 'p3668-0000'), ('CMAKE_PREFIX_PATH', '/opt/ros/foxy')]), 'shell': False}
[31.639450] (-) TimerEvent: {}
[31.665604] (realsense2_camera_msgs) StdoutLine: {'line': b'[ 27%] \x1b[32mBuilding CXX object CMakeFiles/realsense2_camera_msgs__rosidl_typesupport_cpp.dir/rosidl_typesupport_cpp/realsense2_camera_msgs/msg/rgbd__type_support.cpp.o\x1b[0m\n'}
[31.739680] (-) TimerEvent: {}
[31.769294] (safety_node) StdoutLine: {'line': b'-- Found rclpy: 1.0.13 (/opt/ros/foxy/share/rclpy/cmake)\n'}
[31.772943] (wall_follow) StdoutLine: {'line': b'-- Found FastRTPS: /opt/ros/foxy/include  \n'}
[31.789963] (safety_node) StdoutLine: {'line': b'-- Found nav_msgs: 2.0.5 (/opt/ros/foxy/share/nav_msgs/cmake)\n'}
[31.839893] (-) TimerEvent: {}
[31.940868] (-) TimerEvent: {}
[32.042610] (-) TimerEvent: {}
[32.077471] (pure_pursuit) CommandEnded: {'returncode': 0}
[32.079769] (pure_pursuit) JobProgress: {'identifier': 'pure_pursuit', 'progress': 'install'}
[32.079900] (pure_pursuit) Command: {'cmd': ['/usr/bin/cmake', '--install', '/home/f1tenth/f1tenth_mrc_ws/build/pure_pursuit'], 'cwd': '/home/f1tenth/f1tenth_mrc_ws/build/pure_pursuit', 'env': OrderedDict([('GJS_DEBUG_TOPICS', 'JS ERROR;JS LOG'), ('LESSOPEN', '| /usr/bin/lesspipe %s'), ('USER', 'f1tenth'), ('LC_TIME', 'bs_BA.UTF-8'), ('SSH_AGENT_PID', '2722'), ('XDG_SESSION_TYPE', 'x11'), ('SHLVL', '1'), ('LD_LIBRARY_PATH', '/opt/ros/foxy/opt/yaml_cpp_vendor/lib:/opt/ros/foxy/opt/rviz_ogre_vendor/lib:/opt/ros/foxy/lib/aarch64-linux-gnu:/opt/ros/foxy/lib'), ('HOME', '/home/f1tenth'), ('OLDPWD', '/home/f1tenth/f1tenth_mrc_ws/src'), ('DESKTOP_SESSION', 'ubuntu'), ('JETSON_L4T', '35.1.0'), ('GIO_LAUNCHED_DESKTOP_FILE', '/usr/share/applications/terminator.desktop'), ('ROS_PYTHON_VERSION', '3'), ('GNOME_SHELL_SESSION_MODE', 'ubuntu'), ('GTK_MODULES', 'gail:atk-bridge'), ('JETSON_MODEL', 'NVIDIA Jetson Xavier NX Developer Kit'), ('LC_MONETARY', 'bs_BA.UTF-8'), ('MANAGERPID', '2456'), ('DBUS_SESSION_BUS_ADDRESS', 'unix:path=/run/user/1000/bus'), ('COLORTERM', 'truecolor'), ('TERMINATOR_DBUS_NAME', 'net.tenshu.Terminator21a9d5db22c73a993ff0b42f64b396873'), ('GIO_LAUNCHED_DESKTOP_FILE_PID', '3398'), ('_colcon_cd_root', '/opt/ros/foxy/'), ('IM_CONFIG_PHASE', '1'), ('ROS_DISTRO', 'foxy'), ('LOGNAME', 'f1tenth'), ('JETSON_MODULE', 'NVIDIA Jetson Xavier NX (Developer kit)'), ('JETSON_SERIAL_NUMBER', '1422420033521'), ('JOURNAL_STREAM', '7:52952'), ('_', '/usr/bin/colcon'), ('ROS_VERSION', '2'), ('JETSON_CODENAME', 'Jakku'), ('XDG_SESSION_CLASS', 'user'), ('USERNAME', 'f1tenth'), ('TERM', 'xterm-256color'), ('GNOME_DESKTOP_SESSION_ID', 'this-is-deprecated'), ('ROS_LOCALHOST_ONLY', '0'), ('WINDOWPATH', '2'), ('PATH', '/opt/ros/foxy/bin:/home/f1tenth/.local/bin:/usr/local/sbin:/usr/local/bin:/usr/sbin:/usr/bin:/sbin:/bin:/usr/games:/usr/local/games:/snap/bin'), ('SESSION_MANAGER', 'local/f1tenth-desktop:@/tmp/.ICE-unix/2757,unix/f1tenth-desktop:/tmp/.ICE-unix/2757'), ('INVOCATION_ID', 'bd1f5b7138a241e9935586b351aafc78'), ('XDG_MENU_PREFIX', 'gnome-'), ('LC_ADDRESS', 'bs_BA.UTF-8'), ('XDG_RUNTIME_DIR', '/run/user/1000'), ('DISPLAY', ':0'), ('TERMINATOR_DBUS_PATH', '/net/tenshu/Terminator2'), ('LANG', 'en_US.UTF-8'), ('XDG_CURRENT_DESKTOP', 'ubuntu:GNOME'), ('LC_TELEPHONE', 'bs_BA.UTF-8'), ('XMODIFIERS', '@im=ibus'), ('XDG_SESSION_DESKTOP', 'ubuntu'), ('XAUTHORITY', '/run/user/1000/gdm/Xauthority'), ('LS_COLORS', 'rs=0:di=01;34:ln=01;36:mh=00:pi=40;33:so=01;35:do=01;35:bd=40;33;01:cd=40;33;01:or=40;31;01:mi=00:su=37;41:sg=30;43:ca=30;41:tw=30;42:ow=34;42:st=37;44:ex=01;32:*.tar=01;31:*.tgz=01;31:*.arc=01;31:*.arj=01;31:*.taz=01;31:*.lha=01;31:*.lz4=01;31:*.lzh=01;31:*.lzma=01;31:*.tlz=01;31:*.txz=01;31:*.tzo=01;31:*.t7z=01;31:*.zip=01;31:*.z=01;31:*.dz=01;31:*.gz=01;31:*.lrz=01;31:*.lz=01;31:*.lzo=01;31:*.xz=01;31:*.zst=01;31:*.tzst=01;31:*.bz2=01;31:*.bz=01;31:*.tbz=01;31:*.tbz2=01;31:*.tz=01;31:*.deb=01;31:*.rpm=01;31:*.jar=01;31:*.war=01;31:*.ear=01;31:*.sar=01;31:*.rar=01;31:*.alz=01;31:*.ace=01;31:*.zoo=01;31:*.cpio=01;31:*.7z=01;31:*.rz=01;31:*.cab=01;31:*.wim=01;31:*.swm=01;31:*.dwm=01;31:*.esd=01;31:*.jpg=01;35:*.jpeg=01;35:*.mjpg=01;35:*.mjpeg=01;35:*.gif=01;35:*.bmp=01;35:*.pbm=01;35:*.pgm=01;35:*.ppm=01;35:*.tga=01;35:*.xbm=01;35:*.xpm=01;35:*.tif=01;35:*.tiff=01;35:*.png=01;35:*.svg=01;35:*.svgz=01;35:*.mng=01;35:*.pcx=01;35:*.mov=01;35:*.mpg=01;35:*.mpeg=01;35:*.m2v=01;35:*.mkv=01;35:*.webm=01;35:*.ogm=01;35:*.mp4=01;35:*.m4v=01;35:*.mp4v=01;35:*.vob=01;35:*.qt=01;35:*.nuv=01;35:*.wmv=01;35:*.asf=01;35:*.rm=01;35:*.rmvb=01;35:*.flc=01;35:*.avi=01;35:*.fli=01;35:*.flv=01;35:*.gl=01;35:*.dl=01;35:*.xcf=01;35:*.xwd=01;35:*.yuv=01;35:*.cgm=01;35:*.emf=01;35:*.ogv=01;35:*.ogx=01;35:*.aac=00;36:*.au=00;36:*.flac=00;36:*.m4a=00;36:*.mid=00;36:*.midi=00;36:*.mka=00;36:*.mp3=00;36:*.mpc=00;36:*.ogg=00;36:*.ra=00;36:*.wav=00;36:*.oga=00;36:*.opus=00;36:*.spx=00;36:*.xspf=00;36:'), ('JETSON_SOC', 'tegra194'), ('SSH_AUTH_SOCK', '/run/user/1000/keyring/ssh'), ('ROS_DOMAIN_ID', '6'), ('AMENT_PREFIX_PATH', '/opt/ros/foxy'), ('SHELL', '/bin/bash'), ('CMAKE_ARGS', '-DBUILD_WITH_OPENMP=OFF'), ('LC_NAME', 'bs_BA.UTF-8'), ('TERMINATOR_UUID', 'urn:uuid:0a99abc2-9966-4d5d-a08b-faa1cb518880'), ('QT_ACCESSIBILITY', '1'), ('GDMSESSION', 'ubuntu'), ('LESSCLOSE', '/usr/bin/lesspipe %s %s'), ('LC_MEASUREMENT', 'bs_BA.UTF-8'), ('GPG_AGENT_INFO', '/run/user/1000/gnupg/S.gpg-agent:0:1'), ('GJS_DEBUG_OUTPUT', 'stderr'), ('LC_IDENTIFICATION', 'bs_BA.UTF-8'), ('QT_IM_MODULE', 'ibus'), ('JETSON_CUDA_ARCH_BIN', '7.2'), ('PWD', '/home/f1tenth/f1tenth_mrc_ws/build/pure_pursuit'), ('LC_ALL', 'en_US.UTF-8'), ('XDG_CONFIG_DIRS', '/etc/xdg/xdg-ubuntu:/etc/xdg'), ('XDG_DATA_DIRS', '/usr/share/ubuntu:/usr/local/share/:/usr/share/:/var/lib/snapd/desktop'), ('PYTHONPATH', '/opt/ros/foxy/lib/python3.8/site-packages'), ('LC_NUMERIC', 'bs_BA.UTF-8'), ('LC_PAPER', 'bs_BA.UTF-8'), ('COLCON', '1'), ('VTE_VERSION', '6003'), ('JETSON_JETPACK', '5.0.2 GA'), ('JETSON_P_NUMBER', 'p3668-0000'), ('CMAKE_PREFIX_PATH', '/opt/ros/foxy')]), 'shell': False}
[32.143375] (-) TimerEvent: {}
[32.181812] (pure_pursuit) StdoutLine: {'line': b'-- Install configuration: ""\n'}
[32.183893] (pure_pursuit) StdoutLine: {'line': b'-- Installing: /home/f1tenth/f1tenth_mrc_ws/install/pure_pursuit/share/pure_pursuit/environment/pythonpath.sh\n'}
[32.184448] (pure_pursuit) StdoutLine: {'line': b'-- Installing: /home/f1tenth/f1tenth_mrc_ws/install/pure_pursuit/share/pure_pursuit/environment/pythonpath.dsv\n'}
[32.191038] (pure_pursuit) StdoutLine: {'line': b'-- Installing: /home/f1tenth/f1tenth_mrc_ws/install/pure_pursuit/lib/python3.8/site-packages/pure_pursuit\n'}
[32.191816] (pure_pursuit) StdoutLine: {'line': b'-- Installing: /home/f1tenth/f1tenth_mrc_ws/install/pure_pursuit/lib/python3.8/site-packages/pure_pursuit/__init__.py\n'}
[32.243431] (-) TimerEvent: {}
[32.344439] (-) TimerEvent: {}
[32.445444] (-) TimerEvent: {}
[32.522117] (pure_pursuit) StdoutLine: {'line': b"Listing '/home/f1tenth/f1tenth_mrc_ws/install/pure_pursuit/lib/python3.8/site-packages/pure_pursuit'...\n"}
[32.523640] (pure_pursuit) StdoutLine: {'line': b"Compiling '/home/f1tenth/f1tenth_mrc_ws/install/pure_pursuit/lib/python3.8/site-packages/pure_pursuit/__init__.py'...\n"}
[32.545784] (-) TimerEvent: {}
[32.550085] (safety_node) StdoutLine: {'line': b'-- Found ackermann_msgs: 2.0.2 (/opt/ros/foxy/share/ackermann_msgs/cmake)\n'}
[32.565147] (pure_pursuit) StdoutLine: {'line': b'-- Installing: /home/f1tenth/f1tenth_mrc_ws/install/pure_pursuit/lib/pure_pursuit/pure_pursuit_node.py\n'}
[32.567054] (pure_pursuit) StdoutLine: {'line': b'-- Installing: /home/f1tenth/f1tenth_mrc_ws/install/pure_pursuit/share/ament_index/resource_index/package_run_dependencies/pure_pursuit\n'}
[32.568222] (pure_pursuit) StdoutLine: {'line': b'-- Installing: /home/f1tenth/f1tenth_mrc_ws/install/pure_pursuit/share/ament_index/resource_index/parent_prefix_path/pure_pursuit\n'}
[32.568839] (pure_pursuit) StdoutLine: {'line': b'-- Installing: /home/f1tenth/f1tenth_mrc_ws/install/pure_pursuit/share/pure_pursuit/environment/ament_prefix_path.sh\n'}
[32.569516] (pure_pursuit) StdoutLine: {'line': b'-- Installing: /home/f1tenth/f1tenth_mrc_ws/install/pure_pursuit/share/pure_pursuit/environment/ament_prefix_path.dsv\n'}
[32.570212] (pure_pursuit) StdoutLine: {'line': b'-- Installing: /home/f1tenth/f1tenth_mrc_ws/install/pure_pursuit/share/pure_pursuit/environment/path.sh\n'}
[32.571094] (pure_pursuit) StdoutLine: {'line': b'-- Installing: /home/f1tenth/f1tenth_mrc_ws/install/pure_pursuit/share/pure_pursuit/environment/path.dsv\n'}
[32.571856] (pure_pursuit) StdoutLine: {'line': b'-- Installing: /home/f1tenth/f1tenth_mrc_ws/install/pure_pursuit/share/pure_pursuit/local_setup.bash\n'}
[32.572601] (pure_pursuit) StdoutLine: {'line': b'-- Installing: /home/f1tenth/f1tenth_mrc_ws/install/pure_pursuit/share/pure_pursuit/local_setup.sh\n'}
[32.576467] (pure_pursuit) StdoutLine: {'line': b'-- Installing: /home/f1tenth/f1tenth_mrc_ws/install/pure_pursuit/share/pure_pursuit/local_setup.zsh\n'}
[32.577261] (pure_pursuit) StdoutLine: {'line': b'-- Installing: /home/f1tenth/f1tenth_mrc_ws/install/pure_pursuit/share/pure_pursuit/local_setup.dsv\n'}
[32.584946] (pure_pursuit) StdoutLine: {'line': b'-- Installing: /home/f1tenth/f1tenth_mrc_ws/install/pure_pursuit/share/pure_pursuit/package.dsv\n'}
[32.591350] (pure_pursuit) StdoutLine: {'line': b'-- Installing: /home/f1tenth/f1tenth_mrc_ws/install/pure_pursuit/share/ament_index/resource_index/packages/pure_pursuit\n'}
[32.592276] (pure_pursuit) StdoutLine: {'line': b'-- Installing: /home/f1tenth/f1tenth_mrc_ws/install/pure_pursuit/share/pure_pursuit/cmake/pure_pursuitConfig.cmake\n'}
[32.592870] (pure_pursuit) StdoutLine: {'line': b'-- Installing: /home/f1tenth/f1tenth_mrc_ws/install/pure_pursuit/share/pure_pursuit/cmake/pure_pursuitConfig-version.cmake\n'}
[32.593754] (pure_pursuit) StdoutLine: {'line': b'-- Installing: /home/f1tenth/f1tenth_mrc_ws/install/pure_pursuit/share/pure_pursuit/package.xml\n'}
[32.611275] (pure_pursuit) CommandEnded: {'returncode': 0}
[32.651846] (wall_follow) StdoutLine: {'line': b'-- Using all available rosidl_typesupport_cpp: rosidl_typesupport_fastrtps_cpp;rosidl_typesupport_introspection_cpp\n'}
[32.653022] (-) TimerEvent: {}
[32.756538] (-) TimerEvent: {}
[32.798312] (pure_pursuit) JobEnded: {'identifier': 'pure_pursuit', 'rc': 0}
[32.811781] (waypoint_logger) JobStarted: {'identifier': 'waypoint_logger'}
[32.856806] (-) TimerEvent: {}
[32.905790] (safety_node) StdoutLine: {'line': b'-- Found sensor_msgs: 2.0.5 (/opt/ros/foxy/share/sensor_msgs/cmake)\n'}
[32.957913] (-) TimerEvent: {}
[33.059888] (-) TimerEvent: {}
[33.078220] (realsense2_camera_msgs) StdoutLine: {'line': b'\x1b[35m\x1b[1mScanning dependencies of target realsense2_camera_msgs__rosidl_typesupport_introspection_c\x1b[0m\n'}
[33.160153] (-) TimerEvent: {}
[33.262068] (-) TimerEvent: {}
[33.269585] (realsense2_camera_msgs) StdoutLine: {'line': b'[ 28%] \x1b[32mBuilding C object CMakeFiles/realsense2_camera_msgs__rosidl_typesupport_introspection_c.dir/rosidl_typesupport_introspection_c/realsense2_camera_msgs/msg/detail/imu_info__type_support.c.o\x1b[0m\n'}
[33.284922] (wall_follow) StdoutLine: {'line': b'-- Found rmw_implementation_cmake: 1.0.4 (/opt/ros/foxy/share/rmw_implementation_cmake/cmake)\n'}
[33.296864] (wall_follow) StdoutLine: {'line': b"-- Using RMW implementation 'rmw_fastrtps_cpp' as default\n"}
[33.316628] (wall_follow) StdoutLine: {'line': b'-- Looking for pthread.h\n'}
[33.361313] (-) TimerEvent: {}
[33.462695] (-) TimerEvent: {}
[33.563655] (-) TimerEvent: {}
[33.573592] (safety_node) StdoutLine: {'line': b'-- Found ament_lint_auto: 0.9.8 (/opt/ros/foxy/share/ament_lint_auto/cmake)\n'}
[33.663891] (-) TimerEvent: {}
[33.704847] (realsense2_camera_msgs) StdoutLine: {'line': b'[ 29%] \x1b[32mBuilding C object CMakeFiles/realsense2_camera_msgs__rosidl_typesupport_introspection_c.dir/rosidl_typesupport_introspection_c/realsense2_camera_msgs/msg/detail/extrinsics__type_support.c.o\x1b[0m\n'}
[33.764106] (-) TimerEvent: {}
[33.864977] (-) TimerEvent: {}
[33.965907] (-) TimerEvent: {}
[34.066960] (-) TimerEvent: {}
[34.136994] (wall_follow) StdoutLine: {'line': b'-- Looking for pthread.h - found\n'}
[34.141610] (wall_follow) StdoutLine: {'line': b'-- Performing Test CMAKE_HAVE_LIBC_PTHREAD\n'}
[34.156936] (realsense2_camera_msgs) StdoutLine: {'line': b'[ 31%] \x1b[32mBuilding C object CMakeFiles/realsense2_camera_msgs__rosidl_typesupport_introspection_c.dir/rosidl_typesupport_introspection_c/realsense2_camera_msgs/msg/detail/metadata__type_support.c.o\x1b[0m\n'}
[34.167186] (-) TimerEvent: {}
[34.261556] (realsense2_camera_msgs) StdoutLine: {'line': b'[ 32%] \x1b[32mBuilding CXX object CMakeFiles/realsense2_camera_msgs__rosidl_typesupport_introspection_cpp.dir/rosidl_typesupport_introspection_cpp/realsense2_camera_msgs/msg/detail/rgbd__type_support.cpp.o\x1b[0m\n'}
[34.264634] (safety_node) StdoutLine: {'line': b"-- Added test 'copyright' to check source files copyright and LICENSE\n"}
[34.267527] (-) TimerEvent: {}
[34.278090] (safety_node) StdoutLine: {'line': b"-- Added test 'flake8' to check Python code syntax and style conventions\n"}
[34.284290] (safety_node) StdoutLine: {'line': b"-- Added test 'lint_cmake' to check CMake code style\n"}
[34.289706] (safety_node) StdoutLine: {'line': b"-- Added test 'pep257' to check Python code against some of the style conventions in PEP 257\n"}
[34.296882] (safety_node) StdoutLine: {'line': b"-- Added test 'xmllint' to check XML markup files\n"}
[34.324091] (safety_node) StdoutLine: {'line': b'-- Configuring done\n'}
[34.337588] (safety_node) StdoutLine: {'line': b'-- Generating done\n'}
[34.351762] (safety_node) StdoutLine: {'line': b'-- Build files have been written to: /home/f1tenth/f1tenth_mrc_ws/build/safety_node\n'}
[34.367741] (-) TimerEvent: {}
[34.468739] (-) TimerEvent: {}
[34.569646] (-) TimerEvent: {}
[34.601700] (realsense2_camera_msgs) StdoutLine: {'line': b'[ 33%] \x1b[32mBuilding C object CMakeFiles/realsense2_camera_msgs__rosidl_typesupport_introspection_c.dir/rosidl_typesupport_introspection_c/realsense2_camera_msgs/msg/detail/rgbd__type_support.c.o\x1b[0m\n'}
[34.669927] (-) TimerEvent: {}
[34.771245] (-) TimerEvent: {}
[34.805464] (wall_follow) StdoutLine: {'line': b'-- Performing Test CMAKE_HAVE_LIBC_PTHREAD - Failed\n'}
[34.807723] (wall_follow) StdoutLine: {'line': b'-- Looking for pthread_create in pthreads\n'}
[34.871450] (-) TimerEvent: {}
[34.928229] (realsense2_camera_msgs) StdoutLine: {'line': b'[ 34%] \x1b[32mBuilding CXX object CMakeFiles/realsense2_camera_msgs__rosidl_typesupport_cpp.dir/rosidl_typesupport_cpp/realsense2_camera_msgs/srv/device_info__type_support.cpp.o\x1b[0m\n'}
[34.971869] (-) TimerEvent: {}
[35.031159] (realsense2_camera_msgs) StdoutLine: {'line': b'[ 35%] \x1b[32mBuilding C object CMakeFiles/realsense2_camera_msgs__rosidl_typesupport_introspection_c.dir/rosidl_typesupport_introspection_c/realsense2_camera_msgs/srv/detail/device_info__type_support.c.o\x1b[0m\n'}
[35.072099] (-) TimerEvent: {}
[35.173764] (-) TimerEvent: {}
[35.274907] (-) TimerEvent: {}
[35.293191] (realsense2_camera_msgs) StdoutLine: {'line': b'[ 36%] \x1b[32mBuilding CXX object CMakeFiles/realsense2_camera_msgs__rosidl_typesupport_fastrtps_cpp.dir/rosidl_typesupport_fastrtps_cpp/realsense2_camera_msgs/msg/detail/dds_fastrtps/metadata__type_support.cpp.o\x1b[0m\n'}
[35.375322] (-) TimerEvent: {}
[35.442734] (wall_follow) StdoutLine: {'line': b'-- Looking for pthread_create in pthreads - not found\n'}
[35.443787] (wall_follow) StdoutLine: {'line': b'-- Looking for pthread_create in pthread\n'}
[35.476383] (-) TimerEvent: {}
[35.498443] (safety_node) CommandEnded: {'returncode': 0}
[35.505205] (safety_node) JobProgress: {'identifier': 'safety_node', 'progress': 'build'}
[35.516051] (safety_node) Command: {'cmd': ['/usr/bin/cmake', '--build', '/home/f1tenth/f1tenth_mrc_ws/build/safety_node', '--', '-j4', '-l4'], 'cwd': '/home/f1tenth/f1tenth_mrc_ws/build/safety_node', 'env': OrderedDict([('GJS_DEBUG_TOPICS', 'JS ERROR;JS LOG'), ('LESSOPEN', '| /usr/bin/lesspipe %s'), ('USER', 'f1tenth'), ('LC_TIME', 'bs_BA.UTF-8'), ('SSH_AGENT_PID', '2722'), ('XDG_SESSION_TYPE', 'x11'), ('SHLVL', '1'), ('LD_LIBRARY_PATH', '/opt/ros/foxy/opt/yaml_cpp_vendor/lib:/opt/ros/foxy/opt/rviz_ogre_vendor/lib:/opt/ros/foxy/lib/aarch64-linux-gnu:/opt/ros/foxy/lib'), ('HOME', '/home/f1tenth'), ('OLDPWD', '/home/f1tenth/f1tenth_mrc_ws/src'), ('DESKTOP_SESSION', 'ubuntu'), ('JETSON_L4T', '35.1.0'), ('GIO_LAUNCHED_DESKTOP_FILE', '/usr/share/applications/terminator.desktop'), ('ROS_PYTHON_VERSION', '3'), ('GNOME_SHELL_SESSION_MODE', 'ubuntu'), ('GTK_MODULES', 'gail:atk-bridge'), ('JETSON_MODEL', 'NVIDIA Jetson Xavier NX Developer Kit'), ('LC_MONETARY', 'bs_BA.UTF-8'), ('MANAGERPID', '2456'), ('DBUS_SESSION_BUS_ADDRESS', 'unix:path=/run/user/1000/bus'), ('COLORTERM', 'truecolor'), ('TERMINATOR_DBUS_NAME', 'net.tenshu.Terminator21a9d5db22c73a993ff0b42f64b396873'), ('GIO_LAUNCHED_DESKTOP_FILE_PID', '3398'), ('_colcon_cd_root', '/opt/ros/foxy/'), ('IM_CONFIG_PHASE', '1'), ('ROS_DISTRO', 'foxy'), ('LOGNAME', 'f1tenth'), ('JETSON_MODULE', 'NVIDIA Jetson Xavier NX (Developer kit)'), ('JETSON_SERIAL_NUMBER', '1422420033521'), ('JOURNAL_STREAM', '7:52952'), ('_', '/usr/bin/colcon'), ('ROS_VERSION', '2'), ('JETSON_CODENAME', 'Jakku'), ('XDG_SESSION_CLASS', 'user'), ('USERNAME', 'f1tenth'), ('TERM', 'xterm-256color'), ('GNOME_DESKTOP_SESSION_ID', 'this-is-deprecated'), ('ROS_LOCALHOST_ONLY', '0'), ('WINDOWPATH', '2'), ('PATH', '/opt/ros/foxy/bin:/home/f1tenth/.local/bin:/usr/local/sbin:/usr/local/bin:/usr/sbin:/usr/bin:/sbin:/bin:/usr/games:/usr/local/games:/snap/bin'), ('SESSION_MANAGER', 'local/f1tenth-desktop:@/tmp/.ICE-unix/2757,unix/f1tenth-desktop:/tmp/.ICE-unix/2757'), ('INVOCATION_ID', 'bd1f5b7138a241e9935586b351aafc78'), ('XDG_MENU_PREFIX', 'gnome-'), ('LC_ADDRESS', 'bs_BA.UTF-8'), ('XDG_RUNTIME_DIR', '/run/user/1000'), ('DISPLAY', ':0'), ('TERMINATOR_DBUS_PATH', '/net/tenshu/Terminator2'), ('LANG', 'en_US.UTF-8'), ('XDG_CURRENT_DESKTOP', 'ubuntu:GNOME'), ('LC_TELEPHONE', 'bs_BA.UTF-8'), ('XMODIFIERS', '@im=ibus'), ('XDG_SESSION_DESKTOP', 'ubuntu'), ('XAUTHORITY', '/run/user/1000/gdm/Xauthority'), ('LS_COLORS', 'rs=0:di=01;34:ln=01;36:mh=00:pi=40;33:so=01;35:do=01;35:bd=40;33;01:cd=40;33;01:or=40;31;01:mi=00:su=37;41:sg=30;43:ca=30;41:tw=30;42:ow=34;42:st=37;44:ex=01;32:*.tar=01;31:*.tgz=01;31:*.arc=01;31:*.arj=01;31:*.taz=01;31:*.lha=01;31:*.lz4=01;31:*.lzh=01;31:*.lzma=01;31:*.tlz=01;31:*.txz=01;31:*.tzo=01;31:*.t7z=01;31:*.zip=01;31:*.z=01;31:*.dz=01;31:*.gz=01;31:*.lrz=01;31:*.lz=01;31:*.lzo=01;31:*.xz=01;31:*.zst=01;31:*.tzst=01;31:*.bz2=01;31:*.bz=01;31:*.tbz=01;31:*.tbz2=01;31:*.tz=01;31:*.deb=01;31:*.rpm=01;31:*.jar=01;31:*.war=01;31:*.ear=01;31:*.sar=01;31:*.rar=01;31:*.alz=01;31:*.ace=01;31:*.zoo=01;31:*.cpio=01;31:*.7z=01;31:*.rz=01;31:*.cab=01;31:*.wim=01;31:*.swm=01;31:*.dwm=01;31:*.esd=01;31:*.jpg=01;35:*.jpeg=01;35:*.mjpg=01;35:*.mjpeg=01;35:*.gif=01;35:*.bmp=01;35:*.pbm=01;35:*.pgm=01;35:*.ppm=01;35:*.tga=01;35:*.xbm=01;35:*.xpm=01;35:*.tif=01;35:*.tiff=01;35:*.png=01;35:*.svg=01;35:*.svgz=01;35:*.mng=01;35:*.pcx=01;35:*.mov=01;35:*.mpg=01;35:*.mpeg=01;35:*.m2v=01;35:*.mkv=01;35:*.webm=01;35:*.ogm=01;35:*.mp4=01;35:*.m4v=01;35:*.mp4v=01;35:*.vob=01;35:*.qt=01;35:*.nuv=01;35:*.wmv=01;35:*.asf=01;35:*.rm=01;35:*.rmvb=01;35:*.flc=01;35:*.avi=01;35:*.fli=01;35:*.flv=01;35:*.gl=01;35:*.dl=01;35:*.xcf=01;35:*.xwd=01;35:*.yuv=01;35:*.cgm=01;35:*.emf=01;35:*.ogv=01;35:*.ogx=01;35:*.aac=00;36:*.au=00;36:*.flac=00;36:*.m4a=00;36:*.mid=00;36:*.midi=00;36:*.mka=00;36:*.mp3=00;36:*.mpc=00;36:*.ogg=00;36:*.ra=00;36:*.wav=00;36:*.oga=00;36:*.opus=00;36:*.spx=00;36:*.xspf=00;36:'), ('JETSON_SOC', 'tegra194'), ('SSH_AUTH_SOCK', '/run/user/1000/keyring/ssh'), ('ROS_DOMAIN_ID', '6'), ('AMENT_PREFIX_PATH', '/opt/ros/foxy'), ('SHELL', '/bin/bash'), ('CMAKE_ARGS', '-DBUILD_WITH_OPENMP=OFF'), ('LC_NAME', 'bs_BA.UTF-8'), ('TERMINATOR_UUID', 'urn:uuid:0a99abc2-9966-4d5d-a08b-faa1cb518880'), ('QT_ACCESSIBILITY', '1'), ('GDMSESSION', 'ubuntu'), ('LESSCLOSE', '/usr/bin/lesspipe %s %s'), ('LC_MEASUREMENT', 'bs_BA.UTF-8'), ('GPG_AGENT_INFO', '/run/user/1000/gnupg/S.gpg-agent:0:1'), ('GJS_DEBUG_OUTPUT', 'stderr'), ('LC_IDENTIFICATION', 'bs_BA.UTF-8'), ('QT_IM_MODULE', 'ibus'), ('JETSON_CUDA_ARCH_BIN', '7.2'), ('PWD', '/home/f1tenth/f1tenth_mrc_ws/build/safety_node'), ('LC_ALL', 'en_US.UTF-8'), ('XDG_CONFIG_DIRS', '/etc/xdg/xdg-ubuntu:/etc/xdg'), ('XDG_DATA_DIRS', '/usr/share/ubuntu:/usr/local/share/:/usr/share/:/var/lib/snapd/desktop'), ('PYTHONPATH', '/opt/ros/foxy/lib/python3.8/site-packages'), ('LC_NUMERIC', 'bs_BA.UTF-8'), ('LC_PAPER', 'bs_BA.UTF-8'), ('COLCON', '1'), ('VTE_VERSION', '6003'), ('JETSON_JETPACK', '5.0.2 GA'), ('JETSON_P_NUMBER', 'p3668-0000'), ('CMAKE_PREFIX_PATH', '/opt/ros/foxy')]), 'shell': False}
[35.524308] (realsense2_camera_msgs) StdoutLine: {'line': b'[ 37%] \x1b[32mBuilding C object CMakeFiles/realsense2_camera_msgs__rosidl_typesupport_introspection_c.dir/rosidl_typesupport_introspection_c/realsense2_camera_msgs/srv/detail/calib_config_read__type_support.c.o\x1b[0m\n'}
[35.577118] (-) TimerEvent: {}
[35.684184] (-) TimerEvent: {}
[35.785813] (-) TimerEvent: {}
[35.886884] (-) TimerEvent: {}
[35.967435] (safety_node) CommandEnded: {'returncode': 0}
[35.974001] (safety_node) JobProgress: {'identifier': 'safety_node', 'progress': 'install'}
[35.979841] (safety_node) Command: {'cmd': ['/usr/bin/cmake', '--install', '/home/f1tenth/f1tenth_mrc_ws/build/safety_node'], 'cwd': '/home/f1tenth/f1tenth_mrc_ws/build/safety_node', 'env': OrderedDict([('GJS_DEBUG_TOPICS', 'JS ERROR;JS LOG'), ('LESSOPEN', '| /usr/bin/lesspipe %s'), ('USER', 'f1tenth'), ('LC_TIME', 'bs_BA.UTF-8'), ('SSH_AGENT_PID', '2722'), ('XDG_SESSION_TYPE', 'x11'), ('SHLVL', '1'), ('LD_LIBRARY_PATH', '/opt/ros/foxy/opt/yaml_cpp_vendor/lib:/opt/ros/foxy/opt/rviz_ogre_vendor/lib:/opt/ros/foxy/lib/aarch64-linux-gnu:/opt/ros/foxy/lib'), ('HOME', '/home/f1tenth'), ('OLDPWD', '/home/f1tenth/f1tenth_mrc_ws/src'), ('DESKTOP_SESSION', 'ubuntu'), ('JETSON_L4T', '35.1.0'), ('GIO_LAUNCHED_DESKTOP_FILE', '/usr/share/applications/terminator.desktop'), ('ROS_PYTHON_VERSION', '3'), ('GNOME_SHELL_SESSION_MODE', 'ubuntu'), ('GTK_MODULES', 'gail:atk-bridge'), ('JETSON_MODEL', 'NVIDIA Jetson Xavier NX Developer Kit'), ('LC_MONETARY', 'bs_BA.UTF-8'), ('MANAGERPID', '2456'), ('DBUS_SESSION_BUS_ADDRESS', 'unix:path=/run/user/1000/bus'), ('COLORTERM', 'truecolor'), ('TERMINATOR_DBUS_NAME', 'net.tenshu.Terminator21a9d5db22c73a993ff0b42f64b396873'), ('GIO_LAUNCHED_DESKTOP_FILE_PID', '3398'), ('_colcon_cd_root', '/opt/ros/foxy/'), ('IM_CONFIG_PHASE', '1'), ('ROS_DISTRO', 'foxy'), ('LOGNAME', 'f1tenth'), ('JETSON_MODULE', 'NVIDIA Jetson Xavier NX (Developer kit)'), ('JETSON_SERIAL_NUMBER', '1422420033521'), ('JOURNAL_STREAM', '7:52952'), ('_', '/usr/bin/colcon'), ('ROS_VERSION', '2'), ('JETSON_CODENAME', 'Jakku'), ('XDG_SESSION_CLASS', 'user'), ('USERNAME', 'f1tenth'), ('TERM', 'xterm-256color'), ('GNOME_DESKTOP_SESSION_ID', 'this-is-deprecated'), ('ROS_LOCALHOST_ONLY', '0'), ('WINDOWPATH', '2'), ('PATH', '/opt/ros/foxy/bin:/home/f1tenth/.local/bin:/usr/local/sbin:/usr/local/bin:/usr/sbin:/usr/bin:/sbin:/bin:/usr/games:/usr/local/games:/snap/bin'), ('SESSION_MANAGER', 'local/f1tenth-desktop:@/tmp/.ICE-unix/2757,unix/f1tenth-desktop:/tmp/.ICE-unix/2757'), ('INVOCATION_ID', 'bd1f5b7138a241e9935586b351aafc78'), ('XDG_MENU_PREFIX', 'gnome-'), ('LC_ADDRESS', 'bs_BA.UTF-8'), ('XDG_RUNTIME_DIR', '/run/user/1000'), ('DISPLAY', ':0'), ('TERMINATOR_DBUS_PATH', '/net/tenshu/Terminator2'), ('LANG', 'en_US.UTF-8'), ('XDG_CURRENT_DESKTOP', 'ubuntu:GNOME'), ('LC_TELEPHONE', 'bs_BA.UTF-8'), ('XMODIFIERS', '@im=ibus'), ('XDG_SESSION_DESKTOP', 'ubuntu'), ('XAUTHORITY', '/run/user/1000/gdm/Xauthority'), ('LS_COLORS', 'rs=0:di=01;34:ln=01;36:mh=00:pi=40;33:so=01;35:do=01;35:bd=40;33;01:cd=40;33;01:or=40;31;01:mi=00:su=37;41:sg=30;43:ca=30;41:tw=30;42:ow=34;42:st=37;44:ex=01;32:*.tar=01;31:*.tgz=01;31:*.arc=01;31:*.arj=01;31:*.taz=01;31:*.lha=01;31:*.lz4=01;31:*.lzh=01;31:*.lzma=01;31:*.tlz=01;31:*.txz=01;31:*.tzo=01;31:*.t7z=01;31:*.zip=01;31:*.z=01;31:*.dz=01;31:*.gz=01;31:*.lrz=01;31:*.lz=01;31:*.lzo=01;31:*.xz=01;31:*.zst=01;31:*.tzst=01;31:*.bz2=01;31:*.bz=01;31:*.tbz=01;31:*.tbz2=01;31:*.tz=01;31:*.deb=01;31:*.rpm=01;31:*.jar=01;31:*.war=01;31:*.ear=01;31:*.sar=01;31:*.rar=01;31:*.alz=01;31:*.ace=01;31:*.zoo=01;31:*.cpio=01;31:*.7z=01;31:*.rz=01;31:*.cab=01;31:*.wim=01;31:*.swm=01;31:*.dwm=01;31:*.esd=01;31:*.jpg=01;35:*.jpeg=01;35:*.mjpg=01;35:*.mjpeg=01;35:*.gif=01;35:*.bmp=01;35:*.pbm=01;35:*.pgm=01;35:*.ppm=01;35:*.tga=01;35:*.xbm=01;35:*.xpm=01;35:*.tif=01;35:*.tiff=01;35:*.png=01;35:*.svg=01;35:*.svgz=01;35:*.mng=01;35:*.pcx=01;35:*.mov=01;35:*.mpg=01;35:*.mpeg=01;35:*.m2v=01;35:*.mkv=01;35:*.webm=01;35:*.ogm=01;35:*.mp4=01;35:*.m4v=01;35:*.mp4v=01;35:*.vob=01;35:*.qt=01;35:*.nuv=01;35:*.wmv=01;35:*.asf=01;35:*.rm=01;35:*.rmvb=01;35:*.flc=01;35:*.avi=01;35:*.fli=01;35:*.flv=01;35:*.gl=01;35:*.dl=01;35:*.xcf=01;35:*.xwd=01;35:*.yuv=01;35:*.cgm=01;35:*.emf=01;35:*.ogv=01;35:*.ogx=01;35:*.aac=00;36:*.au=00;36:*.flac=00;36:*.m4a=00;36:*.mid=00;36:*.midi=00;36:*.mka=00;36:*.mp3=00;36:*.mpc=00;36:*.ogg=00;36:*.ra=00;36:*.wav=00;36:*.oga=00;36:*.opus=00;36:*.spx=00;36:*.xspf=00;36:'), ('JETSON_SOC', 'tegra194'), ('SSH_AUTH_SOCK', '/run/user/1000/keyring/ssh'), ('ROS_DOMAIN_ID', '6'), ('AMENT_PREFIX_PATH', '/opt/ros/foxy'), ('SHELL', '/bin/bash'), ('CMAKE_ARGS', '-DBUILD_WITH_OPENMP=OFF'), ('LC_NAME', 'bs_BA.UTF-8'), ('TERMINATOR_UUID', 'urn:uuid:0a99abc2-9966-4d5d-a08b-faa1cb518880'), ('QT_ACCESSIBILITY', '1'), ('GDMSESSION', 'ubuntu'), ('LESSCLOSE', '/usr/bin/lesspipe %s %s'), ('LC_MEASUREMENT', 'bs_BA.UTF-8'), ('GPG_AGENT_INFO', '/run/user/1000/gnupg/S.gpg-agent:0:1'), ('GJS_DEBUG_OUTPUT', 'stderr'), ('LC_IDENTIFICATION', 'bs_BA.UTF-8'), ('QT_IM_MODULE', 'ibus'), ('JETSON_CUDA_ARCH_BIN', '7.2'), ('PWD', '/home/f1tenth/f1tenth_mrc_ws/build/safety_node'), ('LC_ALL', 'en_US.UTF-8'), ('XDG_CONFIG_DIRS', '/etc/xdg/xdg-ubuntu:/etc/xdg'), ('XDG_DATA_DIRS', '/usr/share/ubuntu:/usr/local/share/:/usr/share/:/var/lib/snapd/desktop'), ('PYTHONPATH', '/opt/ros/foxy/lib/python3.8/site-packages'), ('LC_NUMERIC', 'bs_BA.UTF-8'), ('LC_PAPER', 'bs_BA.UTF-8'), ('COLCON', '1'), ('VTE_VERSION', '6003'), ('JETSON_JETPACK', '5.0.2 GA'), ('JETSON_P_NUMBER', 'p3668-0000'), ('CMAKE_PREFIX_PATH', '/opt/ros/foxy')]), 'shell': False}
[35.992966] (-) TimerEvent: {}
[36.017938] (realsense2_camera_msgs) StdoutLine: {'line': b'[ 39%] \x1b[32mBuilding C object CMakeFiles/realsense2_camera_msgs__rosidl_typesupport_introspection_c.dir/rosidl_typesupport_introspection_c/realsense2_camera_msgs/srv/detail/calib_config_write__type_support.c.o\x1b[0m\n'}
[36.089891] (safety_node) StdoutLine: {'line': b'-- Install configuration: ""\n'}
[36.091318] (safety_node) StdoutLine: {'line': b'-- Installing: /home/f1tenth/f1tenth_mrc_ws/install/safety_node/share/safety_node/environment/pythonpath.sh\n'}
[36.092191] (safety_node) StdoutLine: {'line': b'-- Installing: /home/f1tenth/f1tenth_mrc_ws/install/safety_node/share/safety_node/environment/pythonpath.dsv\n'}
[36.093198] (safety_node) StdoutLine: {'line': b'-- Installing: /home/f1tenth/f1tenth_mrc_ws/install/safety_node/lib/python3.8/site-packages/safety_node\n'}
[36.093638] (-) TimerEvent: {}
[36.094293] (safety_node) StdoutLine: {'line': b'-- Installing: /home/f1tenth/f1tenth_mrc_ws/install/safety_node/lib/python3.8/site-packages/safety_node/__init__.py\n'}
[36.193951] (-) TimerEvent: {}
[36.202136] (wall_follow) StdoutLine: {'line': b'-- Looking for pthread_create in pthread - found\n'}
[36.209363] (wall_follow) StdoutLine: {'line': b'-- Found Threads: TRUE  \n'}
[36.294163] (-) TimerEvent: {}
[36.395736] (-) TimerEvent: {}
[36.496717] (-) TimerEvent: {}
[36.543839] (safety_node) StdoutLine: {'line': b"Listing '/home/f1tenth/f1tenth_mrc_ws/install/safety_node/lib/python3.8/site-packages/safety_node'...\n"}
[36.546025] (safety_node) StdoutLine: {'line': b"Compiling '/home/f1tenth/f1tenth_mrc_ws/install/safety_node/lib/python3.8/site-packages/safety_node/__init__.py'...\n"}
[36.582658] (realsense2_camera_msgs) StdoutLine: {'line': b'[ 40%] \x1b[32mBuilding C object CMakeFiles/realsense2_camera_msgs__rosidl_typesupport_introspection_c.dir/rosidl_typesupport_introspection_c/realsense2_camera_msgs/action/detail/triggered_calibration__type_support.c.o\x1b[0m\n'}
[36.588976] (safety_node) StdoutLine: {'line': b'-- Installing: /home/f1tenth/f1tenth_mrc_ws/install/safety_node/lib/safety_node/safety_node.py\n'}
[36.590144] (safety_node) StdoutLine: {'line': b'-- Installing: /home/f1tenth/f1tenth_mrc_ws/install/safety_node/share/ament_index/resource_index/package_run_dependencies/safety_node\n'}
[36.591341] (safety_node) StdoutLine: {'line': b'-- Installing: /home/f1tenth/f1tenth_mrc_ws/install/safety_node/share/ament_index/resource_index/parent_prefix_path/safety_node\n'}
[36.592032] (safety_node) StdoutLine: {'line': b'-- Installing: /home/f1tenth/f1tenth_mrc_ws/install/safety_node/share/safety_node/environment/ament_prefix_path.sh\n'}
[36.592906] (safety_node) StdoutLine: {'line': b'-- Installing: /home/f1tenth/f1tenth_mrc_ws/install/safety_node/share/safety_node/environment/ament_prefix_path.dsv\n'}
[36.593541] (safety_node) StdoutLine: {'line': b'-- Installing: /home/f1tenth/f1tenth_mrc_ws/install/safety_node/share/safety_node/environment/path.sh\n'}
[36.594305] (safety_node) StdoutLine: {'line': b'-- Installing: /home/f1tenth/f1tenth_mrc_ws/install/safety_node/share/safety_node/environment/path.dsv\n'}
[36.595200] (safety_node) StdoutLine: {'line': b'-- Installing: /home/f1tenth/f1tenth_mrc_ws/install/safety_node/share/safety_node/local_setup.bash\n'}
[36.596014] (safety_node) StdoutLine: {'line': b'-- Installing: /home/f1tenth/f1tenth_mrc_ws/install/safety_node/share/safety_node/local_setup.sh\n'}
[36.596701] (safety_node) StdoutLine: {'line': b'-- Installing: /home/f1tenth/f1tenth_mrc_ws/install/safety_node/share/safety_node/local_setup.zsh\n'}
[36.597020] (-) TimerEvent: {}
[36.598907] (safety_node) StdoutLine: {'line': b'-- Installing: /home/f1tenth/f1tenth_mrc_ws/install/safety_node/share/safety_node/local_setup.dsv\n'}
[36.599400] (safety_node) StdoutLine: {'line': b'-- Installing: /home/f1tenth/f1tenth_mrc_ws/install/safety_node/share/safety_node/package.dsv\n'}
[36.599971] (safety_node) StdoutLine: {'line': b'-- Installing: /home/f1tenth/f1tenth_mrc_ws/install/safety_node/share/ament_index/resource_index/packages/safety_node\n'}
[36.602876] (safety_node) StdoutLine: {'line': b'-- Installing: /home/f1tenth/f1tenth_mrc_ws/install/safety_node/share/safety_node/cmake/safety_nodeConfig.cmake\n'}
[36.606863] (safety_node) StdoutLine: {'line': b'-- Installing: /home/f1tenth/f1tenth_mrc_ws/install/safety_node/share/safety_node/cmake/safety_nodeConfig-version.cmake\n'}
[36.607919] (safety_node) StdoutLine: {'line': b'-- Installing: /home/f1tenth/f1tenth_mrc_ws/install/safety_node/share/safety_node/package.xml\n'}
[36.619797] (safety_node) CommandEnded: {'returncode': 0}
[36.698842] (-) TimerEvent: {}
[36.800112] (-) TimerEvent: {}
[36.854456] (safety_node) JobEnded: {'identifier': 'safety_node', 'rc': 0}
[36.900391] (-) TimerEvent: {}
[37.002151] (-) TimerEvent: {}
[37.103696] (-) TimerEvent: {}
[37.146230] (realsense2_camera_msgs) StdoutLine: {'line': b'[ 41%] \x1b[32mBuilding CXX object CMakeFiles/realsense2_camera_msgs__rosidl_typesupport_introspection_cpp.dir/rosidl_typesupport_introspection_cpp/realsense2_camera_msgs/srv/detail/device_info__type_support.cpp.o\x1b[0m\n'}
[37.203984] (-) TimerEvent: {}
[37.219785] (realsense2_camera_msgs) StdoutLine: {'line': b'[ 42%] \x1b[32m\x1b[1mLinking C shared library librealsense2_camera_msgs__rosidl_typesupport_introspection_c.so\x1b[0m\n'}
[37.304222] (-) TimerEvent: {}
[37.405596] (-) TimerEvent: {}
[37.500345] (realsense2_camera_msgs) StdoutLine: {'line': b'[ 43%] \x1b[32mBuilding CXX object CMakeFiles/realsense2_camera_msgs__rosidl_typesupport_cpp.dir/rosidl_typesupport_cpp/realsense2_camera_msgs/srv/calib_config_read__type_support.cpp.o\x1b[0m\n'}
[37.505824] (-) TimerEvent: {}
[37.567124] (realsense2_camera_msgs) StdoutLine: {'line': b'[ 43%] Built target realsense2_camera_msgs__rosidl_typesupport_introspection_c\n'}
[37.606058] (-) TimerEvent: {}
[37.666730] (wall_follow) StdoutLine: {'line': b'-- Found rclpy: 1.0.13 (/opt/ros/foxy/share/rclpy/cmake)\n'}
[37.686993] (wall_follow) StdoutLine: {'line': b'-- Found geometry_msgs: 2.0.5 (/opt/ros/foxy/share/geometry_msgs/cmake)\n'}
[37.706312] (-) TimerEvent: {}
[37.807758] (-) TimerEvent: {}
[37.909052] (-) TimerEvent: {}
[37.997894] (wall_follow) StdoutLine: {'line': b'-- Found nav_msgs: 2.0.5 (/opt/ros/foxy/share/nav_msgs/cmake)\n'}
[38.009308] (-) TimerEvent: {}
[38.110732] (-) TimerEvent: {}
[38.212147] (-) TimerEvent: {}
[38.313917] (-) TimerEvent: {}
[38.415447] (-) TimerEvent: {}
[38.486533] (wall_follow) StdoutLine: {'line': b'-- Found ackermann_msgs: 2.0.2 (/opt/ros/foxy/share/ackermann_msgs/cmake)\n'}
[38.515660] (-) TimerEvent: {}
[38.616578] (-) TimerEvent: {}
[38.643355] (wall_follow) StdoutLine: {'line': b'-- Found sensor_msgs: 2.0.5 (/opt/ros/foxy/share/sensor_msgs/cmake)\n'}
[38.716821] (-) TimerEvent: {}
[38.817710] (-) TimerEvent: {}
[38.918612] (-) TimerEvent: {}
[39.021172] (-) TimerEvent: {}
[39.122104] (-) TimerEvent: {}
[39.147720] (wall_follow) StdoutLine: {'line': b'-- Found ament_lint_auto: 0.9.8 (/opt/ros/foxy/share/ament_lint_auto/cmake)\n'}
[39.151381] (realsense2_camera_msgs) StdoutLine: {'line': b'[ 44%] \x1b[32mBuilding CXX object CMakeFiles/realsense2_camera_msgs__rosidl_typesupport_fastrtps_cpp.dir/rosidl_typesupport_fastrtps_cpp/realsense2_camera_msgs/msg/detail/dds_fastrtps/rgbd__type_support.cpp.o\x1b[0m\n'}
[39.222471] (-) TimerEvent: {}
[39.242270] (waypoint_logger) Command: {'cmd': ['/usr/bin/python3', '-W', 'ignore:setup.py install is deprecated', '-W', 'ignore:easy_install command is deprecated', 'setup.py', 'egg_info', '--egg-base', '../../build/waypoint_logger', 'build', '--build-base', '/home/f1tenth/f1tenth_mrc_ws/build/waypoint_logger/build', 'install', '--record', '/home/f1tenth/f1tenth_mrc_ws/build/waypoint_logger/install.log', '--install-scripts', '$base/lib/waypoint_logger', '--single-version-externally-managed', 'install_data'], 'cwd': '/home/f1tenth/f1tenth_mrc_ws/src/waypoint_logger', 'env': {'GJS_DEBUG_TOPICS': 'JS ERROR;JS LOG', 'LESSOPEN': '| /usr/bin/lesspipe %s', 'USER': 'f1tenth', 'LC_TIME': 'bs_BA.UTF-8', 'SSH_AGENT_PID': '2722', 'XDG_SESSION_TYPE': 'x11', 'SHLVL': '1', 'LD_LIBRARY_PATH': '/opt/ros/foxy/opt/yaml_cpp_vendor/lib:/opt/ros/foxy/opt/rviz_ogre_vendor/lib:/opt/ros/foxy/lib/aarch64-linux-gnu:/opt/ros/foxy/lib', 'HOME': '/home/f1tenth', 'OLDPWD': '/home/f1tenth/f1tenth_mrc_ws/src', 'DESKTOP_SESSION': 'ubuntu', 'JETSON_L4T': '35.1.0', 'GIO_LAUNCHED_DESKTOP_FILE': '/usr/share/applications/terminator.desktop', 'ROS_PYTHON_VERSION': '3', 'GNOME_SHELL_SESSION_MODE': 'ubuntu', 'GTK_MODULES': 'gail:atk-bridge', 'JETSON_MODEL': 'NVIDIA Jetson Xavier NX Developer Kit', 'LC_MONETARY': 'bs_BA.UTF-8', 'MANAGERPID': '2456', 'DBUS_SESSION_BUS_ADDRESS': 'unix:path=/run/user/1000/bus', 'COLORTERM': 'truecolor', 'TERMINATOR_DBUS_NAME': 'net.tenshu.Terminator21a9d5db22c73a993ff0b42f64b396873', 'GIO_LAUNCHED_DESKTOP_FILE_PID': '3398', '_colcon_cd_root': '/opt/ros/foxy/', 'IM_CONFIG_PHASE': '1', 'ROS_DISTRO': 'foxy', 'LOGNAME': 'f1tenth', 'JETSON_MODULE': 'NVIDIA Jetson Xavier NX (Developer kit)', 'JETSON_SERIAL_NUMBER': '1422420033521', 'JOURNAL_STREAM': '7:52952', '_': '/usr/bin/colcon', 'ROS_VERSION': '2', 'JETSON_CODENAME': 'Jakku', 'XDG_SESSION_CLASS': 'user', 'USERNAME': 'f1tenth', 'TERM': 'xterm-256color', 'GNOME_DESKTOP_SESSION_ID': 'this-is-deprecated', 'ROS_LOCALHOST_ONLY': '0', 'WINDOWPATH': '2', 'PATH': '/opt/ros/foxy/bin:/home/f1tenth/.local/bin:/usr/local/sbin:/usr/local/bin:/usr/sbin:/usr/bin:/sbin:/bin:/usr/games:/usr/local/games:/snap/bin', 'SESSION_MANAGER': 'local/f1tenth-desktop:@/tmp/.ICE-unix/2757,unix/f1tenth-desktop:/tmp/.ICE-unix/2757', 'INVOCATION_ID': 'bd1f5b7138a241e9935586b351aafc78', 'XDG_MENU_PREFIX': 'gnome-', 'LC_ADDRESS': 'bs_BA.UTF-8', 'XDG_RUNTIME_DIR': '/run/user/1000', 'DISPLAY': ':0', 'TERMINATOR_DBUS_PATH': '/net/tenshu/Terminator2', 'LANG': 'en_US.UTF-8', 'XDG_CURRENT_DESKTOP': 'ubuntu:GNOME', 'LC_TELEPHONE': 'bs_BA.UTF-8', 'XMODIFIERS': '@im=ibus', 'XDG_SESSION_DESKTOP': 'ubuntu', 'XAUTHORITY': '/run/user/1000/gdm/Xauthority', 'LS_COLORS': 'rs=0:di=01;34:ln=01;36:mh=00:pi=40;33:so=01;35:do=01;35:bd=40;33;01:cd=40;33;01:or=40;31;01:mi=00:su=37;41:sg=30;43:ca=30;41:tw=30;42:ow=34;42:st=37;44:ex=01;32:*.tar=01;31:*.tgz=01;31:*.arc=01;31:*.arj=01;31:*.taz=01;31:*.lha=01;31:*.lz4=01;31:*.lzh=01;31:*.lzma=01;31:*.tlz=01;31:*.txz=01;31:*.tzo=01;31:*.t7z=01;31:*.zip=01;31:*.z=01;31:*.dz=01;31:*.gz=01;31:*.lrz=01;31:*.lz=01;31:*.lzo=01;31:*.xz=01;31:*.zst=01;31:*.tzst=01;31:*.bz2=01;31:*.bz=01;31:*.tbz=01;31:*.tbz2=01;31:*.tz=01;31:*.deb=01;31:*.rpm=01;31:*.jar=01;31:*.war=01;31:*.ear=01;31:*.sar=01;31:*.rar=01;31:*.alz=01;31:*.ace=01;31:*.zoo=01;31:*.cpio=01;31:*.7z=01;31:*.rz=01;31:*.cab=01;31:*.wim=01;31:*.swm=01;31:*.dwm=01;31:*.esd=01;31:*.jpg=01;35:*.jpeg=01;35:*.mjpg=01;35:*.mjpeg=01;35:*.gif=01;35:*.bmp=01;35:*.pbm=01;35:*.pgm=01;35:*.ppm=01;35:*.tga=01;35:*.xbm=01;35:*.xpm=01;35:*.tif=01;35:*.tiff=01;35:*.png=01;35:*.svg=01;35:*.svgz=01;35:*.mng=01;35:*.pcx=01;35:*.mov=01;35:*.mpg=01;35:*.mpeg=01;35:*.m2v=01;35:*.mkv=01;35:*.webm=01;35:*.ogm=01;35:*.mp4=01;35:*.m4v=01;35:*.mp4v=01;35:*.vob=01;35:*.qt=01;35:*.nuv=01;35:*.wmv=01;35:*.asf=01;35:*.rm=01;35:*.rmvb=01;35:*.flc=01;35:*.avi=01;35:*.fli=01;35:*.flv=01;35:*.gl=01;35:*.dl=01;35:*.xcf=01;35:*.xwd=01;35:*.yuv=01;35:*.cgm=01;35:*.emf=01;35:*.ogv=01;35:*.ogx=01;35:*.aac=00;36:*.au=00;36:*.flac=00;36:*.m4a=00;36:*.mid=00;36:*.midi=00;36:*.mka=00;36:*.mp3=00;36:*.mpc=00;36:*.ogg=00;36:*.ra=00;36:*.wav=00;36:*.oga=00;36:*.opus=00;36:*.spx=00;36:*.xspf=00;36:', 'JETSON_SOC': 'tegra194', 'SSH_AUTH_SOCK': '/run/user/1000/keyring/ssh', 'ROS_DOMAIN_ID': '6', 'AMENT_PREFIX_PATH': '/opt/ros/foxy', 'SHELL': '/bin/bash', 'CMAKE_ARGS': '-DBUILD_WITH_OPENMP=OFF', 'LC_NAME': 'bs_BA.UTF-8', 'TERMINATOR_UUID': 'urn:uuid:0a99abc2-9966-4d5d-a08b-faa1cb518880', 'QT_ACCESSIBILITY': '1', 'GDMSESSION': 'ubuntu', 'LESSCLOSE': '/usr/bin/lesspipe %s %s', 'LC_MEASUREMENT': 'bs_BA.UTF-8', 'GPG_AGENT_INFO': '/run/user/1000/gnupg/S.gpg-agent:0:1', 'GJS_DEBUG_OUTPUT': 'stderr', 'LC_IDENTIFICATION': 'bs_BA.UTF-8', 'QT_IM_MODULE': 'ibus', 'JETSON_CUDA_ARCH_BIN': '7.2', 'PWD': '/home/f1tenth/f1tenth_mrc_ws/build/waypoint_logger', 'LC_ALL': 'en_US.UTF-8', 'XDG_CONFIG_DIRS': '/etc/xdg/xdg-ubuntu:/etc/xdg', 'XDG_DATA_DIRS': '/usr/share/ubuntu:/usr/local/share/:/usr/share/:/var/lib/snapd/desktop', 'PYTHONPATH': '/home/f1tenth/f1tenth_mrc_ws/build/waypoint_logger/prefix_override:/usr/lib/python3/dist-packages/colcon_core/task/python/colcon_distutils_commands:/home/f1tenth/f1tenth_mrc_ws/install/waypoint_logger/lib/python3.8/site-packages:/opt/ros/foxy/lib/python3.8/site-packages', 'LC_NUMERIC': 'bs_BA.UTF-8', 'LC_PAPER': 'bs_BA.UTF-8', 'COLCON': '1', 'VTE_VERSION': '6003', 'JETSON_JETPACK': '5.0.2 GA', 'JETSON_P_NUMBER': 'p3668-0000'}, 'shell': False}
[39.322940] (-) TimerEvent: {}
[39.424575] (-) TimerEvent: {}
[39.525419] (-) TimerEvent: {}
[39.538908] (wall_follow) StdoutLine: {'line': b"-- Added test 'copyright' to check source files copyright and LICENSE\n"}
[39.550447] (wall_follow) StdoutLine: {'line': b"-- Added test 'flake8' to check Python code syntax and style conventions\n"}
[39.553154] (wall_follow) StdoutLine: {'line': b"-- Added test 'lint_cmake' to check CMake code style\n"}
[39.555874] (wall_follow) StdoutLine: {'line': b"-- Added test 'pep257' to check Python code against some of the style conventions in PEP 257\n"}
[39.562933] (wall_follow) StdoutLine: {'line': b"-- Added test 'xmllint' to check XML markup files\n"}
[39.585271] (wall_follow) StdoutLine: {'line': b'-- Configuring done\n'}
[39.586209] (realsense2_camera_msgs) StdoutLine: {'line': b'[ 45%] \x1b[32mBuilding CXX object CMakeFiles/realsense2_camera_msgs__rosidl_typesupport_introspection_cpp.dir/rosidl_typesupport_introspection_cpp/realsense2_camera_msgs/srv/detail/calib_config_read__type_support.cpp.o\x1b[0m\n'}
[39.600478] (wall_follow) StdoutLine: {'line': b'-- Generating done\n'}
[39.612329] (wall_follow) StdoutLine: {'line': b'-- Build files have been written to: /home/f1tenth/f1tenth_mrc_ws/build/wall_follow\n'}
[39.626047] (-) TimerEvent: {}
[39.664400] (wall_follow) CommandEnded: {'returncode': 0}
[39.668907] (wall_follow) JobProgress: {'identifier': 'wall_follow', 'progress': 'build'}
[39.676070] (wall_follow) Command: {'cmd': ['/usr/bin/cmake', '--build', '/home/f1tenth/f1tenth_mrc_ws/build/wall_follow', '--', '-j4', '-l4'], 'cwd': '/home/f1tenth/f1tenth_mrc_ws/build/wall_follow', 'env': OrderedDict([('GJS_DEBUG_TOPICS', 'JS ERROR;JS LOG'), ('LESSOPEN', '| /usr/bin/lesspipe %s'), ('USER', 'f1tenth'), ('LC_TIME', 'bs_BA.UTF-8'), ('SSH_AGENT_PID', '2722'), ('XDG_SESSION_TYPE', 'x11'), ('SHLVL', '1'), ('LD_LIBRARY_PATH', '/opt/ros/foxy/opt/yaml_cpp_vendor/lib:/opt/ros/foxy/opt/rviz_ogre_vendor/lib:/opt/ros/foxy/lib/aarch64-linux-gnu:/opt/ros/foxy/lib'), ('HOME', '/home/f1tenth'), ('OLDPWD', '/home/f1tenth/f1tenth_mrc_ws/src'), ('DESKTOP_SESSION', 'ubuntu'), ('JETSON_L4T', '35.1.0'), ('GIO_LAUNCHED_DESKTOP_FILE', '/usr/share/applications/terminator.desktop'), ('ROS_PYTHON_VERSION', '3'), ('GNOME_SHELL_SESSION_MODE', 'ubuntu'), ('GTK_MODULES', 'gail:atk-bridge'), ('JETSON_MODEL', 'NVIDIA Jetson Xavier NX Developer Kit'), ('LC_MONETARY', 'bs_BA.UTF-8'), ('MANAGERPID', '2456'), ('DBUS_SESSION_BUS_ADDRESS', 'unix:path=/run/user/1000/bus'), ('COLORTERM', 'truecolor'), ('TERMINATOR_DBUS_NAME', 'net.tenshu.Terminator21a9d5db22c73a993ff0b42f64b396873'), ('GIO_LAUNCHED_DESKTOP_FILE_PID', '3398'), ('_colcon_cd_root', '/opt/ros/foxy/'), ('IM_CONFIG_PHASE', '1'), ('ROS_DISTRO', 'foxy'), ('LOGNAME', 'f1tenth'), ('JETSON_MODULE', 'NVIDIA Jetson Xavier NX (Developer kit)'), ('JETSON_SERIAL_NUMBER', '1422420033521'), ('JOURNAL_STREAM', '7:52952'), ('_', '/usr/bin/colcon'), ('ROS_VERSION', '2'), ('JETSON_CODENAME', 'Jakku'), ('XDG_SESSION_CLASS', 'user'), ('USERNAME', 'f1tenth'), ('TERM', 'xterm-256color'), ('GNOME_DESKTOP_SESSION_ID', 'this-is-deprecated'), ('ROS_LOCALHOST_ONLY', '0'), ('WINDOWPATH', '2'), ('PATH', '/opt/ros/foxy/bin:/home/f1tenth/.local/bin:/usr/local/sbin:/usr/local/bin:/usr/sbin:/usr/bin:/sbin:/bin:/usr/games:/usr/local/games:/snap/bin'), ('SESSION_MANAGER', 'local/f1tenth-desktop:@/tmp/.ICE-unix/2757,unix/f1tenth-desktop:/tmp/.ICE-unix/2757'), ('INVOCATION_ID', 'bd1f5b7138a241e9935586b351aafc78'), ('XDG_MENU_PREFIX', 'gnome-'), ('LC_ADDRESS', 'bs_BA.UTF-8'), ('XDG_RUNTIME_DIR', '/run/user/1000'), ('DISPLAY', ':0'), ('TERMINATOR_DBUS_PATH', '/net/tenshu/Terminator2'), ('LANG', 'en_US.UTF-8'), ('XDG_CURRENT_DESKTOP', 'ubuntu:GNOME'), ('LC_TELEPHONE', 'bs_BA.UTF-8'), ('XMODIFIERS', '@im=ibus'), ('XDG_SESSION_DESKTOP', 'ubuntu'), ('XAUTHORITY', '/run/user/1000/gdm/Xauthority'), ('LS_COLORS', 'rs=0:di=01;34:ln=01;36:mh=00:pi=40;33:so=01;35:do=01;35:bd=40;33;01:cd=40;33;01:or=40;31;01:mi=00:su=37;41:sg=30;43:ca=30;41:tw=30;42:ow=34;42:st=37;44:ex=01;32:*.tar=01;31:*.tgz=01;31:*.arc=01;31:*.arj=01;31:*.taz=01;31:*.lha=01;31:*.lz4=01;31:*.lzh=01;31:*.lzma=01;31:*.tlz=01;31:*.txz=01;31:*.tzo=01;31:*.t7z=01;31:*.zip=01;31:*.z=01;31:*.dz=01;31:*.gz=01;31:*.lrz=01;31:*.lz=01;31:*.lzo=01;31:*.xz=01;31:*.zst=01;31:*.tzst=01;31:*.bz2=01;31:*.bz=01;31:*.tbz=01;31:*.tbz2=01;31:*.tz=01;31:*.deb=01;31:*.rpm=01;31:*.jar=01;31:*.war=01;31:*.ear=01;31:*.sar=01;31:*.rar=01;31:*.alz=01;31:*.ace=01;31:*.zoo=01;31:*.cpio=01;31:*.7z=01;31:*.rz=01;31:*.cab=01;31:*.wim=01;31:*.swm=01;31:*.dwm=01;31:*.esd=01;31:*.jpg=01;35:*.jpeg=01;35:*.mjpg=01;35:*.mjpeg=01;35:*.gif=01;35:*.bmp=01;35:*.pbm=01;35:*.pgm=01;35:*.ppm=01;35:*.tga=01;35:*.xbm=01;35:*.xpm=01;35:*.tif=01;35:*.tiff=01;35:*.png=01;35:*.svg=01;35:*.svgz=01;35:*.mng=01;35:*.pcx=01;35:*.mov=01;35:*.mpg=01;35:*.mpeg=01;35:*.m2v=01;35:*.mkv=01;35:*.webm=01;35:*.ogm=01;35:*.mp4=01;35:*.m4v=01;35:*.mp4v=01;35:*.vob=01;35:*.qt=01;35:*.nuv=01;35:*.wmv=01;35:*.asf=01;35:*.rm=01;35:*.rmvb=01;35:*.flc=01;35:*.avi=01;35:*.fli=01;35:*.flv=01;35:*.gl=01;35:*.dl=01;35:*.xcf=01;35:*.xwd=01;35:*.yuv=01;35:*.cgm=01;35:*.emf=01;35:*.ogv=01;35:*.ogx=01;35:*.aac=00;36:*.au=00;36:*.flac=00;36:*.m4a=00;36:*.mid=00;36:*.midi=00;36:*.mka=00;36:*.mp3=00;36:*.mpc=00;36:*.ogg=00;36:*.ra=00;36:*.wav=00;36:*.oga=00;36:*.opus=00;36:*.spx=00;36:*.xspf=00;36:'), ('JETSON_SOC', 'tegra194'), ('SSH_AUTH_SOCK', '/run/user/1000/keyring/ssh'), ('ROS_DOMAIN_ID', '6'), ('AMENT_PREFIX_PATH', '/opt/ros/foxy'), ('SHELL', '/bin/bash'), ('CMAKE_ARGS', '-DBUILD_WITH_OPENMP=OFF'), ('LC_NAME', 'bs_BA.UTF-8'), ('TERMINATOR_UUID', 'urn:uuid:0a99abc2-9966-4d5d-a08b-faa1cb518880'), ('QT_ACCESSIBILITY', '1'), ('GDMSESSION', 'ubuntu'), ('LESSCLOSE', '/usr/bin/lesspipe %s %s'), ('LC_MEASUREMENT', 'bs_BA.UTF-8'), ('GPG_AGENT_INFO', '/run/user/1000/gnupg/S.gpg-agent:0:1'), ('GJS_DEBUG_OUTPUT', 'stderr'), ('LC_IDENTIFICATION', 'bs_BA.UTF-8'), ('QT_IM_MODULE', 'ibus'), ('JETSON_CUDA_ARCH_BIN', '7.2'), ('PWD', '/home/f1tenth/f1tenth_mrc_ws/build/wall_follow'), ('LC_ALL', 'en_US.UTF-8'), ('XDG_CONFIG_DIRS', '/etc/xdg/xdg-ubuntu:/etc/xdg'), ('XDG_DATA_DIRS', '/usr/share/ubuntu:/usr/local/share/:/usr/share/:/var/lib/snapd/desktop'), ('PYTHONPATH', '/opt/ros/foxy/lib/python3.8/site-packages'), ('LC_NUMERIC', 'bs_BA.UTF-8'), ('LC_PAPER', 'bs_BA.UTF-8'), ('COLCON', '1'), ('VTE_VERSION', '6003'), ('JETSON_JETPACK', '5.0.2 GA'), ('JETSON_P_NUMBER', 'p3668-0000'), ('CMAKE_PREFIX_PATH', '/opt/ros/foxy')]), 'shell': False}
[39.726303] (-) TimerEvent: {}
[39.739900] (realsense2_camera_msgs) StdoutLine: {'line': b'[ 47%] \x1b[32mBuilding CXX object CMakeFiles/realsense2_camera_msgs__rosidl_typesupport_cpp.dir/rosidl_typesupport_cpp/realsense2_camera_msgs/srv/calib_config_write__type_support.cpp.o\x1b[0m\n'}
[39.826540] (-) TimerEvent: {}
[39.927398] (-) TimerEvent: {}
[40.028328] (-) TimerEvent: {}
[40.069674] (wall_follow) CommandEnded: {'returncode': 0}
[40.073785] (wall_follow) JobProgress: {'identifier': 'wall_follow', 'progress': 'install'}
[40.081985] (wall_follow) Command: {'cmd': ['/usr/bin/cmake', '--install', '/home/f1tenth/f1tenth_mrc_ws/build/wall_follow'], 'cwd': '/home/f1tenth/f1tenth_mrc_ws/build/wall_follow', 'env': OrderedDict([('GJS_DEBUG_TOPICS', 'JS ERROR;JS LOG'), ('LESSOPEN', '| /usr/bin/lesspipe %s'), ('USER', 'f1tenth'), ('LC_TIME', 'bs_BA.UTF-8'), ('SSH_AGENT_PID', '2722'), ('XDG_SESSION_TYPE', 'x11'), ('SHLVL', '1'), ('LD_LIBRARY_PATH', '/opt/ros/foxy/opt/yaml_cpp_vendor/lib:/opt/ros/foxy/opt/rviz_ogre_vendor/lib:/opt/ros/foxy/lib/aarch64-linux-gnu:/opt/ros/foxy/lib'), ('HOME', '/home/f1tenth'), ('OLDPWD', '/home/f1tenth/f1tenth_mrc_ws/src'), ('DESKTOP_SESSION', 'ubuntu'), ('JETSON_L4T', '35.1.0'), ('GIO_LAUNCHED_DESKTOP_FILE', '/usr/share/applications/terminator.desktop'), ('ROS_PYTHON_VERSION', '3'), ('GNOME_SHELL_SESSION_MODE', 'ubuntu'), ('GTK_MODULES', 'gail:atk-bridge'), ('JETSON_MODEL', 'NVIDIA Jetson Xavier NX Developer Kit'), ('LC_MONETARY', 'bs_BA.UTF-8'), ('MANAGERPID', '2456'), ('DBUS_SESSION_BUS_ADDRESS', 'unix:path=/run/user/1000/bus'), ('COLORTERM', 'truecolor'), ('TERMINATOR_DBUS_NAME', 'net.tenshu.Terminator21a9d5db22c73a993ff0b42f64b396873'), ('GIO_LAUNCHED_DESKTOP_FILE_PID', '3398'), ('_colcon_cd_root', '/opt/ros/foxy/'), ('IM_CONFIG_PHASE', '1'), ('ROS_DISTRO', 'foxy'), ('LOGNAME', 'f1tenth'), ('JETSON_MODULE', 'NVIDIA Jetson Xavier NX (Developer kit)'), ('JETSON_SERIAL_NUMBER', '1422420033521'), ('JOURNAL_STREAM', '7:52952'), ('_', '/usr/bin/colcon'), ('ROS_VERSION', '2'), ('JETSON_CODENAME', 'Jakku'), ('XDG_SESSION_CLASS', 'user'), ('USERNAME', 'f1tenth'), ('TERM', 'xterm-256color'), ('GNOME_DESKTOP_SESSION_ID', 'this-is-deprecated'), ('ROS_LOCALHOST_ONLY', '0'), ('WINDOWPATH', '2'), ('PATH', '/opt/ros/foxy/bin:/home/f1tenth/.local/bin:/usr/local/sbin:/usr/local/bin:/usr/sbin:/usr/bin:/sbin:/bin:/usr/games:/usr/local/games:/snap/bin'), ('SESSION_MANAGER', 'local/f1tenth-desktop:@/tmp/.ICE-unix/2757,unix/f1tenth-desktop:/tmp/.ICE-unix/2757'), ('INVOCATION_ID', 'bd1f5b7138a241e9935586b351aafc78'), ('XDG_MENU_PREFIX', 'gnome-'), ('LC_ADDRESS', 'bs_BA.UTF-8'), ('XDG_RUNTIME_DIR', '/run/user/1000'), ('DISPLAY', ':0'), ('TERMINATOR_DBUS_PATH', '/net/tenshu/Terminator2'), ('LANG', 'en_US.UTF-8'), ('XDG_CURRENT_DESKTOP', 'ubuntu:GNOME'), ('LC_TELEPHONE', 'bs_BA.UTF-8'), ('XMODIFIERS', '@im=ibus'), ('XDG_SESSION_DESKTOP', 'ubuntu'), ('XAUTHORITY', '/run/user/1000/gdm/Xauthority'), ('LS_COLORS', 'rs=0:di=01;34:ln=01;36:mh=00:pi=40;33:so=01;35:do=01;35:bd=40;33;01:cd=40;33;01:or=40;31;01:mi=00:su=37;41:sg=30;43:ca=30;41:tw=30;42:ow=34;42:st=37;44:ex=01;32:*.tar=01;31:*.tgz=01;31:*.arc=01;31:*.arj=01;31:*.taz=01;31:*.lha=01;31:*.lz4=01;31:*.lzh=01;31:*.lzma=01;31:*.tlz=01;31:*.txz=01;31:*.tzo=01;31:*.t7z=01;31:*.zip=01;31:*.z=01;31:*.dz=01;31:*.gz=01;31:*.lrz=01;31:*.lz=01;31:*.lzo=01;31:*.xz=01;31:*.zst=01;31:*.tzst=01;31:*.bz2=01;31:*.bz=01;31:*.tbz=01;31:*.tbz2=01;31:*.tz=01;31:*.deb=01;31:*.rpm=01;31:*.jar=01;31:*.war=01;31:*.ear=01;31:*.sar=01;31:*.rar=01;31:*.alz=01;31:*.ace=01;31:*.zoo=01;31:*.cpio=01;31:*.7z=01;31:*.rz=01;31:*.cab=01;31:*.wim=01;31:*.swm=01;31:*.dwm=01;31:*.esd=01;31:*.jpg=01;35:*.jpeg=01;35:*.mjpg=01;35:*.mjpeg=01;35:*.gif=01;35:*.bmp=01;35:*.pbm=01;35:*.pgm=01;35:*.ppm=01;35:*.tga=01;35:*.xbm=01;35:*.xpm=01;35:*.tif=01;35:*.tiff=01;35:*.png=01;35:*.svg=01;35:*.svgz=01;35:*.mng=01;35:*.pcx=01;35:*.mov=01;35:*.mpg=01;35:*.mpeg=01;35:*.m2v=01;35:*.mkv=01;35:*.webm=01;35:*.ogm=01;35:*.mp4=01;35:*.m4v=01;35:*.mp4v=01;35:*.vob=01;35:*.qt=01;35:*.nuv=01;35:*.wmv=01;35:*.asf=01;35:*.rm=01;35:*.rmvb=01;35:*.flc=01;35:*.avi=01;35:*.fli=01;35:*.flv=01;35:*.gl=01;35:*.dl=01;35:*.xcf=01;35:*.xwd=01;35:*.yuv=01;35:*.cgm=01;35:*.emf=01;35:*.ogv=01;35:*.ogx=01;35:*.aac=00;36:*.au=00;36:*.flac=00;36:*.m4a=00;36:*.mid=00;36:*.midi=00;36:*.mka=00;36:*.mp3=00;36:*.mpc=00;36:*.ogg=00;36:*.ra=00;36:*.wav=00;36:*.oga=00;36:*.opus=00;36:*.spx=00;36:*.xspf=00;36:'), ('JETSON_SOC', 'tegra194'), ('SSH_AUTH_SOCK', '/run/user/1000/keyring/ssh'), ('ROS_DOMAIN_ID', '6'), ('AMENT_PREFIX_PATH', '/opt/ros/foxy'), ('SHELL', '/bin/bash'), ('CMAKE_ARGS', '-DBUILD_WITH_OPENMP=OFF'), ('LC_NAME', 'bs_BA.UTF-8'), ('TERMINATOR_UUID', 'urn:uuid:0a99abc2-9966-4d5d-a08b-faa1cb518880'), ('QT_ACCESSIBILITY', '1'), ('GDMSESSION', 'ubuntu'), ('LESSCLOSE', '/usr/bin/lesspipe %s %s'), ('LC_MEASUREMENT', 'bs_BA.UTF-8'), ('GPG_AGENT_INFO', '/run/user/1000/gnupg/S.gpg-agent:0:1'), ('GJS_DEBUG_OUTPUT', 'stderr'), ('LC_IDENTIFICATION', 'bs_BA.UTF-8'), ('QT_IM_MODULE', 'ibus'), ('JETSON_CUDA_ARCH_BIN', '7.2'), ('PWD', '/home/f1tenth/f1tenth_mrc_ws/build/wall_follow'), ('LC_ALL', 'en_US.UTF-8'), ('XDG_CONFIG_DIRS', '/etc/xdg/xdg-ubuntu:/etc/xdg'), ('XDG_DATA_DIRS', '/usr/share/ubuntu:/usr/local/share/:/usr/share/:/var/lib/snapd/desktop'), ('PYTHONPATH', '/opt/ros/foxy/lib/python3.8/site-packages'), ('LC_NUMERIC', 'bs_BA.UTF-8'), ('LC_PAPER', 'bs_BA.UTF-8'), ('COLCON', '1'), ('VTE_VERSION', '6003'), ('JETSON_JETPACK', '5.0.2 GA'), ('JETSON_P_NUMBER', 'p3668-0000'), ('CMAKE_PREFIX_PATH', '/opt/ros/foxy')]), 'shell': False}
[40.128588] (-) TimerEvent: {}
[40.184728] (wall_follow) StdoutLine: {'line': b'-- Install configuration: ""\n'}
[40.185695] (wall_follow) StdoutLine: {'line': b'-- Installing: /home/f1tenth/f1tenth_mrc_ws/install/wall_follow/share/wall_follow/environment/pythonpath.sh\n'}
[40.186496] (wall_follow) StdoutLine: {'line': b'-- Installing: /home/f1tenth/f1tenth_mrc_ws/install/wall_follow/share/wall_follow/environment/pythonpath.dsv\n'}
[40.188360] (wall_follow) StdoutLine: {'line': b'-- Installing: /home/f1tenth/f1tenth_mrc_ws/install/wall_follow/lib/python3.8/site-packages/wall_follow\n'}
[40.188841] (wall_follow) StdoutLine: {'line': b'-- Installing: /home/f1tenth/f1tenth_mrc_ws/install/wall_follow/lib/python3.8/site-packages/wall_follow/__init__.py\n'}
[40.228954] (-) TimerEvent: {}
[40.330135] (-) TimerEvent: {}
[40.431064] (-) TimerEvent: {}
[40.437934] (wall_follow) StdoutLine: {'line': b"Listing '/home/f1tenth/f1tenth_mrc_ws/install/wall_follow/lib/python3.8/site-packages/wall_follow'...\n"}
[40.438714] (wall_follow) StdoutLine: {'line': b"Compiling '/home/f1tenth/f1tenth_mrc_ws/install/wall_follow/lib/python3.8/site-packages/wall_follow/__init__.py'...\n"}
[40.455848] (wall_follow) StdoutLine: {'line': b'-- Installing: /home/f1tenth/f1tenth_mrc_ws/install/wall_follow/lib/wall_follow/wall_follow_node.py\n'}
[40.458625] (wall_follow) StdoutLine: {'line': b'-- Installing: /home/f1tenth/f1tenth_mrc_ws/install/wall_follow/share/ament_index/resource_index/package_run_dependencies/wall_follow\n'}
[40.459741] (wall_follow) StdoutLine: {'line': b'-- Installing: /home/f1tenth/f1tenth_mrc_ws/install/wall_follow/share/ament_index/resource_index/parent_prefix_path/wall_follow\n'}
[40.461275] (wall_follow) StdoutLine: {'line': b'-- Installing: /home/f1tenth/f1tenth_mrc_ws/install/wall_follow/share/wall_follow/environment/ament_prefix_path.sh\n'}
[40.461968] (wall_follow) StdoutLine: {'line': b'-- Installing: /home/f1tenth/f1tenth_mrc_ws/install/wall_follow/share/wall_follow/environment/ament_prefix_path.dsv\n'}
[40.462853] (wall_follow) StdoutLine: {'line': b'-- Installing: /home/f1tenth/f1tenth_mrc_ws/install/wall_follow/share/wall_follow/environment/path.sh\n'}
[40.463555] (wall_follow) StdoutLine: {'line': b'-- Installing: /home/f1tenth/f1tenth_mrc_ws/install/wall_follow/share/wall_follow/environment/path.dsv\n'}
[40.464270] (wall_follow) StdoutLine: {'line': b'-- Installing: /home/f1tenth/f1tenth_mrc_ws/install/wall_follow/share/wall_follow/local_setup.bash\n'}
[40.466106] (wall_follow) StdoutLine: {'line': b'-- Installing: /home/f1tenth/f1tenth_mrc_ws/install/wall_follow/share/wall_follow/local_setup.sh\n'}
[40.467070] (wall_follow) StdoutLine: {'line': b'-- Installing: /home/f1tenth/f1tenth_mrc_ws/install/wall_follow/share/wall_follow/local_setup.zsh\n'}
[40.473299] (wall_follow) StdoutLine: {'line': b'-- Installing: /home/f1tenth/f1tenth_mrc_ws/install/wall_follow/share/wall_follow/local_setup.dsv\n'}
[40.475878] (wall_follow) StdoutLine: {'line': b'-- Installing: /home/f1tenth/f1tenth_mrc_ws/install/wall_follow/share/wall_follow/package.dsv\n'}
[40.477753] (wall_follow) StdoutLine: {'line': b'-- Installing: /home/f1tenth/f1tenth_mrc_ws/install/wall_follow/share/ament_index/resource_index/packages/wall_follow\n'}
[40.478934] (wall_follow) StdoutLine: {'line': b'-- Installing: /home/f1tenth/f1tenth_mrc_ws/install/wall_follow/share/wall_follow/cmake/wall_followConfig.cmake\n'}
[40.479622] (wall_follow) StdoutLine: {'line': b'-- Installing: /home/f1tenth/f1tenth_mrc_ws/install/wall_follow/share/wall_follow/cmake/wall_followConfig-version.cmake\n'}
[40.480493] (wall_follow) StdoutLine: {'line': b'-- Installing: /home/f1tenth/f1tenth_mrc_ws/install/wall_follow/share/wall_follow/package.xml\n'}
[40.494626] (wall_follow) CommandEnded: {'returncode': 0}
[40.536025] (-) TimerEvent: {}
[40.637243] (-) TimerEvent: {}
[40.703891] (wall_follow) JobEnded: {'identifier': 'wall_follow', 'rc': 0}
[40.737485] (-) TimerEvent: {}
[40.838287] (-) TimerEvent: {}
[40.859605] (waypoint_logger) StderrLine: {'line': b"/home/f1tenth/.local/lib/python3.8/site-packages/setuptools/dist.py:717: UserWarning: Usage of dash-separated 'script-dir' will not be supported in future versions. Please use the underscore name 'script_dir' instead\n"}
[40.860386] (waypoint_logger) StderrLine: {'line': b'  warnings.warn(\n'}
[40.938577] (-) TimerEvent: {}
[41.014860] (waypoint_logger) StdoutLine: {'line': b'running egg_info\n'}
[41.017786] (waypoint_logger) StdoutLine: {'line': b'creating ../../build/waypoint_logger/waypoint_logger.egg-info\n'}
[41.018612] (waypoint_logger) StdoutLine: {'line': b'writing ../../build/waypoint_logger/waypoint_logger.egg-info/PKG-INFO\n'}
[41.020406] (waypoint_logger) StdoutLine: {'line': b'writing dependency_links to ../../build/waypoint_logger/waypoint_logger.egg-info/dependency_links.txt\n'}
[41.020859] (waypoint_logger) StdoutLine: {'line': b'writing entry points to ../../build/waypoint_logger/waypoint_logger.egg-info/entry_points.txt\n'}
[41.021405] (waypoint_logger) StdoutLine: {'line': b'writing requirements to ../../build/waypoint_logger/waypoint_logger.egg-info/requires.txt\n'}
[41.021703] (waypoint_logger) StdoutLine: {'line': b'writing top-level names to ../../build/waypoint_logger/waypoint_logger.egg-info/top_level.txt\n'}
[41.027992] (waypoint_logger) StdoutLine: {'line': b"writing manifest file '../../build/waypoint_logger/waypoint_logger.egg-info/SOURCES.txt'\n"}
[41.035601] (waypoint_logger) StdoutLine: {'line': b"reading manifest file '../../build/waypoint_logger/waypoint_logger.egg-info/SOURCES.txt'\n"}
[41.038753] (-) TimerEvent: {}
[41.040515] (waypoint_logger) StdoutLine: {'line': b"writing manifest file '../../build/waypoint_logger/waypoint_logger.egg-info/SOURCES.txt'\n"}
[41.042257] (waypoint_logger) StdoutLine: {'line': b'running build\n'}
[41.042829] (waypoint_logger) StdoutLine: {'line': b'running build_py\n'}
[41.043517] (waypoint_logger) StdoutLine: {'line': b'creating /home/f1tenth/f1tenth_mrc_ws/build/waypoint_logger/build\n'}
[41.043897] (waypoint_logger) StdoutLine: {'line': b'creating /home/f1tenth/f1tenth_mrc_ws/build/waypoint_logger/build/lib\n'}
[41.044218] (waypoint_logger) StdoutLine: {'line': b'creating /home/f1tenth/f1tenth_mrc_ws/build/waypoint_logger/build/lib/waypoint_logger\n'}
[41.044611] (waypoint_logger) StdoutLine: {'line': b'copying waypoint_logger/optitrack_logger.py -> /home/f1tenth/f1tenth_mrc_ws/build/waypoint_logger/build/lib/waypoint_logger\n'}
[41.045218] (waypoint_logger) StdoutLine: {'line': b'copying waypoint_logger/mpc_logger.py -> /home/f1tenth/f1tenth_mrc_ws/build/waypoint_logger/build/lib/waypoint_logger\n'}
[41.045562] (waypoint_logger) StdoutLine: {'line': b'copying waypoint_logger/logger.py -> /home/f1tenth/f1tenth_mrc_ws/build/waypoint_logger/build/lib/waypoint_logger\n'}
[41.045832] (waypoint_logger) StdoutLine: {'line': b'copying waypoint_logger/__init__.py -> /home/f1tenth/f1tenth_mrc_ws/build/waypoint_logger/build/lib/waypoint_logger\n'}
[41.046275] (waypoint_logger) StdoutLine: {'line': b'running install\n'}
[41.051095] (waypoint_logger) StdoutLine: {'line': b'running install_lib\n'}
[41.056325] (waypoint_logger) StdoutLine: {'line': b'creating /home/f1tenth/f1tenth_mrc_ws/install/waypoint_logger/lib/python3.8/site-packages/waypoint_logger\n'}
[41.057097] (waypoint_logger) StdoutLine: {'line': b'copying /home/f1tenth/f1tenth_mrc_ws/build/waypoint_logger/build/lib/waypoint_logger/optitrack_logger.py -> /home/f1tenth/f1tenth_mrc_ws/install/waypoint_logger/lib/python3.8/site-packages/waypoint_logger\n'}
[41.057641] (waypoint_logger) StdoutLine: {'line': b'copying /home/f1tenth/f1tenth_mrc_ws/build/waypoint_logger/build/lib/waypoint_logger/mpc_logger.py -> /home/f1tenth/f1tenth_mrc_ws/install/waypoint_logger/lib/python3.8/site-packages/waypoint_logger\n'}
[41.058236] (waypoint_logger) StdoutLine: {'line': b'copying /home/f1tenth/f1tenth_mrc_ws/build/waypoint_logger/build/lib/waypoint_logger/logger.py -> /home/f1tenth/f1tenth_mrc_ws/install/waypoint_logger/lib/python3.8/site-packages/waypoint_logger\n'}
[41.058823] (waypoint_logger) StdoutLine: {'line': b'copying /home/f1tenth/f1tenth_mrc_ws/build/waypoint_logger/build/lib/waypoint_logger/__init__.py -> /home/f1tenth/f1tenth_mrc_ws/install/waypoint_logger/lib/python3.8/site-packages/waypoint_logger\n'}
[41.061373] (waypoint_logger) StdoutLine: {'line': b'byte-compiling /home/f1tenth/f1tenth_mrc_ws/install/waypoint_logger/lib/python3.8/site-packages/waypoint_logger/optitrack_logger.py to optitrack_logger.cpython-38.pyc\n'}
[41.065075] (waypoint_logger) StdoutLine: {'line': b'byte-compiling /home/f1tenth/f1tenth_mrc_ws/install/waypoint_logger/lib/python3.8/site-packages/waypoint_logger/mpc_logger.py to mpc_logger.cpython-38.pyc\n'}
[41.069433] (waypoint_logger) StdoutLine: {'line': b'byte-compiling /home/f1tenth/f1tenth_mrc_ws/install/waypoint_logger/lib/python3.8/site-packages/waypoint_logger/logger.py to logger.cpython-38.pyc\n'}
[41.073473] (waypoint_logger) StdoutLine: {'line': b'byte-compiling /home/f1tenth/f1tenth_mrc_ws/install/waypoint_logger/lib/python3.8/site-packages/waypoint_logger/__init__.py to __init__.cpython-38.pyc\n'}
[41.075553] (waypoint_logger) StdoutLine: {'line': b'running install_data\n'}
[41.076096] (waypoint_logger) StdoutLine: {'line': b'creating /home/f1tenth/f1tenth_mrc_ws/install/waypoint_logger/share/ament_index\n'}
[41.077239] (waypoint_logger) StdoutLine: {'line': b'creating /home/f1tenth/f1tenth_mrc_ws/install/waypoint_logger/share/ament_index/resource_index\n'}
[41.077823] (waypoint_logger) StdoutLine: {'line': b'creating /home/f1tenth/f1tenth_mrc_ws/install/waypoint_logger/share/ament_index/resource_index/packages\n'}
[41.078785] (waypoint_logger) StdoutLine: {'line': b'copying resource/waypoint_logger -> /home/f1tenth/f1tenth_mrc_ws/install/waypoint_logger/share/ament_index/resource_index/packages\n'}
[41.080148] (waypoint_logger) StdoutLine: {'line': b'copying package.xml -> /home/f1tenth/f1tenth_mrc_ws/install/waypoint_logger/share/waypoint_logger\n'}
[41.080498] (waypoint_logger) StdoutLine: {'line': b'running install_egg_info\n'}
[41.087885] (waypoint_logger) StdoutLine: {'line': b'Copying ../../build/waypoint_logger/waypoint_logger.egg-info to /home/f1tenth/f1tenth_mrc_ws/install/waypoint_logger/lib/python3.8/site-packages/waypoint_logger-0.0.0-py3.8.egg-info\n'}
[41.096519] (waypoint_logger) StdoutLine: {'line': b'running install_scripts\n'}
[41.138967] (-) TimerEvent: {}
[41.181899] (waypoint_logger) StdoutLine: {'line': b'Installing mpc_logger script to /home/f1tenth/f1tenth_mrc_ws/install/waypoint_logger/lib/waypoint_logger\n'}
[41.183699] (waypoint_logger) StdoutLine: {'line': b'Installing optitrack_logger script to /home/f1tenth/f1tenth_mrc_ws/install/waypoint_logger/lib/waypoint_logger\n'}
[41.185971] (waypoint_logger) StdoutLine: {'line': b'Installing waypoint_logger script to /home/f1tenth/f1tenth_mrc_ws/install/waypoint_logger/lib/waypoint_logger\n'}
[41.188318] (waypoint_logger) StdoutLine: {'line': b"writing list of installed files to '/home/f1tenth/f1tenth_mrc_ws/build/waypoint_logger/install.log'\n"}
[41.239218] (-) TimerEvent: {}
[41.314586] (waypoint_logger) CommandEnded: {'returncode': 0}
[41.339509] (-) TimerEvent: {}
[41.347816] (waypoint_logger) JobEnded: {'identifier': 'waypoint_logger', 'rc': 0}
[41.439849] (-) TimerEvent: {}
[41.487108] (realsense2_camera_msgs) StdoutLine: {'line': b'[ 48%] \x1b[32mBuilding CXX object CMakeFiles/realsense2_camera_msgs__rosidl_typesupport_introspection_cpp.dir/rosidl_typesupport_introspection_cpp/realsense2_camera_msgs/srv/detail/calib_config_write__type_support.cpp.o\x1b[0m\n'}
[41.499597] (realsense2_camera_msgs) StdoutLine: {'line': b'[ 49%] \x1b[32mBuilding CXX object CMakeFiles/realsense2_camera_msgs__rosidl_typesupport_cpp.dir/rosidl_typesupport_cpp/realsense2_camera_msgs/action/triggered_calibration__type_support.cpp.o\x1b[0m\n'}
[41.540075] (-) TimerEvent: {}
[41.641222] (-) TimerEvent: {}
[41.743333] (-) TimerEvent: {}
[41.844878] (-) TimerEvent: {}
[41.864558] (realsense2_camera_msgs) StdoutLine: {'line': b'[ 50%] \x1b[32mBuilding CXX object CMakeFiles/realsense2_camera_msgs__rosidl_typesupport_fastrtps_cpp.dir/rosidl_typesupport_fastrtps_cpp/realsense2_camera_msgs/srv/detail/dds_fastrtps/device_info__type_support.cpp.o\x1b[0m\n'}
[41.945118] (-) TimerEvent: {}
[42.046694] (-) TimerEvent: {}
[42.148838] (-) TimerEvent: {}
[42.250493] (-) TimerEvent: {}
[42.353727] (-) TimerEvent: {}
[42.455141] (-) TimerEvent: {}
[42.556526] (-) TimerEvent: {}
[42.658003] (-) TimerEvent: {}
[42.759543] (-) TimerEvent: {}
[42.861225] (-) TimerEvent: {}
[42.915283] (realsense2_camera_msgs) StdoutLine: {'line': b'[ 51%] \x1b[32mBuilding CXX object CMakeFiles/realsense2_camera_msgs__rosidl_typesupport_introspection_cpp.dir/rosidl_typesupport_introspection_cpp/realsense2_camera_msgs/action/detail/triggered_calibration__type_support.cpp.o\x1b[0m\n'}
[42.961447] (-) TimerEvent: {}
[43.003449] (realsense2_camera_msgs) StdoutLine: {'line': b'[ 52%] \x1b[32m\x1b[1mLinking CXX shared library librealsense2_camera_msgs__rosidl_typesupport_cpp.so\x1b[0m\n'}
[43.061733] (-) TimerEvent: {}
[43.162785] (-) TimerEvent: {}
[43.216311] (realsense2_camera_msgs) StdoutLine: {'line': b'[ 52%] Built target realsense2_camera_msgs__rosidl_typesupport_cpp\n'}
[43.262996] (-) TimerEvent: {}
[43.363854] (-) TimerEvent: {}
[43.464796] (-) TimerEvent: {}
[43.566436] (-) TimerEvent: {}
[43.668418] (-) TimerEvent: {}
[43.769711] (-) TimerEvent: {}
[43.815466] (realsense2_camera_msgs) StdoutLine: {'line': b'[ 54%] \x1b[32mBuilding CXX object CMakeFiles/realsense2_camera_msgs__rosidl_typesupport_fastrtps_cpp.dir/rosidl_typesupport_fastrtps_cpp/realsense2_camera_msgs/srv/detail/dds_fastrtps/calib_config_read__type_support.cpp.o\x1b[0m\n'}
[43.869960] (-) TimerEvent: {}
[43.971414] (-) TimerEvent: {}
[44.073722] (-) TimerEvent: {}
[44.175201] (-) TimerEvent: {}
[44.276741] (-) TimerEvent: {}
[44.378094] (-) TimerEvent: {}
[44.465745] (realsense2_camera_msgs) StdoutLine: {'line': b'[ 55%] \x1b[32m\x1b[1mLinking CXX shared library librealsense2_camera_msgs__rosidl_typesupport_introspection_cpp.so\x1b[0m\n'}
[44.478337] (-) TimerEvent: {}
[44.579346] (-) TimerEvent: {}
[44.680755] (-) TimerEvent: {}
[44.782275] (-) TimerEvent: {}
[44.785846] (realsense2_camera_msgs) StdoutLine: {'line': b'[ 55%] Built target realsense2_camera_msgs__rosidl_typesupport_introspection_cpp\n'}
[44.882541] (-) TimerEvent: {}
[44.983694] (-) TimerEvent: {}
[45.084649] (-) TimerEvent: {}
[45.185751] (-) TimerEvent: {}
[45.286684] (-) TimerEvent: {}
[45.388720] (-) TimerEvent: {}
[45.489522] (-) TimerEvent: {}
[45.590464] (-) TimerEvent: {}
[45.691359] (-) TimerEvent: {}
[45.792198] (-) TimerEvent: {}
[45.893047] (-) TimerEvent: {}
[45.893987] (realsense2_camera_msgs) StdoutLine: {'line': b'[ 56%] \x1b[32mBuilding CXX object CMakeFiles/realsense2_camera_msgs__rosidl_typesupport_fastrtps_cpp.dir/rosidl_typesupport_fastrtps_cpp/realsense2_camera_msgs/action/detail/dds_fastrtps/triggered_calibration__type_support.cpp.o\x1b[0m\n'}
[45.993342] (-) TimerEvent: {}
[46.094823] (-) TimerEvent: {}
[46.195632] (-) TimerEvent: {}
[46.296745] (-) TimerEvent: {}
[46.397633] (-) TimerEvent: {}
[46.498534] (-) TimerEvent: {}
[46.599480] (-) TimerEvent: {}
[46.700428] (-) TimerEvent: {}
[46.801828] (-) TimerEvent: {}
[46.902747] (-) TimerEvent: {}
[47.003752] (-) TimerEvent: {}
[47.105074] (-) TimerEvent: {}
[47.205884] (-) TimerEvent: {}
[47.307384] (-) TimerEvent: {}
[47.408566] (-) TimerEvent: {}
[47.509468] (-) TimerEvent: {}
[47.610439] (-) TimerEvent: {}
[47.711324] (-) TimerEvent: {}
[47.812232] (-) TimerEvent: {}
[47.913197] (-) TimerEvent: {}
[47.987995] (realsense2_camera_msgs) StdoutLine: {'line': b'[ 57%] \x1b[32mBuilding CXX object CMakeFiles/realsense2_camera_msgs__rosidl_typesupport_fastrtps_cpp.dir/rosidl_typesupport_fastrtps_cpp/realsense2_camera_msgs/srv/detail/dds_fastrtps/calib_config_write__type_support.cpp.o\x1b[0m\n'}
[48.013379] (-) TimerEvent: {}
[48.114267] (-) TimerEvent: {}
[48.215169] (-) TimerEvent: {}
[48.316041] (-) TimerEvent: {}
[48.416962] (-) TimerEvent: {}
[48.517868] (-) TimerEvent: {}
[48.618917] (-) TimerEvent: {}
[48.719864] (-) TimerEvent: {}
[48.820786] (-) TimerEvent: {}
[48.921650] (-) TimerEvent: {}
[49.022552] (-) TimerEvent: {}
[49.123482] (-) TimerEvent: {}
[49.224379] (-) TimerEvent: {}
[49.326468] (-) TimerEvent: {}
[49.427709] (-) TimerEvent: {}
[49.528596] (-) TimerEvent: {}
[49.629498] (-) TimerEvent: {}
[49.726653] (realsense2_camera_msgs) StdoutLine: {'line': b'[ 58%] \x1b[32m\x1b[1mLinking CXX shared library librealsense2_camera_msgs__rosidl_typesupport_fastrtps_cpp.so\x1b[0m\n'}
[49.729651] (-) TimerEvent: {}
[49.830409] (-) TimerEvent: {}
[49.931257] (-) TimerEvent: {}
[50.032396] (-) TimerEvent: {}
[50.068829] (realsense2_camera_msgs) StdoutLine: {'line': b'[ 58%] Built target realsense2_camera_msgs__rosidl_typesupport_fastrtps_cpp\n'}
[50.115503] (realsense2_camera_msgs) StdoutLine: {'line': b'[ 59%] \x1b[34m\x1b[1mGenerating C type support dispatch for ROS interfaces\x1b[0m\n'}
[50.132566] (-) TimerEvent: {}
[50.233445] (-) TimerEvent: {}
[50.334325] (-) TimerEvent: {}
[50.435203] (-) TimerEvent: {}
[50.536079] (-) TimerEvent: {}
[50.637158] (-) TimerEvent: {}
[50.738040] (-) TimerEvent: {}
[50.839142] (-) TimerEvent: {}
[50.939889] (-) TimerEvent: {}
[51.040719] (-) TimerEvent: {}
[51.141556] (-) TimerEvent: {}
[51.242307] (-) TimerEvent: {}
[51.343839] (-) TimerEvent: {}
[51.444645] (-) TimerEvent: {}
[51.545467] (-) TimerEvent: {}
[51.646337] (-) TimerEvent: {}
[51.747362] (-) TimerEvent: {}
[51.848353] (-) TimerEvent: {}
[51.949282] (-) TimerEvent: {}
[51.961165] (realsense2_camera_msgs) StdoutLine: {'line': b'\x1b[35m\x1b[1mScanning dependencies of target realsense2_camera_msgs__rosidl_typesupport_c\x1b[0m\n'}
[52.041910] (realsense2_camera_msgs) StdoutLine: {'line': b'[ 60%] \x1b[32mBuilding CXX object CMakeFiles/realsense2_camera_msgs__rosidl_typesupport_c.dir/rosidl_typesupport_c/realsense2_camera_msgs/msg/imu_info__type_support.cpp.o\x1b[0m\n'}
[52.049579] (-) TimerEvent: {}
[52.150675] (-) TimerEvent: {}
[52.195970] (realsense2_camera_msgs) StdoutLine: {'line': b'[ 62%] \x1b[32mBuilding CXX object CMakeFiles/realsense2_camera_msgs__rosidl_typesupport_c.dir/rosidl_typesupport_c/realsense2_camera_msgs/msg/metadata__type_support.cpp.o\x1b[0m\n'}
[52.250896] (-) TimerEvent: {}
[52.345973] (realsense2_camera_msgs) StdoutLine: {'line': b'[ 63%] \x1b[32mBuilding CXX object CMakeFiles/realsense2_camera_msgs__rosidl_typesupport_c.dir/rosidl_typesupport_c/realsense2_camera_msgs/msg/rgbd__type_support.cpp.o\x1b[0m\n'}
[52.351121] (-) TimerEvent: {}
[52.451949] (-) TimerEvent: {}
[52.526623] (realsense2_camera_msgs) StdoutLine: {'line': b'[ 64%] \x1b[32mBuilding CXX object CMakeFiles/realsense2_camera_msgs__rosidl_typesupport_c.dir/rosidl_typesupport_c/realsense2_camera_msgs/srv/device_info__type_support.cpp.o\x1b[0m\n'}
[52.552180] (-) TimerEvent: {}
[52.653179] (-) TimerEvent: {}
[52.683947] (realsense2_camera_msgs) StdoutLine: {'line': b'[ 65%] \x1b[32mBuilding CXX object CMakeFiles/realsense2_camera_msgs__rosidl_typesupport_c.dir/rosidl_typesupport_c/realsense2_camera_msgs/srv/calib_config_read__type_support.cpp.o\x1b[0m\n'}
[52.753425] (-) TimerEvent: {}
[52.845659] (realsense2_camera_msgs) StdoutLine: {'line': b'[ 66%] \x1b[32mBuilding CXX object CMakeFiles/realsense2_camera_msgs__rosidl_typesupport_c.dir/rosidl_typesupport_c/realsense2_camera_msgs/srv/calib_config_write__type_support.cpp.o\x1b[0m\n'}
[52.853623] (-) TimerEvent: {}
[52.954556] (-) TimerEvent: {}
[52.999270] (realsense2_camera_msgs) StdoutLine: {'line': b'[ 67%] \x1b[32mBuilding CXX object CMakeFiles/realsense2_camera_msgs__rosidl_typesupport_c.dir/rosidl_typesupport_c/realsense2_camera_msgs/action/triggered_calibration__type_support.cpp.o\x1b[0m\n'}
[53.054781] (-) TimerEvent: {}
[53.156150] (-) TimerEvent: {}
[53.236781] (realsense2_camera_msgs) StdoutLine: {'line': b'[ 68%] \x1b[32mBuilding CXX object CMakeFiles/realsense2_camera_msgs__rosidl_typesupport_c.dir/rosidl_typesupport_c/realsense2_camera_msgs/msg/extrinsics__type_support.cpp.o\x1b[0m\n'}
[53.256399] (-) TimerEvent: {}
[53.357259] (-) TimerEvent: {}
[53.379315] (realsense2_camera_msgs) StdoutLine: {'line': b'[ 70%] \x1b[32m\x1b[1mLinking CXX shared library librealsense2_camera_msgs__rosidl_typesupport_c.so\x1b[0m\n'}
[53.457514] (-) TimerEvent: {}
[53.559000] (-) TimerEvent: {}
[53.568187] (realsense2_camera_msgs) StdoutLine: {'line': b'[ 70%] Built target realsense2_camera_msgs__rosidl_typesupport_c\n'}
[53.618463] (realsense2_camera_msgs) StdoutLine: {'line': b'[ 71%] \x1b[34m\x1b[1mGenerating C type support for eProsima Fast-RTPS\x1b[0m\n'}
[53.659183] (-) TimerEvent: {}
[53.760046] (-) TimerEvent: {}
[53.860818] (-) TimerEvent: {}
[53.961684] (-) TimerEvent: {}
[54.062743] (-) TimerEvent: {}
[54.164348] (-) TimerEvent: {}
[54.265184] (-) TimerEvent: {}
[54.366097] (-) TimerEvent: {}
[54.466978] (-) TimerEvent: {}
[54.568016] (-) TimerEvent: {}
[54.668841] (-) TimerEvent: {}
[54.769641] (-) TimerEvent: {}
[54.870507] (-) TimerEvent: {}
[54.971295] (-) TimerEvent: {}
[55.072203] (-) TimerEvent: {}
[55.174091] (-) TimerEvent: {}
[55.275053] (-) TimerEvent: {}
[55.375998] (-) TimerEvent: {}
[55.476916] (-) TimerEvent: {}
[55.577749] (-) TimerEvent: {}
[55.678669] (-) TimerEvent: {}
[55.779527] (-) TimerEvent: {}
[55.880418] (-) TimerEvent: {}
[55.982033] (-) TimerEvent: {}
[56.083820] (-) TimerEvent: {}
[56.184905] (-) TimerEvent: {}
[56.285897] (-) TimerEvent: {}
[56.386980] (-) TimerEvent: {}
[56.390602] (realsense2_camera_msgs) StdoutLine: {'line': b'\x1b[35m\x1b[1mScanning dependencies of target realsense2_camera_msgs__rosidl_typesupport_fastrtps_c\x1b[0m\n'}
[56.487185] (-) TimerEvent: {}
[56.559661] (realsense2_camera_msgs) StdoutLine: {'line': b'[ 72%] \x1b[32mBuilding CXX object CMakeFiles/realsense2_camera_msgs__rosidl_typesupport_fastrtps_c.dir/rosidl_typesupport_fastrtps_c/realsense2_camera_msgs/msg/detail/imu_info__type_support_c.cpp.o\x1b[0m\n'}
[56.587486] (-) TimerEvent: {}
[56.688841] (-) TimerEvent: {}
[56.789745] (-) TimerEvent: {}
[56.890675] (-) TimerEvent: {}
[56.991637] (-) TimerEvent: {}
[57.093026] (-) TimerEvent: {}
[57.194265] (-) TimerEvent: {}
[57.295315] (-) TimerEvent: {}
[57.396217] (-) TimerEvent: {}
[57.497429] (-) TimerEvent: {}
[57.598459] (-) TimerEvent: {}
[57.699675] (-) TimerEvent: {}
[57.800493] (-) TimerEvent: {}
[57.901424] (-) TimerEvent: {}
[58.003760] (-) TimerEvent: {}
[58.006620] (realsense2_camera_msgs) StdoutLine: {'line': b'[ 73%] \x1b[32mBuilding CXX object CMakeFiles/realsense2_camera_msgs__rosidl_typesupport_fastrtps_c.dir/rosidl_typesupport_fastrtps_c/realsense2_camera_msgs/msg/detail/rgbd__type_support_c.cpp.o\x1b[0m\n'}
[58.103968] (-) TimerEvent: {}
[58.204881] (-) TimerEvent: {}
[58.305750] (-) TimerEvent: {}
[58.406667] (-) TimerEvent: {}
[58.508172] (-) TimerEvent: {}
[58.609536] (-) TimerEvent: {}
[58.710923] (-) TimerEvent: {}
[58.811821] (-) TimerEvent: {}
[58.913297] (-) TimerEvent: {}
[59.014313] (-) TimerEvent: {}
[59.115418] (-) TimerEvent: {}
[59.216954] (-) TimerEvent: {}
[59.318527] (-) TimerEvent: {}
[59.420205] (-) TimerEvent: {}
[59.521241] (-) TimerEvent: {}
[59.545508] (realsense2_camera_msgs) StdoutLine: {'line': b'[ 74%] \x1b[32mBuilding CXX object CMakeFiles/realsense2_camera_msgs__rosidl_typesupport_fastrtps_c.dir/rosidl_typesupport_fastrtps_c/realsense2_camera_msgs/srv/detail/device_info__type_support_c.cpp.o\x1b[0m\n'}
[59.621446] (-) TimerEvent: {}
[59.722301] (-) TimerEvent: {}
[59.823450] (-) TimerEvent: {}
[59.924803] (-) TimerEvent: {}
[60.025707] (-) TimerEvent: {}
[60.126679] (-) TimerEvent: {}
[60.227803] (-) TimerEvent: {}
[60.328746] (-) TimerEvent: {}
[60.429792] (-) TimerEvent: {}
[60.530816] (-) TimerEvent: {}
[60.631758] (-) TimerEvent: {}
[60.732682] (-) TimerEvent: {}
[60.833614] (-) TimerEvent: {}
[60.934559] (-) TimerEvent: {}
[61.035639] (-) TimerEvent: {}
[61.108560] (realsense2_camera_msgs) StdoutLine: {'line': b'[ 75%] \x1b[32mBuilding CXX object CMakeFiles/realsense2_camera_msgs__rosidl_typesupport_fastrtps_c.dir/rosidl_typesupport_fastrtps_c/realsense2_camera_msgs/srv/detail/calib_config_read__type_support_c.cpp.o\x1b[0m\n'}
[61.135954] (-) TimerEvent: {}
[61.236904] (-) TimerEvent: {}
[61.337763] (-) TimerEvent: {}
[61.438776] (-) TimerEvent: {}
[61.539662] (-) TimerEvent: {}
[61.640593] (-) TimerEvent: {}
[61.741510] (-) TimerEvent: {}
[61.842732] (-) TimerEvent: {}
[61.943567] (-) TimerEvent: {}
[62.044485] (-) TimerEvent: {}
[62.145397] (-) TimerEvent: {}
[62.246336] (-) TimerEvent: {}
[62.347337] (-) TimerEvent: {}
[62.448354] (-) TimerEvent: {}
[62.549279] (-) TimerEvent: {}
[62.619581] (realsense2_camera_msgs) StdoutLine: {'line': b'[ 77%] \x1b[32mBuilding CXX object CMakeFiles/realsense2_camera_msgs__rosidl_typesupport_fastrtps_c.dir/rosidl_typesupport_fastrtps_c/realsense2_camera_msgs/srv/detail/calib_config_write__type_support_c.cpp.o\x1b[0m\n'}
[62.649479] (-) TimerEvent: {}
[62.750396] (-) TimerEvent: {}
[62.851286] (-) TimerEvent: {}
[62.952215] (-) TimerEvent: {}
[63.053142] (-) TimerEvent: {}
[63.154143] (-) TimerEvent: {}
[63.255269] (-) TimerEvent: {}
[63.356143] (-) TimerEvent: {}
[63.457043] (-) TimerEvent: {}
[63.558407] (-) TimerEvent: {}
[63.659353] (-) TimerEvent: {}
[63.760432] (-) TimerEvent: {}
[63.861328] (-) TimerEvent: {}
[63.962260] (-) TimerEvent: {}
[64.063557] (-) TimerEvent: {}
[64.139055] (realsense2_camera_msgs) StdoutLine: {'line': b'[ 78%] \x1b[32mBuilding CXX object CMakeFiles/realsense2_camera_msgs__rosidl_typesupport_fastrtps_c.dir/rosidl_typesupport_fastrtps_c/realsense2_camera_msgs/action/detail/triggered_calibration__type_support_c.cpp.o\x1b[0m\n'}
[64.163773] (-) TimerEvent: {}
[64.265080] (-) TimerEvent: {}
[64.366021] (-) TimerEvent: {}
[64.467052] (-) TimerEvent: {}
[64.568040] (-) TimerEvent: {}
[64.669128] (-) TimerEvent: {}
[64.769996] (-) TimerEvent: {}
[64.871071] (-) TimerEvent: {}
[64.972149] (-) TimerEvent: {}
[65.073167] (-) TimerEvent: {}
[65.174061] (-) TimerEvent: {}
[65.275119] (-) TimerEvent: {}
[65.376181] (-) TimerEvent: {}
[65.477268] (-) TimerEvent: {}
[65.578479] (-) TimerEvent: {}
[65.679571] (-) TimerEvent: {}
[65.780646] (-) TimerEvent: {}
[65.882273] (-) TimerEvent: {}
[65.983327] (-) TimerEvent: {}
[65.988763] (realsense2_camera_msgs) StdoutLine: {'line': b'[ 79%] \x1b[32mBuilding CXX object CMakeFiles/realsense2_camera_msgs__rosidl_typesupport_fastrtps_c.dir/rosidl_typesupport_fastrtps_c/realsense2_camera_msgs/msg/detail/metadata__type_support_c.cpp.o\x1b[0m\n'}
[66.083622] (-) TimerEvent: {}
[66.185112] (-) TimerEvent: {}
[66.286297] (-) TimerEvent: {}
[66.387682] (-) TimerEvent: {}
[66.489506] (-) TimerEvent: {}
[66.590777] (-) TimerEvent: {}
[66.691967] (-) TimerEvent: {}
[66.792830] (-) TimerEvent: {}
[66.894099] (-) TimerEvent: {}
[66.995010] (-) TimerEvent: {}
[67.095990] (-) TimerEvent: {}
[67.196930] (-) TimerEvent: {}
[67.297854] (-) TimerEvent: {}
[67.398938] (-) TimerEvent: {}
[67.499857] (-) TimerEvent: {}
[67.566586] (realsense2_camera_msgs) StdoutLine: {'line': b'[ 80%] \x1b[32mBuilding CXX object CMakeFiles/realsense2_camera_msgs__rosidl_typesupport_fastrtps_c.dir/rosidl_typesupport_fastrtps_c/realsense2_camera_msgs/msg/detail/extrinsics__type_support_c.cpp.o\x1b[0m\n'}
[67.600133] (-) TimerEvent: {}
[67.701322] (-) TimerEvent: {}
[67.802203] (-) TimerEvent: {}
[67.903179] (-) TimerEvent: {}
[68.004128] (-) TimerEvent: {}
[68.105084] (-) TimerEvent: {}
[68.206034] (-) TimerEvent: {}
[68.307146] (-) TimerEvent: {}
[68.408224] (-) TimerEvent: {}
[68.509194] (-) TimerEvent: {}
[68.610281] (-) TimerEvent: {}
[68.711350] (-) TimerEvent: {}
[68.812639] (-) TimerEvent: {}
[68.913912] (-) TimerEvent: {}
[69.015377] (-) TimerEvent: {}
[69.076876] (realsense2_camera_msgs) StdoutLine: {'line': b'[ 81%] \x1b[32m\x1b[1mLinking CXX shared library librealsense2_camera_msgs__rosidl_typesupport_fastrtps_c.so\x1b[0m\n'}
[69.115589] (-) TimerEvent: {}
[69.216683] (-) TimerEvent: {}
[69.317655] (-) TimerEvent: {}
[69.418565] (-) TimerEvent: {}
[69.436655] (realsense2_camera_msgs) StdoutLine: {'line': b'[ 81%] Built target realsense2_camera_msgs__rosidl_typesupport_fastrtps_c\n'}
[69.481486] (realsense2_camera_msgs) StdoutLine: {'line': b'\x1b[35m\x1b[1mScanning dependencies of target realsense2_camera_msgs\x1b[0m\n'}
[69.518803] (-) TimerEvent: {}
[69.523967] (realsense2_camera_msgs) StdoutLine: {'line': b'[ 81%] Built target realsense2_camera_msgs\n'}
[69.564969] (realsense2_camera_msgs) StdoutLine: {'line': b'\x1b[35m\x1b[1mScanning dependencies of target realsense2_camera_msgs__py\x1b[0m\n'}
[69.614525] (realsense2_camera_msgs) StdoutLine: {'line': b'[ 82%] \x1b[34m\x1b[1mGenerating Python code for ROS interfaces\x1b[0m\n'}
[69.618979] (-) TimerEvent: {}
[69.720070] (-) TimerEvent: {}
[69.820920] (-) TimerEvent: {}
[69.921745] (-) TimerEvent: {}
[70.022704] (-) TimerEvent: {}
[70.124015] (-) TimerEvent: {}
[70.225359] (-) TimerEvent: {}
[70.326235] (-) TimerEvent: {}
[70.427146] (-) TimerEvent: {}
[70.527948] (-) TimerEvent: {}
[70.628791] (-) TimerEvent: {}
[70.729630] (-) TimerEvent: {}
[70.830567] (-) TimerEvent: {}
[70.931421] (-) TimerEvent: {}
[71.032262] (-) TimerEvent: {}
[71.133285] (-) TimerEvent: {}
[71.234147] (-) TimerEvent: {}
[71.335106] (-) TimerEvent: {}
[71.435974] (-) TimerEvent: {}
[71.537042] (-) TimerEvent: {}
[71.637953] (-) TimerEvent: {}
[71.739019] (-) TimerEvent: {}
[71.839952] (-) TimerEvent: {}
[71.940798] (-) TimerEvent: {}
[72.041650] (-) TimerEvent: {}
[72.143345] (-) TimerEvent: {}
[72.244151] (-) TimerEvent: {}
[72.344978] (-) TimerEvent: {}
[72.446107] (-) TimerEvent: {}
[72.548183] (-) TimerEvent: {}
[72.649560] (-) TimerEvent: {}
[72.751878] (-) TimerEvent: {}
[72.853500] (-) TimerEvent: {}
[72.954564] (-) TimerEvent: {}
[73.056035] (-) TimerEvent: {}
[73.157121] (-) TimerEvent: {}
[73.258827] (-) TimerEvent: {}
[73.359836] (-) TimerEvent: {}
[73.460720] (-) TimerEvent: {}
[73.561626] (-) TimerEvent: {}
[73.662538] (-) TimerEvent: {}
[73.763403] (-) TimerEvent: {}
[73.864241] (-) TimerEvent: {}
[73.965038] (-) TimerEvent: {}
[74.066107] (-) TimerEvent: {}
[74.167083] (-) TimerEvent: {}
[74.268518] (-) TimerEvent: {}
[74.369398] (-) TimerEvent: {}
[74.470631] (-) TimerEvent: {}
[74.571511] (-) TimerEvent: {}
[74.672841] (-) TimerEvent: {}
[74.773816] (-) TimerEvent: {}
[74.874756] (-) TimerEvent: {}
[74.975683] (-) TimerEvent: {}
[75.077439] (-) TimerEvent: {}
[75.178588] (-) TimerEvent: {}
[75.279497] (-) TimerEvent: {}
[75.369612] (realsense2_camera_msgs) StdoutLine: {'line': b'[ 82%] Built target realsense2_camera_msgs__py\n'}
[75.379705] (-) TimerEvent: {}
[75.412029] (realsense2_camera_msgs) StdoutLine: {'line': b'\x1b[35m\x1b[1mScanning dependencies of target realsense2_camera_msgs__python\x1b[0m\n'}
[75.479978] (-) TimerEvent: {}
[75.569213] (realsense2_camera_msgs) StdoutLine: {'line': b'[ 83%] \x1b[32mBuilding C object CMakeFiles/realsense2_camera_msgs__python.dir/rosidl_generator_py/realsense2_camera_msgs/msg/_extrinsics_s.c.o\x1b[0m\n'}
[75.570438] (realsense2_camera_msgs) StdoutLine: {'line': b'[ 85%] \x1b[32mBuilding C object CMakeFiles/realsense2_camera_msgs__python.dir/rosidl_generator_py/realsense2_camera_msgs/msg/_imu_info_s.c.o\x1b[0m\n'}
[75.580209] (-) TimerEvent: {}
[75.681202] (-) TimerEvent: {}
[75.782681] (-) TimerEvent: {}
[75.883707] (-) TimerEvent: {}
[75.986287] (-) TimerEvent: {}
[76.045765] (realsense2_camera_msgs) StdoutLine: {'line': b'[ 86%] \x1b[32mBuilding C object CMakeFiles/realsense2_camera_msgs__python.dir/rosidl_generator_py/realsense2_camera_msgs/msg/_rgbd_s.c.o\x1b[0m\n'}
[76.086539] (-) TimerEvent: {}
[76.091206] (realsense2_camera_msgs) StdoutLine: {'line': b'[ 87%] \x1b[32mBuilding C object CMakeFiles/realsense2_camera_msgs__python.dir/rosidl_generator_py/realsense2_camera_msgs/srv/_device_info_s.c.o\x1b[0m\n'}
[76.186744] (-) TimerEvent: {}
[76.287702] (-) TimerEvent: {}
[76.388676] (-) TimerEvent: {}
[76.489529] (-) TimerEvent: {}
[76.491949] (realsense2_camera_msgs) StdoutLine: {'line': b'[ 88%] \x1b[32mBuilding C object CMakeFiles/realsense2_camera_msgs__python.dir/rosidl_generator_py/realsense2_camera_msgs/srv/_calib_config_read_s.c.o\x1b[0m\n'}
[76.589771] (-) TimerEvent: {}
[76.606135] (realsense2_camera_msgs) StdoutLine: {'line': b'[ 89%] \x1b[32mBuilding C object CMakeFiles/realsense2_camera_msgs__python.dir/rosidl_generator_py/realsense2_camera_msgs/srv/_calib_config_write_s.c.o\x1b[0m\n'}
[76.689995] (-) TimerEvent: {}
[76.791414] (-) TimerEvent: {}
[76.892842] (-) TimerEvent: {}
[76.965129] (realsense2_camera_msgs) StdoutLine: {'line': b'[ 90%] \x1b[32mBuilding C object CMakeFiles/realsense2_camera_msgs__python.dir/rosidl_generator_py/realsense2_camera_msgs/action/_triggered_calibration_s.c.o\x1b[0m\n'}
[76.993076] (-) TimerEvent: {}
[77.094555] (-) TimerEvent: {}
[77.112048] (realsense2_camera_msgs) StdoutLine: {'line': b'[ 91%] \x1b[32mBuilding C object CMakeFiles/realsense2_camera_msgs__python.dir/rosidl_generator_py/realsense2_camera_msgs/msg/_metadata_s.c.o\x1b[0m\n'}
[77.194818] (-) TimerEvent: {}
[77.296353] (-) TimerEvent: {}
[77.397813] (-) TimerEvent: {}
[77.498907] (-) TimerEvent: {}
[77.599913] (-) TimerEvent: {}
[77.648772] (realsense2_camera_msgs) StdoutLine: {'line': b'[ 93%] \x1b[32m\x1b[1mLinking C shared library rosidl_generator_py/realsense2_camera_msgs/librealsense2_camera_msgs__python.so\x1b[0m\n'}
[77.700153] (-) TimerEvent: {}
[77.801021] (-) TimerEvent: {}
[77.881997] (realsense2_camera_msgs) StdoutLine: {'line': b'[ 93%] Built target realsense2_camera_msgs__python\n'}
[77.901312] (-) TimerEvent: {}
[77.926742] (realsense2_camera_msgs) StdoutLine: {'line': b'\x1b[35m\x1b[1mScanning dependencies of target realsense2_camera_msgs__rosidl_typesupport_c__pyext\x1b[0m\n'}
[77.927577] (realsense2_camera_msgs) StdoutLine: {'line': b'\x1b[35m\x1b[1mScanning dependencies of target realsense2_camera_msgs__rosidl_typesupport_introspection_c__pyext\x1b[0m\n'}
[78.001573] (-) TimerEvent: {}
[78.043136] (realsense2_camera_msgs) StdoutLine: {'line': b'[ 94%] \x1b[32mBuilding C object CMakeFiles/realsense2_camera_msgs__rosidl_typesupport_c__pyext.dir/rosidl_generator_py/realsense2_camera_msgs/_realsense2_camera_msgs_s.ep.rosidl_typesupport_c.c.o\x1b[0m\n'}
[78.045116] (realsense2_camera_msgs) StdoutLine: {'line': b'[ 95%] \x1b[32mBuilding C object CMakeFiles/realsense2_camera_msgs__rosidl_typesupport_introspection_c__pyext.dir/rosidl_generator_py/realsense2_camera_msgs/_realsense2_camera_msgs_s.ep.rosidl_typesupport_introspection_c.c.o\x1b[0m\n'}
[78.101809] (-) TimerEvent: {}
[78.202775] (-) TimerEvent: {}
[78.303636] (-) TimerEvent: {}
[78.404499] (-) TimerEvent: {}
[78.505389] (-) TimerEvent: {}
[78.606965] (-) TimerEvent: {}
[78.708010] (-) TimerEvent: {}
[78.719040] (realsense2_camera_msgs) StdoutLine: {'line': b'[ 96%] \x1b[32m\x1b[1mLinking C shared library rosidl_generator_py/realsense2_camera_msgs/realsense2_camera_msgs_s__rosidl_typesupport_c.cpython-38-aarch64-linux-gnu.so\x1b[0m\n'}
[78.727555] (realsense2_camera_msgs) StdoutLine: {'line': b'[ 97%] \x1b[32m\x1b[1mLinking C shared library rosidl_generator_py/realsense2_camera_msgs/realsense2_camera_msgs_s__rosidl_typesupport_introspection_c.cpython-38-aarch64-linux-gnu.so\x1b[0m\n'}
[78.808236] (-) TimerEvent: {}
[78.909410] (-) TimerEvent: {}
[78.933865] (realsense2_camera_msgs) StdoutLine: {'line': b'[ 97%] Built target realsense2_camera_msgs__rosidl_typesupport_c__pyext\n'}
[78.948697] (realsense2_camera_msgs) StdoutLine: {'line': b'[ 97%] Built target realsense2_camera_msgs__rosidl_typesupport_introspection_c__pyext\n'}
[78.978126] (realsense2_camera_msgs) StdoutLine: {'line': b'\x1b[35m\x1b[1mScanning dependencies of target realsense2_camera_msgs__rosidl_typesupport_fastrtps_c__pyext\x1b[0m\n'}
[79.009696] (-) TimerEvent: {}
[79.089968] (realsense2_camera_msgs) StdoutLine: {'line': b'[ 98%] \x1b[32mBuilding C object CMakeFiles/realsense2_camera_msgs__rosidl_typesupport_fastrtps_c__pyext.dir/rosidl_generator_py/realsense2_camera_msgs/_realsense2_camera_msgs_s.ep.rosidl_typesupport_fastrtps_c.c.o\x1b[0m\n'}
[79.109897] (-) TimerEvent: {}
[79.210830] (-) TimerEvent: {}
[79.311877] (-) TimerEvent: {}
[79.413210] (-) TimerEvent: {}
[79.514518] (-) TimerEvent: {}
[79.615344] (-) TimerEvent: {}
[79.716196] (-) TimerEvent: {}
[79.817030] (-) TimerEvent: {}
[79.842780] (realsense2_camera_msgs) StdoutLine: {'line': b'[100%] \x1b[32m\x1b[1mLinking CXX shared library rosidl_generator_py/realsense2_camera_msgs/realsense2_camera_msgs_s__rosidl_typesupport_fastrtps_c.cpython-38-aarch64-linux-gnu.so\x1b[0m\n'}
[79.917304] (-) TimerEvent: {}
[80.018229] (-) TimerEvent: {}
[80.119787] (-) TimerEvent: {}
[80.187368] (realsense2_camera_msgs) StdoutLine: {'line': b'[100%] Built target realsense2_camera_msgs__rosidl_typesupport_fastrtps_c__pyext\n'}
[80.219987] (-) TimerEvent: {}
[80.246169] (realsense2_camera_msgs) CommandEnded: {'returncode': 0}
[80.251526] (realsense2_camera_msgs) JobProgress: {'identifier': 'realsense2_camera_msgs', 'progress': 'install'}
[80.251646] (realsense2_camera_msgs) Command: {'cmd': ['/usr/bin/cmake', '--install', '/home/f1tenth/f1tenth_mrc_ws/build/realsense2_camera_msgs'], 'cwd': '/home/f1tenth/f1tenth_mrc_ws/build/realsense2_camera_msgs', 'env': OrderedDict([('GJS_DEBUG_TOPICS', 'JS ERROR;JS LOG'), ('LESSOPEN', '| /usr/bin/lesspipe %s'), ('USER', 'f1tenth'), ('LC_TIME', 'bs_BA.UTF-8'), ('SSH_AGENT_PID', '2722'), ('XDG_SESSION_TYPE', 'x11'), ('SHLVL', '1'), ('LD_LIBRARY_PATH', '/opt/ros/foxy/opt/yaml_cpp_vendor/lib:/opt/ros/foxy/opt/rviz_ogre_vendor/lib:/opt/ros/foxy/lib/aarch64-linux-gnu:/opt/ros/foxy/lib'), ('HOME', '/home/f1tenth'), ('OLDPWD', '/home/f1tenth/f1tenth_mrc_ws/src'), ('DESKTOP_SESSION', 'ubuntu'), ('JETSON_L4T', '35.1.0'), ('GIO_LAUNCHED_DESKTOP_FILE', '/usr/share/applications/terminator.desktop'), ('ROS_PYTHON_VERSION', '3'), ('GNOME_SHELL_SESSION_MODE', 'ubuntu'), ('GTK_MODULES', 'gail:atk-bridge'), ('JETSON_MODEL', 'NVIDIA Jetson Xavier NX Developer Kit'), ('LC_MONETARY', 'bs_BA.UTF-8'), ('MANAGERPID', '2456'), ('DBUS_SESSION_BUS_ADDRESS', 'unix:path=/run/user/1000/bus'), ('COLORTERM', 'truecolor'), ('TERMINATOR_DBUS_NAME', 'net.tenshu.Terminator21a9d5db22c73a993ff0b42f64b396873'), ('GIO_LAUNCHED_DESKTOP_FILE_PID', '3398'), ('_colcon_cd_root', '/opt/ros/foxy/'), ('IM_CONFIG_PHASE', '1'), ('ROS_DISTRO', 'foxy'), ('LOGNAME', 'f1tenth'), ('JETSON_MODULE', 'NVIDIA Jetson Xavier NX (Developer kit)'), ('JETSON_SERIAL_NUMBER', '1422420033521'), ('JOURNAL_STREAM', '7:52952'), ('_', '/usr/bin/colcon'), ('ROS_VERSION', '2'), ('JETSON_CODENAME', 'Jakku'), ('XDG_SESSION_CLASS', 'user'), ('USERNAME', 'f1tenth'), ('TERM', 'xterm-256color'), ('GNOME_DESKTOP_SESSION_ID', 'this-is-deprecated'), ('ROS_LOCALHOST_ONLY', '0'), ('WINDOWPATH', '2'), ('PATH', '/opt/ros/foxy/bin:/home/f1tenth/.local/bin:/usr/local/sbin:/usr/local/bin:/usr/sbin:/usr/bin:/sbin:/bin:/usr/games:/usr/local/games:/snap/bin'), ('SESSION_MANAGER', 'local/f1tenth-desktop:@/tmp/.ICE-unix/2757,unix/f1tenth-desktop:/tmp/.ICE-unix/2757'), ('INVOCATION_ID', 'bd1f5b7138a241e9935586b351aafc78'), ('XDG_MENU_PREFIX', 'gnome-'), ('LC_ADDRESS', 'bs_BA.UTF-8'), ('XDG_RUNTIME_DIR', '/run/user/1000'), ('DISPLAY', ':0'), ('TERMINATOR_DBUS_PATH', '/net/tenshu/Terminator2'), ('LANG', 'en_US.UTF-8'), ('XDG_CURRENT_DESKTOP', 'ubuntu:GNOME'), ('LC_TELEPHONE', 'bs_BA.UTF-8'), ('XMODIFIERS', '@im=ibus'), ('XDG_SESSION_DESKTOP', 'ubuntu'), ('XAUTHORITY', '/run/user/1000/gdm/Xauthority'), ('LS_COLORS', 'rs=0:di=01;34:ln=01;36:mh=00:pi=40;33:so=01;35:do=01;35:bd=40;33;01:cd=40;33;01:or=40;31;01:mi=00:su=37;41:sg=30;43:ca=30;41:tw=30;42:ow=34;42:st=37;44:ex=01;32:*.tar=01;31:*.tgz=01;31:*.arc=01;31:*.arj=01;31:*.taz=01;31:*.lha=01;31:*.lz4=01;31:*.lzh=01;31:*.lzma=01;31:*.tlz=01;31:*.txz=01;31:*.tzo=01;31:*.t7z=01;31:*.zip=01;31:*.z=01;31:*.dz=01;31:*.gz=01;31:*.lrz=01;31:*.lz=01;31:*.lzo=01;31:*.xz=01;31:*.zst=01;31:*.tzst=01;31:*.bz2=01;31:*.bz=01;31:*.tbz=01;31:*.tbz2=01;31:*.tz=01;31:*.deb=01;31:*.rpm=01;31:*.jar=01;31:*.war=01;31:*.ear=01;31:*.sar=01;31:*.rar=01;31:*.alz=01;31:*.ace=01;31:*.zoo=01;31:*.cpio=01;31:*.7z=01;31:*.rz=01;31:*.cab=01;31:*.wim=01;31:*.swm=01;31:*.dwm=01;31:*.esd=01;31:*.jpg=01;35:*.jpeg=01;35:*.mjpg=01;35:*.mjpeg=01;35:*.gif=01;35:*.bmp=01;35:*.pbm=01;35:*.pgm=01;35:*.ppm=01;35:*.tga=01;35:*.xbm=01;35:*.xpm=01;35:*.tif=01;35:*.tiff=01;35:*.png=01;35:*.svg=01;35:*.svgz=01;35:*.mng=01;35:*.pcx=01;35:*.mov=01;35:*.mpg=01;35:*.mpeg=01;35:*.m2v=01;35:*.mkv=01;35:*.webm=01;35:*.ogm=01;35:*.mp4=01;35:*.m4v=01;35:*.mp4v=01;35:*.vob=01;35:*.qt=01;35:*.nuv=01;35:*.wmv=01;35:*.asf=01;35:*.rm=01;35:*.rmvb=01;35:*.flc=01;35:*.avi=01;35:*.fli=01;35:*.flv=01;35:*.gl=01;35:*.dl=01;35:*.xcf=01;35:*.xwd=01;35:*.yuv=01;35:*.cgm=01;35:*.emf=01;35:*.ogv=01;35:*.ogx=01;35:*.aac=00;36:*.au=00;36:*.flac=00;36:*.m4a=00;36:*.mid=00;36:*.midi=00;36:*.mka=00;36:*.mp3=00;36:*.mpc=00;36:*.ogg=00;36:*.ra=00;36:*.wav=00;36:*.oga=00;36:*.opus=00;36:*.spx=00;36:*.xspf=00;36:'), ('JETSON_SOC', 'tegra194'), ('SSH_AUTH_SOCK', '/run/user/1000/keyring/ssh'), ('ROS_DOMAIN_ID', '6'), ('AMENT_PREFIX_PATH', '/opt/ros/foxy'), ('SHELL', '/bin/bash'), ('CMAKE_ARGS', '-DBUILD_WITH_OPENMP=OFF'), ('LC_NAME', 'bs_BA.UTF-8'), ('TERMINATOR_UUID', 'urn:uuid:0a99abc2-9966-4d5d-a08b-faa1cb518880'), ('QT_ACCESSIBILITY', '1'), ('GDMSESSION', 'ubuntu'), ('LESSCLOSE', '/usr/bin/lesspipe %s %s'), ('LC_MEASUREMENT', 'bs_BA.UTF-8'), ('GPG_AGENT_INFO', '/run/user/1000/gnupg/S.gpg-agent:0:1'), ('GJS_DEBUG_OUTPUT', 'stderr'), ('LC_IDENTIFICATION', 'bs_BA.UTF-8'), ('QT_IM_MODULE', 'ibus'), ('JETSON_CUDA_ARCH_BIN', '7.2'), ('PWD', '/home/f1tenth/f1tenth_mrc_ws/build/realsense2_camera_msgs'), ('LC_ALL', 'en_US.UTF-8'), ('XDG_CONFIG_DIRS', '/etc/xdg/xdg-ubuntu:/etc/xdg'), ('XDG_DATA_DIRS', '/usr/share/ubuntu:/usr/local/share/:/usr/share/:/var/lib/snapd/desktop'), ('PYTHONPATH', '/opt/ros/foxy/lib/python3.8/site-packages'), ('LC_NUMERIC', 'bs_BA.UTF-8'), ('LC_PAPER', 'bs_BA.UTF-8'), ('COLCON', '1'), ('VTE_VERSION', '6003'), ('JETSON_JETPACK', '5.0.2 GA'), ('JETSON_P_NUMBER', 'p3668-0000'), ('CMAKE_PREFIX_PATH', '/opt/ros/foxy')]), 'shell': False}
[80.301679] (realsense2_camera_msgs) StdoutLine: {'line': b'-- Install configuration: ""\n'}
[80.304818] (realsense2_camera_msgs) StdoutLine: {'line': b'-- Installing: /home/f1tenth/f1tenth_mrc_ws/install/realsense2_camera_msgs/share/ament_index/resource_index/rosidl_interfaces/realsense2_camera_msgs\n'}
[80.306696] (realsense2_camera_msgs) StdoutLine: {'line': b'-- Installing: /home/f1tenth/f1tenth_mrc_ws/install/realsense2_camera_msgs/include/realsense2_camera_msgs\n'}
[80.307907] (realsense2_camera_msgs) StdoutLine: {'line': b'-- Installing: /home/f1tenth/f1tenth_mrc_ws/install/realsense2_camera_msgs/include/realsense2_camera_msgs/msg\n'}
[80.308758] (realsense2_camera_msgs) StdoutLine: {'line': b'-- Installing: /home/f1tenth/f1tenth_mrc_ws/install/realsense2_camera_msgs/include/realsense2_camera_msgs/msg/rosidl_generator_c__visibility_control.h\n'}
[80.310034] (realsense2_camera_msgs) StdoutLine: {'line': b'-- Installing: /home/f1tenth/f1tenth_mrc_ws/install/realsense2_camera_msgs/include/realsense2_camera_msgs/msg/rgbd.h\n'}
[80.311286] (realsense2_camera_msgs) StdoutLine: {'line': b'-- Installing: /home/f1tenth/f1tenth_mrc_ws/install/realsense2_camera_msgs/include/realsense2_camera_msgs/msg/imu_info.h\n'}
[80.312754] (realsense2_camera_msgs) StdoutLine: {'line': b'-- Installing: /home/f1tenth/f1tenth_mrc_ws/install/realsense2_camera_msgs/include/realsense2_camera_msgs/msg/metadata.h\n'}
[80.313967] (realsense2_camera_msgs) StdoutLine: {'line': b'-- Installing: /home/f1tenth/f1tenth_mrc_ws/install/realsense2_camera_msgs/include/realsense2_camera_msgs/msg/detail\n'}
[80.315011] (realsense2_camera_msgs) StdoutLine: {'line': b'-- Installing: /home/f1tenth/f1tenth_mrc_ws/install/realsense2_camera_msgs/include/realsense2_camera_msgs/msg/detail/extrinsics__functions.h\n'}
[80.316338] (realsense2_camera_msgs) StdoutLine: {'line': b'-- Installing: /home/f1tenth/f1tenth_mrc_ws/install/realsense2_camera_msgs/include/realsense2_camera_msgs/msg/detail/metadata__struct.h\n'}
[80.317429] (realsense2_camera_msgs) StdoutLine: {'line': b'-- Installing: /home/f1tenth/f1tenth_mrc_ws/install/realsense2_camera_msgs/include/realsense2_camera_msgs/msg/detail/imu_info__functions.c\n'}
[80.318615] (realsense2_camera_msgs) StdoutLine: {'line': b'-- Installing: /home/f1tenth/f1tenth_mrc_ws/install/realsense2_camera_msgs/include/realsense2_camera_msgs/msg/detail/rgbd__type_support.h\n'}
[80.319267] (realsense2_camera_msgs) StdoutLine: {'line': b'-- Installing: /home/f1tenth/f1tenth_mrc_ws/install/realsense2_camera_msgs/include/realsense2_camera_msgs/msg/detail/extrinsics__functions.c\n'}
[80.320140] (realsense2_camera_msgs) StdoutLine: {'line': b'-- Installing: /home/f1tenth/f1tenth_mrc_ws/install/realsense2_camera_msgs/include/realsense2_camera_msgs/msg/detail/imu_info__struct.h\n'}
[80.320566] (-) TimerEvent: {}
[80.321779] (realsense2_camera_msgs) StdoutLine: {'line': b'-- Installing: /home/f1tenth/f1tenth_mrc_ws/install/realsense2_camera_msgs/include/realsense2_camera_msgs/msg/detail/metadata__functions.h\n'}
[80.322301] (realsense2_camera_msgs) StdoutLine: {'line': b'-- Installing: /home/f1tenth/f1tenth_mrc_ws/install/realsense2_camera_msgs/include/realsense2_camera_msgs/msg/detail/rgbd__functions.h\n'}
[80.323814] (realsense2_camera_msgs) StdoutLine: {'line': b'-- Installing: /home/f1tenth/f1tenth_mrc_ws/install/realsense2_camera_msgs/include/realsense2_camera_msgs/msg/detail/metadata__functions.c\n'}
[80.324561] (realsense2_camera_msgs) StdoutLine: {'line': b'-- Installing: /home/f1tenth/f1tenth_mrc_ws/install/realsense2_camera_msgs/include/realsense2_camera_msgs/msg/detail/extrinsics__type_support.h\n'}
[80.325114] (realsense2_camera_msgs) StdoutLine: {'line': b'-- Installing: /home/f1tenth/f1tenth_mrc_ws/install/realsense2_camera_msgs/include/realsense2_camera_msgs/msg/detail/rgbd__struct.h\n'}
[80.325518] (realsense2_camera_msgs) StdoutLine: {'line': b'-- Installing: /home/f1tenth/f1tenth_mrc_ws/install/realsense2_camera_msgs/include/realsense2_camera_msgs/msg/detail/metadata__type_support.h\n'}
[80.325925] (realsense2_camera_msgs) StdoutLine: {'line': b'-- Installing: /home/f1tenth/f1tenth_mrc_ws/install/realsense2_camera_msgs/include/realsense2_camera_msgs/msg/detail/extrinsics__struct.h\n'}
[80.326595] (realsense2_camera_msgs) StdoutLine: {'line': b'-- Installing: /home/f1tenth/f1tenth_mrc_ws/install/realsense2_camera_msgs/include/realsense2_camera_msgs/msg/detail/imu_info__type_support.h\n'}
[80.327129] (realsense2_camera_msgs) StdoutLine: {'line': b'-- Installing: /home/f1tenth/f1tenth_mrc_ws/install/realsense2_camera_msgs/include/realsense2_camera_msgs/msg/detail/imu_info__functions.h\n'}
[80.327579] (realsense2_camera_msgs) StdoutLine: {'line': b'-- Installing: /home/f1tenth/f1tenth_mrc_ws/install/realsense2_camera_msgs/include/realsense2_camera_msgs/msg/detail/rgbd__functions.c\n'}
[80.327866] (realsense2_camera_msgs) StdoutLine: {'line': b'-- Installing: /home/f1tenth/f1tenth_mrc_ws/install/realsense2_camera_msgs/include/realsense2_camera_msgs/msg/extrinsics.h\n'}
[80.328336] (realsense2_camera_msgs) StdoutLine: {'line': b'-- Installing: /home/f1tenth/f1tenth_mrc_ws/install/realsense2_camera_msgs/include/realsense2_camera_msgs/action\n'}
[80.329368] (realsense2_camera_msgs) StdoutLine: {'line': b'-- Installing: /home/f1tenth/f1tenth_mrc_ws/install/realsense2_camera_msgs/include/realsense2_camera_msgs/action/triggered_calibration.h\n'}
[80.329812] (realsense2_camera_msgs) StdoutLine: {'line': b'-- Installing: /home/f1tenth/f1tenth_mrc_ws/install/realsense2_camera_msgs/include/realsense2_camera_msgs/action/detail\n'}
[80.330138] (realsense2_camera_msgs) StdoutLine: {'line': b'-- Installing: /home/f1tenth/f1tenth_mrc_ws/install/realsense2_camera_msgs/include/realsense2_camera_msgs/action/detail/triggered_calibration__functions.h\n'}
[80.331353] (realsense2_camera_msgs) StdoutLine: {'line': b'-- Installing: /home/f1tenth/f1tenth_mrc_ws/install/realsense2_camera_msgs/include/realsense2_camera_msgs/action/detail/triggered_calibration__struct.h\n'}
[80.333231] (realsense2_camera_msgs) StdoutLine: {'line': b'-- Installing: /home/f1tenth/f1tenth_mrc_ws/install/realsense2_camera_msgs/include/realsense2_camera_msgs/action/detail/triggered_calibration__type_support.h\n'}
[80.334478] (realsense2_camera_msgs) StdoutLine: {'line': b'-- Installing: /home/f1tenth/f1tenth_mrc_ws/install/realsense2_camera_msgs/include/realsense2_camera_msgs/action/detail/triggered_calibration__functions.c\n'}
[80.335068] (realsense2_camera_msgs) StdoutLine: {'line': b'-- Installing: /home/f1tenth/f1tenth_mrc_ws/install/realsense2_camera_msgs/include/realsense2_camera_msgs/srv\n'}
[80.335412] (realsense2_camera_msgs) StdoutLine: {'line': b'-- Installing: /home/f1tenth/f1tenth_mrc_ws/install/realsense2_camera_msgs/include/realsense2_camera_msgs/srv/device_info.h\n'}
[80.335920] (realsense2_camera_msgs) StdoutLine: {'line': b'-- Installing: /home/f1tenth/f1tenth_mrc_ws/install/realsense2_camera_msgs/include/realsense2_camera_msgs/srv/calib_config_read.h\n'}
[80.336262] (realsense2_camera_msgs) StdoutLine: {'line': b'-- Installing: /home/f1tenth/f1tenth_mrc_ws/install/realsense2_camera_msgs/include/realsense2_camera_msgs/srv/detail\n'}
[80.337096] (realsense2_camera_msgs) StdoutLine: {'line': b'-- Installing: /home/f1tenth/f1tenth_mrc_ws/install/realsense2_camera_msgs/include/realsense2_camera_msgs/srv/detail/device_info__struct.h\n'}
[80.337750] (realsense2_camera_msgs) StdoutLine: {'line': b'-- Installing: /home/f1tenth/f1tenth_mrc_ws/install/realsense2_camera_msgs/include/realsense2_camera_msgs/srv/detail/calib_config_write__struct.h\n'}
[80.338147] (realsense2_camera_msgs) StdoutLine: {'line': b'-- Installing: /home/f1tenth/f1tenth_mrc_ws/install/realsense2_camera_msgs/include/realsense2_camera_msgs/srv/detail/calib_config_read__type_support.h\n'}
[80.338739] (realsense2_camera_msgs) StdoutLine: {'line': b'-- Installing: /home/f1tenth/f1tenth_mrc_ws/install/realsense2_camera_msgs/include/realsense2_camera_msgs/srv/detail/calib_config_write__functions.h\n'}
[80.339222] (realsense2_camera_msgs) StdoutLine: {'line': b'-- Installing: /home/f1tenth/f1tenth_mrc_ws/install/realsense2_camera_msgs/include/realsense2_camera_msgs/srv/detail/device_info__functions.h\n'}
[80.339941] (realsense2_camera_msgs) StdoutLine: {'line': b'-- Installing: /home/f1tenth/f1tenth_mrc_ws/install/realsense2_camera_msgs/include/realsense2_camera_msgs/srv/detail/calib_config_write__type_support.h\n'}
[80.340467] (realsense2_camera_msgs) StdoutLine: {'line': b'-- Installing: /home/f1tenth/f1tenth_mrc_ws/install/realsense2_camera_msgs/include/realsense2_camera_msgs/srv/detail/calib_config_read__functions.h\n'}
[80.340858] (realsense2_camera_msgs) StdoutLine: {'line': b'-- Installing: /home/f1tenth/f1tenth_mrc_ws/install/realsense2_camera_msgs/include/realsense2_camera_msgs/srv/detail/calib_config_read__struct.h\n'}
[80.341311] (realsense2_camera_msgs) StdoutLine: {'line': b'-- Installing: /home/f1tenth/f1tenth_mrc_ws/install/realsense2_camera_msgs/include/realsense2_camera_msgs/srv/detail/device_info__type_support.h\n'}
[80.341697] (realsense2_camera_msgs) StdoutLine: {'line': b'-- Installing: /home/f1tenth/f1tenth_mrc_ws/install/realsense2_camera_msgs/include/realsense2_camera_msgs/srv/detail/device_info__functions.c\n'}
[80.342064] (realsense2_camera_msgs) StdoutLine: {'line': b'-- Installing: /home/f1tenth/f1tenth_mrc_ws/install/realsense2_camera_msgs/include/realsense2_camera_msgs/srv/detail/calib_config_read__functions.c\n'}
[80.342671] (realsense2_camera_msgs) StdoutLine: {'line': b'-- Installing: /home/f1tenth/f1tenth_mrc_ws/install/realsense2_camera_msgs/include/realsense2_camera_msgs/srv/detail/calib_config_write__functions.c\n'}
[80.343188] (realsense2_camera_msgs) StdoutLine: {'line': b'-- Installing: /home/f1tenth/f1tenth_mrc_ws/install/realsense2_camera_msgs/include/realsense2_camera_msgs/srv/calib_config_write.h\n'}
[80.343812] (realsense2_camera_msgs) StdoutLine: {'line': b'-- Installing: /home/f1tenth/f1tenth_mrc_ws/install/realsense2_camera_msgs/share/realsense2_camera_msgs/environment/library_path.sh\n'}
[80.344517] (realsense2_camera_msgs) StdoutLine: {'line': b'-- Installing: /home/f1tenth/f1tenth_mrc_ws/install/realsense2_camera_msgs/share/realsense2_camera_msgs/environment/library_path.dsv\n'}
[80.345270] (realsense2_camera_msgs) StdoutLine: {'line': b'-- Installing: /home/f1tenth/f1tenth_mrc_ws/install/realsense2_camera_msgs/lib/librealsense2_camera_msgs__rosidl_generator_c.so\n'}
[80.348243] (realsense2_camera_msgs) StdoutLine: {'line': b'-- Set runtime path of "/home/f1tenth/f1tenth_mrc_ws/install/realsense2_camera_msgs/lib/librealsense2_camera_msgs__rosidl_generator_c.so" to ""\n'}
[80.350440] (realsense2_camera_msgs) StdoutLine: {'line': b'-- Up-to-date: /home/f1tenth/f1tenth_mrc_ws/install/realsense2_camera_msgs/include/realsense2_camera_msgs\n'}
[80.351117] (realsense2_camera_msgs) StdoutLine: {'line': b'-- Up-to-date: /home/f1tenth/f1tenth_mrc_ws/install/realsense2_camera_msgs/include/realsense2_camera_msgs/msg\n'}
[80.351458] (realsense2_camera_msgs) StdoutLine: {'line': b'-- Installing: /home/f1tenth/f1tenth_mrc_ws/install/realsense2_camera_msgs/include/realsense2_camera_msgs/msg/rosidl_typesupport_fastrtps_c__visibility_control.h\n'}
[80.351830] (realsense2_camera_msgs) StdoutLine: {'line': b'-- Up-to-date: /home/f1tenth/f1tenth_mrc_ws/install/realsense2_camera_msgs/include/realsense2_camera_msgs/msg/detail\n'}
[80.352106] (realsense2_camera_msgs) StdoutLine: {'line': b'-- Installing: /home/f1tenth/f1tenth_mrc_ws/install/realsense2_camera_msgs/include/realsense2_camera_msgs/msg/detail/metadata__rosidl_typesupport_fastrtps_c.h\n'}
[80.352401] (realsense2_camera_msgs) StdoutLine: {'line': b'-- Installing: /home/f1tenth/f1tenth_mrc_ws/install/realsense2_camera_msgs/include/realsense2_camera_msgs/msg/detail/rgbd__rosidl_typesupport_fastrtps_c.h\n'}
[80.352739] (realsense2_camera_msgs) StdoutLine: {'line': b'-- Installing: /home/f1tenth/f1tenth_mrc_ws/install/realsense2_camera_msgs/include/realsense2_camera_msgs/msg/detail/imu_info__rosidl_typesupport_fastrtps_c.h\n'}
[80.354126] (realsense2_camera_msgs) StdoutLine: {'line': b'-- Installing: /home/f1tenth/f1tenth_mrc_ws/install/realsense2_camera_msgs/include/realsense2_camera_msgs/msg/detail/extrinsics__rosidl_typesupport_fastrtps_c.h\n'}
[80.354982] (realsense2_camera_msgs) StdoutLine: {'line': b'-- Up-to-date: /home/f1tenth/f1tenth_mrc_ws/install/realsense2_camera_msgs/include/realsense2_camera_msgs/action\n'}
[80.355344] (realsense2_camera_msgs) StdoutLine: {'line': b'-- Up-to-date: /home/f1tenth/f1tenth_mrc_ws/install/realsense2_camera_msgs/include/realsense2_camera_msgs/action/detail\n'}
[80.355707] (realsense2_camera_msgs) StdoutLine: {'line': b'-- Installing: /home/f1tenth/f1tenth_mrc_ws/install/realsense2_camera_msgs/include/realsense2_camera_msgs/action/detail/triggered_calibration__rosidl_typesupport_fastrtps_c.h\n'}
[80.356127] (realsense2_camera_msgs) StdoutLine: {'line': b'-- Up-to-date: /home/f1tenth/f1tenth_mrc_ws/install/realsense2_camera_msgs/include/realsense2_camera_msgs/srv\n'}
[80.356466] (realsense2_camera_msgs) StdoutLine: {'line': b'-- Up-to-date: /home/f1tenth/f1tenth_mrc_ws/install/realsense2_camera_msgs/include/realsense2_camera_msgs/srv/detail\n'}
[80.356749] (realsense2_camera_msgs) StdoutLine: {'line': b'-- Installing: /home/f1tenth/f1tenth_mrc_ws/install/realsense2_camera_msgs/include/realsense2_camera_msgs/srv/detail/device_info__rosidl_typesupport_fastrtps_c.h\n'}
[80.357378] (realsense2_camera_msgs) StdoutLine: {'line': b'-- Installing: /home/f1tenth/f1tenth_mrc_ws/install/realsense2_camera_msgs/include/realsense2_camera_msgs/srv/detail/calib_config_write__rosidl_typesupport_fastrtps_c.h\n'}
[80.357834] (realsense2_camera_msgs) StdoutLine: {'line': b'-- Installing: /home/f1tenth/f1tenth_mrc_ws/install/realsense2_camera_msgs/include/realsense2_camera_msgs/srv/detail/calib_config_read__rosidl_typesupport_fastrtps_c.h\n'}
[80.359181] (realsense2_camera_msgs) StdoutLine: {'line': b'-- Installing: /home/f1tenth/f1tenth_mrc_ws/install/realsense2_camera_msgs/lib/librealsense2_camera_msgs__rosidl_typesupport_fastrtps_c.so\n'}
[80.360967] (realsense2_camera_msgs) StdoutLine: {'line': b'-- Set runtime path of "/home/f1tenth/f1tenth_mrc_ws/install/realsense2_camera_msgs/lib/librealsense2_camera_msgs__rosidl_typesupport_fastrtps_c.so" to ""\n'}
[80.361596] (realsense2_camera_msgs) StdoutLine: {'line': b'-- Up-to-date: /home/f1tenth/f1tenth_mrc_ws/install/realsense2_camera_msgs/include/realsense2_camera_msgs\n'}
[80.362758] (realsense2_camera_msgs) StdoutLine: {'line': b'-- Up-to-date: /home/f1tenth/f1tenth_mrc_ws/install/realsense2_camera_msgs/include/realsense2_camera_msgs/msg\n'}
[80.363349] (realsense2_camera_msgs) StdoutLine: {'line': b'-- Up-to-date: /home/f1tenth/f1tenth_mrc_ws/install/realsense2_camera_msgs/include/realsense2_camera_msgs/msg/detail\n'}
[80.364043] (realsense2_camera_msgs) StdoutLine: {'line': b'-- Installing: /home/f1tenth/f1tenth_mrc_ws/install/realsense2_camera_msgs/include/realsense2_camera_msgs/msg/detail/rgbd__rosidl_typesupport_fastrtps_cpp.hpp\n'}
[80.365058] (realsense2_camera_msgs) StdoutLine: {'line': b'-- Installing: /home/f1tenth/f1tenth_mrc_ws/install/realsense2_camera_msgs/include/realsense2_camera_msgs/msg/detail/metadata__rosidl_typesupport_fastrtps_cpp.hpp\n'}
[80.365455] (realsense2_camera_msgs) StdoutLine: {'line': b'-- Installing: /home/f1tenth/f1tenth_mrc_ws/install/realsense2_camera_msgs/include/realsense2_camera_msgs/msg/detail/extrinsics__rosidl_typesupport_fastrtps_cpp.hpp\n'}
[80.366010] (realsense2_camera_msgs) StdoutLine: {'line': b'-- Installing: /home/f1tenth/f1tenth_mrc_ws/install/realsense2_camera_msgs/include/realsense2_camera_msgs/msg/detail/dds_fastrtps\n'}
[80.367025] (realsense2_camera_msgs) StdoutLine: {'line': b'-- Installing: /home/f1tenth/f1tenth_mrc_ws/install/realsense2_camera_msgs/include/realsense2_camera_msgs/msg/detail/imu_info__rosidl_typesupport_fastrtps_cpp.hpp\n'}
[80.367390] (realsense2_camera_msgs) StdoutLine: {'line': b'-- Installing: /home/f1tenth/f1tenth_mrc_ws/install/realsense2_camera_msgs/include/realsense2_camera_msgs/msg/rosidl_typesupport_fastrtps_cpp__visibility_control.h\n'}
[80.367963] (realsense2_camera_msgs) StdoutLine: {'line': b'-- Up-to-date: /home/f1tenth/f1tenth_mrc_ws/install/realsense2_camera_msgs/include/realsense2_camera_msgs/action\n'}
[80.368475] (realsense2_camera_msgs) StdoutLine: {'line': b'-- Up-to-date: /home/f1tenth/f1tenth_mrc_ws/install/realsense2_camera_msgs/include/realsense2_camera_msgs/action/detail\n'}
[80.368805] (realsense2_camera_msgs) StdoutLine: {'line': b'-- Installing: /home/f1tenth/f1tenth_mrc_ws/install/realsense2_camera_msgs/include/realsense2_camera_msgs/action/detail/triggered_calibration__rosidl_typesupport_fastrtps_cpp.hpp\n'}
[80.369201] (realsense2_camera_msgs) StdoutLine: {'line': b'-- Installing: /home/f1tenth/f1tenth_mrc_ws/install/realsense2_camera_msgs/include/realsense2_camera_msgs/action/detail/dds_fastrtps\n'}
[80.369682] (realsense2_camera_msgs) StdoutLine: {'line': b'-- Up-to-date: /home/f1tenth/f1tenth_mrc_ws/install/realsense2_camera_msgs/include/realsense2_camera_msgs/srv\n'}
[80.369974] (realsense2_camera_msgs) StdoutLine: {'line': b'-- Up-to-date: /home/f1tenth/f1tenth_mrc_ws/install/realsense2_camera_msgs/include/realsense2_camera_msgs/srv/detail\n'}
[80.370457] (realsense2_camera_msgs) StdoutLine: {'line': b'-- Installing: /home/f1tenth/f1tenth_mrc_ws/install/realsense2_camera_msgs/include/realsense2_camera_msgs/srv/detail/device_info__rosidl_typesupport_fastrtps_cpp.hpp\n'}
[80.370849] (realsense2_camera_msgs) StdoutLine: {'line': b'-- Installing: /home/f1tenth/f1tenth_mrc_ws/install/realsense2_camera_msgs/include/realsense2_camera_msgs/srv/detail/calib_config_write__rosidl_typesupport_fastrtps_cpp.hpp\n'}
[80.371306] (realsense2_camera_msgs) StdoutLine: {'line': b'-- Installing: /home/f1tenth/f1tenth_mrc_ws/install/realsense2_camera_msgs/include/realsense2_camera_msgs/srv/detail/calib_config_read__rosidl_typesupport_fastrtps_cpp.hpp\n'}
[80.371797] (realsense2_camera_msgs) StdoutLine: {'line': b'-- Installing: /home/f1tenth/f1tenth_mrc_ws/install/realsense2_camera_msgs/include/realsense2_camera_msgs/srv/detail/dds_fastrtps\n'}
[80.372115] (realsense2_camera_msgs) StdoutLine: {'line': b'-- Installing: /home/f1tenth/f1tenth_mrc_ws/install/realsense2_camera_msgs/lib/librealsense2_camera_msgs__rosidl_typesupport_fastrtps_cpp.so\n'}
[80.375355] (realsense2_camera_msgs) StdoutLine: {'line': b'-- Set runtime path of "/home/f1tenth/f1tenth_mrc_ws/install/realsense2_camera_msgs/lib/librealsense2_camera_msgs__rosidl_typesupport_fastrtps_cpp.so" to ""\n'}
[80.376383] (realsense2_camera_msgs) StdoutLine: {'line': b'-- Up-to-date: /home/f1tenth/f1tenth_mrc_ws/install/realsense2_camera_msgs/include/realsense2_camera_msgs\n'}
[80.376783] (realsense2_camera_msgs) StdoutLine: {'line': b'-- Up-to-date: /home/f1tenth/f1tenth_mrc_ws/install/realsense2_camera_msgs/include/realsense2_camera_msgs/msg\n'}
[80.377216] (realsense2_camera_msgs) StdoutLine: {'line': b'-- Installing: /home/f1tenth/f1tenth_mrc_ws/install/realsense2_camera_msgs/include/realsense2_camera_msgs/msg/rosidl_typesupport_introspection_c__visibility_control.h\n'}
[80.377619] (realsense2_camera_msgs) StdoutLine: {'line': b'-- Up-to-date: /home/f1tenth/f1tenth_mrc_ws/install/realsense2_camera_msgs/include/realsense2_camera_msgs/msg/detail\n'}
[80.377914] (realsense2_camera_msgs) StdoutLine: {'line': b'-- Installing: /home/f1tenth/f1tenth_mrc_ws/install/realsense2_camera_msgs/include/realsense2_camera_msgs/msg/detail/rgbd__rosidl_typesupport_introspection_c.h\n'}
[80.378297] (realsense2_camera_msgs) StdoutLine: {'line': b'-- Installing: /home/f1tenth/f1tenth_mrc_ws/install/realsense2_camera_msgs/include/realsense2_camera_msgs/msg/detail/extrinsics__type_support.c\n'}
[80.378718] (realsense2_camera_msgs) StdoutLine: {'line': b'-- Installing: /home/f1tenth/f1tenth_mrc_ws/install/realsense2_camera_msgs/include/realsense2_camera_msgs/msg/detail/rgbd__type_support.c\n'}
[80.379247] (realsense2_camera_msgs) StdoutLine: {'line': b'-- Installing: /home/f1tenth/f1tenth_mrc_ws/install/realsense2_camera_msgs/include/realsense2_camera_msgs/msg/detail/imu_info__type_support.c\n'}
[80.381210] (realsense2_camera_msgs) StdoutLine: {'line': b'-- Installing: /home/f1tenth/f1tenth_mrc_ws/install/realsense2_camera_msgs/include/realsense2_camera_msgs/msg/detail/metadata__type_support.c\n'}
[80.381654] (realsense2_camera_msgs) StdoutLine: {'line': b'-- Installing: /home/f1tenth/f1tenth_mrc_ws/install/realsense2_camera_msgs/include/realsense2_camera_msgs/msg/detail/metadata__rosidl_typesupport_introspection_c.h\n'}
[80.382718] (realsense2_camera_msgs) StdoutLine: {'line': b'-- Installing: /home/f1tenth/f1tenth_mrc_ws/install/realsense2_camera_msgs/include/realsense2_camera_msgs/msg/detail/extrinsics__rosidl_typesupport_introspection_c.h\n'}
[80.383210] (realsense2_camera_msgs) StdoutLine: {'line': b'-- Installing: /home/f1tenth/f1tenth_mrc_ws/install/realsense2_camera_msgs/include/realsense2_camera_msgs/msg/detail/imu_info__rosidl_typesupport_introspection_c.h\n'}
[80.383622] (realsense2_camera_msgs) StdoutLine: {'line': b'-- Up-to-date: /home/f1tenth/f1tenth_mrc_ws/install/realsense2_camera_msgs/include/realsense2_camera_msgs/action\n'}
[80.384076] (realsense2_camera_msgs) StdoutLine: {'line': b'-- Up-to-date: /home/f1tenth/f1tenth_mrc_ws/install/realsense2_camera_msgs/include/realsense2_camera_msgs/action/detail\n'}
[80.384361] (realsense2_camera_msgs) StdoutLine: {'line': b'-- Installing: /home/f1tenth/f1tenth_mrc_ws/install/realsense2_camera_msgs/include/realsense2_camera_msgs/action/detail/triggered_calibration__type_support.c\n'}
[80.384820] (realsense2_camera_msgs) StdoutLine: {'line': b'-- Installing: /home/f1tenth/f1tenth_mrc_ws/install/realsense2_camera_msgs/include/realsense2_camera_msgs/action/detail/triggered_calibration__rosidl_typesupport_introspection_c.h\n'}
[80.385306] (realsense2_camera_msgs) StdoutLine: {'line': b'-- Up-to-date: /home/f1tenth/f1tenth_mrc_ws/install/realsense2_camera_msgs/include/realsense2_camera_msgs/srv\n'}
[80.385640] (realsense2_camera_msgs) StdoutLine: {'line': b'-- Up-to-date: /home/f1tenth/f1tenth_mrc_ws/install/realsense2_camera_msgs/include/realsense2_camera_msgs/srv/detail\n'}
[80.385915] (realsense2_camera_msgs) StdoutLine: {'line': b'-- Installing: /home/f1tenth/f1tenth_mrc_ws/install/realsense2_camera_msgs/include/realsense2_camera_msgs/srv/detail/calib_config_write__type_support.c\n'}
[80.386561] (realsense2_camera_msgs) StdoutLine: {'line': b'-- Installing: /home/f1tenth/f1tenth_mrc_ws/install/realsense2_camera_msgs/include/realsense2_camera_msgs/srv/detail/calib_config_read__type_support.c\n'}
[80.387180] (realsense2_camera_msgs) StdoutLine: {'line': b'-- Installing: /home/f1tenth/f1tenth_mrc_ws/install/realsense2_camera_msgs/include/realsense2_camera_msgs/srv/detail/device_info__rosidl_typesupport_introspection_c.h\n'}
[80.387857] (realsense2_camera_msgs) StdoutLine: {'line': b'-- Installing: /home/f1tenth/f1tenth_mrc_ws/install/realsense2_camera_msgs/include/realsense2_camera_msgs/srv/detail/calib_config_read__rosidl_typesupport_introspection_c.h\n'}
[80.388479] (realsense2_camera_msgs) StdoutLine: {'line': b'-- Installing: /home/f1tenth/f1tenth_mrc_ws/install/realsense2_camera_msgs/include/realsense2_camera_msgs/srv/detail/calib_config_write__rosidl_typesupport_introspection_c.h\n'}
[80.389072] (realsense2_camera_msgs) StdoutLine: {'line': b'-- Installing: /home/f1tenth/f1tenth_mrc_ws/install/realsense2_camera_msgs/include/realsense2_camera_msgs/srv/detail/device_info__type_support.c\n'}
[80.390506] (realsense2_camera_msgs) StdoutLine: {'line': b'-- Installing: /home/f1tenth/f1tenth_mrc_ws/install/realsense2_camera_msgs/lib/librealsense2_camera_msgs__rosidl_typesupport_introspection_c.so\n'}
[80.392508] (realsense2_camera_msgs) StdoutLine: {'line': b'-- Set runtime path of "/home/f1tenth/f1tenth_mrc_ws/install/realsense2_camera_msgs/lib/librealsense2_camera_msgs__rosidl_typesupport_introspection_c.so" to ""\n'}
[80.393622] (realsense2_camera_msgs) StdoutLine: {'line': b'-- Installing: /home/f1tenth/f1tenth_mrc_ws/install/realsense2_camera_msgs/lib/librealsense2_camera_msgs__rosidl_typesupport_c.so\n'}
[80.395406] (realsense2_camera_msgs) StdoutLine: {'line': b'-- Set runtime path of "/home/f1tenth/f1tenth_mrc_ws/install/realsense2_camera_msgs/lib/librealsense2_camera_msgs__rosidl_typesupport_c.so" to ""\n'}
[80.396500] (realsense2_camera_msgs) StdoutLine: {'line': b'-- Up-to-date: /home/f1tenth/f1tenth_mrc_ws/install/realsense2_camera_msgs/include/realsense2_camera_msgs\n'}
[80.397878] (realsense2_camera_msgs) StdoutLine: {'line': b'-- Up-to-date: /home/f1tenth/f1tenth_mrc_ws/install/realsense2_camera_msgs/include/realsense2_camera_msgs/msg\n'}
[80.399379] (realsense2_camera_msgs) StdoutLine: {'line': b'-- Installing: /home/f1tenth/f1tenth_mrc_ws/install/realsense2_camera_msgs/include/realsense2_camera_msgs/msg/extrinsics.hpp\n'}
[80.400861] (realsense2_camera_msgs) StdoutLine: {'line': b'-- Installing: /home/f1tenth/f1tenth_mrc_ws/install/realsense2_camera_msgs/include/realsense2_camera_msgs/msg/rgbd.hpp\n'}
[80.401819] (realsense2_camera_msgs) StdoutLine: {'line': b'-- Installing: /home/f1tenth/f1tenth_mrc_ws/install/realsense2_camera_msgs/include/realsense2_camera_msgs/msg/metadata.hpp\n'}
[80.402326] (realsense2_camera_msgs) StdoutLine: {'line': b'-- Installing: /home/f1tenth/f1tenth_mrc_ws/install/realsense2_camera_msgs/include/realsense2_camera_msgs/msg/imu_info.hpp\n'}
[80.402966] (realsense2_camera_msgs) StdoutLine: {'line': b'-- Up-to-date: /home/f1tenth/f1tenth_mrc_ws/install/realsense2_camera_msgs/include/realsense2_camera_msgs/msg/detail\n'}
[80.403266] (realsense2_camera_msgs) StdoutLine: {'line': b'-- Installing: /home/f1tenth/f1tenth_mrc_ws/install/realsense2_camera_msgs/include/realsense2_camera_msgs/msg/detail/extrinsics__type_support.hpp\n'}
[80.403770] (realsense2_camera_msgs) StdoutLine: {'line': b'-- Installing: /home/f1tenth/f1tenth_mrc_ws/install/realsense2_camera_msgs/include/realsense2_camera_msgs/msg/detail/imu_info__builder.hpp\n'}
[80.404052] (realsense2_camera_msgs) StdoutLine: {'line': b'-- Installing: /home/f1tenth/f1tenth_mrc_ws/install/realsense2_camera_msgs/include/realsense2_camera_msgs/msg/detail/rgbd__traits.hpp\n'}
[80.404318] (realsense2_camera_msgs) StdoutLine: {'line': b'-- Installing: /home/f1tenth/f1tenth_mrc_ws/install/realsense2_camera_msgs/include/realsense2_camera_msgs/msg/detail/extrinsics__builder.hpp\n'}
[80.404649] (realsense2_camera_msgs) StdoutLine: {'line': b'-- Installing: /home/f1tenth/f1tenth_mrc_ws/install/realsense2_camera_msgs/include/realsense2_camera_msgs/msg/detail/metadata__traits.hpp\n'}
[80.405083] (realsense2_camera_msgs) StdoutLine: {'line': b'-- Installing: /home/f1tenth/f1tenth_mrc_ws/install/realsense2_camera_msgs/include/realsense2_camera_msgs/msg/detail/imu_info__type_support.hpp\n'}
[80.405340] (realsense2_camera_msgs) StdoutLine: {'line': b'-- Installing: /home/f1tenth/f1tenth_mrc_ws/install/realsense2_camera_msgs/include/realsense2_camera_msgs/msg/detail/rgbd__builder.hpp\n'}
[80.405607] (realsense2_camera_msgs) StdoutLine: {'line': b'-- Installing: /home/f1tenth/f1tenth_mrc_ws/install/realsense2_camera_msgs/include/realsense2_camera_msgs/msg/detail/rgbd__type_support.hpp\n'}
[80.405880] (realsense2_camera_msgs) StdoutLine: {'line': b'-- Installing: /home/f1tenth/f1tenth_mrc_ws/install/realsense2_camera_msgs/include/realsense2_camera_msgs/msg/detail/extrinsics__struct.hpp\n'}
[80.406941] (realsense2_camera_msgs) StdoutLine: {'line': b'-- Installing: /home/f1tenth/f1tenth_mrc_ws/install/realsense2_camera_msgs/include/realsense2_camera_msgs/msg/detail/metadata__builder.hpp\n'}
[80.408193] (realsense2_camera_msgs) StdoutLine: {'line': b'-- Installing: /home/f1tenth/f1tenth_mrc_ws/install/realsense2_camera_msgs/include/realsense2_camera_msgs/msg/detail/metadata__type_support.hpp\n'}
[80.408577] (realsense2_camera_msgs) StdoutLine: {'line': b'-- Installing: /home/f1tenth/f1tenth_mrc_ws/install/realsense2_camera_msgs/include/realsense2_camera_msgs/msg/detail/imu_info__struct.hpp\n'}
[80.409023] (realsense2_camera_msgs) StdoutLine: {'line': b'-- Installing: /home/f1tenth/f1tenth_mrc_ws/install/realsense2_camera_msgs/include/realsense2_camera_msgs/msg/detail/extrinsics__traits.hpp\n'}
[80.409405] (realsense2_camera_msgs) StdoutLine: {'line': b'-- Installing: /home/f1tenth/f1tenth_mrc_ws/install/realsense2_camera_msgs/include/realsense2_camera_msgs/msg/detail/metadata__struct.hpp\n'}
[80.410444] (realsense2_camera_msgs) StdoutLine: {'line': b'-- Installing: /home/f1tenth/f1tenth_mrc_ws/install/realsense2_camera_msgs/include/realsense2_camera_msgs/msg/detail/rgbd__struct.hpp\n'}
[80.410816] (realsense2_camera_msgs) StdoutLine: {'line': b'-- Installing: /home/f1tenth/f1tenth_mrc_ws/install/realsense2_camera_msgs/include/realsense2_camera_msgs/msg/detail/imu_info__traits.hpp\n'}
[80.411283] (realsense2_camera_msgs) StdoutLine: {'line': b'-- Installing: /home/f1tenth/f1tenth_mrc_ws/install/realsense2_camera_msgs/include/realsense2_camera_msgs/msg/rosidl_generator_cpp__visibility_control.hpp\n'}
[80.411563] (realsense2_camera_msgs) StdoutLine: {'line': b'-- Up-to-date: /home/f1tenth/f1tenth_mrc_ws/install/realsense2_camera_msgs/include/realsense2_camera_msgs/action\n'}
[80.411835] (realsense2_camera_msgs) StdoutLine: {'line': b'-- Installing: /home/f1tenth/f1tenth_mrc_ws/install/realsense2_camera_msgs/include/realsense2_camera_msgs/action/triggered_calibration.hpp\n'}
[80.412092] (realsense2_camera_msgs) StdoutLine: {'line': b'-- Up-to-date: /home/f1tenth/f1tenth_mrc_ws/install/realsense2_camera_msgs/include/realsense2_camera_msgs/action/detail\n'}
[80.412709] (realsense2_camera_msgs) StdoutLine: {'line': b'-- Installing: /home/f1tenth/f1tenth_mrc_ws/install/realsense2_camera_msgs/include/realsense2_camera_msgs/action/detail/triggered_calibration__traits.hpp\n'}
[80.412982] (realsense2_camera_msgs) StdoutLine: {'line': b'-- Installing: /home/f1tenth/f1tenth_mrc_ws/install/realsense2_camera_msgs/include/realsense2_camera_msgs/action/detail/triggered_calibration__builder.hpp\n'}
[80.413471] (realsense2_camera_msgs) StdoutLine: {'line': b'-- Installing: /home/f1tenth/f1tenth_mrc_ws/install/realsense2_camera_msgs/include/realsense2_camera_msgs/action/detail/triggered_calibration__struct.hpp\n'}
[80.413791] (realsense2_camera_msgs) StdoutLine: {'line': b'-- Installing: /home/f1tenth/f1tenth_mrc_ws/install/realsense2_camera_msgs/include/realsense2_camera_msgs/action/detail/triggered_calibration__type_support.hpp\n'}
[80.414533] (realsense2_camera_msgs) StdoutLine: {'line': b'-- Up-to-date: /home/f1tenth/f1tenth_mrc_ws/install/realsense2_camera_msgs/include/realsense2_camera_msgs/srv\n'}
[80.414847] (realsense2_camera_msgs) StdoutLine: {'line': b'-- Installing: /home/f1tenth/f1tenth_mrc_ws/install/realsense2_camera_msgs/include/realsense2_camera_msgs/srv/device_info.hpp\n'}
[80.415117] (realsense2_camera_msgs) StdoutLine: {'line': b'-- Up-to-date: /home/f1tenth/f1tenth_mrc_ws/install/realsense2_camera_msgs/include/realsense2_camera_msgs/srv/detail\n'}
[80.417175] (realsense2_camera_msgs) StdoutLine: {'line': b'-- Installing: /home/f1tenth/f1tenth_mrc_ws/install/realsense2_camera_msgs/include/realsense2_camera_msgs/srv/detail/device_info__builder.hpp\n'}
[80.417790] (realsense2_camera_msgs) StdoutLine: {'line': b'-- Installing: /home/f1tenth/f1tenth_mrc_ws/install/realsense2_camera_msgs/include/realsense2_camera_msgs/srv/detail/device_info__struct.hpp\n'}
[80.419064] (realsense2_camera_msgs) StdoutLine: {'line': b'-- Installing: /home/f1tenth/f1tenth_mrc_ws/install/realsense2_camera_msgs/include/realsense2_camera_msgs/srv/detail/calib_config_read__traits.hpp\n'}
[80.419367] (realsense2_camera_msgs) StdoutLine: {'line': b'-- Installing: /home/f1tenth/f1tenth_mrc_ws/install/realsense2_camera_msgs/include/realsense2_camera_msgs/srv/detail/device_info__type_support.hpp\n'}
[80.420143] (realsense2_camera_msgs) StdoutLine: {'line': b'-- Installing: /home/f1tenth/f1tenth_mrc_ws/install/realsense2_camera_msgs/include/realsense2_camera_msgs/srv/detail/calib_config_read__type_support.hpp\n'}
[80.420539] (realsense2_camera_msgs) StdoutLine: {'line': b'-- Installing: /home/f1tenth/f1tenth_mrc_ws/install/realsense2_camera_msgs/include/realsense2_camera_msgs/srv/detail/device_info__traits.hpp\n'}
[80.420867] (-) TimerEvent: {}
[80.421511] (realsense2_camera_msgs) StdoutLine: {'line': b'-- Installing: /home/f1tenth/f1tenth_mrc_ws/install/realsense2_camera_msgs/include/realsense2_camera_msgs/srv/detail/calib_config_write__struct.hpp\n'}
[80.421879] (realsense2_camera_msgs) StdoutLine: {'line': b'-- Installing: /home/f1tenth/f1tenth_mrc_ws/install/realsense2_camera_msgs/include/realsense2_camera_msgs/srv/detail/calib_config_write__traits.hpp\n'}
[80.422199] (realsense2_camera_msgs) StdoutLine: {'line': b'-- Installing: /home/f1tenth/f1tenth_mrc_ws/install/realsense2_camera_msgs/include/realsense2_camera_msgs/srv/detail/calib_config_write__builder.hpp\n'}
[80.422556] (realsense2_camera_msgs) StdoutLine: {'line': b'-- Installing: /home/f1tenth/f1tenth_mrc_ws/install/realsense2_camera_msgs/include/realsense2_camera_msgs/srv/detail/calib_config_read__builder.hpp\n'}
[80.422870] (realsense2_camera_msgs) StdoutLine: {'line': b'-- Installing: /home/f1tenth/f1tenth_mrc_ws/install/realsense2_camera_msgs/include/realsense2_camera_msgs/srv/detail/calib_config_write__type_support.hpp\n'}
[80.423185] (realsense2_camera_msgs) StdoutLine: {'line': b'-- Installing: /home/f1tenth/f1tenth_mrc_ws/install/realsense2_camera_msgs/include/realsense2_camera_msgs/srv/detail/calib_config_read__struct.hpp\n'}
[80.423487] (realsense2_camera_msgs) StdoutLine: {'line': b'-- Installing: /home/f1tenth/f1tenth_mrc_ws/install/realsense2_camera_msgs/include/realsense2_camera_msgs/srv/calib_config_write.hpp\n'}
[80.423769] (realsense2_camera_msgs) StdoutLine: {'line': b'-- Installing: /home/f1tenth/f1tenth_mrc_ws/install/realsense2_camera_msgs/include/realsense2_camera_msgs/srv/calib_config_read.hpp\n'}
[80.424243] (realsense2_camera_msgs) StdoutLine: {'line': b'-- Up-to-date: /home/f1tenth/f1tenth_mrc_ws/install/realsense2_camera_msgs/include/realsense2_camera_msgs\n'}
[80.424869] (realsense2_camera_msgs) StdoutLine: {'line': b'-- Up-to-date: /home/f1tenth/f1tenth_mrc_ws/install/realsense2_camera_msgs/include/realsense2_camera_msgs/msg\n'}
[80.425220] (realsense2_camera_msgs) StdoutLine: {'line': b'-- Up-to-date: /home/f1tenth/f1tenth_mrc_ws/install/realsense2_camera_msgs/include/realsense2_camera_msgs/msg/detail\n'}
[80.425635] (realsense2_camera_msgs) StdoutLine: {'line': b'-- Installing: /home/f1tenth/f1tenth_mrc_ws/install/realsense2_camera_msgs/include/realsense2_camera_msgs/msg/detail/rgbd__type_support.cpp\n'}
[80.426160] (realsense2_camera_msgs) StdoutLine: {'line': b'-- Installing: /home/f1tenth/f1tenth_mrc_ws/install/realsense2_camera_msgs/include/realsense2_camera_msgs/msg/detail/rgbd__rosidl_typesupport_introspection_cpp.hpp\n'}
[80.426863] (realsense2_camera_msgs) StdoutLine: {'line': b'-- Installing: /home/f1tenth/f1tenth_mrc_ws/install/realsense2_camera_msgs/include/realsense2_camera_msgs/msg/detail/extrinsics__type_support.cpp\n'}
[80.427869] (realsense2_camera_msgs) StdoutLine: {'line': b'-- Installing: /home/f1tenth/f1tenth_mrc_ws/install/realsense2_camera_msgs/include/realsense2_camera_msgs/msg/detail/imu_info__type_support.cpp\n'}
[80.428164] (realsense2_camera_msgs) StdoutLine: {'line': b'-- Installing: /home/f1tenth/f1tenth_mrc_ws/install/realsense2_camera_msgs/include/realsense2_camera_msgs/msg/detail/imu_info__rosidl_typesupport_introspection_cpp.hpp\n'}
[80.428684] (realsense2_camera_msgs) StdoutLine: {'line': b'-- Installing: /home/f1tenth/f1tenth_mrc_ws/install/realsense2_camera_msgs/include/realsense2_camera_msgs/msg/detail/metadata__type_support.cpp\n'}
[80.429007] (realsense2_camera_msgs) StdoutLine: {'line': b'-- Installing: /home/f1tenth/f1tenth_mrc_ws/install/realsense2_camera_msgs/include/realsense2_camera_msgs/msg/detail/metadata__rosidl_typesupport_introspection_cpp.hpp\n'}
[80.429440] (realsense2_camera_msgs) StdoutLine: {'line': b'-- Installing: /home/f1tenth/f1tenth_mrc_ws/install/realsense2_camera_msgs/include/realsense2_camera_msgs/msg/detail/extrinsics__rosidl_typesupport_introspection_cpp.hpp\n'}
[80.430196] (realsense2_camera_msgs) StdoutLine: {'line': b'-- Up-to-date: /home/f1tenth/f1tenth_mrc_ws/install/realsense2_camera_msgs/include/realsense2_camera_msgs/action\n'}
[80.431305] (realsense2_camera_msgs) StdoutLine: {'line': b'-- Up-to-date: /home/f1tenth/f1tenth_mrc_ws/install/realsense2_camera_msgs/include/realsense2_camera_msgs/action/detail\n'}
[80.431741] (realsense2_camera_msgs) StdoutLine: {'line': b'-- Installing: /home/f1tenth/f1tenth_mrc_ws/install/realsense2_camera_msgs/include/realsense2_camera_msgs/action/detail/triggered_calibration__type_support.cpp\n'}
[80.432111] (realsense2_camera_msgs) StdoutLine: {'line': b'-- Installing: /home/f1tenth/f1tenth_mrc_ws/install/realsense2_camera_msgs/include/realsense2_camera_msgs/action/detail/triggered_calibration__rosidl_typesupport_introspection_cpp.hpp\n'}
[80.432425] (realsense2_camera_msgs) StdoutLine: {'line': b'-- Up-to-date: /home/f1tenth/f1tenth_mrc_ws/install/realsense2_camera_msgs/include/realsense2_camera_msgs/srv\n'}
[80.432740] (realsense2_camera_msgs) StdoutLine: {'line': b'-- Up-to-date: /home/f1tenth/f1tenth_mrc_ws/install/realsense2_camera_msgs/include/realsense2_camera_msgs/srv/detail\n'}
[80.433031] (realsense2_camera_msgs) StdoutLine: {'line': b'-- Installing: /home/f1tenth/f1tenth_mrc_ws/install/realsense2_camera_msgs/include/realsense2_camera_msgs/srv/detail/calib_config_write__type_support.cpp\n'}
[80.434305] (realsense2_camera_msgs) StdoutLine: {'line': b'-- Installing: /home/f1tenth/f1tenth_mrc_ws/install/realsense2_camera_msgs/include/realsense2_camera_msgs/srv/detail/calib_config_read__rosidl_typesupport_introspection_cpp.hpp\n'}
[80.434696] (realsense2_camera_msgs) StdoutLine: {'line': b'-- Installing: /home/f1tenth/f1tenth_mrc_ws/install/realsense2_camera_msgs/include/realsense2_camera_msgs/srv/detail/device_info__rosidl_typesupport_introspection_cpp.hpp\n'}
[80.434943] (realsense2_camera_msgs) StdoutLine: {'line': b'-- Installing: /home/f1tenth/f1tenth_mrc_ws/install/realsense2_camera_msgs/include/realsense2_camera_msgs/srv/detail/calib_config_write__rosidl_typesupport_introspection_cpp.hpp\n'}
[80.435219] (realsense2_camera_msgs) StdoutLine: {'line': b'-- Installing: /home/f1tenth/f1tenth_mrc_ws/install/realsense2_camera_msgs/include/realsense2_camera_msgs/srv/detail/calib_config_read__type_support.cpp\n'}
[80.435481] (realsense2_camera_msgs) StdoutLine: {'line': b'-- Installing: /home/f1tenth/f1tenth_mrc_ws/install/realsense2_camera_msgs/include/realsense2_camera_msgs/srv/detail/device_info__type_support.cpp\n'}
[80.435918] (realsense2_camera_msgs) StdoutLine: {'line': b'-- Installing: /home/f1tenth/f1tenth_mrc_ws/install/realsense2_camera_msgs/lib/librealsense2_camera_msgs__rosidl_typesupport_introspection_cpp.so\n'}
[80.438767] (realsense2_camera_msgs) StdoutLine: {'line': b'-- Set runtime path of "/home/f1tenth/f1tenth_mrc_ws/install/realsense2_camera_msgs/lib/librealsense2_camera_msgs__rosidl_typesupport_introspection_cpp.so" to ""\n'}
[80.443828] (realsense2_camera_msgs) StdoutLine: {'line': b'-- Installing: /home/f1tenth/f1tenth_mrc_ws/install/realsense2_camera_msgs/lib/librealsense2_camera_msgs__rosidl_typesupport_cpp.so\n'}
[80.444799] (realsense2_camera_msgs) StdoutLine: {'line': b'-- Set runtime path of "/home/f1tenth/f1tenth_mrc_ws/install/realsense2_camera_msgs/lib/librealsense2_camera_msgs__rosidl_typesupport_cpp.so" to ""\n'}
[80.445127] (realsense2_camera_msgs) StdoutLine: {'line': b'-- Installing: /home/f1tenth/f1tenth_mrc_ws/install/realsense2_camera_msgs/share/realsense2_camera_msgs/environment/pythonpath.sh\n'}
[80.445380] (realsense2_camera_msgs) StdoutLine: {'line': b'-- Installing: /home/f1tenth/f1tenth_mrc_ws/install/realsense2_camera_msgs/share/realsense2_camera_msgs/environment/pythonpath.dsv\n'}
[80.445655] (realsense2_camera_msgs) StdoutLine: {'line': b'-- Installing: /home/f1tenth/f1tenth_mrc_ws/install/realsense2_camera_msgs/lib/python3.8/site-packages/realsense2_camera_msgs/__init__.py\n'}
[80.521701] (-) TimerEvent: {}
[80.583264] (realsense2_camera_msgs) StdoutLine: {'line': b"Compiling '/home/f1tenth/f1tenth_mrc_ws/install/realsense2_camera_msgs/lib/python3.8/site-packages/realsense2_camera_msgs/__init__.py'...\n"}
[80.599742] (realsense2_camera_msgs) StdoutLine: {'line': b'-- Installing: /home/f1tenth/f1tenth_mrc_ws/install/realsense2_camera_msgs/lib/python3.8/site-packages/realsense2_camera_msgs/msg\n'}
[80.600529] (realsense2_camera_msgs) StdoutLine: {'line': b'-- Installing: /home/f1tenth/f1tenth_mrc_ws/install/realsense2_camera_msgs/lib/python3.8/site-packages/realsense2_camera_msgs/msg/_imu_info.py\n'}
[80.600944] (realsense2_camera_msgs) StdoutLine: {'line': b'-- Installing: /home/f1tenth/f1tenth_mrc_ws/install/realsense2_camera_msgs/lib/python3.8/site-packages/realsense2_camera_msgs/msg/_metadata_s.c\n'}
[80.601422] (realsense2_camera_msgs) StdoutLine: {'line': b'-- Installing: /home/f1tenth/f1tenth_mrc_ws/install/realsense2_camera_msgs/lib/python3.8/site-packages/realsense2_camera_msgs/msg/_rgbd.py\n'}
[80.601889] (realsense2_camera_msgs) StdoutLine: {'line': b'-- Installing: /home/f1tenth/f1tenth_mrc_ws/install/realsense2_camera_msgs/lib/python3.8/site-packages/realsense2_camera_msgs/msg/_metadata.py\n'}
[80.602706] (realsense2_camera_msgs) StdoutLine: {'line': b'-- Installing: /home/f1tenth/f1tenth_mrc_ws/install/realsense2_camera_msgs/lib/python3.8/site-packages/realsense2_camera_msgs/msg/_extrinsics.py\n'}
[80.603290] (realsense2_camera_msgs) StdoutLine: {'line': b'-- Installing: /home/f1tenth/f1tenth_mrc_ws/install/realsense2_camera_msgs/lib/python3.8/site-packages/realsense2_camera_msgs/msg/_extrinsics_s.c\n'}
[80.603816] (realsense2_camera_msgs) StdoutLine: {'line': b'-- Installing: /home/f1tenth/f1tenth_mrc_ws/install/realsense2_camera_msgs/lib/python3.8/site-packages/realsense2_camera_msgs/msg/_rgbd_s.c\n'}
[80.604339] (realsense2_camera_msgs) StdoutLine: {'line': b'-- Installing: /home/f1tenth/f1tenth_mrc_ws/install/realsense2_camera_msgs/lib/python3.8/site-packages/realsense2_camera_msgs/msg/__init__.py\n'}
[80.604904] (realsense2_camera_msgs) StdoutLine: {'line': b'-- Installing: /home/f1tenth/f1tenth_mrc_ws/install/realsense2_camera_msgs/lib/python3.8/site-packages/realsense2_camera_msgs/msg/_imu_info_s.c\n'}
[80.605813] (realsense2_camera_msgs) StdoutLine: {'line': b'-- Installing: /home/f1tenth/f1tenth_mrc_ws/install/realsense2_camera_msgs/lib/python3.8/site-packages/realsense2_camera_msgs/srv\n'}
[80.606430] (realsense2_camera_msgs) StdoutLine: {'line': b'-- Installing: /home/f1tenth/f1tenth_mrc_ws/install/realsense2_camera_msgs/lib/python3.8/site-packages/realsense2_camera_msgs/srv/_calib_config_read_s.c\n'}
[80.606918] (realsense2_camera_msgs) StdoutLine: {'line': b'-- Installing: /home/f1tenth/f1tenth_mrc_ws/install/realsense2_camera_msgs/lib/python3.8/site-packages/realsense2_camera_msgs/srv/_device_info_s.c\n'}
[80.607405] (realsense2_camera_msgs) StdoutLine: {'line': b'-- Installing: /home/f1tenth/f1tenth_mrc_ws/install/realsense2_camera_msgs/lib/python3.8/site-packages/realsense2_camera_msgs/srv/_device_info.py\n'}
[80.607999] (realsense2_camera_msgs) StdoutLine: {'line': b'-- Installing: /home/f1tenth/f1tenth_mrc_ws/install/realsense2_camera_msgs/lib/python3.8/site-packages/realsense2_camera_msgs/srv/_calib_config_write.py\n'}
[80.608532] (realsense2_camera_msgs) StdoutLine: {'line': b'-- Installing: /home/f1tenth/f1tenth_mrc_ws/install/realsense2_camera_msgs/lib/python3.8/site-packages/realsense2_camera_msgs/srv/_calib_config_read.py\n'}
[80.609029] (realsense2_camera_msgs) StdoutLine: {'line': b'-- Installing: /home/f1tenth/f1tenth_mrc_ws/install/realsense2_camera_msgs/lib/python3.8/site-packages/realsense2_camera_msgs/srv/_calib_config_write_s.c\n'}
[80.609538] (realsense2_camera_msgs) StdoutLine: {'line': b'-- Installing: /home/f1tenth/f1tenth_mrc_ws/install/realsense2_camera_msgs/lib/python3.8/site-packages/realsense2_camera_msgs/srv/__init__.py\n'}
[80.610458] (realsense2_camera_msgs) StdoutLine: {'line': b'-- Installing: /home/f1tenth/f1tenth_mrc_ws/install/realsense2_camera_msgs/lib/python3.8/site-packages/realsense2_camera_msgs/action\n'}
[80.610909] (realsense2_camera_msgs) StdoutLine: {'line': b'-- Installing: /home/f1tenth/f1tenth_mrc_ws/install/realsense2_camera_msgs/lib/python3.8/site-packages/realsense2_camera_msgs/action/_triggered_calibration_s.c\n'}
[80.611506] (realsense2_camera_msgs) StdoutLine: {'line': b'-- Installing: /home/f1tenth/f1tenth_mrc_ws/install/realsense2_camera_msgs/lib/python3.8/site-packages/realsense2_camera_msgs/action/_triggered_calibration.py\n'}
[80.612282] (realsense2_camera_msgs) StdoutLine: {'line': b'-- Installing: /home/f1tenth/f1tenth_mrc_ws/install/realsense2_camera_msgs/lib/python3.8/site-packages/realsense2_camera_msgs/action/__init__.py\n'}
[80.613611] (realsense2_camera_msgs) StdoutLine: {'line': b'-- Installing: /home/f1tenth/f1tenth_mrc_ws/install/realsense2_camera_msgs/lib/python3.8/site-packages/realsense2_camera_msgs/realsense2_camera_msgs_s__rosidl_typesupport_fastrtps_c.cpython-38-aarch64-linux-gnu.so\n'}
[80.616478] (realsense2_camera_msgs) StdoutLine: {'line': b'-- Set runtime path of "/home/f1tenth/f1tenth_mrc_ws/install/realsense2_camera_msgs/lib/python3.8/site-packages/realsense2_camera_msgs/realsense2_camera_msgs_s__rosidl_typesupport_fastrtps_c.cpython-38-aarch64-linux-gnu.so" to ""\n'}
[80.617458] (realsense2_camera_msgs) StdoutLine: {'line': b'-- Installing: /home/f1tenth/f1tenth_mrc_ws/install/realsense2_camera_msgs/lib/python3.8/site-packages/realsense2_camera_msgs/realsense2_camera_msgs_s__rosidl_typesupport_introspection_c.cpython-38-aarch64-linux-gnu.so\n'}
[80.620477] (realsense2_camera_msgs) StdoutLine: {'line': b'-- Set runtime path of "/home/f1tenth/f1tenth_mrc_ws/install/realsense2_camera_msgs/lib/python3.8/site-packages/realsense2_camera_msgs/realsense2_camera_msgs_s__rosidl_typesupport_introspection_c.cpython-38-aarch64-linux-gnu.so" to ""\n'}
[80.621241] (realsense2_camera_msgs) StdoutLine: {'line': b'-- Installing: /home/f1tenth/f1tenth_mrc_ws/install/realsense2_camera_msgs/lib/python3.8/site-packages/realsense2_camera_msgs/realsense2_camera_msgs_s__rosidl_typesupport_c.cpython-38-aarch64-linux-gnu.so\n'}
[80.621897] (-) TimerEvent: {}
[80.624810] (realsense2_camera_msgs) StdoutLine: {'line': b'-- Set runtime path of "/home/f1tenth/f1tenth_mrc_ws/install/realsense2_camera_msgs/lib/python3.8/site-packages/realsense2_camera_msgs/realsense2_camera_msgs_s__rosidl_typesupport_c.cpython-38-aarch64-linux-gnu.so" to ""\n'}
[80.625501] (realsense2_camera_msgs) StdoutLine: {'line': b'-- Installing: /home/f1tenth/f1tenth_mrc_ws/install/realsense2_camera_msgs/lib/librealsense2_camera_msgs__python.so\n'}
[80.628046] (realsense2_camera_msgs) StdoutLine: {'line': b'-- Set runtime path of "/home/f1tenth/f1tenth_mrc_ws/install/realsense2_camera_msgs/lib/librealsense2_camera_msgs__python.so" to ""\n'}
[80.628590] (realsense2_camera_msgs) StdoutLine: {'line': b'-- Installing: /home/f1tenth/f1tenth_mrc_ws/install/realsense2_camera_msgs/share/realsense2_camera_msgs/msg/IMUInfo.idl\n'}
[80.629695] (realsense2_camera_msgs) StdoutLine: {'line': b'-- Installing: /home/f1tenth/f1tenth_mrc_ws/install/realsense2_camera_msgs/share/realsense2_camera_msgs/msg/Extrinsics.idl\n'}
[80.630642] (realsense2_camera_msgs) StdoutLine: {'line': b'-- Installing: /home/f1tenth/f1tenth_mrc_ws/install/realsense2_camera_msgs/share/realsense2_camera_msgs/msg/Metadata.idl\n'}
[80.631645] (realsense2_camera_msgs) StdoutLine: {'line': b'-- Installing: /home/f1tenth/f1tenth_mrc_ws/install/realsense2_camera_msgs/share/realsense2_camera_msgs/msg/RGBD.idl\n'}
[80.632630] (realsense2_camera_msgs) StdoutLine: {'line': b'-- Installing: /home/f1tenth/f1tenth_mrc_ws/install/realsense2_camera_msgs/share/realsense2_camera_msgs/srv/DeviceInfo.idl\n'}
[80.634493] (realsense2_camera_msgs) StdoutLine: {'line': b'-- Installing: /home/f1tenth/f1tenth_mrc_ws/install/realsense2_camera_msgs/share/realsense2_camera_msgs/srv/CalibConfigRead.idl\n'}
[80.635177] (realsense2_camera_msgs) StdoutLine: {'line': b'-- Installing: /home/f1tenth/f1tenth_mrc_ws/install/realsense2_camera_msgs/share/realsense2_camera_msgs/srv/CalibConfigWrite.idl\n'}
[80.636399] (realsense2_camera_msgs) StdoutLine: {'line': b'-- Installing: /home/f1tenth/f1tenth_mrc_ws/install/realsense2_camera_msgs/share/realsense2_camera_msgs/action/TriggeredCalibration.idl\n'}
[80.636872] (realsense2_camera_msgs) StdoutLine: {'line': b'-- Installing: /home/f1tenth/f1tenth_mrc_ws/install/realsense2_camera_msgs/share/realsense2_camera_msgs/msg/IMUInfo.msg\n'}
[80.637398] (realsense2_camera_msgs) StdoutLine: {'line': b'-- Installing: /home/f1tenth/f1tenth_mrc_ws/install/realsense2_camera_msgs/share/realsense2_camera_msgs/msg/Extrinsics.msg\n'}
[80.638134] (realsense2_camera_msgs) StdoutLine: {'line': b'-- Installing: /home/f1tenth/f1tenth_mrc_ws/install/realsense2_camera_msgs/share/realsense2_camera_msgs/msg/Metadata.msg\n'}
[80.638796] (realsense2_camera_msgs) StdoutLine: {'line': b'-- Installing: /home/f1tenth/f1tenth_mrc_ws/install/realsense2_camera_msgs/share/realsense2_camera_msgs/msg/RGBD.msg\n'}
[80.639428] (realsense2_camera_msgs) StdoutLine: {'line': b'-- Installing: /home/f1tenth/f1tenth_mrc_ws/install/realsense2_camera_msgs/share/realsense2_camera_msgs/srv/DeviceInfo.srv\n'}
[80.640121] (realsense2_camera_msgs) StdoutLine: {'line': b'-- Installing: /home/f1tenth/f1tenth_mrc_ws/install/realsense2_camera_msgs/share/realsense2_camera_msgs/srv/DeviceInfo_Request.msg\n'}
[80.640754] (realsense2_camera_msgs) StdoutLine: {'line': b'-- Installing: /home/f1tenth/f1tenth_mrc_ws/install/realsense2_camera_msgs/share/realsense2_camera_msgs/srv/DeviceInfo_Response.msg\n'}
[80.641407] (realsense2_camera_msgs) StdoutLine: {'line': b'-- Installing: /home/f1tenth/f1tenth_mrc_ws/install/realsense2_camera_msgs/share/realsense2_camera_msgs/srv/CalibConfigRead.srv\n'}
[80.642024] (realsense2_camera_msgs) StdoutLine: {'line': b'-- Installing: /home/f1tenth/f1tenth_mrc_ws/install/realsense2_camera_msgs/share/realsense2_camera_msgs/srv/CalibConfigRead_Request.msg\n'}
[80.643545] (realsense2_camera_msgs) StdoutLine: {'line': b'-- Installing: /home/f1tenth/f1tenth_mrc_ws/install/realsense2_camera_msgs/share/realsense2_camera_msgs/srv/CalibConfigRead_Response.msg\n'}
[80.644003] (realsense2_camera_msgs) StdoutLine: {'line': b'-- Installing: /home/f1tenth/f1tenth_mrc_ws/install/realsense2_camera_msgs/share/realsense2_camera_msgs/srv/CalibConfigWrite.srv\n'}
[80.644390] (realsense2_camera_msgs) StdoutLine: {'line': b'-- Installing: /home/f1tenth/f1tenth_mrc_ws/install/realsense2_camera_msgs/share/realsense2_camera_msgs/srv/CalibConfigWrite_Request.msg\n'}
[80.644854] (realsense2_camera_msgs) StdoutLine: {'line': b'-- Installing: /home/f1tenth/f1tenth_mrc_ws/install/realsense2_camera_msgs/share/realsense2_camera_msgs/srv/CalibConfigWrite_Response.msg\n'}
[80.645479] (realsense2_camera_msgs) StdoutLine: {'line': b'-- Installing: /home/f1tenth/f1tenth_mrc_ws/install/realsense2_camera_msgs/share/realsense2_camera_msgs/action/TriggeredCalibration.action\n'}
[80.646300] (realsense2_camera_msgs) StdoutLine: {'line': b'-- Installing: /home/f1tenth/f1tenth_mrc_ws/install/realsense2_camera_msgs/share/ament_index/resource_index/package_run_dependencies/realsense2_camera_msgs\n'}
[80.647471] (realsense2_camera_msgs) StdoutLine: {'line': b'-- Installing: /home/f1tenth/f1tenth_mrc_ws/install/realsense2_camera_msgs/share/ament_index/resource_index/parent_prefix_path/realsense2_camera_msgs\n'}
[80.648116] (realsense2_camera_msgs) StdoutLine: {'line': b'-- Installing: /home/f1tenth/f1tenth_mrc_ws/install/realsense2_camera_msgs/share/realsense2_camera_msgs/environment/ament_prefix_path.sh\n'}
[80.648724] (realsense2_camera_msgs) StdoutLine: {'line': b'-- Installing: /home/f1tenth/f1tenth_mrc_ws/install/realsense2_camera_msgs/share/realsense2_camera_msgs/environment/ament_prefix_path.dsv\n'}
[80.649362] (realsense2_camera_msgs) StdoutLine: {'line': b'-- Installing: /home/f1tenth/f1tenth_mrc_ws/install/realsense2_camera_msgs/share/realsense2_camera_msgs/environment/path.sh\n'}
[80.650179] (realsense2_camera_msgs) StdoutLine: {'line': b'-- Installing: /home/f1tenth/f1tenth_mrc_ws/install/realsense2_camera_msgs/share/realsense2_camera_msgs/environment/path.dsv\n'}
[80.650902] (realsense2_camera_msgs) StdoutLine: {'line': b'-- Installing: /home/f1tenth/f1tenth_mrc_ws/install/realsense2_camera_msgs/share/realsense2_camera_msgs/local_setup.bash\n'}
[80.651611] (realsense2_camera_msgs) StdoutLine: {'line': b'-- Installing: /home/f1tenth/f1tenth_mrc_ws/install/realsense2_camera_msgs/share/realsense2_camera_msgs/local_setup.sh\n'}
[80.652476] (realsense2_camera_msgs) StdoutLine: {'line': b'-- Installing: /home/f1tenth/f1tenth_mrc_ws/install/realsense2_camera_msgs/share/realsense2_camera_msgs/local_setup.zsh\n'}
[80.653665] (realsense2_camera_msgs) StdoutLine: {'line': b'-- Installing: /home/f1tenth/f1tenth_mrc_ws/install/realsense2_camera_msgs/share/realsense2_camera_msgs/local_setup.dsv\n'}
[80.654486] (realsense2_camera_msgs) StdoutLine: {'line': b'-- Installing: /home/f1tenth/f1tenth_mrc_ws/install/realsense2_camera_msgs/share/realsense2_camera_msgs/package.dsv\n'}
[80.655012] (realsense2_camera_msgs) StdoutLine: {'line': b'-- Installing: /home/f1tenth/f1tenth_mrc_ws/install/realsense2_camera_msgs/share/ament_index/resource_index/packages/realsense2_camera_msgs\n'}
[80.657344] (realsense2_camera_msgs) StdoutLine: {'line': b'-- Installing: /home/f1tenth/f1tenth_mrc_ws/install/realsense2_camera_msgs/share/realsense2_camera_msgs/cmake/realsense2_camera_msgs__rosidl_generator_cExport.cmake\n'}
[80.658148] (realsense2_camera_msgs) StdoutLine: {'line': b'-- Installing: /home/f1tenth/f1tenth_mrc_ws/install/realsense2_camera_msgs/share/realsense2_camera_msgs/cmake/realsense2_camera_msgs__rosidl_generator_cExport-noconfig.cmake\n'}
[80.659358] (realsense2_camera_msgs) StdoutLine: {'line': b'-- Installing: /home/f1tenth/f1tenth_mrc_ws/install/realsense2_camera_msgs/share/realsense2_camera_msgs/cmake/realsense2_camera_msgs__rosidl_typesupport_introspection_cExport.cmake\n'}
[80.660162] (realsense2_camera_msgs) StdoutLine: {'line': b'-- Installing: /home/f1tenth/f1tenth_mrc_ws/install/realsense2_camera_msgs/share/realsense2_camera_msgs/cmake/realsense2_camera_msgs__rosidl_typesupport_introspection_cExport-noconfig.cmake\n'}
[80.661080] (realsense2_camera_msgs) StdoutLine: {'line': b'-- Installing: /home/f1tenth/f1tenth_mrc_ws/install/realsense2_camera_msgs/share/realsense2_camera_msgs/cmake/realsense2_camera_msgs__rosidl_typesupport_cExport.cmake\n'}
[80.662281] (realsense2_camera_msgs) StdoutLine: {'line': b'-- Installing: /home/f1tenth/f1tenth_mrc_ws/install/realsense2_camera_msgs/share/realsense2_camera_msgs/cmake/realsense2_camera_msgs__rosidl_typesupport_cExport-noconfig.cmake\n'}
[80.663104] (realsense2_camera_msgs) StdoutLine: {'line': b'-- Installing: /home/f1tenth/f1tenth_mrc_ws/install/realsense2_camera_msgs/share/realsense2_camera_msgs/cmake/realsense2_camera_msgs__rosidl_generator_cppExport.cmake\n'}
[80.664185] (realsense2_camera_msgs) StdoutLine: {'line': b'-- Installing: /home/f1tenth/f1tenth_mrc_ws/install/realsense2_camera_msgs/share/realsense2_camera_msgs/cmake/realsense2_camera_msgs__rosidl_typesupport_introspection_cppExport.cmake\n'}
[80.664924] (realsense2_camera_msgs) StdoutLine: {'line': b'-- Installing: /home/f1tenth/f1tenth_mrc_ws/install/realsense2_camera_msgs/share/realsense2_camera_msgs/cmake/realsense2_camera_msgs__rosidl_typesupport_introspection_cppExport-noconfig.cmake\n'}
[80.666009] (realsense2_camera_msgs) StdoutLine: {'line': b'-- Installing: /home/f1tenth/f1tenth_mrc_ws/install/realsense2_camera_msgs/share/realsense2_camera_msgs/cmake/realsense2_camera_msgs__rosidl_typesupport_cppExport.cmake\n'}
[80.666870] (realsense2_camera_msgs) StdoutLine: {'line': b'-- Installing: /home/f1tenth/f1tenth_mrc_ws/install/realsense2_camera_msgs/share/realsense2_camera_msgs/cmake/realsense2_camera_msgs__rosidl_typesupport_cppExport-noconfig.cmake\n'}
[80.667682] (realsense2_camera_msgs) StdoutLine: {'line': b'-- Installing: /home/f1tenth/f1tenth_mrc_ws/install/realsense2_camera_msgs/share/realsense2_camera_msgs/cmake/rosidl_cmake-extras.cmake\n'}
[80.668679] (realsense2_camera_msgs) StdoutLine: {'line': b'-- Installing: /home/f1tenth/f1tenth_mrc_ws/install/realsense2_camera_msgs/share/realsense2_camera_msgs/cmake/ament_cmake_export_dependencies-extras.cmake\n'}
[80.669654] (realsense2_camera_msgs) StdoutLine: {'line': b'-- Installing: /home/f1tenth/f1tenth_mrc_ws/install/realsense2_camera_msgs/share/realsense2_camera_msgs/cmake/ament_cmake_export_libraries-extras.cmake\n'}
[80.670909] (realsense2_camera_msgs) StdoutLine: {'line': b'-- Installing: /home/f1tenth/f1tenth_mrc_ws/install/realsense2_camera_msgs/share/realsense2_camera_msgs/cmake/ament_cmake_export_targets-extras.cmake\n'}
[80.671287] (realsense2_camera_msgs) StdoutLine: {'line': b'-- Installing: /home/f1tenth/f1tenth_mrc_ws/install/realsense2_camera_msgs/share/realsense2_camera_msgs/cmake/ament_cmake_export_include_directories-extras.cmake\n'}
[80.672043] (realsense2_camera_msgs) StdoutLine: {'line': b'-- Installing: /home/f1tenth/f1tenth_mrc_ws/install/realsense2_camera_msgs/share/realsense2_camera_msgs/cmake/rosidl_cmake_export_typesupport_libraries-extras.cmake\n'}
[80.672837] (realsense2_camera_msgs) StdoutLine: {'line': b'-- Installing: /home/f1tenth/f1tenth_mrc_ws/install/realsense2_camera_msgs/share/realsense2_camera_msgs/cmake/rosidl_cmake_export_typesupport_targets-extras.cmake\n'}
[80.673505] (realsense2_camera_msgs) StdoutLine: {'line': b'-- Installing: /home/f1tenth/f1tenth_mrc_ws/install/realsense2_camera_msgs/share/realsense2_camera_msgs/cmake/realsense2_camera_msgsConfig.cmake\n'}
[80.673979] (realsense2_camera_msgs) StdoutLine: {'line': b'-- Installing: /home/f1tenth/f1tenth_mrc_ws/install/realsense2_camera_msgs/share/realsense2_camera_msgs/cmake/realsense2_camera_msgsConfig-version.cmake\n'}
[80.675036] (realsense2_camera_msgs) StdoutLine: {'line': b'-- Installing: /home/f1tenth/f1tenth_mrc_ws/install/realsense2_camera_msgs/share/realsense2_camera_msgs/package.xml\n'}
[80.685880] (realsense2_camera_msgs) CommandEnded: {'returncode': 0}
[80.723515] (-) TimerEvent: {}
[80.780912] (realsense2_camera_msgs) JobEnded: {'identifier': 'realsense2_camera_msgs', 'rc': 0}
[80.789145] (realsense2_camera) JobStarted: {'identifier': 'realsense2_camera'}
[80.811346] (realsense2_description) JobStarted: {'identifier': 'realsense2_description'}
[80.824283] (-) TimerEvent: {}
[80.872335] (realsense2_camera) JobProgress: {'identifier': 'realsense2_camera', 'progress': 'cmake'}
[80.874958] (realsense2_camera) Command: {'cmd': ['/usr/bin/cmake', '/home/f1tenth/f1tenth_mrc_ws/src/realsense-ros/realsense2_camera', '-DCMAKE_INSTALL_PREFIX=/home/f1tenth/f1tenth_mrc_ws/install/realsense2_camera'], 'cwd': '/home/f1tenth/f1tenth_mrc_ws/build/realsense2_camera', 'env': OrderedDict([('GJS_DEBUG_TOPICS', 'JS ERROR;JS LOG'), ('LESSOPEN', '| /usr/bin/lesspipe %s'), ('USER', 'f1tenth'), ('LC_TIME', 'bs_BA.UTF-8'), ('SSH_AGENT_PID', '2722'), ('XDG_SESSION_TYPE', 'x11'), ('SHLVL', '1'), ('LD_LIBRARY_PATH', '/home/f1tenth/f1tenth_mrc_ws/install/realsense2_camera_msgs/lib:/opt/ros/foxy/opt/yaml_cpp_vendor/lib:/opt/ros/foxy/opt/rviz_ogre_vendor/lib:/opt/ros/foxy/lib/aarch64-linux-gnu:/opt/ros/foxy/lib'), ('HOME', '/home/f1tenth'), ('OLDPWD', '/home/f1tenth/f1tenth_mrc_ws/src'), ('DESKTOP_SESSION', 'ubuntu'), ('JETSON_L4T', '35.1.0'), ('GIO_LAUNCHED_DESKTOP_FILE', '/usr/share/applications/terminator.desktop'), ('ROS_PYTHON_VERSION', '3'), ('GNOME_SHELL_SESSION_MODE', 'ubuntu'), ('GTK_MODULES', 'gail:atk-bridge'), ('JETSON_MODEL', 'NVIDIA Jetson Xavier NX Developer Kit'), ('LC_MONETARY', 'bs_BA.UTF-8'), ('MANAGERPID', '2456'), ('DBUS_SESSION_BUS_ADDRESS', 'unix:path=/run/user/1000/bus'), ('COLORTERM', 'truecolor'), ('TERMINATOR_DBUS_NAME', 'net.tenshu.Terminator21a9d5db22c73a993ff0b42f64b396873'), ('GIO_LAUNCHED_DESKTOP_FILE_PID', '3398'), ('_colcon_cd_root', '/opt/ros/foxy/'), ('IM_CONFIG_PHASE', '1'), ('ROS_DISTRO', 'foxy'), ('LOGNAME', 'f1tenth'), ('JETSON_MODULE', 'NVIDIA Jetson Xavier NX (Developer kit)'), ('JETSON_SERIAL_NUMBER', '1422420033521'), ('JOURNAL_STREAM', '7:52952'), ('_', '/usr/bin/colcon'), ('ROS_VERSION', '2'), ('JETSON_CODENAME', 'Jakku'), ('XDG_SESSION_CLASS', 'user'), ('USERNAME', 'f1tenth'), ('TERM', 'xterm-256color'), ('GNOME_DESKTOP_SESSION_ID', 'this-is-deprecated'), ('ROS_LOCALHOST_ONLY', '0'), ('WINDOWPATH', '2'), ('PATH', '/opt/ros/foxy/bin:/home/f1tenth/.local/bin:/usr/local/sbin:/usr/local/bin:/usr/sbin:/usr/bin:/sbin:/bin:/usr/games:/usr/local/games:/snap/bin'), ('SESSION_MANAGER', 'local/f1tenth-desktop:@/tmp/.ICE-unix/2757,unix/f1tenth-desktop:/tmp/.ICE-unix/2757'), ('INVOCATION_ID', 'bd1f5b7138a241e9935586b351aafc78'), ('XDG_MENU_PREFIX', 'gnome-'), ('LC_ADDRESS', 'bs_BA.UTF-8'), ('XDG_RUNTIME_DIR', '/run/user/1000'), ('DISPLAY', ':0'), ('TERMINATOR_DBUS_PATH', '/net/tenshu/Terminator2'), ('LANG', 'en_US.UTF-8'), ('XDG_CURRENT_DESKTOP', 'ubuntu:GNOME'), ('LC_TELEPHONE', 'bs_BA.UTF-8'), ('XMODIFIERS', '@im=ibus'), ('XDG_SESSION_DESKTOP', 'ubuntu'), ('XAUTHORITY', '/run/user/1000/gdm/Xauthority'), ('LS_COLORS', 'rs=0:di=01;34:ln=01;36:mh=00:pi=40;33:so=01;35:do=01;35:bd=40;33;01:cd=40;33;01:or=40;31;01:mi=00:su=37;41:sg=30;43:ca=30;41:tw=30;42:ow=34;42:st=37;44:ex=01;32:*.tar=01;31:*.tgz=01;31:*.arc=01;31:*.arj=01;31:*.taz=01;31:*.lha=01;31:*.lz4=01;31:*.lzh=01;31:*.lzma=01;31:*.tlz=01;31:*.txz=01;31:*.tzo=01;31:*.t7z=01;31:*.zip=01;31:*.z=01;31:*.dz=01;31:*.gz=01;31:*.lrz=01;31:*.lz=01;31:*.lzo=01;31:*.xz=01;31:*.zst=01;31:*.tzst=01;31:*.bz2=01;31:*.bz=01;31:*.tbz=01;31:*.tbz2=01;31:*.tz=01;31:*.deb=01;31:*.rpm=01;31:*.jar=01;31:*.war=01;31:*.ear=01;31:*.sar=01;31:*.rar=01;31:*.alz=01;31:*.ace=01;31:*.zoo=01;31:*.cpio=01;31:*.7z=01;31:*.rz=01;31:*.cab=01;31:*.wim=01;31:*.swm=01;31:*.dwm=01;31:*.esd=01;31:*.jpg=01;35:*.jpeg=01;35:*.mjpg=01;35:*.mjpeg=01;35:*.gif=01;35:*.bmp=01;35:*.pbm=01;35:*.pgm=01;35:*.ppm=01;35:*.tga=01;35:*.xbm=01;35:*.xpm=01;35:*.tif=01;35:*.tiff=01;35:*.png=01;35:*.svg=01;35:*.svgz=01;35:*.mng=01;35:*.pcx=01;35:*.mov=01;35:*.mpg=01;35:*.mpeg=01;35:*.m2v=01;35:*.mkv=01;35:*.webm=01;35:*.ogm=01;35:*.mp4=01;35:*.m4v=01;35:*.mp4v=01;35:*.vob=01;35:*.qt=01;35:*.nuv=01;35:*.wmv=01;35:*.asf=01;35:*.rm=01;35:*.rmvb=01;35:*.flc=01;35:*.avi=01;35:*.fli=01;35:*.flv=01;35:*.gl=01;35:*.dl=01;35:*.xcf=01;35:*.xwd=01;35:*.yuv=01;35:*.cgm=01;35:*.emf=01;35:*.ogv=01;35:*.ogx=01;35:*.aac=00;36:*.au=00;36:*.flac=00;36:*.m4a=00;36:*.mid=00;36:*.midi=00;36:*.mka=00;36:*.mp3=00;36:*.mpc=00;36:*.ogg=00;36:*.ra=00;36:*.wav=00;36:*.oga=00;36:*.opus=00;36:*.spx=00;36:*.xspf=00;36:'), ('JETSON_SOC', 'tegra194'), ('SSH_AUTH_SOCK', '/run/user/1000/keyring/ssh'), ('ROS_DOMAIN_ID', '6'), ('AMENT_PREFIX_PATH', '/home/f1tenth/f1tenth_mrc_ws/install/realsense2_camera_msgs:/opt/ros/foxy'), ('SHELL', '/bin/bash'), ('CMAKE_ARGS', '-DBUILD_WITH_OPENMP=OFF'), ('LC_NAME', 'bs_BA.UTF-8'), ('TERMINATOR_UUID', 'urn:uuid:0a99abc2-9966-4d5d-a08b-faa1cb518880'), ('QT_ACCESSIBILITY', '1'), ('GDMSESSION', 'ubuntu'), ('LESSCLOSE', '/usr/bin/lesspipe %s %s'), ('LC_MEASUREMENT', 'bs_BA.UTF-8'), ('GPG_AGENT_INFO', '/run/user/1000/gnupg/S.gpg-agent:0:1'), ('GJS_DEBUG_OUTPUT', 'stderr'), ('LC_IDENTIFICATION', 'bs_BA.UTF-8'), ('QT_IM_MODULE', 'ibus'), ('JETSON_CUDA_ARCH_BIN', '7.2'), ('PWD', '/home/f1tenth/f1tenth_mrc_ws/build/realsense2_camera'), ('LC_ALL', 'en_US.UTF-8'), ('XDG_CONFIG_DIRS', '/etc/xdg/xdg-ubuntu:/etc/xdg'), ('XDG_DATA_DIRS', '/usr/share/ubuntu:/usr/local/share/:/usr/share/:/var/lib/snapd/desktop'), ('PYTHONPATH', '/home/f1tenth/f1tenth_mrc_ws/install/realsense2_camera_msgs/lib/python3.8/site-packages:/opt/ros/foxy/lib/python3.8/site-packages'), ('LC_NUMERIC', 'bs_BA.UTF-8'), ('LC_PAPER', 'bs_BA.UTF-8'), ('COLCON', '1'), ('VTE_VERSION', '6003'), ('JETSON_JETPACK', '5.0.2 GA'), ('JETSON_P_NUMBER', 'p3668-0000'), ('CMAKE_PREFIX_PATH', '/home/f1tenth/f1tenth_mrc_ws/install/realsense2_camera_msgs:/opt/ros/foxy')]), 'shell': False}
[80.903512] (realsense2_description) JobProgress: {'identifier': 'realsense2_description', 'progress': 'cmake'}
[80.907452] (realsense2_description) Command: {'cmd': ['/usr/bin/cmake', '/home/f1tenth/f1tenth_mrc_ws/src/realsense-ros/realsense2_description', '-DCMAKE_INSTALL_PREFIX=/home/f1tenth/f1tenth_mrc_ws/install/realsense2_description'], 'cwd': '/home/f1tenth/f1tenth_mrc_ws/build/realsense2_description', 'env': OrderedDict([('GJS_DEBUG_TOPICS', 'JS ERROR;JS LOG'), ('LESSOPEN', '| /usr/bin/lesspipe %s'), ('USER', 'f1tenth'), ('LC_TIME', 'bs_BA.UTF-8'), ('SSH_AGENT_PID', '2722'), ('XDG_SESSION_TYPE', 'x11'), ('SHLVL', '1'), ('LD_LIBRARY_PATH', '/home/f1tenth/f1tenth_mrc_ws/install/realsense2_camera_msgs/lib:/opt/ros/foxy/opt/yaml_cpp_vendor/lib:/opt/ros/foxy/opt/rviz_ogre_vendor/lib:/opt/ros/foxy/lib/aarch64-linux-gnu:/opt/ros/foxy/lib'), ('HOME', '/home/f1tenth'), ('OLDPWD', '/home/f1tenth/f1tenth_mrc_ws/src'), ('DESKTOP_SESSION', 'ubuntu'), ('JETSON_L4T', '35.1.0'), ('GIO_LAUNCHED_DESKTOP_FILE', '/usr/share/applications/terminator.desktop'), ('ROS_PYTHON_VERSION', '3'), ('GNOME_SHELL_SESSION_MODE', 'ubuntu'), ('GTK_MODULES', 'gail:atk-bridge'), ('JETSON_MODEL', 'NVIDIA Jetson Xavier NX Developer Kit'), ('LC_MONETARY', 'bs_BA.UTF-8'), ('MANAGERPID', '2456'), ('DBUS_SESSION_BUS_ADDRESS', 'unix:path=/run/user/1000/bus'), ('COLORTERM', 'truecolor'), ('TERMINATOR_DBUS_NAME', 'net.tenshu.Terminator21a9d5db22c73a993ff0b42f64b396873'), ('GIO_LAUNCHED_DESKTOP_FILE_PID', '3398'), ('_colcon_cd_root', '/opt/ros/foxy/'), ('IM_CONFIG_PHASE', '1'), ('ROS_DISTRO', 'foxy'), ('LOGNAME', 'f1tenth'), ('JETSON_MODULE', 'NVIDIA Jetson Xavier NX (Developer kit)'), ('JETSON_SERIAL_NUMBER', '1422420033521'), ('JOURNAL_STREAM', '7:52952'), ('_', '/usr/bin/colcon'), ('ROS_VERSION', '2'), ('JETSON_CODENAME', 'Jakku'), ('XDG_SESSION_CLASS', 'user'), ('USERNAME', 'f1tenth'), ('TERM', 'xterm-256color'), ('GNOME_DESKTOP_SESSION_ID', 'this-is-deprecated'), ('ROS_LOCALHOST_ONLY', '0'), ('WINDOWPATH', '2'), ('PATH', '/opt/ros/foxy/bin:/home/f1tenth/.local/bin:/usr/local/sbin:/usr/local/bin:/usr/sbin:/usr/bin:/sbin:/bin:/usr/games:/usr/local/games:/snap/bin'), ('SESSION_MANAGER', 'local/f1tenth-desktop:@/tmp/.ICE-unix/2757,unix/f1tenth-desktop:/tmp/.ICE-unix/2757'), ('INVOCATION_ID', 'bd1f5b7138a241e9935586b351aafc78'), ('XDG_MENU_PREFIX', 'gnome-'), ('LC_ADDRESS', 'bs_BA.UTF-8'), ('XDG_RUNTIME_DIR', '/run/user/1000'), ('DISPLAY', ':0'), ('TERMINATOR_DBUS_PATH', '/net/tenshu/Terminator2'), ('LANG', 'en_US.UTF-8'), ('XDG_CURRENT_DESKTOP', 'ubuntu:GNOME'), ('LC_TELEPHONE', 'bs_BA.UTF-8'), ('XMODIFIERS', '@im=ibus'), ('XDG_SESSION_DESKTOP', 'ubuntu'), ('XAUTHORITY', '/run/user/1000/gdm/Xauthority'), ('LS_COLORS', 'rs=0:di=01;34:ln=01;36:mh=00:pi=40;33:so=01;35:do=01;35:bd=40;33;01:cd=40;33;01:or=40;31;01:mi=00:su=37;41:sg=30;43:ca=30;41:tw=30;42:ow=34;42:st=37;44:ex=01;32:*.tar=01;31:*.tgz=01;31:*.arc=01;31:*.arj=01;31:*.taz=01;31:*.lha=01;31:*.lz4=01;31:*.lzh=01;31:*.lzma=01;31:*.tlz=01;31:*.txz=01;31:*.tzo=01;31:*.t7z=01;31:*.zip=01;31:*.z=01;31:*.dz=01;31:*.gz=01;31:*.lrz=01;31:*.lz=01;31:*.lzo=01;31:*.xz=01;31:*.zst=01;31:*.tzst=01;31:*.bz2=01;31:*.bz=01;31:*.tbz=01;31:*.tbz2=01;31:*.tz=01;31:*.deb=01;31:*.rpm=01;31:*.jar=01;31:*.war=01;31:*.ear=01;31:*.sar=01;31:*.rar=01;31:*.alz=01;31:*.ace=01;31:*.zoo=01;31:*.cpio=01;31:*.7z=01;31:*.rz=01;31:*.cab=01;31:*.wim=01;31:*.swm=01;31:*.dwm=01;31:*.esd=01;31:*.jpg=01;35:*.jpeg=01;35:*.mjpg=01;35:*.mjpeg=01;35:*.gif=01;35:*.bmp=01;35:*.pbm=01;35:*.pgm=01;35:*.ppm=01;35:*.tga=01;35:*.xbm=01;35:*.xpm=01;35:*.tif=01;35:*.tiff=01;35:*.png=01;35:*.svg=01;35:*.svgz=01;35:*.mng=01;35:*.pcx=01;35:*.mov=01;35:*.mpg=01;35:*.mpeg=01;35:*.m2v=01;35:*.mkv=01;35:*.webm=01;35:*.ogm=01;35:*.mp4=01;35:*.m4v=01;35:*.mp4v=01;35:*.vob=01;35:*.qt=01;35:*.nuv=01;35:*.wmv=01;35:*.asf=01;35:*.rm=01;35:*.rmvb=01;35:*.flc=01;35:*.avi=01;35:*.fli=01;35:*.flv=01;35:*.gl=01;35:*.dl=01;35:*.xcf=01;35:*.xwd=01;35:*.yuv=01;35:*.cgm=01;35:*.emf=01;35:*.ogv=01;35:*.ogx=01;35:*.aac=00;36:*.au=00;36:*.flac=00;36:*.m4a=00;36:*.mid=00;36:*.midi=00;36:*.mka=00;36:*.mp3=00;36:*.mpc=00;36:*.ogg=00;36:*.ra=00;36:*.wav=00;36:*.oga=00;36:*.opus=00;36:*.spx=00;36:*.xspf=00;36:'), ('JETSON_SOC', 'tegra194'), ('SSH_AUTH_SOCK', '/run/user/1000/keyring/ssh'), ('ROS_DOMAIN_ID', '6'), ('AMENT_PREFIX_PATH', '/home/f1tenth/f1tenth_mrc_ws/install/realsense2_camera_msgs:/opt/ros/foxy'), ('SHELL', '/bin/bash'), ('CMAKE_ARGS', '-DBUILD_WITH_OPENMP=OFF'), ('LC_NAME', 'bs_BA.UTF-8'), ('TERMINATOR_UUID', 'urn:uuid:0a99abc2-9966-4d5d-a08b-faa1cb518880'), ('QT_ACCESSIBILITY', '1'), ('GDMSESSION', 'ubuntu'), ('LESSCLOSE', '/usr/bin/lesspipe %s %s'), ('LC_MEASUREMENT', 'bs_BA.UTF-8'), ('GPG_AGENT_INFO', '/run/user/1000/gnupg/S.gpg-agent:0:1'), ('GJS_DEBUG_OUTPUT', 'stderr'), ('LC_IDENTIFICATION', 'bs_BA.UTF-8'), ('QT_IM_MODULE', 'ibus'), ('JETSON_CUDA_ARCH_BIN', '7.2'), ('PWD', '/home/f1tenth/f1tenth_mrc_ws/build/realsense2_description'), ('LC_ALL', 'en_US.UTF-8'), ('XDG_CONFIG_DIRS', '/etc/xdg/xdg-ubuntu:/etc/xdg'), ('XDG_DATA_DIRS', '/usr/share/ubuntu:/usr/local/share/:/usr/share/:/var/lib/snapd/desktop'), ('PYTHONPATH', '/home/f1tenth/f1tenth_mrc_ws/install/realsense2_camera_msgs/lib/python3.8/site-packages:/opt/ros/foxy/lib/python3.8/site-packages'), ('LC_NUMERIC', 'bs_BA.UTF-8'), ('LC_PAPER', 'bs_BA.UTF-8'), ('COLCON', '1'), ('VTE_VERSION', '6003'), ('JETSON_JETPACK', '5.0.2 GA'), ('JETSON_P_NUMBER', 'p3668-0000'), ('CMAKE_PREFIX_PATH', '/home/f1tenth/f1tenth_mrc_ws/install/realsense2_camera_msgs:/opt/ros/foxy')]), 'shell': False}
[80.926930] (-) TimerEvent: {}
[81.028990] (-) TimerEvent: {}
[81.129991] (-) TimerEvent: {}
[81.179509] (realsense2_description) StdoutLine: {'line': b'-- The C compiler identification is GNU 9.4.0\n'}
[81.190620] (realsense2_camera) StdoutLine: {'line': b'-- The C compiler identification is GNU 9.4.0\n'}
[81.230262] (-) TimerEvent: {}
[81.331630] (-) TimerEvent: {}
[81.427680] (realsense2_description) StdoutLine: {'line': b'-- The CXX compiler identification is GNU 9.4.0\n'}
[81.431870] (-) TimerEvent: {}
[81.446404] (realsense2_description) StdoutLine: {'line': b'-- Check for working C compiler: /usr/bin/cc\n'}
[81.448503] (realsense2_camera) StdoutLine: {'line': b'-- The CXX compiler identification is GNU 9.4.0\n'}
[81.468877] (realsense2_camera) StdoutLine: {'line': b'-- Check for working C compiler: /usr/bin/cc\n'}
[81.532139] (-) TimerEvent: {}
[81.633214] (-) TimerEvent: {}
[81.734256] (-) TimerEvent: {}
[81.748800] (realsense2_description) StdoutLine: {'line': b'-- Check for working C compiler: /usr/bin/cc -- works\n'}
[81.752009] (realsense2_description) StdoutLine: {'line': b'-- Detecting C compiler ABI info\n'}
[81.778672] (realsense2_camera) StdoutLine: {'line': b'-- Check for working C compiler: /usr/bin/cc -- works\n'}
[81.785284] (realsense2_camera) StdoutLine: {'line': b'-- Detecting C compiler ABI info\n'}
[81.834844] (-) TimerEvent: {}
[81.935833] (-) TimerEvent: {}
[82.036805] (-) TimerEvent: {}
[82.055938] (realsense2_description) StdoutLine: {'line': b'-- Detecting C compiler ABI info - done\n'}
[82.095256] (realsense2_camera) StdoutLine: {'line': b'-- Detecting C compiler ABI info - done\n'}
[82.112316] (realsense2_description) StdoutLine: {'line': b'-- Detecting C compile features\n'}
[82.113788] (realsense2_description) StdoutLine: {'line': b'-- Detecting C compile features - done\n'}
[82.124443] (realsense2_description) StdoutLine: {'line': b'-- Check for working CXX compiler: /usr/bin/c++\n'}
[82.137018] (-) TimerEvent: {}
[82.139510] (realsense2_camera) StdoutLine: {'line': b'-- Detecting C compile features\n'}
[82.140691] (realsense2_camera) StdoutLine: {'line': b'-- Detecting C compile features - done\n'}
[82.150331] (realsense2_camera) StdoutLine: {'line': b'-- Check for working CXX compiler: /usr/bin/c++\n'}
[82.237249] (-) TimerEvent: {}
[82.338677] (-) TimerEvent: {}
[82.440060] (-) TimerEvent: {}
[82.459766] (realsense2_description) StdoutLine: {'line': b'-- Check for working CXX compiler: /usr/bin/c++ -- works\n'}
[82.464153] (realsense2_description) StdoutLine: {'line': b'-- Detecting CXX compiler ABI info\n'}
[82.483845] (realsense2_camera) StdoutLine: {'line': b'-- Check for working CXX compiler: /usr/bin/c++ -- works\n'}
[82.488175] (realsense2_camera) StdoutLine: {'line': b'-- Detecting CXX compiler ABI info\n'}
[82.540370] (-) TimerEvent: {}
[82.642247] (-) TimerEvent: {}
[82.743774] (-) TimerEvent: {}
[82.816785] (realsense2_description) StdoutLine: {'line': b'-- Detecting CXX compiler ABI info - done\n'}
[82.838057] (realsense2_camera) StdoutLine: {'line': b'-- Detecting CXX compiler ABI info - done\n'}
[82.843915] (-) TimerEvent: {}
[82.864722] (realsense2_description) StdoutLine: {'line': b'-- Detecting CXX compile features\n'}
[82.866890] (realsense2_description) StdoutLine: {'line': b'-- Detecting CXX compile features - done\n'}
[82.878137] (realsense2_description) StdoutLine: {'line': b'-- Found ament_cmake: 0.9.12 (/opt/ros/foxy/share/ament_cmake/cmake)\n'}
[82.881719] (realsense2_camera) StdoutLine: {'line': b'-- Detecting CXX compile features\n'}
[82.883529] (realsense2_camera) StdoutLine: {'line': b'-- Detecting CXX compile features - done\n'}
[82.887276] (realsense2_camera) StdoutLine: {'line': b'-- Create Release Build.\n'}
[82.895569] (realsense2_camera) StdoutLine: {'line': b'-- Found ament_cmake: 0.9.12 (/opt/ros/foxy/share/ament_cmake/cmake)\n'}
[82.944171] (-) TimerEvent: {}
[82.995880] (realsense2_description) StdoutLine: {'line': b'-- Found PythonInterp: /usr/bin/python3 (found suitable version "3.8.10", minimum required is "3") \n'}
[82.996684] (realsense2_description) StdoutLine: {'line': b'-- Using PYTHON_EXECUTABLE: /usr/bin/python3\n'}
[82.998988] (realsense2_camera) StdoutLine: {'line': b'-- Found PythonInterp: /usr/bin/python3 (found suitable version "3.8.10", minimum required is "3") \n'}
[82.999582] (realsense2_camera) StdoutLine: {'line': b'-- Using PYTHON_EXECUTABLE: /usr/bin/python3\n'}
[83.044382] (-) TimerEvent: {}
[83.145595] (-) TimerEvent: {}
[83.246509] (-) TimerEvent: {}
[83.348855] (-) TimerEvent: {}
[83.450167] (-) TimerEvent: {}
[83.551597] (-) TimerEvent: {}
[83.653141] (-) TimerEvent: {}
[83.754053] (-) TimerEvent: {}
[83.855256] (-) TimerEvent: {}
[83.902031] (realsense2_camera) StdoutLine: {'line': b'-- Found builtin_interfaces: 1.0.0 (/opt/ros/foxy/share/builtin_interfaces/cmake)\n'}
[83.955458] (-) TimerEvent: {}
[84.020571] (realsense2_camera) StdoutLine: {'line': b'-- Using all available rosidl_typesupport_c: rosidl_typesupport_fastrtps_c;rosidl_typesupport_introspection_c\n'}
[84.045500] (realsense2_camera) StdoutLine: {'line': b'-- Found rosidl_adapter: 1.3.1 (/opt/ros/foxy/share/rosidl_adapter/cmake)\n'}
[84.055674] (-) TimerEvent: {}
[84.128976] (realsense2_description) StdoutLine: {'line': b'-- Configuring done\n'}
[84.138040] (realsense2_description) StdoutLine: {'line': b'-- Generating done\n'}
[84.146578] (realsense2_description) StdoutLine: {'line': b'-- Build files have been written to: /home/f1tenth/f1tenth_mrc_ws/build/realsense2_description\n'}
[84.155952] (-) TimerEvent: {}
[84.160134] (realsense2_description) CommandEnded: {'returncode': 0}
[84.163666] (realsense2_description) JobProgress: {'identifier': 'realsense2_description', 'progress': 'build'}
[84.165828] (realsense2_description) Command: {'cmd': ['/usr/bin/cmake', '--build', '/home/f1tenth/f1tenth_mrc_ws/build/realsense2_description', '--', '-j4', '-l4'], 'cwd': '/home/f1tenth/f1tenth_mrc_ws/build/realsense2_description', 'env': OrderedDict([('GJS_DEBUG_TOPICS', 'JS ERROR;JS LOG'), ('LESSOPEN', '| /usr/bin/lesspipe %s'), ('USER', 'f1tenth'), ('LC_TIME', 'bs_BA.UTF-8'), ('SSH_AGENT_PID', '2722'), ('XDG_SESSION_TYPE', 'x11'), ('SHLVL', '1'), ('LD_LIBRARY_PATH', '/home/f1tenth/f1tenth_mrc_ws/install/realsense2_camera_msgs/lib:/opt/ros/foxy/opt/yaml_cpp_vendor/lib:/opt/ros/foxy/opt/rviz_ogre_vendor/lib:/opt/ros/foxy/lib/aarch64-linux-gnu:/opt/ros/foxy/lib'), ('HOME', '/home/f1tenth'), ('OLDPWD', '/home/f1tenth/f1tenth_mrc_ws/src'), ('DESKTOP_SESSION', 'ubuntu'), ('JETSON_L4T', '35.1.0'), ('GIO_LAUNCHED_DESKTOP_FILE', '/usr/share/applications/terminator.desktop'), ('ROS_PYTHON_VERSION', '3'), ('GNOME_SHELL_SESSION_MODE', 'ubuntu'), ('GTK_MODULES', 'gail:atk-bridge'), ('JETSON_MODEL', 'NVIDIA Jetson Xavier NX Developer Kit'), ('LC_MONETARY', 'bs_BA.UTF-8'), ('MANAGERPID', '2456'), ('DBUS_SESSION_BUS_ADDRESS', 'unix:path=/run/user/1000/bus'), ('COLORTERM', 'truecolor'), ('TERMINATOR_DBUS_NAME', 'net.tenshu.Terminator21a9d5db22c73a993ff0b42f64b396873'), ('GIO_LAUNCHED_DESKTOP_FILE_PID', '3398'), ('_colcon_cd_root', '/opt/ros/foxy/'), ('IM_CONFIG_PHASE', '1'), ('ROS_DISTRO', 'foxy'), ('LOGNAME', 'f1tenth'), ('JETSON_MODULE', 'NVIDIA Jetson Xavier NX (Developer kit)'), ('JETSON_SERIAL_NUMBER', '1422420033521'), ('JOURNAL_STREAM', '7:52952'), ('_', '/usr/bin/colcon'), ('ROS_VERSION', '2'), ('JETSON_CODENAME', 'Jakku'), ('XDG_SESSION_CLASS', 'user'), ('USERNAME', 'f1tenth'), ('TERM', 'xterm-256color'), ('GNOME_DESKTOP_SESSION_ID', 'this-is-deprecated'), ('ROS_LOCALHOST_ONLY', '0'), ('WINDOWPATH', '2'), ('PATH', '/opt/ros/foxy/bin:/home/f1tenth/.local/bin:/usr/local/sbin:/usr/local/bin:/usr/sbin:/usr/bin:/sbin:/bin:/usr/games:/usr/local/games:/snap/bin'), ('SESSION_MANAGER', 'local/f1tenth-desktop:@/tmp/.ICE-unix/2757,unix/f1tenth-desktop:/tmp/.ICE-unix/2757'), ('INVOCATION_ID', 'bd1f5b7138a241e9935586b351aafc78'), ('XDG_MENU_PREFIX', 'gnome-'), ('LC_ADDRESS', 'bs_BA.UTF-8'), ('XDG_RUNTIME_DIR', '/run/user/1000'), ('DISPLAY', ':0'), ('TERMINATOR_DBUS_PATH', '/net/tenshu/Terminator2'), ('LANG', 'en_US.UTF-8'), ('XDG_CURRENT_DESKTOP', 'ubuntu:GNOME'), ('LC_TELEPHONE', 'bs_BA.UTF-8'), ('XMODIFIERS', '@im=ibus'), ('XDG_SESSION_DESKTOP', 'ubuntu'), ('XAUTHORITY', '/run/user/1000/gdm/Xauthority'), ('LS_COLORS', 'rs=0:di=01;34:ln=01;36:mh=00:pi=40;33:so=01;35:do=01;35:bd=40;33;01:cd=40;33;01:or=40;31;01:mi=00:su=37;41:sg=30;43:ca=30;41:tw=30;42:ow=34;42:st=37;44:ex=01;32:*.tar=01;31:*.tgz=01;31:*.arc=01;31:*.arj=01;31:*.taz=01;31:*.lha=01;31:*.lz4=01;31:*.lzh=01;31:*.lzma=01;31:*.tlz=01;31:*.txz=01;31:*.tzo=01;31:*.t7z=01;31:*.zip=01;31:*.z=01;31:*.dz=01;31:*.gz=01;31:*.lrz=01;31:*.lz=01;31:*.lzo=01;31:*.xz=01;31:*.zst=01;31:*.tzst=01;31:*.bz2=01;31:*.bz=01;31:*.tbz=01;31:*.tbz2=01;31:*.tz=01;31:*.deb=01;31:*.rpm=01;31:*.jar=01;31:*.war=01;31:*.ear=01;31:*.sar=01;31:*.rar=01;31:*.alz=01;31:*.ace=01;31:*.zoo=01;31:*.cpio=01;31:*.7z=01;31:*.rz=01;31:*.cab=01;31:*.wim=01;31:*.swm=01;31:*.dwm=01;31:*.esd=01;31:*.jpg=01;35:*.jpeg=01;35:*.mjpg=01;35:*.mjpeg=01;35:*.gif=01;35:*.bmp=01;35:*.pbm=01;35:*.pgm=01;35:*.ppm=01;35:*.tga=01;35:*.xbm=01;35:*.xpm=01;35:*.tif=01;35:*.tiff=01;35:*.png=01;35:*.svg=01;35:*.svgz=01;35:*.mng=01;35:*.pcx=01;35:*.mov=01;35:*.mpg=01;35:*.mpeg=01;35:*.m2v=01;35:*.mkv=01;35:*.webm=01;35:*.ogm=01;35:*.mp4=01;35:*.m4v=01;35:*.mp4v=01;35:*.vob=01;35:*.qt=01;35:*.nuv=01;35:*.wmv=01;35:*.asf=01;35:*.rm=01;35:*.rmvb=01;35:*.flc=01;35:*.avi=01;35:*.fli=01;35:*.flv=01;35:*.gl=01;35:*.dl=01;35:*.xcf=01;35:*.xwd=01;35:*.yuv=01;35:*.cgm=01;35:*.emf=01;35:*.ogv=01;35:*.ogx=01;35:*.aac=00;36:*.au=00;36:*.flac=00;36:*.m4a=00;36:*.mid=00;36:*.midi=00;36:*.mka=00;36:*.mp3=00;36:*.mpc=00;36:*.ogg=00;36:*.ra=00;36:*.wav=00;36:*.oga=00;36:*.opus=00;36:*.spx=00;36:*.xspf=00;36:'), ('JETSON_SOC', 'tegra194'), ('SSH_AUTH_SOCK', '/run/user/1000/keyring/ssh'), ('ROS_DOMAIN_ID', '6'), ('AMENT_PREFIX_PATH', '/home/f1tenth/f1tenth_mrc_ws/install/realsense2_camera_msgs:/opt/ros/foxy'), ('SHELL', '/bin/bash'), ('CMAKE_ARGS', '-DBUILD_WITH_OPENMP=OFF'), ('LC_NAME', 'bs_BA.UTF-8'), ('TERMINATOR_UUID', 'urn:uuid:0a99abc2-9966-4d5d-a08b-faa1cb518880'), ('QT_ACCESSIBILITY', '1'), ('GDMSESSION', 'ubuntu'), ('LESSCLOSE', '/usr/bin/lesspipe %s %s'), ('LC_MEASUREMENT', 'bs_BA.UTF-8'), ('GPG_AGENT_INFO', '/run/user/1000/gnupg/S.gpg-agent:0:1'), ('GJS_DEBUG_OUTPUT', 'stderr'), ('LC_IDENTIFICATION', 'bs_BA.UTF-8'), ('QT_IM_MODULE', 'ibus'), ('JETSON_CUDA_ARCH_BIN', '7.2'), ('PWD', '/home/f1tenth/f1tenth_mrc_ws/build/realsense2_description'), ('LC_ALL', 'en_US.UTF-8'), ('XDG_CONFIG_DIRS', '/etc/xdg/xdg-ubuntu:/etc/xdg'), ('XDG_DATA_DIRS', '/usr/share/ubuntu:/usr/local/share/:/usr/share/:/var/lib/snapd/desktop'), ('PYTHONPATH', '/home/f1tenth/f1tenth_mrc_ws/install/realsense2_camera_msgs/lib/python3.8/site-packages:/opt/ros/foxy/lib/python3.8/site-packages'), ('LC_NUMERIC', 'bs_BA.UTF-8'), ('LC_PAPER', 'bs_BA.UTF-8'), ('COLCON', '1'), ('VTE_VERSION', '6003'), ('JETSON_JETPACK', '5.0.2 GA'), ('JETSON_P_NUMBER', 'p3668-0000'), ('CMAKE_PREFIX_PATH', '/home/f1tenth/f1tenth_mrc_ws/install/realsense2_camera_msgs:/opt/ros/foxy')]), 'shell': False}
[84.256368] (-) TimerEvent: {}
[84.339881] (realsense2_description) CommandEnded: {'returncode': 0}
[84.343689] (realsense2_description) JobProgress: {'identifier': 'realsense2_description', 'progress': 'install'}
[84.351528] (realsense2_description) Command: {'cmd': ['/usr/bin/cmake', '--install', '/home/f1tenth/f1tenth_mrc_ws/build/realsense2_description'], 'cwd': '/home/f1tenth/f1tenth_mrc_ws/build/realsense2_description', 'env': OrderedDict([('GJS_DEBUG_TOPICS', 'JS ERROR;JS LOG'), ('LESSOPEN', '| /usr/bin/lesspipe %s'), ('USER', 'f1tenth'), ('LC_TIME', 'bs_BA.UTF-8'), ('SSH_AGENT_PID', '2722'), ('XDG_SESSION_TYPE', 'x11'), ('SHLVL', '1'), ('LD_LIBRARY_PATH', '/home/f1tenth/f1tenth_mrc_ws/install/realsense2_camera_msgs/lib:/opt/ros/foxy/opt/yaml_cpp_vendor/lib:/opt/ros/foxy/opt/rviz_ogre_vendor/lib:/opt/ros/foxy/lib/aarch64-linux-gnu:/opt/ros/foxy/lib'), ('HOME', '/home/f1tenth'), ('OLDPWD', '/home/f1tenth/f1tenth_mrc_ws/src'), ('DESKTOP_SESSION', 'ubuntu'), ('JETSON_L4T', '35.1.0'), ('GIO_LAUNCHED_DESKTOP_FILE', '/usr/share/applications/terminator.desktop'), ('ROS_PYTHON_VERSION', '3'), ('GNOME_SHELL_SESSION_MODE', 'ubuntu'), ('GTK_MODULES', 'gail:atk-bridge'), ('JETSON_MODEL', 'NVIDIA Jetson Xavier NX Developer Kit'), ('LC_MONETARY', 'bs_BA.UTF-8'), ('MANAGERPID', '2456'), ('DBUS_SESSION_BUS_ADDRESS', 'unix:path=/run/user/1000/bus'), ('COLORTERM', 'truecolor'), ('TERMINATOR_DBUS_NAME', 'net.tenshu.Terminator21a9d5db22c73a993ff0b42f64b396873'), ('GIO_LAUNCHED_DESKTOP_FILE_PID', '3398'), ('_colcon_cd_root', '/opt/ros/foxy/'), ('IM_CONFIG_PHASE', '1'), ('ROS_DISTRO', 'foxy'), ('LOGNAME', 'f1tenth'), ('JETSON_MODULE', 'NVIDIA Jetson Xavier NX (Developer kit)'), ('JETSON_SERIAL_NUMBER', '1422420033521'), ('JOURNAL_STREAM', '7:52952'), ('_', '/usr/bin/colcon'), ('ROS_VERSION', '2'), ('JETSON_CODENAME', 'Jakku'), ('XDG_SESSION_CLASS', 'user'), ('USERNAME', 'f1tenth'), ('TERM', 'xterm-256color'), ('GNOME_DESKTOP_SESSION_ID', 'this-is-deprecated'), ('ROS_LOCALHOST_ONLY', '0'), ('WINDOWPATH', '2'), ('PATH', '/opt/ros/foxy/bin:/home/f1tenth/.local/bin:/usr/local/sbin:/usr/local/bin:/usr/sbin:/usr/bin:/sbin:/bin:/usr/games:/usr/local/games:/snap/bin'), ('SESSION_MANAGER', 'local/f1tenth-desktop:@/tmp/.ICE-unix/2757,unix/f1tenth-desktop:/tmp/.ICE-unix/2757'), ('INVOCATION_ID', 'bd1f5b7138a241e9935586b351aafc78'), ('XDG_MENU_PREFIX', 'gnome-'), ('LC_ADDRESS', 'bs_BA.UTF-8'), ('XDG_RUNTIME_DIR', '/run/user/1000'), ('DISPLAY', ':0'), ('TERMINATOR_DBUS_PATH', '/net/tenshu/Terminator2'), ('LANG', 'en_US.UTF-8'), ('XDG_CURRENT_DESKTOP', 'ubuntu:GNOME'), ('LC_TELEPHONE', 'bs_BA.UTF-8'), ('XMODIFIERS', '@im=ibus'), ('XDG_SESSION_DESKTOP', 'ubuntu'), ('XAUTHORITY', '/run/user/1000/gdm/Xauthority'), ('LS_COLORS', 'rs=0:di=01;34:ln=01;36:mh=00:pi=40;33:so=01;35:do=01;35:bd=40;33;01:cd=40;33;01:or=40;31;01:mi=00:su=37;41:sg=30;43:ca=30;41:tw=30;42:ow=34;42:st=37;44:ex=01;32:*.tar=01;31:*.tgz=01;31:*.arc=01;31:*.arj=01;31:*.taz=01;31:*.lha=01;31:*.lz4=01;31:*.lzh=01;31:*.lzma=01;31:*.tlz=01;31:*.txz=01;31:*.tzo=01;31:*.t7z=01;31:*.zip=01;31:*.z=01;31:*.dz=01;31:*.gz=01;31:*.lrz=01;31:*.lz=01;31:*.lzo=01;31:*.xz=01;31:*.zst=01;31:*.tzst=01;31:*.bz2=01;31:*.bz=01;31:*.tbz=01;31:*.tbz2=01;31:*.tz=01;31:*.deb=01;31:*.rpm=01;31:*.jar=01;31:*.war=01;31:*.ear=01;31:*.sar=01;31:*.rar=01;31:*.alz=01;31:*.ace=01;31:*.zoo=01;31:*.cpio=01;31:*.7z=01;31:*.rz=01;31:*.cab=01;31:*.wim=01;31:*.swm=01;31:*.dwm=01;31:*.esd=01;31:*.jpg=01;35:*.jpeg=01;35:*.mjpg=01;35:*.mjpeg=01;35:*.gif=01;35:*.bmp=01;35:*.pbm=01;35:*.pgm=01;35:*.ppm=01;35:*.tga=01;35:*.xbm=01;35:*.xpm=01;35:*.tif=01;35:*.tiff=01;35:*.png=01;35:*.svg=01;35:*.svgz=01;35:*.mng=01;35:*.pcx=01;35:*.mov=01;35:*.mpg=01;35:*.mpeg=01;35:*.m2v=01;35:*.mkv=01;35:*.webm=01;35:*.ogm=01;35:*.mp4=01;35:*.m4v=01;35:*.mp4v=01;35:*.vob=01;35:*.qt=01;35:*.nuv=01;35:*.wmv=01;35:*.asf=01;35:*.rm=01;35:*.rmvb=01;35:*.flc=01;35:*.avi=01;35:*.fli=01;35:*.flv=01;35:*.gl=01;35:*.dl=01;35:*.xcf=01;35:*.xwd=01;35:*.yuv=01;35:*.cgm=01;35:*.emf=01;35:*.ogv=01;35:*.ogx=01;35:*.aac=00;36:*.au=00;36:*.flac=00;36:*.m4a=00;36:*.mid=00;36:*.midi=00;36:*.mka=00;36:*.mp3=00;36:*.mpc=00;36:*.ogg=00;36:*.ra=00;36:*.wav=00;36:*.oga=00;36:*.opus=00;36:*.spx=00;36:*.xspf=00;36:'), ('JETSON_SOC', 'tegra194'), ('SSH_AUTH_SOCK', '/run/user/1000/keyring/ssh'), ('ROS_DOMAIN_ID', '6'), ('AMENT_PREFIX_PATH', '/home/f1tenth/f1tenth_mrc_ws/install/realsense2_camera_msgs:/opt/ros/foxy'), ('SHELL', '/bin/bash'), ('CMAKE_ARGS', '-DBUILD_WITH_OPENMP=OFF'), ('LC_NAME', 'bs_BA.UTF-8'), ('TERMINATOR_UUID', 'urn:uuid:0a99abc2-9966-4d5d-a08b-faa1cb518880'), ('QT_ACCESSIBILITY', '1'), ('GDMSESSION', 'ubuntu'), ('LESSCLOSE', '/usr/bin/lesspipe %s %s'), ('LC_MEASUREMENT', 'bs_BA.UTF-8'), ('GPG_AGENT_INFO', '/run/user/1000/gnupg/S.gpg-agent:0:1'), ('GJS_DEBUG_OUTPUT', 'stderr'), ('LC_IDENTIFICATION', 'bs_BA.UTF-8'), ('QT_IM_MODULE', 'ibus'), ('JETSON_CUDA_ARCH_BIN', '7.2'), ('PWD', '/home/f1tenth/f1tenth_mrc_ws/build/realsense2_description'), ('LC_ALL', 'en_US.UTF-8'), ('XDG_CONFIG_DIRS', '/etc/xdg/xdg-ubuntu:/etc/xdg'), ('XDG_DATA_DIRS', '/usr/share/ubuntu:/usr/local/share/:/usr/share/:/var/lib/snapd/desktop'), ('PYTHONPATH', '/home/f1tenth/f1tenth_mrc_ws/install/realsense2_camera_msgs/lib/python3.8/site-packages:/opt/ros/foxy/lib/python3.8/site-packages'), ('LC_NUMERIC', 'bs_BA.UTF-8'), ('LC_PAPER', 'bs_BA.UTF-8'), ('COLCON', '1'), ('VTE_VERSION', '6003'), ('JETSON_JETPACK', '5.0.2 GA'), ('JETSON_P_NUMBER', 'p3668-0000'), ('CMAKE_PREFIX_PATH', '/home/f1tenth/f1tenth_mrc_ws/install/realsense2_camera_msgs:/opt/ros/foxy')]), 'shell': False}
[84.359455] (-) TimerEvent: {}
[84.387396] (realsense2_description) StdoutLine: {'line': b'-- Install configuration: ""\n'}
[84.388188] (realsense2_description) StdoutLine: {'line': b'-- Installing: /home/f1tenth/f1tenth_mrc_ws/install/realsense2_description/share/realsense2_description/launch\n'}
[84.388933] (realsense2_description) StdoutLine: {'line': b'-- Installing: /home/f1tenth/f1tenth_mrc_ws/install/realsense2_description/share/realsense2_description/launch/view_model.launch.py\n'}
[84.391679] (realsense2_description) StdoutLine: {'line': b'-- Installing: /home/f1tenth/f1tenth_mrc_ws/install/realsense2_description/share/realsense2_description/launch/launch_utils.py\n'}
[84.392697] (realsense2_description) StdoutLine: {'line': b'-- Installing: /home/f1tenth/f1tenth_mrc_ws/install/realsense2_description/share/realsense2_description/meshes\n'}
[84.392985] (realsense2_description) StdoutLine: {'line': b'-- Installing: /home/f1tenth/f1tenth_mrc_ws/install/realsense2_description/share/realsense2_description/meshes/d435.dae\n'}
[84.459337] (realsense2_camera) StdoutLine: {'line': b'-- Found OpenSSL: /usr/lib/aarch64-linux-gnu/libcrypto.so (found version "1.1.1f")  \n'}
[84.460031] (-) TimerEvent: {}
[84.476295] (realsense2_description) StdoutLine: {'line': b'-- Installing: /home/f1tenth/f1tenth_mrc_ws/install/realsense2_description/share/realsense2_description/meshes/d405.stl\n'}
[84.477672] (realsense2_description) StdoutLine: {'line': b'-- Installing: /home/f1tenth/f1tenth_mrc_ws/install/realsense2_description/share/realsense2_description/meshes/l515.dae\n'}
[84.560277] (-) TimerEvent: {}
[84.572873] (realsense2_camera) StdoutLine: {'line': b'-- Found FastRTPS: /opt/ros/foxy/include  \n'}
[84.652042] (realsense2_description) StdoutLine: {'line': b'-- Installing: /home/f1tenth/f1tenth_mrc_ws/install/realsense2_description/share/realsense2_description/meshes/d455.stl\n'}
[84.660499] (-) TimerEvent: {}
[84.668470] (realsense2_description) StdoutLine: {'line': b'-- Installing: /home/f1tenth/f1tenth_mrc_ws/install/realsense2_description/share/realsense2_description/meshes/plug_collision.stl\n'}
[84.670149] (realsense2_description) StdoutLine: {'line': b'-- Installing: /home/f1tenth/f1tenth_mrc_ws/install/realsense2_description/share/realsense2_description/meshes/d415.stl\n'}
[84.760721] (-) TimerEvent: {}
[84.792654] (realsense2_description) StdoutLine: {'line': b'-- Installing: /home/f1tenth/f1tenth_mrc_ws/install/realsense2_description/share/realsense2_description/meshes/plug.stl\n'}
[84.794653] (realsense2_description) StdoutLine: {'line': b'-- Installing: /home/f1tenth/f1tenth_mrc_ws/install/realsense2_description/share/realsense2_description/rviz\n'}
[84.795294] (realsense2_description) StdoutLine: {'line': b'-- Installing: /home/f1tenth/f1tenth_mrc_ws/install/realsense2_description/share/realsense2_description/rviz/urdf.rviz\n'}
[84.795798] (realsense2_description) StdoutLine: {'line': b'-- Installing: /home/f1tenth/f1tenth_mrc_ws/install/realsense2_description/share/realsense2_description/urdf\n'}
[84.796534] (realsense2_description) StdoutLine: {'line': b'-- Installing: /home/f1tenth/f1tenth_mrc_ws/install/realsense2_description/share/realsense2_description/urdf/test_r410_camera.urdf.xacro\n'}
[84.797010] (realsense2_description) StdoutLine: {'line': b'-- Installing: /home/f1tenth/f1tenth_mrc_ws/install/realsense2_description/share/realsense2_description/urdf/_d435.urdf.xacro\n'}
[84.798241] (realsense2_description) StdoutLine: {'line': b'-- Installing: /home/f1tenth/f1tenth_mrc_ws/install/realsense2_description/share/realsense2_description/urdf/test_d405_camera.urdf.xacro\n'}
[84.798831] (realsense2_description) StdoutLine: {'line': b'-- Installing: /home/f1tenth/f1tenth_mrc_ws/install/realsense2_description/share/realsense2_description/urdf/_r430.urdf.xacro\n'}
[84.799403] (realsense2_description) StdoutLine: {'line': b'-- Installing: /home/f1tenth/f1tenth_mrc_ws/install/realsense2_description/share/realsense2_description/urdf/test_d455_camera.urdf.xacro\n'}
[84.800673] (realsense2_description) StdoutLine: {'line': b'-- Installing: /home/f1tenth/f1tenth_mrc_ws/install/realsense2_description/share/realsense2_description/urdf/_d405.urdf.xacro\n'}
[84.801074] (realsense2_description) StdoutLine: {'line': b'-- Installing: /home/f1tenth/f1tenth_mrc_ws/install/realsense2_description/share/realsense2_description/urdf/_d435i_imu_modules.urdf.xacro\n'}
[84.801461] (realsense2_description) StdoutLine: {'line': b'-- Installing: /home/f1tenth/f1tenth_mrc_ws/install/realsense2_description/share/realsense2_description/urdf/_usb_plug.urdf.xacro\n'}
[84.802277] (realsense2_description) StdoutLine: {'line': b'-- Installing: /home/f1tenth/f1tenth_mrc_ws/install/realsense2_description/share/realsense2_description/urdf/_d435i.urdf.xacro\n'}
[84.803142] (realsense2_description) StdoutLine: {'line': b'-- Installing: /home/f1tenth/f1tenth_mrc_ws/install/realsense2_description/share/realsense2_description/urdf/test_d415_camera.urdf.xacro\n'}
[84.803549] (realsense2_description) StdoutLine: {'line': b'-- Installing: /home/f1tenth/f1tenth_mrc_ws/install/realsense2_description/share/realsense2_description/urdf/test_d435_camera.urdf.xacro\n'}
[84.803969] (realsense2_description) StdoutLine: {'line': b'-- Installing: /home/f1tenth/f1tenth_mrc_ws/install/realsense2_description/share/realsense2_description/urdf/_materials.urdf.xacro\n'}
[84.804262] (realsense2_description) StdoutLine: {'line': b'-- Installing: /home/f1tenth/f1tenth_mrc_ws/install/realsense2_description/share/realsense2_description/urdf/test_d435i_camera.urdf.xacro\n'}
[84.805270] (realsense2_description) StdoutLine: {'line': b'-- Installing: /home/f1tenth/f1tenth_mrc_ws/install/realsense2_description/share/realsense2_description/urdf/test_d435_multiple_cameras.urdf.xacro\n'}
[84.805712] (realsense2_description) StdoutLine: {'line': b'-- Installing: /home/f1tenth/f1tenth_mrc_ws/install/realsense2_description/share/realsense2_description/urdf/_d455.urdf.xacro\n'}
[84.806029] (realsense2_description) StdoutLine: {'line': b'-- Installing: /home/f1tenth/f1tenth_mrc_ws/install/realsense2_description/share/realsense2_description/urdf/_d415.urdf.xacro\n'}
[84.806536] (realsense2_description) StdoutLine: {'line': b'-- Installing: /home/f1tenth/f1tenth_mrc_ws/install/realsense2_description/share/realsense2_description/urdf/test_r430_camera.urdf.xacro\n'}
[84.807222] (realsense2_description) StdoutLine: {'line': b'-- Installing: /home/f1tenth/f1tenth_mrc_ws/install/realsense2_description/share/realsense2_description/urdf/_r410.urdf.xacro\n'}
[84.808657] (realsense2_description) StdoutLine: {'line': b'-- Installing: /home/f1tenth/f1tenth_mrc_ws/install/realsense2_description/share/ament_index/resource_index/package_run_dependencies/realsense2_description\n'}
[84.810218] (realsense2_description) StdoutLine: {'line': b'-- Installing: /home/f1tenth/f1tenth_mrc_ws/install/realsense2_description/share/ament_index/resource_index/parent_prefix_path/realsense2_description\n'}
[84.810658] (realsense2_description) StdoutLine: {'line': b'-- Installing: /home/f1tenth/f1tenth_mrc_ws/install/realsense2_description/share/realsense2_description/environment/ament_prefix_path.sh\n'}
[84.810943] (realsense2_description) StdoutLine: {'line': b'-- Installing: /home/f1tenth/f1tenth_mrc_ws/install/realsense2_description/share/realsense2_description/environment/ament_prefix_path.dsv\n'}
[84.812293] (realsense2_description) StdoutLine: {'line': b'-- Installing: /home/f1tenth/f1tenth_mrc_ws/install/realsense2_description/share/realsense2_description/environment/path.sh\n'}
[84.813055] (realsense2_description) StdoutLine: {'line': b'-- Installing: /home/f1tenth/f1tenth_mrc_ws/install/realsense2_description/share/realsense2_description/environment/path.dsv\n'}
[84.814167] (realsense2_description) StdoutLine: {'line': b'-- Installing: /home/f1tenth/f1tenth_mrc_ws/install/realsense2_description/share/realsense2_description/local_setup.bash\n'}
[84.814964] (realsense2_description) StdoutLine: {'line': b'-- Installing: /home/f1tenth/f1tenth_mrc_ws/install/realsense2_description/share/realsense2_description/local_setup.sh\n'}
[84.815264] (realsense2_description) StdoutLine: {'line': b'-- Installing: /home/f1tenth/f1tenth_mrc_ws/install/realsense2_description/share/realsense2_description/local_setup.zsh\n'}
[84.815519] (realsense2_description) StdoutLine: {'line': b'-- Installing: /home/f1tenth/f1tenth_mrc_ws/install/realsense2_description/share/realsense2_description/local_setup.dsv\n'}
[84.815967] (realsense2_description) StdoutLine: {'line': b'-- Installing: /home/f1tenth/f1tenth_mrc_ws/install/realsense2_description/share/realsense2_description/package.dsv\n'}
[84.816215] (realsense2_description) StdoutLine: {'line': b'-- Installing: /home/f1tenth/f1tenth_mrc_ws/install/realsense2_description/share/ament_index/resource_index/packages/realsense2_description\n'}
[84.816977] (realsense2_description) StdoutLine: {'line': b'-- Installing: /home/f1tenth/f1tenth_mrc_ws/install/realsense2_description/share/realsense2_description/cmake/realsense2_descriptionConfig.cmake\n'}
[84.817508] (realsense2_description) StdoutLine: {'line': b'-- Installing: /home/f1tenth/f1tenth_mrc_ws/install/realsense2_description/share/realsense2_description/cmake/realsense2_descriptionConfig-version.cmake\n'}
[84.818151] (realsense2_description) StdoutLine: {'line': b'-- Installing: /home/f1tenth/f1tenth_mrc_ws/install/realsense2_description/share/realsense2_description/package.xml\n'}
[84.825604] (realsense2_description) CommandEnded: {'returncode': 0}
[84.862647] (-) TimerEvent: {}
[84.877763] (realsense2_camera) StdoutLine: {'line': b'-- Using all available rosidl_typesupport_cpp: rosidl_typesupport_fastrtps_cpp;rosidl_typesupport_introspection_cpp\n'}
[84.886802] (realsense2_description) JobEnded: {'identifier': 'realsense2_description', 'rc': 0}
[84.962881] (-) TimerEvent: {}
[84.984140] (realsense2_camera) StdoutLine: {'line': b'-- Found cv_bridge: 3.0.7 (/opt/ros/foxy/share/cv_bridge/cmake)\n'}
[85.063097] (-) TimerEvent: {}
[85.164072] (-) TimerEvent: {}
[85.265043] (-) TimerEvent: {}
[85.366166] (-) TimerEvent: {}
[85.467117] (-) TimerEvent: {}
[85.505078] (realsense2_camera) StdoutLine: {'line': b'-- Found image_transport: 2.4.0 (/opt/ros/foxy/share/image_transport/cmake)\n'}
[85.567335] (-) TimerEvent: {}
[85.668534] (-) TimerEvent: {}
[85.688963] (realsense2_camera) StdoutLine: {'line': b'-- Found rmw_implementation_cmake: 1.0.4 (/opt/ros/foxy/share/rmw_implementation_cmake/cmake)\n'}
[85.693657] (realsense2_camera) StdoutLine: {'line': b"-- Using RMW implementation 'rmw_fastrtps_cpp' as default\n"}
[85.696753] (realsense2_camera) StdoutLine: {'line': b'-- Looking for pthread.h\n'}
[85.768750] (-) TimerEvent: {}
[85.870109] (-) TimerEvent: {}
[85.971122] (-) TimerEvent: {}
[86.019235] (realsense2_camera) StdoutLine: {'line': b'-- Looking for pthread.h - found\n'}
[86.020473] (realsense2_camera) StdoutLine: {'line': b'-- Performing Test CMAKE_HAVE_LIBC_PTHREAD\n'}
[86.071388] (-) TimerEvent: {}
[86.172283] (-) TimerEvent: {}
[86.273651] (-) TimerEvent: {}
[86.324435] (realsense2_camera) StdoutLine: {'line': b'-- Performing Test CMAKE_HAVE_LIBC_PTHREAD - Failed\n'}
[86.326753] (realsense2_camera) StdoutLine: {'line': b'-- Looking for pthread_create in pthreads\n'}
[86.373901] (-) TimerEvent: {}
[86.475183] (-) TimerEvent: {}
[86.578756] (-) TimerEvent: {}
[86.585870] (realsense2_camera) StdoutLine: {'line': b'-- Looking for pthread_create in pthreads - not found\n'}
[86.587614] (realsense2_camera) StdoutLine: {'line': b'-- Looking for pthread_create in pthread\n'}
[86.679004] (-) TimerEvent: {}
[86.780062] (-) TimerEvent: {}
[86.881288] (-) TimerEvent: {}
[86.891608] (realsense2_camera) StdoutLine: {'line': b'-- Looking for pthread_create in pthread - found\n'}
[86.898054] (realsense2_camera) StdoutLine: {'line': b'-- Found Threads: TRUE  \n'}
[86.981527] (-) TimerEvent: {}
[87.082536] (-) TimerEvent: {}
[87.183496] (-) TimerEvent: {}
[87.284877] (-) TimerEvent: {}
[87.385825] (-) TimerEvent: {}
[87.486779] (-) TimerEvent: {}
[87.540943] (realsense2_camera) StdoutLine: {'line': b'-- Found rclcpp_action: 2.4.3 (/opt/ros/foxy/share/rclcpp_action/cmake)\n'}
[87.596055] (-) TimerEvent: {}
[87.699316] (-) TimerEvent: {}
[87.800369] (-) TimerEvent: {}
[87.865205] (realsense2_camera) StdoutLine: {'line': b'-- Found rclcpp_components: 2.4.3 (/opt/ros/foxy/share/rclcpp_components/cmake)\n'}
[87.900592] (-) TimerEvent: {}
[88.001494] (-) TimerEvent: {}
[88.044200] (realsense2_camera) StdoutLine: {'line': b'-- Found realsense2_camera_msgs: 4.56.4 (/home/f1tenth/f1tenth_mrc_ws/install/realsense2_camera_msgs/share/realsense2_camera_msgs/cmake)\n'}
[88.101681] (-) TimerEvent: {}
[88.202538] (-) TimerEvent: {}
[88.303617] (-) TimerEvent: {}
[88.404464] (-) TimerEvent: {}
[88.505403] (-) TimerEvent: {}
[88.606267] (-) TimerEvent: {}
[88.620256] (realsense2_camera) StdoutLine: {'line': b'-- Found std_srvs: 2.0.5 (/opt/ros/foxy/share/std_srvs/cmake)\n'}
[88.664429] (realsense2_camera) StdoutLine: {'line': b'-- Found nav_msgs: 2.0.5 (/opt/ros/foxy/share/nav_msgs/cmake)\n'}
[88.706531] (-) TimerEvent: {}
[88.807795] (-) TimerEvent: {}
[88.893718] (realsense2_camera) StdoutLine: {'line': b'-- Found tf2_ros: 0.13.14 (/opt/ros/foxy/share/tf2_ros/cmake)\n'}
[88.908005] (-) TimerEvent: {}
[89.008927] (-) TimerEvent: {}
[89.109809] (-) TimerEvent: {}
[89.210704] (-) TimerEvent: {}
[89.313391] (-) TimerEvent: {}
[89.414762] (-) TimerEvent: {}
[89.514042] (realsense2_camera) StdoutLine: {'line': b'-- Found diagnostic_updater: 3.1.2 (/opt/ros/foxy/share/diagnostic_updater/cmake)\n'}
[89.514869] (-) TimerEvent: {}
[89.616170] (-) TimerEvent: {}
[89.712795] (realsense2_camera) StdoutLine: {'line': b'-- Found OpenCV: /usr (found version "4.5.4") found components: core \n'}
[89.716299] (-) TimerEvent: {}
[89.724554] (realsense2_camera) StdoutLine: {'line': b'-- Build for ROS2 Foxy\n'}
[89.735719] (realsense2_camera) StdoutLine: {'line': b'-- Found ament_cmake_gtest: 0.9.12 (/opt/ros/foxy/share/ament_cmake_gtest/cmake)\n'}
[89.743309] (realsense2_camera) StdoutLine: {'line': b"-- Found gtest sources under '/opt/ros/foxy/src/gtest_vendor': C++ tests using 'Google Test' will be built\n"}
[89.753594] (realsense2_camera) StdoutLine: {'line': b'-- Check if compiler accepts -pthread\n'}
[89.816521] (-) TimerEvent: {}
[89.917423] (-) TimerEvent: {}
[90.018409] (-) TimerEvent: {}
[90.073079] (realsense2_camera) StdoutLine: {'line': b'-- Check if compiler accepts -pthread - yes\n'}
[90.086699] (realsense2_camera) StdoutLine: {'line': b'-- Found ament_cmake_pytest: 0.9.12 (/opt/ros/foxy/share/ament_cmake_pytest/cmake)\n'}
[90.118531] (-) TimerEvent: {}
[90.219386] (-) TimerEvent: {}
[90.320246] (-) TimerEvent: {}
[90.421138] (-) TimerEvent: {}
[90.522013] (-) TimerEvent: {}
[90.622958] (-) TimerEvent: {}
[90.723741] (-) TimerEvent: {}
[90.824671] (-) TimerEvent: {}
[90.925499] (-) TimerEvent: {}
[91.026381] (-) TimerEvent: {}
[91.127190] (-) TimerEvent: {}
[91.228033] (-) TimerEvent: {}
[91.328850] (-) TimerEvent: {}
[91.429840] (-) TimerEvent: {}
[91.530744] (-) TimerEvent: {}
[91.631788] (-) TimerEvent: {}
[91.732713] (-) TimerEvent: {}
[91.833564] (-) TimerEvent: {}
[91.934463] (-) TimerEvent: {}
[92.035495] (-) TimerEvent: {}
[92.136701] (-) TimerEvent: {}
[92.237643] (-) TimerEvent: {}
[92.338569] (-) TimerEvent: {}
[92.439357] (-) TimerEvent: {}
[92.540131] (-) TimerEvent: {}
[92.640929] (-) TimerEvent: {}
[92.741818] (-) TimerEvent: {}
[92.842897] (-) TimerEvent: {}
[92.943688] (-) TimerEvent: {}
[93.044728] (-) TimerEvent: {}
[93.145985] (-) TimerEvent: {}
[93.246987] (-) TimerEvent: {}
[93.347787] (-) TimerEvent: {}
[93.448677] (-) TimerEvent: {}
[93.549586] (-) TimerEvent: {}
[93.650632] (-) TimerEvent: {}
[93.751524] (-) TimerEvent: {}
[93.852411] (-) TimerEvent: {}
[93.953425] (-) TimerEvent: {}
[94.054643] (-) TimerEvent: {}
[94.155580] (-) TimerEvent: {}
[94.256427] (-) TimerEvent: {}
[94.357296] (-) TimerEvent: {}
[94.458067] (-) TimerEvent: {}
[94.558941] (-) TimerEvent: {}
[94.659948] (-) TimerEvent: {}
[94.761190] (-) TimerEvent: {}
[94.862612] (-) TimerEvent: {}
[94.964548] (-) TimerEvent: {}
[95.065319] (-) TimerEvent: {}
[95.166393] (-) TimerEvent: {}
[95.267245] (-) TimerEvent: {}
[95.368097] (-) TimerEvent: {}
[95.469054] (-) TimerEvent: {}
[95.570559] (-) TimerEvent: {}
[95.671484] (-) TimerEvent: {}
[95.772338] (-) TimerEvent: {}
[95.874205] (-) TimerEvent: {}
[95.975061] (-) TimerEvent: {}
[96.075950] (-) TimerEvent: {}
[96.176827] (-) TimerEvent: {}
[96.278085] (-) TimerEvent: {}
[96.379066] (-) TimerEvent: {}
[96.480226] (-) TimerEvent: {}
[96.581069] (-) TimerEvent: {}
[96.681852] (-) TimerEvent: {}
[96.783255] (-) TimerEvent: {}
[96.884167] (-) TimerEvent: {}
[96.985089] (-) TimerEvent: {}
[97.085933] (-) TimerEvent: {}
[97.186880] (-) TimerEvent: {}
[97.287735] (-) TimerEvent: {}
[97.388589] (-) TimerEvent: {}
[97.489963] (-) TimerEvent: {}
[97.591356] (-) TimerEvent: {}
[97.692127] (-) TimerEvent: {}
[97.792936] (-) TimerEvent: {}
[97.893823] (-) TimerEvent: {}
[97.995658] (-) TimerEvent: {}
[98.097148] (-) TimerEvent: {}
[98.199722] (-) TimerEvent: {}
[98.300599] (-) TimerEvent: {}
[98.401889] (-) TimerEvent: {}
[98.503239] (-) TimerEvent: {}
[98.604650] (-) TimerEvent: {}
[98.706155] (-) TimerEvent: {}
[98.807469] (-) TimerEvent: {}
[98.908711] (-) TimerEvent: {}
[99.009494] (-) TimerEvent: {}
[99.110923] (-) TimerEvent: {}
[99.211760] (-) TimerEvent: {}
[99.313022] (-) TimerEvent: {}
[99.414335] (-) TimerEvent: {}
[99.515709] (-) TimerEvent: {}
[99.616736] (-) TimerEvent: {}
[99.717625] (-) TimerEvent: {}
[99.819372] (-) TimerEvent: {}
[99.920834] (-) TimerEvent: {}
[100.022184] (-) TimerEvent: {}
[100.123135] (-) TimerEvent: {}
[100.224022] (-) TimerEvent: {}
[100.324933] (-) TimerEvent: {}
[100.425708] (-) TimerEvent: {}
[100.526695] (-) TimerEvent: {}
[100.627520] (-) TimerEvent: {}
[100.728343] (-) TimerEvent: {}
[100.829113] (-) TimerEvent: {}
[100.929957] (-) TimerEvent: {}
[101.030947] (-) TimerEvent: {}
[101.131818] (-) TimerEvent: {}
[101.233635] (-) TimerEvent: {}
[101.334483] (-) TimerEvent: {}
[101.435457] (-) TimerEvent: {}
[101.536295] (-) TimerEvent: {}
[101.637088] (-) TimerEvent: {}
[101.737911] (-) TimerEvent: {}
[101.839299] (-) TimerEvent: {}
[101.940526] (-) TimerEvent: {}
[102.041439] (-) TimerEvent: {}
[102.142443] (-) TimerEvent: {}
[102.243324] (-) TimerEvent: {}
[102.344732] (-) TimerEvent: {}
[102.446157] (-) TimerEvent: {}
[102.547514] (-) TimerEvent: {}
[102.648309] (-) TimerEvent: {}
[102.749697] (-) TimerEvent: {}
[102.850634] (-) TimerEvent: {}
[102.952444] (-) TimerEvent: {}
[103.053368] (-) TimerEvent: {}
[103.154227] (-) TimerEvent: {}
[103.255165] (-) TimerEvent: {}
[103.356368] (-) TimerEvent: {}
[103.457239] (-) TimerEvent: {}
[103.558088] (-) TimerEvent: {}
[103.659130] (-) TimerEvent: {}
[103.760183] (-) TimerEvent: {}
[103.861198] (-) TimerEvent: {}
[103.962117] (-) TimerEvent: {}
[104.063584] (-) TimerEvent: {}
[104.164398] (-) TimerEvent: {}
[104.265678] (-) TimerEvent: {}
[104.367350] (-) TimerEvent: {}
[104.468675] (-) TimerEvent: {}
[104.569900] (-) TimerEvent: {}
[104.670895] (-) TimerEvent: {}
[104.771736] (-) TimerEvent: {}
[104.873442] (-) TimerEvent: {}
[104.974740] (-) TimerEvent: {}
[105.075670] (-) TimerEvent: {}
[105.177656] (-) TimerEvent: {}
[105.278515] (-) TimerEvent: {}
[105.379393] (-) TimerEvent: {}
[105.480838] (-) TimerEvent: {}
[105.582203] (-) TimerEvent: {}
[105.683297] (-) TimerEvent: {}
[105.784397] (-) TimerEvent: {}
[105.885821] (-) TimerEvent: {}
[105.987091] (-) TimerEvent: {}
[106.088008] (-) TimerEvent: {}
[106.188810] (-) TimerEvent: {}
[106.289719] (-) TimerEvent: {}
[106.390517] (-) TimerEvent: {}
[106.492242] (-) TimerEvent: {}
[106.593051] (-) TimerEvent: {}
[106.693824] (-) TimerEvent: {}
[106.794716] (-) TimerEvent: {}
[106.896044] (-) TimerEvent: {}
[106.996937] (-) TimerEvent: {}
[107.097855] (-) TimerEvent: {}
[107.200219] (-) TimerEvent: {}
[107.301012] (-) TimerEvent: {}
[107.401840] (-) TimerEvent: {}
[107.502786] (-) TimerEvent: {}
[107.603989] (-) TimerEvent: {}
[107.704855] (-) TimerEvent: {}
[107.805724] (-) TimerEvent: {}
[107.906695] (-) TimerEvent: {}
[107.921970] (realsense2_camera) StdoutLine: {'line': b'-- rs_device_info:\n'}
[107.924093] (realsense2_camera) StdoutLine: {'line': b'-- No device detected. Is it plugged in?\n'}
[107.924689] (realsense2_camera) StdoutLine: {'line': b'\n'}
[108.006909] (-) TimerEvent: {}
[108.107734] (-) TimerEvent: {}
[108.206002] (realsense2_camera) StdoutLine: {'line': b'-- Configuring done\n'}
[108.207941] (-) TimerEvent: {}
[108.230761] (realsense2_camera) StderrLine: {'line': b'CMake Error at CMakeLists.txt:236 (add_library):\n'}
[108.231785] (realsense2_camera) StderrLine: {'line': b'  Target "realsense2_camera" links to target "cv_bridge::cv_bridge" but the\n'}
[108.232376] (realsense2_camera) StderrLine: {'line': b'  target was not found.  Perhaps a find_package() call is missing for an\n'}
[108.232684] (realsense2_camera) StderrLine: {'line': b'  IMPORTED target, or an ALIAS target is missing?\n'}
[108.232922] (realsense2_camera) StderrLine: {'line': b'\n'}
[108.233163] (realsense2_camera) StderrLine: {'line': b'\n'}
[108.233406] (realsense2_camera) StderrLine: {'line': b'CMake Error at CMakeLists.txt:236 (add_library):\n'}
[108.233641] (realsense2_camera) StderrLine: {'line': b'  Target "realsense2_camera" links to target\n'}
[108.233915] (realsense2_camera) StderrLine: {'line': b'  "image_transport::image_transport" but the target was not found.  Perhaps a\n'}
[108.234138] (realsense2_camera) StderrLine: {'line': b'  find_package() call is missing for an IMPORTED target, or an ALIAS target\n'}
[108.234456] (realsense2_camera) StderrLine: {'line': b'  is missing?\n'}
[108.234738] (realsense2_camera) StderrLine: {'line': b'\n'}
[108.235001] (realsense2_camera) StderrLine: {'line': b'\n'}
[108.236192] (realsense2_camera) StderrLine: {'line': b'CMake Error at CMakeLists.txt:236 (add_library):\n'}
[108.236556] (realsense2_camera) StderrLine: {'line': b'  Target "realsense2_camera" links to target "rclcpp_components::component"\n'}
[108.236879] (realsense2_camera) StderrLine: {'line': b'  but the target was not found.  Perhaps a find_package() call is missing for\n'}
[108.237144] (realsense2_camera) StderrLine: {'line': b'  an IMPORTED target, or an ALIAS target is missing?\n'}
[108.238461] (realsense2_camera) StderrLine: {'line': b'\n'}
[108.238907] (realsense2_camera) StderrLine: {'line': b'\n'}
[108.239194] (realsense2_camera) StderrLine: {'line': b'CMake Error at CMakeLists.txt:236 (add_library):\n'}
[108.239479] (realsense2_camera) StderrLine: {'line': b'  Target "realsense2_camera" links to target\n'}
[108.239742] (realsense2_camera) StderrLine: {'line': b'  "sensor_msgs::sensor_msgs_library" but the target was not found.  Perhaps a\n'}
[108.240040] (realsense2_camera) StderrLine: {'line': b'  find_package() call is missing for an IMPORTED target, or an ALIAS target\n'}
[108.240344] (realsense2_camera) StderrLine: {'line': b'  is missing?\n'}
[108.240709] (realsense2_camera) StderrLine: {'line': b'\n'}
[108.240983] (realsense2_camera) StderrLine: {'line': b'\n'}
[108.308171] (-) TimerEvent: {}
[108.334593] (realsense2_camera) StdoutLine: {'line': b'-- Generating done\n'}
[108.343583] (realsense2_camera) StderrLine: {'line': b'CMake Generate step failed.  Build files cannot be regenerated correctly.\n'}
[108.386825] (realsense2_camera) CommandEnded: {'returncode': 1}
[108.408680] (-) TimerEvent: {}
[108.473392] (realsense2_camera) JobEnded: {'identifier': 'realsense2_camera', 'rc': 1}
[108.486716] (-) EventReactorShutdown: {}
