[0.763s] DEBUG:colcon:Command line arguments: ['/usr/bin/colcon', 'build']
[0.764s] DEBUG:colcon:Parsed command line arguments: Namespace(allow_overriding=[], ament_cmake_args=None, base_paths=['.'], build_base='build', catkin_cmake_args=None, catkin_skip_building_tests=False, cmake_args=None, cmake_clean_cache=False, cmake_clean_first=False, cmake_force_configure=False, cmake_target=None, cmake_target_skip_unavailable=False, continue_on_error=False, event_handlers=None, executor='parallel', ignore_user_meta=False, install_base='install', log_base=None, log_level=None, main=<bound method BuildVerb.main of <colcon_core.verb.build.BuildVerb object at 0xffff82c39d60>>, merge_install=False, metas=['./colcon.meta'], mixin=None, mixin_files=None, mixin_verb=('build',), packages_above=None, packages_above_and_dependencies=None, packages_above_depth=None, packages_end=None, packages_ignore=None, packages_ignore_regex=None, packages_select=None, packages_select_build_failed=False, packages_select_by_dep=None, packages_select_regex=None, packages_select_test_failures=False, packages_skip=None, packages_skip_build_finished=False, packages_skip_by_dep=None, packages_skip_regex=None, packages_skip_test_passed=False, packages_skip_up_to=None, packages_start=None, packages_up_to=None, packages_up_to_regex=None, parallel_workers=4, paths=None, symlink_install=False, test_result_base=None, verb_extension=<colcon_core.verb.build.BuildVerb object at 0xffff82c39d60>, verb_name='build', verb_parser=<colcon_mixin.mixin.mixin_argument.MixinArgumentDecorator object at 0xffff82bc6400>)
[1.434s] Level 1:colcon.colcon_core.package_discovery:discover_packages(colcon_meta) check parameters
[1.434s] Level 1:colcon.colcon_core.package_discovery:discover_packages(recursive) check parameters
[1.435s] Level 1:colcon.colcon_core.package_discovery:discover_packages(ignore) check parameters
[1.435s] Level 1:colcon.colcon_core.package_discovery:discover_packages(path) check parameters
[1.435s] Level 1:colcon.colcon_core.package_discovery:discover_packages(colcon_meta) discover
[1.435s] Level 1:colcon.colcon_core.package_discovery:discover_packages(recursive) discover
[1.435s] INFO:colcon.colcon_core.package_discovery:Crawling recursively for packages in '/home/f1tenth/f1tenth_mrc_ws'
[1.436s] Level 1:colcon.colcon_core.package_identification:_identify(.) by extensions ['ignore', 'ignore_ament_install']
[1.436s] Level 1:colcon.colcon_core.package_identification:_identify(.) by extension 'ignore'
[1.436s] Level 1:colcon.colcon_core.package_identification:_identify(.) by extension 'ignore_ament_install'
[1.437s] Level 1:colcon.colcon_core.package_identification:_identify(.) by extensions ['colcon_pkg']
[1.437s] Level 1:colcon.colcon_core.package_identification:_identify(.) by extension 'colcon_pkg'
[1.437s] Level 1:colcon.colcon_core.package_identification:_identify(.) by extensions ['colcon_meta']
[1.437s] Level 1:colcon.colcon_core.package_identification:_identify(.) by extension 'colcon_meta'
[1.437s] Level 1:colcon.colcon_core.package_identification:_identify(.) by extensions ['ros']
[1.437s] Level 1:colcon.colcon_core.package_identification:_identify(.) by extension 'ros'
[1.510s] Level 1:colcon.colcon_core.package_identification:_identify(.) by extensions ['cmake', 'python']
[1.511s] Level 1:colcon.colcon_core.package_identification:_identify(.) by extension 'cmake'
[1.511s] Level 1:colcon.colcon_core.package_identification:_identify(.) by extension 'python'
[1.511s] Level 1:colcon.colcon_core.package_identification:_identify(.) by extensions ['python_setup_py']
[1.511s] Level 1:colcon.colcon_core.package_identification:_identify(.) by extension 'python_setup_py'
[1.512s] Level 1:colcon.colcon_core.package_identification:_identify(build) by extensions ['ignore', 'ignore_ament_install']
[1.512s] Level 1:colcon.colcon_core.package_identification:_identify(build) by extension 'ignore'
[1.513s] Level 1:colcon.colcon_core.package_identification:_identify(build) ignored
[1.513s] Level 1:colcon.colcon_core.package_identification:_identify(install) by extensions ['ignore', 'ignore_ament_install']
[1.513s] Level 1:colcon.colcon_core.package_identification:_identify(install) by extension 'ignore'
[1.513s] Level 1:colcon.colcon_core.package_identification:_identify(install) ignored
[1.514s] Level 1:colcon.colcon_core.package_identification:_identify(log) by extensions ['ignore', 'ignore_ament_install']
[1.514s] Level 1:colcon.colcon_core.package_identification:_identify(log) by extension 'ignore'
[1.514s] Level 1:colcon.colcon_core.package_identification:_identify(log) ignored
[1.515s] Level 1:colcon.colcon_core.package_identification:_identify(plots) by extensions ['ignore', 'ignore_ament_install']
[1.515s] Level 1:colcon.colcon_core.package_identification:_identify(plots) by extension 'ignore'
[1.515s] Level 1:colcon.colcon_core.package_identification:_identify(plots) by extension 'ignore_ament_install'
[1.515s] Level 1:colcon.colcon_core.package_identification:_identify(plots) by extensions ['colcon_pkg']
[1.515s] Level 1:colcon.colcon_core.package_identification:_identify(plots) by extension 'colcon_pkg'
[1.516s] Level 1:colcon.colcon_core.package_identification:_identify(plots) by extensions ['colcon_meta']
[1.516s] Level 1:colcon.colcon_core.package_identification:_identify(plots) by extension 'colcon_meta'
[1.516s] Level 1:colcon.colcon_core.package_identification:_identify(plots) by extensions ['ros']
[1.516s] Level 1:colcon.colcon_core.package_identification:_identify(plots) by extension 'ros'
[1.516s] Level 1:colcon.colcon_core.package_identification:_identify(plots) by extensions ['cmake', 'python']
[1.516s] Level 1:colcon.colcon_core.package_identification:_identify(plots) by extension 'cmake'
[1.517s] Level 1:colcon.colcon_core.package_identification:_identify(plots) by extension 'python'
[1.517s] Level 1:colcon.colcon_core.package_identification:_identify(plots) by extensions ['python_setup_py']
[1.517s] Level 1:colcon.colcon_core.package_identification:_identify(plots) by extension 'python_setup_py'
[1.517s] Level 1:colcon.colcon_core.package_identification:_identify(src) by extensions ['ignore', 'ignore_ament_install']
[1.517s] Level 1:colcon.colcon_core.package_identification:_identify(src) by extension 'ignore'
[1.518s] Level 1:colcon.colcon_core.package_identification:_identify(src) by extension 'ignore_ament_install'
[1.518s] Level 1:colcon.colcon_core.package_identification:_identify(src) by extensions ['colcon_pkg']
[1.518s] Level 1:colcon.colcon_core.package_identification:_identify(src) by extension 'colcon_pkg'
[1.518s] Level 1:colcon.colcon_core.package_identification:_identify(src) by extensions ['colcon_meta']
[1.518s] Level 1:colcon.colcon_core.package_identification:_identify(src) by extension 'colcon_meta'
[1.518s] Level 1:colcon.colcon_core.package_identification:_identify(src) by extensions ['ros']
[1.518s] Level 1:colcon.colcon_core.package_identification:_identify(src) by extension 'ros'
[1.519s] Level 1:colcon.colcon_core.package_identification:_identify(src) by extensions ['cmake', 'python']
[1.519s] Level 1:colcon.colcon_core.package_identification:_identify(src) by extension 'cmake'
[1.519s] Level 1:colcon.colcon_core.package_identification:_identify(src) by extension 'python'
[1.519s] Level 1:colcon.colcon_core.package_identification:_identify(src) by extensions ['python_setup_py']
[1.519s] Level 1:colcon.colcon_core.package_identification:_identify(src) by extension 'python_setup_py'
[1.520s] Level 1:colcon.colcon_core.package_identification:_identify(src/RRT_package) by extensions ['ignore', 'ignore_ament_install']
[1.520s] Level 1:colcon.colcon_core.package_identification:_identify(src/RRT_package) by extension 'ignore'
[1.520s] Level 1:colcon.colcon_core.package_identification:_identify(src/RRT_package) by extension 'ignore_ament_install'
[1.520s] Level 1:colcon.colcon_core.package_identification:_identify(src/RRT_package) by extensions ['colcon_pkg']
[1.520s] Level 1:colcon.colcon_core.package_identification:_identify(src/RRT_package) by extension 'colcon_pkg'
[1.521s] Level 1:colcon.colcon_core.package_identification:_identify(src/RRT_package) by extensions ['colcon_meta']
[1.521s] Level 1:colcon.colcon_core.package_identification:_identify(src/RRT_package) by extension 'colcon_meta'
[1.521s] Level 1:colcon.colcon_core.package_identification:_identify(src/RRT_package) by extensions ['ros']
[1.521s] Level 1:colcon.colcon_core.package_identification:_identify(src/RRT_package) by extension 'ros'
[1.521s] Level 1:colcon.colcon_core.package_identification:_identify(src/RRT_package) by extensions ['cmake', 'python']
[1.521s] Level 1:colcon.colcon_core.package_identification:_identify(src/RRT_package) by extension 'cmake'
[1.522s] Level 1:colcon.colcon_core.package_identification:_identify(src/RRT_package) by extension 'python'
[1.522s] Level 1:colcon.colcon_core.package_identification:_identify(src/RRT_package) by extensions ['python_setup_py']
[1.522s] Level 1:colcon.colcon_core.package_identification:_identify(src/RRT_package) by extension 'python_setup_py'
[1.522s] Level 1:colcon.colcon_core.package_identification:_identify(src/RRT_package/RRT_package) by extensions ['ignore', 'ignore_ament_install']
[1.522s] Level 1:colcon.colcon_core.package_identification:_identify(src/RRT_package/RRT_package) by extension 'ignore'
[1.523s] Level 1:colcon.colcon_core.package_identification:_identify(src/RRT_package/RRT_package) by extension 'ignore_ament_install'
[1.523s] Level 1:colcon.colcon_core.package_identification:_identify(src/RRT_package/RRT_package) by extensions ['colcon_pkg']
[1.523s] Level 1:colcon.colcon_core.package_identification:_identify(src/RRT_package/RRT_package) by extension 'colcon_pkg'
[1.523s] Level 1:colcon.colcon_core.package_identification:_identify(src/RRT_package/RRT_package) by extensions ['colcon_meta']
[1.523s] Level 1:colcon.colcon_core.package_identification:_identify(src/RRT_package/RRT_package) by extension 'colcon_meta'
[1.523s] Level 1:colcon.colcon_core.package_identification:_identify(src/RRT_package/RRT_package) by extensions ['ros']
[1.523s] Level 1:colcon.colcon_core.package_identification:_identify(src/RRT_package/RRT_package) by extension 'ros'
[1.524s] Level 1:colcon.colcon_core.package_identification:_identify(src/RRT_package/RRT_package) by extensions ['cmake', 'python']
[1.524s] Level 1:colcon.colcon_core.package_identification:_identify(src/RRT_package/RRT_package) by extension 'cmake'
[1.524s] Level 1:colcon.colcon_core.package_identification:_identify(src/RRT_package/RRT_package) by extension 'python'
[1.524s] Level 1:colcon.colcon_core.package_identification:_identify(src/RRT_package/RRT_package) by extensions ['python_setup_py']
[1.524s] Level 1:colcon.colcon_core.package_identification:_identify(src/RRT_package/RRT_package) by extension 'python_setup_py'
[1.525s] Level 1:colcon.colcon_core.package_identification:_identify(src/camera_pkg) by extensions ['ignore', 'ignore_ament_install']
[1.525s] Level 1:colcon.colcon_core.package_identification:_identify(src/camera_pkg) by extension 'ignore'
[1.525s] Level 1:colcon.colcon_core.package_identification:_identify(src/camera_pkg) by extension 'ignore_ament_install'
[1.525s] Level 1:colcon.colcon_core.package_identification:_identify(src/camera_pkg) by extensions ['colcon_pkg']
[1.525s] Level 1:colcon.colcon_core.package_identification:_identify(src/camera_pkg) by extension 'colcon_pkg'
[1.525s] Level 1:colcon.colcon_core.package_identification:_identify(src/camera_pkg) by extensions ['colcon_meta']
[1.526s] Level 1:colcon.colcon_core.package_identification:_identify(src/camera_pkg) by extension 'colcon_meta'
[1.526s] Level 1:colcon.colcon_core.package_identification:_identify(src/camera_pkg) by extensions ['ros']
[1.526s] Level 1:colcon.colcon_core.package_identification:_identify(src/camera_pkg) by extension 'ros'
[1.535s] DEBUG:colcon.colcon_core.package_identification:Package 'src/camera_pkg' with type 'ros.ament_python' and name 'camera_pkg'
[1.536s] Level 1:colcon.colcon_core.package_identification:_identify(src/f1tenth_gym_ros) by extensions ['ignore', 'ignore_ament_install']
[1.536s] Level 1:colcon.colcon_core.package_identification:_identify(src/f1tenth_gym_ros) by extension 'ignore'
[1.536s] Level 1:colcon.colcon_core.package_identification:_identify(src/f1tenth_gym_ros) by extension 'ignore_ament_install'
[1.536s] Level 1:colcon.colcon_core.package_identification:_identify(src/f1tenth_gym_ros) by extensions ['colcon_pkg']
[1.537s] Level 1:colcon.colcon_core.package_identification:_identify(src/f1tenth_gym_ros) by extension 'colcon_pkg'
[1.537s] Level 1:colcon.colcon_core.package_identification:_identify(src/f1tenth_gym_ros) by extensions ['colcon_meta']
[1.537s] Level 1:colcon.colcon_core.package_identification:_identify(src/f1tenth_gym_ros) by extension 'colcon_meta'
[1.537s] Level 1:colcon.colcon_core.package_identification:_identify(src/f1tenth_gym_ros) by extensions ['ros']
[1.537s] Level 1:colcon.colcon_core.package_identification:_identify(src/f1tenth_gym_ros) by extension 'ros'
[1.540s] DEBUG:colcon.colcon_core.package_identification:Package 'src/f1tenth_gym_ros' with type 'ros.ament_python' and name 'f1tenth_gym_ros'
[1.541s] Level 1:colcon.colcon_core.package_identification:_identify(src/f1tenth_lab2_template) by extensions ['ignore', 'ignore_ament_install']
[1.541s] Level 1:colcon.colcon_core.package_identification:_identify(src/f1tenth_lab2_template) by extension 'ignore'
[1.541s] Level 1:colcon.colcon_core.package_identification:_identify(src/f1tenth_lab2_template) by extension 'ignore_ament_install'
[1.542s] Level 1:colcon.colcon_core.package_identification:_identify(src/f1tenth_lab2_template) by extensions ['colcon_pkg']
[1.542s] Level 1:colcon.colcon_core.package_identification:_identify(src/f1tenth_lab2_template) by extension 'colcon_pkg'
[1.542s] Level 1:colcon.colcon_core.package_identification:_identify(src/f1tenth_lab2_template) by extensions ['colcon_meta']
[1.542s] Level 1:colcon.colcon_core.package_identification:_identify(src/f1tenth_lab2_template) by extension 'colcon_meta'
[1.542s] Level 1:colcon.colcon_core.package_identification:_identify(src/f1tenth_lab2_template) by extensions ['ros']
[1.542s] Level 1:colcon.colcon_core.package_identification:_identify(src/f1tenth_lab2_template) by extension 'ros'
[1.543s] Level 1:colcon.colcon_core.package_identification:_identify(src/f1tenth_lab2_template) by extensions ['cmake', 'python']
[1.543s] Level 1:colcon.colcon_core.package_identification:_identify(src/f1tenth_lab2_template) by extension 'cmake'
[1.543s] Level 1:colcon.colcon_core.package_identification:_identify(src/f1tenth_lab2_template) by extension 'python'
[1.543s] Level 1:colcon.colcon_core.package_identification:_identify(src/f1tenth_lab2_template) by extensions ['python_setup_py']
[1.543s] Level 1:colcon.colcon_core.package_identification:_identify(src/f1tenth_lab2_template) by extension 'python_setup_py'
[1.544s] Level 1:colcon.colcon_core.package_identification:_identify(src/f1tenth_lab2_template/safety_node) by extensions ['ignore', 'ignore_ament_install']
[1.544s] Level 1:colcon.colcon_core.package_identification:_identify(src/f1tenth_lab2_template/safety_node) by extension 'ignore'
[1.544s] Level 1:colcon.colcon_core.package_identification:_identify(src/f1tenth_lab2_template/safety_node) by extension 'ignore_ament_install'
[1.544s] Level 1:colcon.colcon_core.package_identification:_identify(src/f1tenth_lab2_template/safety_node) by extensions ['colcon_pkg']
[1.544s] Level 1:colcon.colcon_core.package_identification:_identify(src/f1tenth_lab2_template/safety_node) by extension 'colcon_pkg'
[1.545s] Level 1:colcon.colcon_core.package_identification:_identify(src/f1tenth_lab2_template/safety_node) by extensions ['colcon_meta']
[1.545s] Level 1:colcon.colcon_core.package_identification:_identify(src/f1tenth_lab2_template/safety_node) by extension 'colcon_meta'
[1.545s] Level 1:colcon.colcon_core.package_identification:_identify(src/f1tenth_lab2_template/safety_node) by extensions ['ros']
[1.545s] Level 1:colcon.colcon_core.package_identification:_identify(src/f1tenth_lab2_template/safety_node) by extension 'ros'
[1.549s] DEBUG:colcon.colcon_core.package_identification:Package 'src/f1tenth_lab2_template/safety_node' with type 'ros.ament_cmake' and name 'safety_node'
[1.549s] Level 1:colcon.colcon_core.package_identification:_identify(src/f1tenth_lab3_template) by extensions ['ignore', 'ignore_ament_install']
[1.550s] Level 1:colcon.colcon_core.package_identification:_identify(src/f1tenth_lab3_template) by extension 'ignore'
[1.550s] Level 1:colcon.colcon_core.package_identification:_identify(src/f1tenth_lab3_template) by extension 'ignore_ament_install'
[1.550s] Level 1:colcon.colcon_core.package_identification:_identify(src/f1tenth_lab3_template) by extensions ['colcon_pkg']
[1.550s] Level 1:colcon.colcon_core.package_identification:_identify(src/f1tenth_lab3_template) by extension 'colcon_pkg'
[1.550s] Level 1:colcon.colcon_core.package_identification:_identify(src/f1tenth_lab3_template) by extensions ['colcon_meta']
[1.551s] Level 1:colcon.colcon_core.package_identification:_identify(src/f1tenth_lab3_template) by extension 'colcon_meta'
[1.551s] Level 1:colcon.colcon_core.package_identification:_identify(src/f1tenth_lab3_template) by extensions ['ros']
[1.551s] Level 1:colcon.colcon_core.package_identification:_identify(src/f1tenth_lab3_template) by extension 'ros'
[1.551s] Level 1:colcon.colcon_core.package_identification:_identify(src/f1tenth_lab3_template) by extensions ['cmake', 'python']
[1.551s] Level 1:colcon.colcon_core.package_identification:_identify(src/f1tenth_lab3_template) by extension 'cmake'
[1.551s] Level 1:colcon.colcon_core.package_identification:_identify(src/f1tenth_lab3_template) by extension 'python'
[1.552s] Level 1:colcon.colcon_core.package_identification:_identify(src/f1tenth_lab3_template) by extensions ['python_setup_py']
[1.552s] Level 1:colcon.colcon_core.package_identification:_identify(src/f1tenth_lab3_template) by extension 'python_setup_py'
[1.552s] Level 1:colcon.colcon_core.package_identification:_identify(src/f1tenth_lab3_template/img) by extensions ['ignore', 'ignore_ament_install']
[1.552s] Level 1:colcon.colcon_core.package_identification:_identify(src/f1tenth_lab3_template/img) by extension 'ignore'
[1.553s] Level 1:colcon.colcon_core.package_identification:_identify(src/f1tenth_lab3_template/img) by extension 'ignore_ament_install'
[1.553s] Level 1:colcon.colcon_core.package_identification:_identify(src/f1tenth_lab3_template/img) by extensions ['colcon_pkg']
[1.553s] Level 1:colcon.colcon_core.package_identification:_identify(src/f1tenth_lab3_template/img) by extension 'colcon_pkg'
[1.553s] Level 1:colcon.colcon_core.package_identification:_identify(src/f1tenth_lab3_template/img) by extensions ['colcon_meta']
[1.553s] Level 1:colcon.colcon_core.package_identification:_identify(src/f1tenth_lab3_template/img) by extension 'colcon_meta'
[1.553s] Level 1:colcon.colcon_core.package_identification:_identify(src/f1tenth_lab3_template/img) by extensions ['ros']
[1.554s] Level 1:colcon.colcon_core.package_identification:_identify(src/f1tenth_lab3_template/img) by extension 'ros'
[1.554s] Level 1:colcon.colcon_core.package_identification:_identify(src/f1tenth_lab3_template/img) by extensions ['cmake', 'python']
[1.554s] Level 1:colcon.colcon_core.package_identification:_identify(src/f1tenth_lab3_template/img) by extension 'cmake'
[1.554s] Level 1:colcon.colcon_core.package_identification:_identify(src/f1tenth_lab3_template/img) by extension 'python'
[1.554s] Level 1:colcon.colcon_core.package_identification:_identify(src/f1tenth_lab3_template/img) by extensions ['python_setup_py']
[1.554s] Level 1:colcon.colcon_core.package_identification:_identify(src/f1tenth_lab3_template/img) by extension 'python_setup_py'
[1.555s] Level 1:colcon.colcon_core.package_identification:_identify(src/f1tenth_lab3_template/wall_follow) by extensions ['ignore', 'ignore_ament_install']
[1.555s] Level 1:colcon.colcon_core.package_identification:_identify(src/f1tenth_lab3_template/wall_follow) by extension 'ignore'
[1.555s] Level 1:colcon.colcon_core.package_identification:_identify(src/f1tenth_lab3_template/wall_follow) by extension 'ignore_ament_install'
[1.555s] Level 1:colcon.colcon_core.package_identification:_identify(src/f1tenth_lab3_template/wall_follow) by extensions ['colcon_pkg']
[1.556s] Level 1:colcon.colcon_core.package_identification:_identify(src/f1tenth_lab3_template/wall_follow) by extension 'colcon_pkg'
[1.556s] Level 1:colcon.colcon_core.package_identification:_identify(src/f1tenth_lab3_template/wall_follow) by extensions ['colcon_meta']
[1.556s] Level 1:colcon.colcon_core.package_identification:_identify(src/f1tenth_lab3_template/wall_follow) by extension 'colcon_meta'
[1.556s] Level 1:colcon.colcon_core.package_identification:_identify(src/f1tenth_lab3_template/wall_follow) by extensions ['ros']
[1.556s] Level 1:colcon.colcon_core.package_identification:_identify(src/f1tenth_lab3_template/wall_follow) by extension 'ros'
[1.560s] DEBUG:colcon.colcon_core.package_identification:Package 'src/f1tenth_lab3_template/wall_follow' with type 'ros.ament_cmake' and name 'wall_follow'
[1.560s] Level 1:colcon.colcon_core.package_identification:_identify(src/f1tenth_lab4_template) by extensions ['ignore', 'ignore_ament_install']
[1.561s] Level 1:colcon.colcon_core.package_identification:_identify(src/f1tenth_lab4_template) by extension 'ignore'
[1.561s] Level 1:colcon.colcon_core.package_identification:_identify(src/f1tenth_lab4_template) by extension 'ignore_ament_install'
[1.561s] Level 1:colcon.colcon_core.package_identification:_identify(src/f1tenth_lab4_template) by extensions ['colcon_pkg']
[1.561s] Level 1:colcon.colcon_core.package_identification:_identify(src/f1tenth_lab4_template) by extension 'colcon_pkg'
[1.561s] Level 1:colcon.colcon_core.package_identification:_identify(src/f1tenth_lab4_template) by extensions ['colcon_meta']
[1.561s] Level 1:colcon.colcon_core.package_identification:_identify(src/f1tenth_lab4_template) by extension 'colcon_meta'
[1.562s] Level 1:colcon.colcon_core.package_identification:_identify(src/f1tenth_lab4_template) by extensions ['ros']
[1.562s] Level 1:colcon.colcon_core.package_identification:_identify(src/f1tenth_lab4_template) by extension 'ros'
[1.562s] Level 1:colcon.colcon_core.package_identification:_identify(src/f1tenth_lab4_template) by extensions ['cmake', 'python']
[1.562s] Level 1:colcon.colcon_core.package_identification:_identify(src/f1tenth_lab4_template) by extension 'cmake'
[1.562s] Level 1:colcon.colcon_core.package_identification:_identify(src/f1tenth_lab4_template) by extension 'python'
[1.563s] Level 1:colcon.colcon_core.package_identification:_identify(src/f1tenth_lab4_template) by extensions ['python_setup_py']
[1.563s] Level 1:colcon.colcon_core.package_identification:_identify(src/f1tenth_lab4_template) by extension 'python_setup_py'
[1.563s] Level 1:colcon.colcon_core.package_identification:_identify(src/f1tenth_lab4_template/gap_follow) by extensions ['ignore', 'ignore_ament_install']
[1.563s] Level 1:colcon.colcon_core.package_identification:_identify(src/f1tenth_lab4_template/gap_follow) by extension 'ignore'
[1.564s] Level 1:colcon.colcon_core.package_identification:_identify(src/f1tenth_lab4_template/gap_follow) by extension 'ignore_ament_install'
[1.564s] Level 1:colcon.colcon_core.package_identification:_identify(src/f1tenth_lab4_template/gap_follow) by extensions ['colcon_pkg']
[1.564s] Level 1:colcon.colcon_core.package_identification:_identify(src/f1tenth_lab4_template/gap_follow) by extension 'colcon_pkg'
[1.564s] Level 1:colcon.colcon_core.package_identification:_identify(src/f1tenth_lab4_template/gap_follow) by extensions ['colcon_meta']
[1.564s] Level 1:colcon.colcon_core.package_identification:_identify(src/f1tenth_lab4_template/gap_follow) by extension 'colcon_meta'
[1.564s] Level 1:colcon.colcon_core.package_identification:_identify(src/f1tenth_lab4_template/gap_follow) by extensions ['ros']
[1.565s] Level 1:colcon.colcon_core.package_identification:_identify(src/f1tenth_lab4_template/gap_follow) by extension 'ros'
[1.568s] DEBUG:colcon.colcon_core.package_identification:Package 'src/f1tenth_lab4_template/gap_follow' with type 'ros.ament_cmake' and name 'gap_follow'
[1.569s] Level 1:colcon.colcon_core.package_identification:_identify(src/f1tenth_lab6_template) by extensions ['ignore', 'ignore_ament_install']
[1.569s] Level 1:colcon.colcon_core.package_identification:_identify(src/f1tenth_lab6_template) by extension 'ignore'
[1.569s] Level 1:colcon.colcon_core.package_identification:_identify(src/f1tenth_lab6_template) by extension 'ignore_ament_install'
[1.569s] Level 1:colcon.colcon_core.package_identification:_identify(src/f1tenth_lab6_template) by extensions ['colcon_pkg']
[1.569s] Level 1:colcon.colcon_core.package_identification:_identify(src/f1tenth_lab6_template) by extension 'colcon_pkg'
[1.570s] Level 1:colcon.colcon_core.package_identification:_identify(src/f1tenth_lab6_template) by extensions ['colcon_meta']
[1.570s] Level 1:colcon.colcon_core.package_identification:_identify(src/f1tenth_lab6_template) by extension 'colcon_meta'
[1.570s] Level 1:colcon.colcon_core.package_identification:_identify(src/f1tenth_lab6_template) by extensions ['ros']
[1.570s] Level 1:colcon.colcon_core.package_identification:_identify(src/f1tenth_lab6_template) by extension 'ros'
[1.570s] Level 1:colcon.colcon_core.package_identification:_identify(src/f1tenth_lab6_template) by extensions ['cmake', 'python']
[1.570s] Level 1:colcon.colcon_core.package_identification:_identify(src/f1tenth_lab6_template) by extension 'cmake'
[1.571s] Level 1:colcon.colcon_core.package_identification:_identify(src/f1tenth_lab6_template) by extension 'python'
[1.571s] Level 1:colcon.colcon_core.package_identification:_identify(src/f1tenth_lab6_template) by extensions ['python_setup_py']
[1.571s] Level 1:colcon.colcon_core.package_identification:_identify(src/f1tenth_lab6_template) by extension 'python_setup_py'
[1.571s] Level 1:colcon.colcon_core.package_identification:_identify(src/f1tenth_lab6_template/pure_pursuit) by extensions ['ignore', 'ignore_ament_install']
[1.572s] Level 1:colcon.colcon_core.package_identification:_identify(src/f1tenth_lab6_template/pure_pursuit) by extension 'ignore'
[1.572s] Level 1:colcon.colcon_core.package_identification:_identify(src/f1tenth_lab6_template/pure_pursuit) by extension 'ignore_ament_install'
[1.572s] Level 1:colcon.colcon_core.package_identification:_identify(src/f1tenth_lab6_template/pure_pursuit) by extensions ['colcon_pkg']
[1.572s] Level 1:colcon.colcon_core.package_identification:_identify(src/f1tenth_lab6_template/pure_pursuit) by extension 'colcon_pkg'
[1.572s] Level 1:colcon.colcon_core.package_identification:_identify(src/f1tenth_lab6_template/pure_pursuit) by extensions ['colcon_meta']
[1.573s] Level 1:colcon.colcon_core.package_identification:_identify(src/f1tenth_lab6_template/pure_pursuit) by extension 'colcon_meta'
[1.573s] Level 1:colcon.colcon_core.package_identification:_identify(src/f1tenth_lab6_template/pure_pursuit) by extensions ['ros']
[1.573s] Level 1:colcon.colcon_core.package_identification:_identify(src/f1tenth_lab6_template/pure_pursuit) by extension 'ros'
[1.578s] DEBUG:colcon.colcon_core.package_identification:Package 'src/f1tenth_lab6_template/pure_pursuit' with type 'ros.ament_cmake' and name 'pure_pursuit'
[1.578s] Level 1:colcon.colcon_core.package_identification:_identify(src/particle_filter) by extensions ['ignore', 'ignore_ament_install']
[1.579s] Level 1:colcon.colcon_core.package_identification:_identify(src/particle_filter) by extension 'ignore'
[1.579s] Level 1:colcon.colcon_core.package_identification:_identify(src/particle_filter) by extension 'ignore_ament_install'
[1.579s] Level 1:colcon.colcon_core.package_identification:_identify(src/particle_filter) by extensions ['colcon_pkg']
[1.579s] Level 1:colcon.colcon_core.package_identification:_identify(src/particle_filter) by extension 'colcon_pkg'
[1.579s] Level 1:colcon.colcon_core.package_identification:_identify(src/particle_filter) by extensions ['colcon_meta']
[1.580s] Level 1:colcon.colcon_core.package_identification:_identify(src/particle_filter) by extension 'colcon_meta'
[1.580s] Level 1:colcon.colcon_core.package_identification:_identify(src/particle_filter) by extensions ['ros']
[1.580s] Level 1:colcon.colcon_core.package_identification:_identify(src/particle_filter) by extension 'ros'
[1.584s] DEBUG:colcon.colcon_core.package_identification:Package 'src/particle_filter' with type 'ros.ament_python' and name 'particle_filter'
[1.585s] Level 1:colcon.colcon_core.package_identification:_identify(src/ppo_racing) by extensions ['ignore', 'ignore_ament_install']
[1.585s] Level 1:colcon.colcon_core.package_identification:_identify(src/ppo_racing) by extension 'ignore'
[1.585s] Level 1:colcon.colcon_core.package_identification:_identify(src/ppo_racing) by extension 'ignore_ament_install'
[1.585s] Level 1:colcon.colcon_core.package_identification:_identify(src/ppo_racing) by extensions ['colcon_pkg']
[1.585s] Level 1:colcon.colcon_core.package_identification:_identify(src/ppo_racing) by extension 'colcon_pkg'
[1.586s] Level 1:colcon.colcon_core.package_identification:_identify(src/ppo_racing) by extensions ['colcon_meta']
[1.586s] Level 1:colcon.colcon_core.package_identification:_identify(src/ppo_racing) by extension 'colcon_meta'
[1.586s] Level 1:colcon.colcon_core.package_identification:_identify(src/ppo_racing) by extensions ['ros']
[1.586s] Level 1:colcon.colcon_core.package_identification:_identify(src/ppo_racing) by extension 'ros'
[1.588s] DEBUG:colcon.colcon_core.package_identification:Package 'src/ppo_racing' with type 'ros.ament_python' and name 'ppo_racing'
[1.589s] Level 1:colcon.colcon_core.package_identification:_identify(src/realsense-ros) by extensions ['ignore', 'ignore_ament_install']
[1.589s] Level 1:colcon.colcon_core.package_identification:_identify(src/realsense-ros) by extension 'ignore'
[1.589s] Level 1:colcon.colcon_core.package_identification:_identify(src/realsense-ros) by extension 'ignore_ament_install'
[1.590s] Level 1:colcon.colcon_core.package_identification:_identify(src/realsense-ros) by extensions ['colcon_pkg']
[1.590s] Level 1:colcon.colcon_core.package_identification:_identify(src/realsense-ros) by extension 'colcon_pkg'
[1.590s] Level 1:colcon.colcon_core.package_identification:_identify(src/realsense-ros) by extensions ['colcon_meta']
[1.590s] Level 1:colcon.colcon_core.package_identification:_identify(src/realsense-ros) by extension 'colcon_meta'
[1.590s] Level 1:colcon.colcon_core.package_identification:_identify(src/realsense-ros) by extensions ['ros']
[1.590s] Level 1:colcon.colcon_core.package_identification:_identify(src/realsense-ros) by extension 'ros'
[1.590s] Level 1:colcon.colcon_core.package_identification:_identify(src/realsense-ros) by extensions ['cmake', 'python']
[1.591s] Level 1:colcon.colcon_core.package_identification:_identify(src/realsense-ros) by extension 'cmake'
[1.591s] Level 1:colcon.colcon_core.package_identification:_identify(src/realsense-ros) by extension 'python'
[1.591s] Level 1:colcon.colcon_core.package_identification:_identify(src/realsense-ros) by extensions ['python_setup_py']
[1.591s] Level 1:colcon.colcon_core.package_identification:_identify(src/realsense-ros) by extension 'python_setup_py'
[1.591s] Level 1:colcon.colcon_core.package_identification:_identify(src/realsense-ros/realsense2_camera) by extensions ['ignore', 'ignore_ament_install']
[1.592s] Level 1:colcon.colcon_core.package_identification:_identify(src/realsense-ros/realsense2_camera) by extension 'ignore'
[1.592s] Level 1:colcon.colcon_core.package_identification:_identify(src/realsense-ros/realsense2_camera) by extension 'ignore_ament_install'
[1.592s] Level 1:colcon.colcon_core.package_identification:_identify(src/realsense-ros/realsense2_camera) by extensions ['colcon_pkg']
[1.592s] Level 1:colcon.colcon_core.package_identification:_identify(src/realsense-ros/realsense2_camera) by extension 'colcon_pkg'
[1.592s] Level 1:colcon.colcon_core.package_identification:_identify(src/realsense-ros/realsense2_camera) by extensions ['colcon_meta']
[1.592s] Level 1:colcon.colcon_core.package_identification:_identify(src/realsense-ros/realsense2_camera) by extension 'colcon_meta'
[1.593s] Level 1:colcon.colcon_core.package_identification:_identify(src/realsense-ros/realsense2_camera) by extensions ['ros']
[1.593s] Level 1:colcon.colcon_core.package_identification:_identify(src/realsense-ros/realsense2_camera) by extension 'ros'
[1.614s] DEBUG:colcon.colcon_core.package_identification:Package 'src/realsense-ros/realsense2_camera' with type 'ros.ament_cmake' and name 'realsense2_camera'
[1.615s] Level 1:colcon.colcon_core.package_identification:_identify(src/realsense-ros/realsense2_camera_msgs) by extensions ['ignore', 'ignore_ament_install']
[1.616s] Level 1:colcon.colcon_core.package_identification:_identify(src/realsense-ros/realsense2_camera_msgs) by extension 'ignore'
[1.616s] Level 1:colcon.colcon_core.package_identification:_identify(src/realsense-ros/realsense2_camera_msgs) by extension 'ignore_ament_install'
[1.616s] Level 1:colcon.colcon_core.package_identification:_identify(src/realsense-ros/realsense2_camera_msgs) by extensions ['colcon_pkg']
[1.616s] Level 1:colcon.colcon_core.package_identification:_identify(src/realsense-ros/realsense2_camera_msgs) by extension 'colcon_pkg'
[1.616s] Level 1:colcon.colcon_core.package_identification:_identify(src/realsense-ros/realsense2_camera_msgs) by extensions ['colcon_meta']
[1.616s] Level 1:colcon.colcon_core.package_identification:_identify(src/realsense-ros/realsense2_camera_msgs) by extension 'colcon_meta'
[1.617s] Level 1:colcon.colcon_core.package_identification:_identify(src/realsense-ros/realsense2_camera_msgs) by extensions ['ros']
[1.617s] Level 1:colcon.colcon_core.package_identification:_identify(src/realsense-ros/realsense2_camera_msgs) by extension 'ros'
[1.619s] DEBUG:colcon.colcon_core.package_identification:Package 'src/realsense-ros/realsense2_camera_msgs' with type 'ros.ament_cmake' and name 'realsense2_camera_msgs'
[1.620s] Level 1:colcon.colcon_core.package_identification:_identify(src/realsense-ros/realsense2_description) by extensions ['ignore', 'ignore_ament_install']
[1.620s] Level 1:colcon.colcon_core.package_identification:_identify(src/realsense-ros/realsense2_description) by extension 'ignore'
[1.620s] Level 1:colcon.colcon_core.package_identification:_identify(src/realsense-ros/realsense2_description) by extension 'ignore_ament_install'
[1.621s] Level 1:colcon.colcon_core.package_identification:_identify(src/realsense-ros/realsense2_description) by extensions ['colcon_pkg']
[1.621s] Level 1:colcon.colcon_core.package_identification:_identify(src/realsense-ros/realsense2_description) by extension 'colcon_pkg'
[1.621s] Level 1:colcon.colcon_core.package_identification:_identify(src/realsense-ros/realsense2_description) by extensions ['colcon_meta']
[1.621s] Level 1:colcon.colcon_core.package_identification:_identify(src/realsense-ros/realsense2_description) by extension 'colcon_meta'
[1.621s] Level 1:colcon.colcon_core.package_identification:_identify(src/realsense-ros/realsense2_description) by extensions ['ros']
[1.621s] Level 1:colcon.colcon_core.package_identification:_identify(src/realsense-ros/realsense2_description) by extension 'ros'
[1.625s] DEBUG:colcon.colcon_core.package_identification:Package 'src/realsense-ros/realsense2_description' with type 'ros.ament_cmake' and name 'realsense2_description'
[1.625s] Level 1:colcon.colcon_core.package_identification:_identify(src/realsense-ros/scripts) by extensions ['ignore', 'ignore_ament_install']
[1.625s] Level 1:colcon.colcon_core.package_identification:_identify(src/realsense-ros/scripts) by extension 'ignore'
[1.626s] Level 1:colcon.colcon_core.package_identification:_identify(src/realsense-ros/scripts) by extension 'ignore_ament_install'
[1.626s] Level 1:colcon.colcon_core.package_identification:_identify(src/realsense-ros/scripts) by extensions ['colcon_pkg']
[1.626s] Level 1:colcon.colcon_core.package_identification:_identify(src/realsense-ros/scripts) by extension 'colcon_pkg'
[1.626s] Level 1:colcon.colcon_core.package_identification:_identify(src/realsense-ros/scripts) by extensions ['colcon_meta']
[1.626s] Level 1:colcon.colcon_core.package_identification:_identify(src/realsense-ros/scripts) by extension 'colcon_meta'
[1.626s] Level 1:colcon.colcon_core.package_identification:_identify(src/realsense-ros/scripts) by extensions ['ros']
[1.627s] Level 1:colcon.colcon_core.package_identification:_identify(src/realsense-ros/scripts) by extension 'ros'
[1.627s] Level 1:colcon.colcon_core.package_identification:_identify(src/realsense-ros/scripts) by extensions ['cmake', 'python']
[1.627s] Level 1:colcon.colcon_core.package_identification:_identify(src/realsense-ros/scripts) by extension 'cmake'
[1.627s] Level 1:colcon.colcon_core.package_identification:_identify(src/realsense-ros/scripts) by extension 'python'
[1.627s] Level 1:colcon.colcon_core.package_identification:_identify(src/realsense-ros/scripts) by extensions ['python_setup_py']
[1.627s] Level 1:colcon.colcon_core.package_identification:_identify(src/realsense-ros/scripts) by extension 'python_setup_py'
[1.628s] Level 1:colcon.colcon_core.package_identification:_identify(src/rrt_package) by extensions ['ignore', 'ignore_ament_install']
[1.628s] Level 1:colcon.colcon_core.package_identification:_identify(src/rrt_package) by extension 'ignore'
[1.628s] Level 1:colcon.colcon_core.package_identification:_identify(src/rrt_package) by extension 'ignore_ament_install'
[1.628s] Level 1:colcon.colcon_core.package_identification:_identify(src/rrt_package) by extensions ['colcon_pkg']
[1.629s] Level 1:colcon.colcon_core.package_identification:_identify(src/rrt_package) by extension 'colcon_pkg'
[1.629s] Level 1:colcon.colcon_core.package_identification:_identify(src/rrt_package) by extensions ['colcon_meta']
[1.629s] Level 1:colcon.colcon_core.package_identification:_identify(src/rrt_package) by extension 'colcon_meta'
[1.629s] Level 1:colcon.colcon_core.package_identification:_identify(src/rrt_package) by extensions ['ros']
[1.629s] Level 1:colcon.colcon_core.package_identification:_identify(src/rrt_package) by extension 'ros'
[1.631s] DEBUG:colcon.colcon_core.package_identification:Package 'src/rrt_package' with type 'ros.ament_python' and name 'rrt_package'
[1.632s] Level 1:colcon.colcon_core.package_identification:_identify(src/waypoint_logger) by extensions ['ignore', 'ignore_ament_install']
[1.632s] Level 1:colcon.colcon_core.package_identification:_identify(src/waypoint_logger) by extension 'ignore'
[1.632s] Level 1:colcon.colcon_core.package_identification:_identify(src/waypoint_logger) by extension 'ignore_ament_install'
[1.632s] Level 1:colcon.colcon_core.package_identification:_identify(src/waypoint_logger) by extensions ['colcon_pkg']
[1.633s] Level 1:colcon.colcon_core.package_identification:_identify(src/waypoint_logger) by extension 'colcon_pkg'
[1.633s] Level 1:colcon.colcon_core.package_identification:_identify(src/waypoint_logger) by extensions ['colcon_meta']
[1.633s] Level 1:colcon.colcon_core.package_identification:_identify(src/waypoint_logger) by extension 'colcon_meta'
[1.633s] Level 1:colcon.colcon_core.package_identification:_identify(src/waypoint_logger) by extensions ['ros']
[1.633s] Level 1:colcon.colcon_core.package_identification:_identify(src/waypoint_logger) by extension 'ros'
[1.636s] DEBUG:colcon.colcon_core.package_identification:Package 'src/waypoint_logger' with type 'ros.ament_python' and name 'waypoint_logger'
[1.637s] Level 1:colcon.colcon_core.package_discovery:discover_packages(recursive) using defaults
[1.637s] Level 1:colcon.colcon_core.package_discovery:discover_packages(ignore) discover
[1.637s] Level 1:colcon.colcon_core.package_discovery:discover_packages(ignore) using defaults
[1.637s] Level 1:colcon.colcon_core.package_discovery:discover_packages(path) discover
[1.637s] Level 1:colcon.colcon_core.package_discovery:discover_packages(path) using defaults
[1.721s] Level 1:colcon.colcon_core.package_discovery:discover_packages(prefix_path) check parameters
[1.721s] Level 1:colcon.colcon_core.package_discovery:discover_packages(prefix_path) discover
[1.732s] DEBUG:colcon.colcon_installed_package_information.package_discovery:Found 306 installed packages in /opt/ros/foxy
[1.739s] Level 1:colcon.colcon_core.package_discovery:discover_packages(prefix_path) using defaults
[1.981s] Level 5:colcon.colcon_core.verb:set package 'camera_pkg' build argument 'cmake_args' from command line to 'None'
[1.982s] Level 5:colcon.colcon_core.verb:set package 'camera_pkg' build argument 'cmake_target' from command line to 'None'
[1.982s] Level 5:colcon.colcon_core.verb:set package 'camera_pkg' build argument 'cmake_target_skip_unavailable' from command line to 'False'
[1.982s] Level 5:colcon.colcon_core.verb:set package 'camera_pkg' build argument 'cmake_clean_cache' from command line to 'False'
[1.982s] Level 5:colcon.colcon_core.verb:set package 'camera_pkg' build argument 'cmake_clean_first' from command line to 'False'
[1.982s] Level 5:colcon.colcon_core.verb:set package 'camera_pkg' build argument 'cmake_force_configure' from command line to 'False'
[1.982s] Level 5:colcon.colcon_core.verb:set package 'camera_pkg' build argument 'ament_cmake_args' from command line to 'None'
[1.982s] Level 5:colcon.colcon_core.verb:set package 'camera_pkg' build argument 'catkin_cmake_args' from command line to 'None'
[1.982s] Level 5:colcon.colcon_core.verb:set package 'camera_pkg' build argument 'catkin_skip_building_tests' from command line to 'False'
[1.982s] DEBUG:colcon.colcon_core.verb:Building package 'camera_pkg' with the following arguments: {'ament_cmake_args': None, 'build_base': '/home/f1tenth/f1tenth_mrc_ws/build/camera_pkg', 'catkin_cmake_args': None, 'catkin_skip_building_tests': False, 'cmake_args': None, 'cmake_clean_cache': False, 'cmake_clean_first': False, 'cmake_force_configure': False, 'cmake_target': None, 'cmake_target_skip_unavailable': False, 'install_base': '/home/f1tenth/f1tenth_mrc_ws/install/camera_pkg', 'merge_install': False, 'path': '/home/f1tenth/f1tenth_mrc_ws/src/camera_pkg', 'symlink_install': False, 'test_result_base': None}
[1.984s] Level 5:colcon.colcon_core.verb:set package 'f1tenth_gym_ros' build argument 'cmake_args' from command line to 'None'
[1.984s] Level 5:colcon.colcon_core.verb:set package 'f1tenth_gym_ros' build argument 'cmake_target' from command line to 'None'
[1.984s] Level 5:colcon.colcon_core.verb:set package 'f1tenth_gym_ros' build argument 'cmake_target_skip_unavailable' from command line to 'False'
[1.984s] Level 5:colcon.colcon_core.verb:set package 'f1tenth_gym_ros' build argument 'cmake_clean_cache' from command line to 'False'
[1.984s] Level 5:colcon.colcon_core.verb:set package 'f1tenth_gym_ros' build argument 'cmake_clean_first' from command line to 'False'
[1.984s] Level 5:colcon.colcon_core.verb:set package 'f1tenth_gym_ros' build argument 'cmake_force_configure' from command line to 'False'
[1.985s] Level 5:colcon.colcon_core.verb:set package 'f1tenth_gym_ros' build argument 'ament_cmake_args' from command line to 'None'
[1.985s] Level 5:colcon.colcon_core.verb:set package 'f1tenth_gym_ros' build argument 'catkin_cmake_args' from command line to 'None'
[1.985s] Level 5:colcon.colcon_core.verb:set package 'f1tenth_gym_ros' build argument 'catkin_skip_building_tests' from command line to 'False'
[1.985s] DEBUG:colcon.colcon_core.verb:Building package 'f1tenth_gym_ros' with the following arguments: {'ament_cmake_args': None, 'build_base': '/home/f1tenth/f1tenth_mrc_ws/build/f1tenth_gym_ros', 'catkin_cmake_args': None, 'catkin_skip_building_tests': False, 'cmake_args': None, 'cmake_clean_cache': False, 'cmake_clean_first': False, 'cmake_force_configure': False, 'cmake_target': None, 'cmake_target_skip_unavailable': False, 'install_base': '/home/f1tenth/f1tenth_mrc_ws/install/f1tenth_gym_ros', 'merge_install': False, 'path': '/home/f1tenth/f1tenth_mrc_ws/src/f1tenth_gym_ros', 'symlink_install': False, 'test_result_base': None}
[1.986s] Level 5:colcon.colcon_core.verb:set package 'gap_follow' build argument 'cmake_args' from command line to 'None'
[1.986s] Level 5:colcon.colcon_core.verb:set package 'gap_follow' build argument 'cmake_target' from command line to 'None'
[1.987s] Level 5:colcon.colcon_core.verb:set package 'gap_follow' build argument 'cmake_target_skip_unavailable' from command line to 'False'
[1.987s] Level 5:colcon.colcon_core.verb:set package 'gap_follow' build argument 'cmake_clean_cache' from command line to 'False'
[1.987s] Level 5:colcon.colcon_core.verb:set package 'gap_follow' build argument 'cmake_clean_first' from command line to 'False'
[1.987s] Level 5:colcon.colcon_core.verb:set package 'gap_follow' build argument 'cmake_force_configure' from command line to 'False'
[1.987s] Level 5:colcon.colcon_core.verb:set package 'gap_follow' build argument 'ament_cmake_args' from command line to 'None'
[1.987s] Level 5:colcon.colcon_core.verb:set package 'gap_follow' build argument 'catkin_cmake_args' from command line to 'None'
[1.987s] Level 5:colcon.colcon_core.verb:set package 'gap_follow' build argument 'catkin_skip_building_tests' from command line to 'False'
[1.987s] DEBUG:colcon.colcon_core.verb:Building package 'gap_follow' with the following arguments: {'ament_cmake_args': None, 'build_base': '/home/f1tenth/f1tenth_mrc_ws/build/gap_follow', 'catkin_cmake_args': None, 'catkin_skip_building_tests': False, 'cmake_args': None, 'cmake_clean_cache': False, 'cmake_clean_first': False, 'cmake_force_configure': False, 'cmake_target': None, 'cmake_target_skip_unavailable': False, 'install_base': '/home/f1tenth/f1tenth_mrc_ws/install/gap_follow', 'merge_install': False, 'path': '/home/f1tenth/f1tenth_mrc_ws/src/f1tenth_lab4_template/gap_follow', 'symlink_install': False, 'test_result_base': None}
[1.989s] Level 5:colcon.colcon_core.verb:set package 'particle_filter' build argument 'cmake_args' from command line to 'None'
[1.989s] Level 5:colcon.colcon_core.verb:set package 'particle_filter' build argument 'cmake_target' from command line to 'None'
[1.990s] Level 5:colcon.colcon_core.verb:set package 'particle_filter' build argument 'cmake_target_skip_unavailable' from command line to 'False'
[1.990s] Level 5:colcon.colcon_core.verb:set package 'particle_filter' build argument 'cmake_clean_cache' from command line to 'False'
[1.990s] Level 5:colcon.colcon_core.verb:set package 'particle_filter' build argument 'cmake_clean_first' from command line to 'False'
[1.991s] Level 5:colcon.colcon_core.verb:set package 'particle_filter' build argument 'cmake_force_configure' from command line to 'False'
[1.991s] Level 5:colcon.colcon_core.verb:set package 'particle_filter' build argument 'ament_cmake_args' from command line to 'None'
[1.991s] Level 5:colcon.colcon_core.verb:set package 'particle_filter' build argument 'catkin_cmake_args' from command line to 'None'
[1.991s] Level 5:colcon.colcon_core.verb:set package 'particle_filter' build argument 'catkin_skip_building_tests' from command line to 'False'
[1.991s] DEBUG:colcon.colcon_core.verb:Building package 'particle_filter' with the following arguments: {'ament_cmake_args': None, 'build_base': '/home/f1tenth/f1tenth_mrc_ws/build/particle_filter', 'catkin_cmake_args': None, 'catkin_skip_building_tests': False, 'cmake_args': None, 'cmake_clean_cache': False, 'cmake_clean_first': False, 'cmake_force_configure': False, 'cmake_target': None, 'cmake_target_skip_unavailable': False, 'install_base': '/home/f1tenth/f1tenth_mrc_ws/install/particle_filter', 'merge_install': False, 'path': '/home/f1tenth/f1tenth_mrc_ws/src/particle_filter', 'symlink_install': False, 'test_result_base': None}
[1.993s] Level 5:colcon.colcon_core.verb:set package 'ppo_racing' build argument 'cmake_args' from command line to 'None'
[1.993s] Level 5:colcon.colcon_core.verb:set package 'ppo_racing' build argument 'cmake_target' from command line to 'None'
[1.993s] Level 5:colcon.colcon_core.verb:set package 'ppo_racing' build argument 'cmake_target_skip_unavailable' from command line to 'False'
[1.993s] Level 5:colcon.colcon_core.verb:set package 'ppo_racing' build argument 'cmake_clean_cache' from command line to 'False'
[1.993s] Level 5:colcon.colcon_core.verb:set package 'ppo_racing' build argument 'cmake_clean_first' from command line to 'False'
[1.993s] Level 5:colcon.colcon_core.verb:set package 'ppo_racing' build argument 'cmake_force_configure' from command line to 'False'
[1.993s] Level 5:colcon.colcon_core.verb:set package 'ppo_racing' build argument 'ament_cmake_args' from command line to 'None'
[1.993s] Level 5:colcon.colcon_core.verb:set package 'ppo_racing' build argument 'catkin_cmake_args' from command line to 'None'
[1.994s] Level 5:colcon.colcon_core.verb:set package 'ppo_racing' build argument 'catkin_skip_building_tests' from command line to 'False'
[1.994s] DEBUG:colcon.colcon_core.verb:Building package 'ppo_racing' with the following arguments: {'ament_cmake_args': None, 'build_base': '/home/f1tenth/f1tenth_mrc_ws/build/ppo_racing', 'catkin_cmake_args': None, 'catkin_skip_building_tests': False, 'cmake_args': None, 'cmake_clean_cache': False, 'cmake_clean_first': False, 'cmake_force_configure': False, 'cmake_target': None, 'cmake_target_skip_unavailable': False, 'install_base': '/home/f1tenth/f1tenth_mrc_ws/install/ppo_racing', 'merge_install': False, 'path': '/home/f1tenth/f1tenth_mrc_ws/src/ppo_racing', 'symlink_install': False, 'test_result_base': None}
[1.995s] Level 5:colcon.colcon_core.verb:set package 'pure_pursuit' build argument 'cmake_args' from command line to 'None'
[1.995s] Level 5:colcon.colcon_core.verb:set package 'pure_pursuit' build argument 'cmake_target' from command line to 'None'
[1.995s] Level 5:colcon.colcon_core.verb:set package 'pure_pursuit' build argument 'cmake_target_skip_unavailable' from command line to 'False'
[1.995s] Level 5:colcon.colcon_core.verb:set package 'pure_pursuit' build argument 'cmake_clean_cache' from command line to 'False'
[1.996s] Level 5:colcon.colcon_core.verb:set package 'pure_pursuit' build argument 'cmake_clean_first' from command line to 'False'
[1.996s] Level 5:colcon.colcon_core.verb:set package 'pure_pursuit' build argument 'cmake_force_configure' from command line to 'False'
[1.996s] Level 5:colcon.colcon_core.verb:set package 'pure_pursuit' build argument 'ament_cmake_args' from command line to 'None'
[1.996s] Level 5:colcon.colcon_core.verb:set package 'pure_pursuit' build argument 'catkin_cmake_args' from command line to 'None'
[1.996s] Level 5:colcon.colcon_core.verb:set package 'pure_pursuit' build argument 'catkin_skip_building_tests' from command line to 'False'
[1.996s] DEBUG:colcon.colcon_core.verb:Building package 'pure_pursuit' with the following arguments: {'ament_cmake_args': None, 'build_base': '/home/f1tenth/f1tenth_mrc_ws/build/pure_pursuit', 'catkin_cmake_args': None, 'catkin_skip_building_tests': False, 'cmake_args': None, 'cmake_clean_cache': False, 'cmake_clean_first': False, 'cmake_force_configure': False, 'cmake_target': None, 'cmake_target_skip_unavailable': False, 'install_base': '/home/f1tenth/f1tenth_mrc_ws/install/pure_pursuit', 'merge_install': False, 'path': '/home/f1tenth/f1tenth_mrc_ws/src/f1tenth_lab6_template/pure_pursuit', 'symlink_install': False, 'test_result_base': None}
[1.997s] Level 5:colcon.colcon_core.verb:set package 'realsense2_camera_msgs' build argument 'cmake_args' from command line to 'None'
[1.998s] Level 5:colcon.colcon_core.verb:set package 'realsense2_camera_msgs' build argument 'cmake_target' from command line to 'None'
[1.998s] Level 5:colcon.colcon_core.verb:set package 'realsense2_camera_msgs' build argument 'cmake_target_skip_unavailable' from command line to 'False'
[1.998s] Level 5:colcon.colcon_core.verb:set package 'realsense2_camera_msgs' build argument 'cmake_clean_cache' from command line to 'False'
[1.998s] Level 5:colcon.colcon_core.verb:set package 'realsense2_camera_msgs' build argument 'cmake_clean_first' from command line to 'False'
[1.998s] Level 5:colcon.colcon_core.verb:set package 'realsense2_camera_msgs' build argument 'cmake_force_configure' from command line to 'False'
[1.998s] Level 5:colcon.colcon_core.verb:set package 'realsense2_camera_msgs' build argument 'ament_cmake_args' from command line to 'None'
[1.998s] Level 5:colcon.colcon_core.verb:set package 'realsense2_camera_msgs' build argument 'catkin_cmake_args' from command line to 'None'
[1.998s] Level 5:colcon.colcon_core.verb:set package 'realsense2_camera_msgs' build argument 'catkin_skip_building_tests' from command line to 'False'
[1.998s] DEBUG:colcon.colcon_core.verb:Building package 'realsense2_camera_msgs' with the following arguments: {'ament_cmake_args': None, 'build_base': '/home/f1tenth/f1tenth_mrc_ws/build/realsense2_camera_msgs', 'catkin_cmake_args': None, 'catkin_skip_building_tests': False, 'cmake_args': None, 'cmake_clean_cache': False, 'cmake_clean_first': False, 'cmake_force_configure': False, 'cmake_target': None, 'cmake_target_skip_unavailable': False, 'install_base': '/home/f1tenth/f1tenth_mrc_ws/install/realsense2_camera_msgs', 'merge_install': False, 'path': '/home/f1tenth/f1tenth_mrc_ws/src/realsense-ros/realsense2_camera_msgs', 'symlink_install': False, 'test_result_base': None}
[2.000s] Level 5:colcon.colcon_core.verb:set package 'rrt_package' build argument 'cmake_args' from command line to 'None'
[2.000s] Level 5:colcon.colcon_core.verb:set package 'rrt_package' build argument 'cmake_target' from command line to 'None'
[2.000s] Level 5:colcon.colcon_core.verb:set package 'rrt_package' build argument 'cmake_target_skip_unavailable' from command line to 'False'
[2.000s] Level 5:colcon.colcon_core.verb:set package 'rrt_package' build argument 'cmake_clean_cache' from command line to 'False'
[2.000s] Level 5:colcon.colcon_core.verb:set package 'rrt_package' build argument 'cmake_clean_first' from command line to 'False'
[2.000s] Level 5:colcon.colcon_core.verb:set package 'rrt_package' build argument 'cmake_force_configure' from command line to 'False'
[2.000s] Level 5:colcon.colcon_core.verb:set package 'rrt_package' build argument 'ament_cmake_args' from command line to 'None'
[2.000s] Level 5:colcon.colcon_core.verb:set package 'rrt_package' build argument 'catkin_cmake_args' from command line to 'None'
[2.001s] Level 5:colcon.colcon_core.verb:set package 'rrt_package' build argument 'catkin_skip_building_tests' from command line to 'False'
[2.001s] DEBUG:colcon.colcon_core.verb:Building package 'rrt_package' with the following arguments: {'ament_cmake_args': None, 'build_base': '/home/f1tenth/f1tenth_mrc_ws/build/rrt_package', 'catkin_cmake_args': None, 'catkin_skip_building_tests': False, 'cmake_args': None, 'cmake_clean_cache': False, 'cmake_clean_first': False, 'cmake_force_configure': False, 'cmake_target': None, 'cmake_target_skip_unavailable': False, 'install_base': '/home/f1tenth/f1tenth_mrc_ws/install/rrt_package', 'merge_install': False, 'path': '/home/f1tenth/f1tenth_mrc_ws/src/rrt_package', 'symlink_install': False, 'test_result_base': None}
[2.002s] Level 5:colcon.colcon_core.verb:set package 'safety_node' build argument 'cmake_args' from command line to 'None'
[2.002s] Level 5:colcon.colcon_core.verb:set package 'safety_node' build argument 'cmake_target' from command line to 'None'
[2.002s] Level 5:colcon.colcon_core.verb:set package 'safety_node' build argument 'cmake_target_skip_unavailable' from command line to 'False'
[2.002s] Level 5:colcon.colcon_core.verb:set package 'safety_node' build argument 'cmake_clean_cache' from command line to 'False'
[2.002s] Level 5:colcon.colcon_core.verb:set package 'safety_node' build argument 'cmake_clean_first' from command line to 'False'
[2.002s] Level 5:colcon.colcon_core.verb:set package 'safety_node' build argument 'cmake_force_configure' from command line to 'False'
[2.003s] Level 5:colcon.colcon_core.verb:set package 'safety_node' build argument 'ament_cmake_args' from command line to 'None'
[2.003s] Level 5:colcon.colcon_core.verb:set package 'safety_node' build argument 'catkin_cmake_args' from command line to 'None'
[2.003s] Level 5:colcon.colcon_core.verb:set package 'safety_node' build argument 'catkin_skip_building_tests' from command line to 'False'
[2.003s] DEBUG:colcon.colcon_core.verb:Building package 'safety_node' with the following arguments: {'ament_cmake_args': None, 'build_base': '/home/f1tenth/f1tenth_mrc_ws/build/safety_node', 'catkin_cmake_args': None, 'catkin_skip_building_tests': False, 'cmake_args': None, 'cmake_clean_cache': False, 'cmake_clean_first': False, 'cmake_force_configure': False, 'cmake_target': None, 'cmake_target_skip_unavailable': False, 'install_base': '/home/f1tenth/f1tenth_mrc_ws/install/safety_node', 'merge_install': False, 'path': '/home/f1tenth/f1tenth_mrc_ws/src/f1tenth_lab2_template/safety_node', 'symlink_install': False, 'test_result_base': None}
[2.004s] Level 5:colcon.colcon_core.verb:set package 'wall_follow' build argument 'cmake_args' from command line to 'None'
[2.004s] Level 5:colcon.colcon_core.verb:set package 'wall_follow' build argument 'cmake_target' from command line to 'None'
[2.004s] Level 5:colcon.colcon_core.verb:set package 'wall_follow' build argument 'cmake_target_skip_unavailable' from command line to 'False'
[2.005s] Level 5:colcon.colcon_core.verb:set package 'wall_follow' build argument 'cmake_clean_cache' from command line to 'False'
[2.005s] Level 5:colcon.colcon_core.verb:set package 'wall_follow' build argument 'cmake_clean_first' from command line to 'False'
[2.005s] Level 5:colcon.colcon_core.verb:set package 'wall_follow' build argument 'cmake_force_configure' from command line to 'False'
[2.005s] Level 5:colcon.colcon_core.verb:set package 'wall_follow' build argument 'ament_cmake_args' from command line to 'None'
[2.005s] Level 5:colcon.colcon_core.verb:set package 'wall_follow' build argument 'catkin_cmake_args' from command line to 'None'
[2.005s] Level 5:colcon.colcon_core.verb:set package 'wall_follow' build argument 'catkin_skip_building_tests' from command line to 'False'
[2.005s] DEBUG:colcon.colcon_core.verb:Building package 'wall_follow' with the following arguments: {'ament_cmake_args': None, 'build_base': '/home/f1tenth/f1tenth_mrc_ws/build/wall_follow', 'catkin_cmake_args': None, 'catkin_skip_building_tests': False, 'cmake_args': None, 'cmake_clean_cache': False, 'cmake_clean_first': False, 'cmake_force_configure': False, 'cmake_target': None, 'cmake_target_skip_unavailable': False, 'install_base': '/home/f1tenth/f1tenth_mrc_ws/install/wall_follow', 'merge_install': False, 'path': '/home/f1tenth/f1tenth_mrc_ws/src/f1tenth_lab3_template/wall_follow', 'symlink_install': False, 'test_result_base': None}
[2.006s] Level 5:colcon.colcon_core.verb:set package 'waypoint_logger' build argument 'cmake_args' from command line to 'None'
[2.007s] Level 5:colcon.colcon_core.verb:set package 'waypoint_logger' build argument 'cmake_target' from command line to 'None'
[2.007s] Level 5:colcon.colcon_core.verb:set package 'waypoint_logger' build argument 'cmake_target_skip_unavailable' from command line to 'False'
[2.007s] Level 5:colcon.colcon_core.verb:set package 'waypoint_logger' build argument 'cmake_clean_cache' from command line to 'False'
[2.007s] Level 5:colcon.colcon_core.verb:set package 'waypoint_logger' build argument 'cmake_clean_first' from command line to 'False'
[2.007s] Level 5:colcon.colcon_core.verb:set package 'waypoint_logger' build argument 'cmake_force_configure' from command line to 'False'
[2.007s] Level 5:colcon.colcon_core.verb:set package 'waypoint_logger' build argument 'ament_cmake_args' from command line to 'None'
[2.007s] Level 5:colcon.colcon_core.verb:set package 'waypoint_logger' build argument 'catkin_cmake_args' from command line to 'None'
[2.007s] Level 5:colcon.colcon_core.verb:set package 'waypoint_logger' build argument 'catkin_skip_building_tests' from command line to 'False'
[2.007s] DEBUG:colcon.colcon_core.verb:Building package 'waypoint_logger' with the following arguments: {'ament_cmake_args': None, 'build_base': '/home/f1tenth/f1tenth_mrc_ws/build/waypoint_logger', 'catkin_cmake_args': None, 'catkin_skip_building_tests': False, 'cmake_args': None, 'cmake_clean_cache': False, 'cmake_clean_first': False, 'cmake_force_configure': False, 'cmake_target': None, 'cmake_target_skip_unavailable': False, 'install_base': '/home/f1tenth/f1tenth_mrc_ws/install/waypoint_logger', 'merge_install': False, 'path': '/home/f1tenth/f1tenth_mrc_ws/src/waypoint_logger', 'symlink_install': False, 'test_result_base': None}
[2.009s] Level 5:colcon.colcon_core.verb:set package 'realsense2_camera' build argument 'cmake_args' from command line to 'None'
[2.009s] Level 5:colcon.colcon_core.verb:set package 'realsense2_camera' build argument 'cmake_target' from command line to 'None'
[2.009s] Level 5:colcon.colcon_core.verb:set package 'realsense2_camera' build argument 'cmake_target_skip_unavailable' from command line to 'False'
[2.009s] Level 5:colcon.colcon_core.verb:set package 'realsense2_camera' build argument 'cmake_clean_cache' from command line to 'False'
[2.009s] Level 5:colcon.colcon_core.verb:set package 'realsense2_camera' build argument 'cmake_clean_first' from command line to 'False'
[2.009s] Level 5:colcon.colcon_core.verb:set package 'realsense2_camera' build argument 'cmake_force_configure' from command line to 'False'
[2.009s] Level 5:colcon.colcon_core.verb:set package 'realsense2_camera' build argument 'ament_cmake_args' from command line to 'None'
[2.009s] Level 5:colcon.colcon_core.verb:set package 'realsense2_camera' build argument 'catkin_cmake_args' from command line to 'None'
[2.009s] Level 5:colcon.colcon_core.verb:set package 'realsense2_camera' build argument 'catkin_skip_building_tests' from command line to 'False'
[2.010s] DEBUG:colcon.colcon_core.verb:Building package 'realsense2_camera' with the following arguments: {'ament_cmake_args': None, 'build_base': '/home/f1tenth/f1tenth_mrc_ws/build/realsense2_camera', 'catkin_cmake_args': None, 'catkin_skip_building_tests': False, 'cmake_args': None, 'cmake_clean_cache': False, 'cmake_clean_first': False, 'cmake_force_configure': False, 'cmake_target': None, 'cmake_target_skip_unavailable': False, 'install_base': '/home/f1tenth/f1tenth_mrc_ws/install/realsense2_camera', 'merge_install': False, 'path': '/home/f1tenth/f1tenth_mrc_ws/src/realsense-ros/realsense2_camera', 'symlink_install': False, 'test_result_base': None}
[2.011s] Level 5:colcon.colcon_core.verb:set package 'realsense2_description' build argument 'cmake_args' from command line to 'None'
[2.011s] Level 5:colcon.colcon_core.verb:set package 'realsense2_description' build argument 'cmake_target' from command line to 'None'
[2.011s] Level 5:colcon.colcon_core.verb:set package 'realsense2_description' build argument 'cmake_target_skip_unavailable' from command line to 'False'
[2.011s] Level 5:colcon.colcon_core.verb:set package 'realsense2_description' build argument 'cmake_clean_cache' from command line to 'False'
[2.011s] Level 5:colcon.colcon_core.verb:set package 'realsense2_description' build argument 'cmake_clean_first' from command line to 'False'
[2.011s] Level 5:colcon.colcon_core.verb:set package 'realsense2_description' build argument 'cmake_force_configure' from command line to 'False'
[2.011s] Level 5:colcon.colcon_core.verb:set package 'realsense2_description' build argument 'ament_cmake_args' from command line to 'None'
[2.012s] Level 5:colcon.colcon_core.verb:set package 'realsense2_description' build argument 'catkin_cmake_args' from command line to 'None'
[2.012s] Level 5:colcon.colcon_core.verb:set package 'realsense2_description' build argument 'catkin_skip_building_tests' from command line to 'False'
[2.012s] DEBUG:colcon.colcon_core.verb:Building package 'realsense2_description' with the following arguments: {'ament_cmake_args': None, 'build_base': '/home/f1tenth/f1tenth_mrc_ws/build/realsense2_description', 'catkin_cmake_args': None, 'catkin_skip_building_tests': False, 'cmake_args': None, 'cmake_clean_cache': False, 'cmake_clean_first': False, 'cmake_force_configure': False, 'cmake_target': None, 'cmake_target_skip_unavailable': False, 'install_base': '/home/f1tenth/f1tenth_mrc_ws/install/realsense2_description', 'merge_install': False, 'path': '/home/f1tenth/f1tenth_mrc_ws/src/realsense-ros/realsense2_description', 'symlink_install': False, 'test_result_base': None}
[2.012s] INFO:colcon.colcon_core.executor:Executing jobs using 'parallel' executor
[2.016s] DEBUG:colcon.colcon_parallel_executor.executor.parallel:run_until_complete
[2.017s] INFO:colcon.colcon_ros.task.ament_cmake.build:Building ROS package in '/home/f1tenth/f1tenth_mrc_ws/src/realsense-ros/realsense2_camera_msgs' with build type 'ament_cmake'
[2.019s] INFO:colcon.colcon_cmake.task.cmake.build:Building CMake package in '/home/f1tenth/f1tenth_mrc_ws/src/realsense-ros/realsense2_camera_msgs'
[2.031s] INFO:colcon.colcon_core.plugin_system:Skipping extension 'colcon_core.shell.bat': Not used on non-Windows systems
[2.032s] INFO:colcon.colcon_core.shell:Skip shell extension 'powershell' for command environment: Not usable outside of PowerShell
[2.032s] DEBUG:colcon.colcon_core.shell:Skip shell extension 'dsv' for command environment
[2.056s] INFO:colcon.colcon_ros.task.ament_python.build:Building ROS package in '/home/f1tenth/f1tenth_mrc_ws/src/camera_pkg' with build type 'ament_python'
[2.060s] Level 1:colcon.colcon_core.shell:create_environment_hook('camera_pkg', 'ament_prefix_path')
[2.065s] INFO:colcon.colcon_core.shell:Creating environment hook '/home/f1tenth/f1tenth_mrc_ws/install/camera_pkg/share/camera_pkg/hook/ament_prefix_path.ps1'
[2.071s] INFO:colcon.colcon_core.shell:Creating environment descriptor '/home/f1tenth/f1tenth_mrc_ws/install/camera_pkg/share/camera_pkg/hook/ament_prefix_path.dsv'
[2.073s] INFO:colcon.colcon_core.shell:Creating environment hook '/home/f1tenth/f1tenth_mrc_ws/install/camera_pkg/share/camera_pkg/hook/ament_prefix_path.sh'
[2.076s] INFO:colcon.colcon_core.shell:Skip shell extension 'powershell' for command environment: Not usable outside of PowerShell
[2.077s] DEBUG:colcon.colcon_core.shell:Skip shell extension 'dsv' for command environment
[2.099s] INFO:colcon.colcon_ros.task.ament_python.build:Building ROS package in '/home/f1tenth/f1tenth_mrc_ws/src/f1tenth_gym_ros' with build type 'ament_python'
[2.105s] Level 1:colcon.colcon_core.shell:create_environment_hook('f1tenth_gym_ros', 'ament_prefix_path')
[2.109s] INFO:colcon.colcon_core.shell:Creating environment hook '/home/f1tenth/f1tenth_mrc_ws/install/f1tenth_gym_ros/share/f1tenth_gym_ros/hook/ament_prefix_path.ps1'
[2.113s] INFO:colcon.colcon_core.shell:Creating environment descriptor '/home/f1tenth/f1tenth_mrc_ws/install/f1tenth_gym_ros/share/f1tenth_gym_ros/hook/ament_prefix_path.dsv'
[2.117s] INFO:colcon.colcon_core.shell:Creating environment hook '/home/f1tenth/f1tenth_mrc_ws/install/f1tenth_gym_ros/share/f1tenth_gym_ros/hook/ament_prefix_path.sh'
[2.123s] INFO:colcon.colcon_core.shell:Skip shell extension 'powershell' for command environment: Not usable outside of PowerShell
[2.123s] DEBUG:colcon.colcon_core.shell:Skip shell extension 'dsv' for command environment
[2.146s] INFO:colcon.colcon_ros.task.ament_cmake.build:Building ROS package in '/home/f1tenth/f1tenth_mrc_ws/src/f1tenth_lab4_template/gap_follow' with build type 'ament_cmake'
[2.150s] INFO:colcon.colcon_cmake.task.cmake.build:Building CMake package in '/home/f1tenth/f1tenth_mrc_ws/src/f1tenth_lab4_template/gap_follow'
[2.153s] INFO:colcon.colcon_core.shell:Skip shell extension 'powershell' for command environment: Not usable outside of PowerShell
[2.153s] DEBUG:colcon.colcon_core.shell:Skip shell extension 'dsv' for command environment
[2.215s] DEBUG:colcon.colcon_core.event_handler.log_command:Invoking command in '/home/f1tenth/f1tenth_mrc_ws/build/realsense2_camera_msgs': CMAKE_PREFIX_PATH=/opt/ros/foxy /usr/bin/cmake /home/f1tenth/f1tenth_mrc_ws/src/realsense-ros/realsense2_camera_msgs -DCMAKE_INSTALL_PREFIX=/home/f1tenth/f1tenth_mrc_ws/install/realsense2_camera_msgs
[3.363s] INFO:colcon.colcon_core.task.python.build:Building Python package in '/home/f1tenth/f1tenth_mrc_ws/src/camera_pkg'
[3.372s] INFO:colcon.colcon_core.shell:Skip shell extension 'powershell' for command environment: Not usable outside of PowerShell
[3.372s] DEBUG:colcon.colcon_core.shell:Skip shell extension 'dsv' for command environment
[4.563s] INFO:colcon.colcon_core.task.python.build:Building Python package in '/home/f1tenth/f1tenth_mrc_ws/src/f1tenth_gym_ros'
[4.566s] INFO:colcon.colcon_core.shell:Skip shell extension 'powershell' for command environment: Not usable outside of PowerShell
[4.566s] DEBUG:colcon.colcon_core.shell:Skip shell extension 'dsv' for command environment
[4.605s] DEBUG:colcon.colcon_core.event_handler.log_command:Invoking command in '/home/f1tenth/f1tenth_mrc_ws/build/gap_follow': CMAKE_PREFIX_PATH=/opt/ros/foxy /usr/bin/cmake /home/f1tenth/f1tenth_mrc_ws/src/f1tenth_lab4_template/gap_follow -DCMAKE_INSTALL_PREFIX=/home/f1tenth/f1tenth_mrc_ws/install/gap_follow
[6.996s] DEBUG:colcon.colcon_core.event_handler.log_command:Invoking command in '/home/f1tenth/f1tenth_mrc_ws/src/camera_pkg': PYTHONPATH=/home/f1tenth/f1tenth_mrc_ws/build/camera_pkg/prefix_override:/usr/lib/python3/dist-packages/colcon_core/task/python/colcon_distutils_commands:/home/f1tenth/f1tenth_mrc_ws/install/camera_pkg/lib/python3.8/site-packages:${PYTHONPATH} /usr/bin/python3 -W ignore:setup.py install is deprecated -W ignore:easy_install command is deprecated setup.py egg_info --egg-base ../../build/camera_pkg build --build-base /home/f1tenth/f1tenth_mrc_ws/build/camera_pkg/build install --record /home/f1tenth/f1tenth_mrc_ws/build/camera_pkg/install.log --install-scripts $base/lib/camera_pkg --single-version-externally-managed install_data
[7.256s] DEBUG:colcon.colcon_core.event_handler.log_command:Invoking command in '/home/f1tenth/f1tenth_mrc_ws/src/f1tenth_gym_ros': PYTHONPATH=/home/f1tenth/f1tenth_mrc_ws/build/f1tenth_gym_ros/prefix_override:/usr/lib/python3/dist-packages/colcon_core/task/python/colcon_distutils_commands:/home/f1tenth/f1tenth_mrc_ws/install/f1tenth_gym_ros/lib/python3.8/site-packages:${PYTHONPATH} /usr/bin/python3 -W ignore:setup.py install is deprecated -W ignore:easy_install command is deprecated setup.py egg_info --egg-base ../../build/f1tenth_gym_ros build --build-base /home/f1tenth/f1tenth_mrc_ws/build/f1tenth_gym_ros/build install --record /home/f1tenth/f1tenth_mrc_ws/build/f1tenth_gym_ros/install.log --single-version-externally-managed install_data
[8.556s] DEBUG:colcon.colcon_core.event_handler.log_command:Invoked command in '/home/f1tenth/f1tenth_mrc_ws/src/camera_pkg' returned '0': PYTHONPATH=/home/f1tenth/f1tenth_mrc_ws/build/camera_pkg/prefix_override:/usr/lib/python3/dist-packages/colcon_core/task/python/colcon_distutils_commands:/home/f1tenth/f1tenth_mrc_ws/install/camera_pkg/lib/python3.8/site-packages:${PYTHONPATH} /usr/bin/python3 -W ignore:setup.py install is deprecated -W ignore:easy_install command is deprecated setup.py egg_info --egg-base ../../build/camera_pkg build --build-base /home/f1tenth/f1tenth_mrc_ws/build/camera_pkg/build install --record /home/f1tenth/f1tenth_mrc_ws/build/camera_pkg/install.log --install-scripts $base/lib/camera_pkg --single-version-externally-managed install_data
[8.565s] Level 1:colcon.colcon_core.environment:checking '/home/f1tenth/f1tenth_mrc_ws/install/camera_pkg' for CMake module files
[8.569s] Level 1:colcon.colcon_core.environment:checking '/home/f1tenth/f1tenth_mrc_ws/install/camera_pkg' for CMake config files
[8.572s] Level 1:colcon.colcon_core.environment:checking '/home/f1tenth/f1tenth_mrc_ws/install/camera_pkg/lib'
[8.573s] Level 1:colcon.colcon_core.environment:checking '/home/f1tenth/f1tenth_mrc_ws/install/camera_pkg/bin'
[8.573s] Level 1:colcon.colcon_core.environment:checking '/home/f1tenth/f1tenth_mrc_ws/install/camera_pkg/lib/pkgconfig/camera_pkg.pc'
[8.575s] Level 1:colcon.colcon_core.environment:checking '/home/f1tenth/f1tenth_mrc_ws/install/camera_pkg/lib/python3.8/site-packages'
[8.575s] Level 1:colcon.colcon_core.shell:create_environment_hook('camera_pkg', 'pythonpath')
[8.576s] INFO:colcon.colcon_core.shell:Creating environment hook '/home/f1tenth/f1tenth_mrc_ws/install/camera_pkg/share/camera_pkg/hook/pythonpath.ps1'
[8.579s] INFO:colcon.colcon_core.shell:Creating environment descriptor '/home/f1tenth/f1tenth_mrc_ws/install/camera_pkg/share/camera_pkg/hook/pythonpath.dsv'
[8.580s] INFO:colcon.colcon_core.shell:Creating environment hook '/home/f1tenth/f1tenth_mrc_ws/install/camera_pkg/share/camera_pkg/hook/pythonpath.sh'
[8.583s] Level 1:colcon.colcon_core.environment:checking '/home/f1tenth/f1tenth_mrc_ws/install/camera_pkg/bin'
[8.583s] Level 1:colcon.colcon_core.environment:create_environment_scripts_only(camera_pkg)
[8.584s] INFO:colcon.colcon_core.shell:Creating package script '/home/f1tenth/f1tenth_mrc_ws/install/camera_pkg/share/camera_pkg/package.ps1'
[8.589s] INFO:colcon.colcon_core.shell:Creating package descriptor '/home/f1tenth/f1tenth_mrc_ws/install/camera_pkg/share/camera_pkg/package.dsv'
[8.592s] INFO:colcon.colcon_core.shell:Creating package script '/home/f1tenth/f1tenth_mrc_ws/install/camera_pkg/share/camera_pkg/package.sh'
[8.596s] INFO:colcon.colcon_core.shell:Creating package script '/home/f1tenth/f1tenth_mrc_ws/install/camera_pkg/share/camera_pkg/package.bash'
[8.598s] INFO:colcon.colcon_core.shell:Creating package script '/home/f1tenth/f1tenth_mrc_ws/install/camera_pkg/share/camera_pkg/package.zsh'
[8.601s] Level 1:colcon.colcon_core.environment:create_file_with_runtime_dependencies(/home/f1tenth/f1tenth_mrc_ws/install/camera_pkg/share/colcon-core/packages/camera_pkg)
[8.607s] INFO:colcon.colcon_ros.task.ament_python.build:Building ROS package in '/home/f1tenth/f1tenth_mrc_ws/src/particle_filter' with build type 'ament_python'
[8.608s] Level 1:colcon.colcon_core.shell:create_environment_hook('particle_filter', 'ament_prefix_path')
[8.609s] INFO:colcon.colcon_core.shell:Creating environment hook '/home/f1tenth/f1tenth_mrc_ws/install/particle_filter/share/particle_filter/hook/ament_prefix_path.ps1'
[8.611s] INFO:colcon.colcon_core.shell:Creating environment descriptor '/home/f1tenth/f1tenth_mrc_ws/install/particle_filter/share/particle_filter/hook/ament_prefix_path.dsv'
[8.612s] INFO:colcon.colcon_core.shell:Creating environment hook '/home/f1tenth/f1tenth_mrc_ws/install/particle_filter/share/particle_filter/hook/ament_prefix_path.sh'
[8.615s] INFO:colcon.colcon_core.shell:Skip shell extension 'powershell' for command environment: Not usable outside of PowerShell
[8.615s] DEBUG:colcon.colcon_core.shell:Skip shell extension 'dsv' for command environment
[9.989s] INFO:colcon.colcon_core.task.python.build:Building Python package in '/home/f1tenth/f1tenth_mrc_ws/src/particle_filter'
[9.993s] INFO:colcon.colcon_core.shell:Skip shell extension 'powershell' for command environment: Not usable outside of PowerShell
[9.995s] DEBUG:colcon.colcon_core.shell:Skip shell extension 'dsv' for command environment
[10.029s] Level 1:colcon.colcon_core.environment:checking '/home/f1tenth/f1tenth_mrc_ws/install/f1tenth_gym_ros' for CMake module files
[10.032s] DEBUG:colcon.colcon_core.event_handler.log_command:Invoked command in '/home/f1tenth/f1tenth_mrc_ws/src/f1tenth_gym_ros' returned '0': PYTHONPATH=/home/f1tenth/f1tenth_mrc_ws/build/f1tenth_gym_ros/prefix_override:/usr/lib/python3/dist-packages/colcon_core/task/python/colcon_distutils_commands:/home/f1tenth/f1tenth_mrc_ws/install/f1tenth_gym_ros/lib/python3.8/site-packages:${PYTHONPATH} /usr/bin/python3 -W ignore:setup.py install is deprecated -W ignore:easy_install command is deprecated setup.py egg_info --egg-base ../../build/f1tenth_gym_ros build --build-base /home/f1tenth/f1tenth_mrc_ws/build/f1tenth_gym_ros/build install --record /home/f1tenth/f1tenth_mrc_ws/build/f1tenth_gym_ros/install.log --single-version-externally-managed install_data
[10.036s] Level 1:colcon.colcon_core.environment:checking '/home/f1tenth/f1tenth_mrc_ws/install/f1tenth_gym_ros' for CMake config files
[10.039s] Level 1:colcon.colcon_core.environment:checking '/home/f1tenth/f1tenth_mrc_ws/install/f1tenth_gym_ros/lib'
[10.039s] Level 1:colcon.colcon_core.environment:checking '/home/f1tenth/f1tenth_mrc_ws/install/f1tenth_gym_ros/bin'
[10.040s] Level 1:colcon.colcon_core.environment:checking '/home/f1tenth/f1tenth_mrc_ws/install/f1tenth_gym_ros/lib/pkgconfig/f1tenth_gym_ros.pc'
[10.041s] Level 1:colcon.colcon_core.environment:checking '/home/f1tenth/f1tenth_mrc_ws/install/f1tenth_gym_ros/lib/python3.8/site-packages'
[10.041s] Level 1:colcon.colcon_core.shell:create_environment_hook('f1tenth_gym_ros', 'pythonpath')
[10.042s] INFO:colcon.colcon_core.shell:Creating environment hook '/home/f1tenth/f1tenth_mrc_ws/install/f1tenth_gym_ros/share/f1tenth_gym_ros/hook/pythonpath.ps1'
[10.046s] INFO:colcon.colcon_core.shell:Creating environment descriptor '/home/f1tenth/f1tenth_mrc_ws/install/f1tenth_gym_ros/share/f1tenth_gym_ros/hook/pythonpath.dsv'
[10.047s] INFO:colcon.colcon_core.shell:Creating environment hook '/home/f1tenth/f1tenth_mrc_ws/install/f1tenth_gym_ros/share/f1tenth_gym_ros/hook/pythonpath.sh'
[10.050s] Level 1:colcon.colcon_core.environment:checking '/home/f1tenth/f1tenth_mrc_ws/install/f1tenth_gym_ros/bin'
[10.050s] Level 1:colcon.colcon_core.environment:create_environment_scripts_only(f1tenth_gym_ros)
[10.053s] INFO:colcon.colcon_core.shell:Creating package script '/home/f1tenth/f1tenth_mrc_ws/install/f1tenth_gym_ros/share/f1tenth_gym_ros/package.ps1'
[10.056s] INFO:colcon.colcon_core.shell:Creating package descriptor '/home/f1tenth/f1tenth_mrc_ws/install/f1tenth_gym_ros/share/f1tenth_gym_ros/package.dsv'
[10.058s] INFO:colcon.colcon_core.shell:Creating package script '/home/f1tenth/f1tenth_mrc_ws/install/f1tenth_gym_ros/share/f1tenth_gym_ros/package.sh'
[10.060s] INFO:colcon.colcon_core.shell:Creating package script '/home/f1tenth/f1tenth_mrc_ws/install/f1tenth_gym_ros/share/f1tenth_gym_ros/package.bash'
[10.061s] INFO:colcon.colcon_core.shell:Creating package script '/home/f1tenth/f1tenth_mrc_ws/install/f1tenth_gym_ros/share/f1tenth_gym_ros/package.zsh'
[10.063s] Level 1:colcon.colcon_core.environment:create_file_with_runtime_dependencies(/home/f1tenth/f1tenth_mrc_ws/install/f1tenth_gym_ros/share/colcon-core/packages/f1tenth_gym_ros)
[10.068s] INFO:colcon.colcon_ros.task.ament_python.build:Building ROS package in '/home/f1tenth/f1tenth_mrc_ws/src/ppo_racing' with build type 'ament_python'
[10.070s] Level 1:colcon.colcon_core.shell:create_environment_hook('ppo_racing', 'ament_prefix_path')
[10.071s] INFO:colcon.colcon_core.shell:Creating environment hook '/home/f1tenth/f1tenth_mrc_ws/install/ppo_racing/share/ppo_racing/hook/ament_prefix_path.ps1'
[10.073s] INFO:colcon.colcon_core.shell:Creating environment descriptor '/home/f1tenth/f1tenth_mrc_ws/install/ppo_racing/share/ppo_racing/hook/ament_prefix_path.dsv'
[10.075s] INFO:colcon.colcon_core.shell:Creating environment hook '/home/f1tenth/f1tenth_mrc_ws/install/ppo_racing/share/ppo_racing/hook/ament_prefix_path.sh'
[10.078s] INFO:colcon.colcon_core.shell:Skip shell extension 'powershell' for command environment: Not usable outside of PowerShell
[10.078s] DEBUG:colcon.colcon_core.shell:Skip shell extension 'dsv' for command environment
[11.985s] INFO:colcon.colcon_core.task.python.build:Building Python package in '/home/f1tenth/f1tenth_mrc_ws/src/ppo_racing'
[11.990s] INFO:colcon.colcon_core.shell:Skip shell extension 'powershell' for command environment: Not usable outside of PowerShell
[11.990s] DEBUG:colcon.colcon_core.shell:Skip shell extension 'dsv' for command environment
[12.561s] DEBUG:colcon.colcon_core.event_handler.log_command:Invoking command in '/home/f1tenth/f1tenth_mrc_ws/src/particle_filter': PYTHONPATH=/home/f1tenth/f1tenth_mrc_ws/build/particle_filter/prefix_override:/usr/lib/python3/dist-packages/colcon_core/task/python/colcon_distutils_commands:/home/f1tenth/f1tenth_mrc_ws/install/particle_filter/lib/python3.8/site-packages:${PYTHONPATH} /usr/bin/python3 -W ignore:setup.py install is deprecated -W ignore:easy_install command is deprecated setup.py egg_info --egg-base ../../build/particle_filter build --build-base /home/f1tenth/f1tenth_mrc_ws/build/particle_filter/build install --record /home/f1tenth/f1tenth_mrc_ws/build/particle_filter/install.log --install-scripts $base/lib/particle_filter --single-version-externally-managed install_data
[14.182s] DEBUG:colcon.colcon_core.event_handler.log_command:Invoked command in '/home/f1tenth/f1tenth_mrc_ws/build/realsense2_camera_msgs' returned '0': CMAKE_PREFIX_PATH=/opt/ros/foxy /usr/bin/cmake /home/f1tenth/f1tenth_mrc_ws/src/realsense-ros/realsense2_camera_msgs -DCMAKE_INSTALL_PREFIX=/home/f1tenth/f1tenth_mrc_ws/install/realsense2_camera_msgs
[14.189s] DEBUG:colcon.colcon_core.event_handler.log_command:Invoking command in '/home/f1tenth/f1tenth_mrc_ws/build/realsense2_camera_msgs': CMAKE_PREFIX_PATH=/opt/ros/foxy /usr/bin/cmake --build /home/f1tenth/f1tenth_mrc_ws/build/realsense2_camera_msgs -- -j4 -l4
[14.393s] Level 1:colcon.colcon_core.environment:checking '/home/f1tenth/f1tenth_mrc_ws/install/particle_filter' for CMake module files
[14.396s] DEBUG:colcon.colcon_core.event_handler.log_command:Invoked command in '/home/f1tenth/f1tenth_mrc_ws/src/particle_filter' returned '0': PYTHONPATH=/home/f1tenth/f1tenth_mrc_ws/build/particle_filter/prefix_override:/usr/lib/python3/dist-packages/colcon_core/task/python/colcon_distutils_commands:/home/f1tenth/f1tenth_mrc_ws/install/particle_filter/lib/python3.8/site-packages:${PYTHONPATH} /usr/bin/python3 -W ignore:setup.py install is deprecated -W ignore:easy_install command is deprecated setup.py egg_info --egg-base ../../build/particle_filter build --build-base /home/f1tenth/f1tenth_mrc_ws/build/particle_filter/build install --record /home/f1tenth/f1tenth_mrc_ws/build/particle_filter/install.log --install-scripts $base/lib/particle_filter --single-version-externally-managed install_data
[14.397s] Level 1:colcon.colcon_core.environment:checking '/home/f1tenth/f1tenth_mrc_ws/install/particle_filter' for CMake config files
[14.402s] Level 1:colcon.colcon_core.environment:checking '/home/f1tenth/f1tenth_mrc_ws/install/particle_filter/lib'
[14.402s] Level 1:colcon.colcon_core.environment:checking '/home/f1tenth/f1tenth_mrc_ws/install/particle_filter/bin'
[14.403s] Level 1:colcon.colcon_core.environment:checking '/home/f1tenth/f1tenth_mrc_ws/install/particle_filter/lib/pkgconfig/particle_filter.pc'
[14.404s] Level 1:colcon.colcon_core.environment:checking '/home/f1tenth/f1tenth_mrc_ws/install/particle_filter/lib/python3.8/site-packages'
[14.404s] Level 1:colcon.colcon_core.shell:create_environment_hook('particle_filter', 'pythonpath')
[14.407s] INFO:colcon.colcon_core.shell:Creating environment hook '/home/f1tenth/f1tenth_mrc_ws/install/particle_filter/share/particle_filter/hook/pythonpath.ps1'
[14.410s] INFO:colcon.colcon_core.shell:Creating environment descriptor '/home/f1tenth/f1tenth_mrc_ws/install/particle_filter/share/particle_filter/hook/pythonpath.dsv'
[14.412s] INFO:colcon.colcon_core.shell:Creating environment hook '/home/f1tenth/f1tenth_mrc_ws/install/particle_filter/share/particle_filter/hook/pythonpath.sh'
[14.414s] Level 1:colcon.colcon_core.environment:checking '/home/f1tenth/f1tenth_mrc_ws/install/particle_filter/bin'
[14.415s] Level 1:colcon.colcon_core.environment:create_environment_scripts_only(particle_filter)
[14.416s] INFO:colcon.colcon_core.shell:Creating package script '/home/f1tenth/f1tenth_mrc_ws/install/particle_filter/share/particle_filter/package.ps1'
[14.419s] INFO:colcon.colcon_core.shell:Creating package descriptor '/home/f1tenth/f1tenth_mrc_ws/install/particle_filter/share/particle_filter/package.dsv'
[14.421s] INFO:colcon.colcon_core.shell:Creating package script '/home/f1tenth/f1tenth_mrc_ws/install/particle_filter/share/particle_filter/package.sh'
[14.423s] INFO:colcon.colcon_core.shell:Creating package script '/home/f1tenth/f1tenth_mrc_ws/install/particle_filter/share/particle_filter/package.bash'
[14.430s] INFO:colcon.colcon_core.shell:Creating package script '/home/f1tenth/f1tenth_mrc_ws/install/particle_filter/share/particle_filter/package.zsh'
[14.433s] Level 1:colcon.colcon_core.environment:create_file_with_runtime_dependencies(/home/f1tenth/f1tenth_mrc_ws/install/particle_filter/share/colcon-core/packages/particle_filter)
[14.439s] INFO:colcon.colcon_ros.task.ament_cmake.build:Building ROS package in '/home/f1tenth/f1tenth_mrc_ws/src/f1tenth_lab6_template/pure_pursuit' with build type 'ament_cmake'
[14.441s] INFO:colcon.colcon_cmake.task.cmake.build:Building CMake package in '/home/f1tenth/f1tenth_mrc_ws/src/f1tenth_lab6_template/pure_pursuit'
[14.444s] INFO:colcon.colcon_core.shell:Skip shell extension 'powershell' for command environment: Not usable outside of PowerShell
[14.445s] DEBUG:colcon.colcon_core.shell:Skip shell extension 'dsv' for command environment
[14.499s] DEBUG:colcon.colcon_core.event_handler.log_command:Invoking command in '/home/f1tenth/f1tenth_mrc_ws/src/ppo_racing': PYTHONPATH=/home/f1tenth/f1tenth_mrc_ws/build/ppo_racing/prefix_override:/usr/lib/python3/dist-packages/colcon_core/task/python/colcon_distutils_commands:/home/f1tenth/f1tenth_mrc_ws/install/ppo_racing/lib/python3.8/site-packages:${PYTHONPATH} /usr/bin/python3 -W ignore:setup.py install is deprecated -W ignore:easy_install command is deprecated setup.py egg_info --egg-base ../../build/ppo_racing build --build-base /home/f1tenth/f1tenth_mrc_ws/build/ppo_racing/build install --record /home/f1tenth/f1tenth_mrc_ws/build/ppo_racing/install.log --install-scripts $base/lib/ppo_racing --single-version-externally-managed install_data
[14.534s] DEBUG:colcon.colcon_core.event_handler.log_command:Invoking command in '/home/f1tenth/f1tenth_mrc_ws/build/pure_pursuit': CMAKE_PREFIX_PATH=/opt/ros/foxy /usr/bin/cmake /home/f1tenth/f1tenth_mrc_ws/src/f1tenth_lab6_template/pure_pursuit -DCMAKE_INSTALL_PREFIX=/home/f1tenth/f1tenth_mrc_ws/install/pure_pursuit
[15.275s] DEBUG:colcon.colcon_core.event_handler.log_command:Invoked command in '/home/f1tenth/f1tenth_mrc_ws/build/gap_follow' returned '0': CMAKE_PREFIX_PATH=/opt/ros/foxy /usr/bin/cmake /home/f1tenth/f1tenth_mrc_ws/src/f1tenth_lab4_template/gap_follow -DCMAKE_INSTALL_PREFIX=/home/f1tenth/f1tenth_mrc_ws/install/gap_follow
[15.281s] DEBUG:colcon.colcon_core.event_handler.log_command:Invoking command in '/home/f1tenth/f1tenth_mrc_ws/build/gap_follow': CMAKE_PREFIX_PATH=/opt/ros/foxy /usr/bin/cmake --build /home/f1tenth/f1tenth_mrc_ws/build/gap_follow -- -j4 -l4
[15.587s] DEBUG:colcon.colcon_core.event_handler.log_command:Invoked command in '/home/f1tenth/f1tenth_mrc_ws/build/gap_follow' returned '0': CMAKE_PREFIX_PATH=/opt/ros/foxy /usr/bin/cmake --build /home/f1tenth/f1tenth_mrc_ws/build/gap_follow -- -j4 -l4
[15.670s] DEBUG:colcon.colcon_core.event_handler.log_command:Invoking command in '/home/f1tenth/f1tenth_mrc_ws/build/gap_follow': CMAKE_PREFIX_PATH=/opt/ros/foxy /usr/bin/cmake --install /home/f1tenth/f1tenth_mrc_ws/build/gap_follow
[15.933s] Level 1:colcon.colcon_core.environment:create_environment_scripts_only(gap_follow)
[15.936s] Level 1:colcon.colcon_core.environment:checking '/home/f1tenth/f1tenth_mrc_ws/install/gap_follow' for CMake module files
[15.937s] DEBUG:colcon.colcon_core.event_handler.log_command:Invoked command in '/home/f1tenth/f1tenth_mrc_ws/build/gap_follow' returned '0': CMAKE_PREFIX_PATH=/opt/ros/foxy /usr/bin/cmake --install /home/f1tenth/f1tenth_mrc_ws/build/gap_follow
[15.941s] Level 1:colcon.colcon_core.environment:checking '/home/f1tenth/f1tenth_mrc_ws/install/gap_follow' for CMake config files
[15.944s] Level 1:colcon.colcon_core.shell:create_environment_hook('gap_follow', 'cmake_prefix_path')
[15.946s] INFO:colcon.colcon_core.shell:Creating environment hook '/home/f1tenth/f1tenth_mrc_ws/install/gap_follow/share/gap_follow/hook/cmake_prefix_path.ps1'
[15.962s] INFO:colcon.colcon_core.shell:Creating environment descriptor '/home/f1tenth/f1tenth_mrc_ws/install/gap_follow/share/gap_follow/hook/cmake_prefix_path.dsv'
[15.970s] INFO:colcon.colcon_core.shell:Creating environment hook '/home/f1tenth/f1tenth_mrc_ws/install/gap_follow/share/gap_follow/hook/cmake_prefix_path.sh'
[15.978s] Level 1:colcon.colcon_core.environment:checking '/home/f1tenth/f1tenth_mrc_ws/install/gap_follow/lib'
[15.979s] Level 1:colcon.colcon_core.environment:checking '/home/f1tenth/f1tenth_mrc_ws/install/gap_follow/bin'
[15.984s] Level 1:colcon.colcon_core.environment:checking '/home/f1tenth/f1tenth_mrc_ws/install/gap_follow/lib/pkgconfig/gap_follow.pc'
[15.986s] Level 1:colcon.colcon_core.environment:checking '/home/f1tenth/f1tenth_mrc_ws/install/gap_follow/lib/python3.8/site-packages'
[15.986s] Level 1:colcon.colcon_core.shell:create_environment_hook('gap_follow', 'pythonpath')
[15.987s] INFO:colcon.colcon_core.shell:Creating environment hook '/home/f1tenth/f1tenth_mrc_ws/install/gap_follow/share/gap_follow/hook/pythonpath.ps1'
[16.000s] INFO:colcon.colcon_core.shell:Creating environment descriptor '/home/f1tenth/f1tenth_mrc_ws/install/gap_follow/share/gap_follow/hook/pythonpath.dsv'
[16.007s] INFO:colcon.colcon_core.shell:Creating environment hook '/home/f1tenth/f1tenth_mrc_ws/install/gap_follow/share/gap_follow/hook/pythonpath.sh'
[16.014s] Level 1:colcon.colcon_core.environment:checking '/home/f1tenth/f1tenth_mrc_ws/install/gap_follow/bin'
[16.021s] INFO:colcon.colcon_core.shell:Creating package script '/home/f1tenth/f1tenth_mrc_ws/install/gap_follow/share/gap_follow/package.ps1'
[16.024s] INFO:colcon.colcon_core.shell:Creating package descriptor '/home/f1tenth/f1tenth_mrc_ws/install/gap_follow/share/gap_follow/package.dsv'
[16.041s] INFO:colcon.colcon_core.shell:Creating package script '/home/f1tenth/f1tenth_mrc_ws/install/gap_follow/share/gap_follow/package.sh'
[16.045s] INFO:colcon.colcon_core.shell:Creating package script '/home/f1tenth/f1tenth_mrc_ws/install/gap_follow/share/gap_follow/package.bash'
[16.048s] INFO:colcon.colcon_core.shell:Creating package script '/home/f1tenth/f1tenth_mrc_ws/install/gap_follow/share/gap_follow/package.zsh'
[16.050s] Level 1:colcon.colcon_core.environment:create_file_with_runtime_dependencies(/home/f1tenth/f1tenth_mrc_ws/install/gap_follow/share/colcon-core/packages/gap_follow)
[16.053s] Level 1:colcon.colcon_core.environment:create_environment_scripts_only(gap_follow)
[16.056s] Level 1:colcon.colcon_core.environment:checking '/home/f1tenth/f1tenth_mrc_ws/install/gap_follow' for CMake module files
[16.060s] Level 1:colcon.colcon_core.environment:checking '/home/f1tenth/f1tenth_mrc_ws/install/gap_follow' for CMake config files
[16.065s] Level 1:colcon.colcon_core.shell:create_environment_hook('gap_follow', 'cmake_prefix_path')
[16.066s] INFO:colcon.colcon_core.shell:Creating environment hook '/home/f1tenth/f1tenth_mrc_ws/install/gap_follow/share/gap_follow/hook/cmake_prefix_path.ps1'
[16.072s] INFO:colcon.colcon_core.shell:Creating environment descriptor '/home/f1tenth/f1tenth_mrc_ws/install/gap_follow/share/gap_follow/hook/cmake_prefix_path.dsv'
[16.078s] INFO:colcon.colcon_core.shell:Creating environment hook '/home/f1tenth/f1tenth_mrc_ws/install/gap_follow/share/gap_follow/hook/cmake_prefix_path.sh'
[16.082s] Level 1:colcon.colcon_core.environment:checking '/home/f1tenth/f1tenth_mrc_ws/install/gap_follow/lib'
[16.083s] Level 1:colcon.colcon_core.environment:checking '/home/f1tenth/f1tenth_mrc_ws/install/gap_follow/bin'
[16.083s] Level 1:colcon.colcon_core.environment:checking '/home/f1tenth/f1tenth_mrc_ws/install/gap_follow/lib/pkgconfig/gap_follow.pc'
[16.084s] Level 1:colcon.colcon_core.environment:checking '/home/f1tenth/f1tenth_mrc_ws/install/gap_follow/lib/python3.8/site-packages'
[16.085s] Level 1:colcon.colcon_core.shell:create_environment_hook('gap_follow', 'pythonpath')
[16.086s] INFO:colcon.colcon_core.shell:Creating environment hook '/home/f1tenth/f1tenth_mrc_ws/install/gap_follow/share/gap_follow/hook/pythonpath.ps1'
[16.088s] INFO:colcon.colcon_core.shell:Creating environment descriptor '/home/f1tenth/f1tenth_mrc_ws/install/gap_follow/share/gap_follow/hook/pythonpath.dsv'
[16.090s] INFO:colcon.colcon_core.shell:Creating environment hook '/home/f1tenth/f1tenth_mrc_ws/install/gap_follow/share/gap_follow/hook/pythonpath.sh'
[16.098s] Level 1:colcon.colcon_core.environment:checking '/home/f1tenth/f1tenth_mrc_ws/install/gap_follow/bin'
[16.100s] INFO:colcon.colcon_core.shell:Creating package script '/home/f1tenth/f1tenth_mrc_ws/install/gap_follow/share/gap_follow/package.ps1'
[16.106s] INFO:colcon.colcon_core.shell:Creating package descriptor '/home/f1tenth/f1tenth_mrc_ws/install/gap_follow/share/gap_follow/package.dsv'
[16.111s] INFO:colcon.colcon_core.shell:Creating package script '/home/f1tenth/f1tenth_mrc_ws/install/gap_follow/share/gap_follow/package.sh'
[16.114s] INFO:colcon.colcon_core.shell:Creating package script '/home/f1tenth/f1tenth_mrc_ws/install/gap_follow/share/gap_follow/package.bash'
[16.127s] INFO:colcon.colcon_core.shell:Creating package script '/home/f1tenth/f1tenth_mrc_ws/install/gap_follow/share/gap_follow/package.zsh'
[16.136s] Level 1:colcon.colcon_core.environment:create_file_with_runtime_dependencies(/home/f1tenth/f1tenth_mrc_ws/install/gap_follow/share/colcon-core/packages/gap_follow)
[16.145s] INFO:colcon.colcon_ros.task.ament_python.build:Building ROS package in '/home/f1tenth/f1tenth_mrc_ws/src/rrt_package' with build type 'ament_python'
[16.147s] Level 1:colcon.colcon_core.shell:create_environment_hook('rrt_package', 'ament_prefix_path')
[16.149s] INFO:colcon.colcon_core.shell:Creating environment hook '/home/f1tenth/f1tenth_mrc_ws/install/rrt_package/share/rrt_package/hook/ament_prefix_path.ps1'
[16.164s] INFO:colcon.colcon_core.shell:Creating environment descriptor '/home/f1tenth/f1tenth_mrc_ws/install/rrt_package/share/rrt_package/hook/ament_prefix_path.dsv'
[16.166s] INFO:colcon.colcon_core.shell:Creating environment hook '/home/f1tenth/f1tenth_mrc_ws/install/rrt_package/share/rrt_package/hook/ament_prefix_path.sh'
[16.169s] INFO:colcon.colcon_core.shell:Skip shell extension 'powershell' for command environment: Not usable outside of PowerShell
[16.169s] DEBUG:colcon.colcon_core.shell:Skip shell extension 'dsv' for command environment
[17.882s] INFO:colcon.colcon_core.task.python.build:Building Python package in '/home/f1tenth/f1tenth_mrc_ws/src/rrt_package'
[17.885s] INFO:colcon.colcon_core.shell:Skip shell extension 'powershell' for command environment: Not usable outside of PowerShell
[17.885s] DEBUG:colcon.colcon_core.shell:Skip shell extension 'dsv' for command environment
[17.933s] Level 1:colcon.colcon_core.environment:checking '/home/f1tenth/f1tenth_mrc_ws/install/ppo_racing' for CMake module files
[17.940s] DEBUG:colcon.colcon_core.event_handler.log_command:Invoked command in '/home/f1tenth/f1tenth_mrc_ws/src/ppo_racing' returned '0': PYTHONPATH=/home/f1tenth/f1tenth_mrc_ws/build/ppo_racing/prefix_override:/usr/lib/python3/dist-packages/colcon_core/task/python/colcon_distutils_commands:/home/f1tenth/f1tenth_mrc_ws/install/ppo_racing/lib/python3.8/site-packages:${PYTHONPATH} /usr/bin/python3 -W ignore:setup.py install is deprecated -W ignore:easy_install command is deprecated setup.py egg_info --egg-base ../../build/ppo_racing build --build-base /home/f1tenth/f1tenth_mrc_ws/build/ppo_racing/build install --record /home/f1tenth/f1tenth_mrc_ws/build/ppo_racing/install.log --install-scripts $base/lib/ppo_racing --single-version-externally-managed install_data
[17.943s] Level 1:colcon.colcon_core.environment:checking '/home/f1tenth/f1tenth_mrc_ws/install/ppo_racing' for CMake config files
[17.946s] Level 1:colcon.colcon_core.environment:checking '/home/f1tenth/f1tenth_mrc_ws/install/ppo_racing/lib'
[17.946s] Level 1:colcon.colcon_core.environment:checking '/home/f1tenth/f1tenth_mrc_ws/install/ppo_racing/bin'
[17.947s] Level 1:colcon.colcon_core.environment:checking '/home/f1tenth/f1tenth_mrc_ws/install/ppo_racing/lib/pkgconfig/ppo_racing.pc'
[17.948s] Level 1:colcon.colcon_core.environment:checking '/home/f1tenth/f1tenth_mrc_ws/install/ppo_racing/lib/python3.8/site-packages'
[17.948s] Level 1:colcon.colcon_core.shell:create_environment_hook('ppo_racing', 'pythonpath')
[17.951s] INFO:colcon.colcon_core.shell:Creating environment hook '/home/f1tenth/f1tenth_mrc_ws/install/ppo_racing/share/ppo_racing/hook/pythonpath.ps1'
[17.960s] INFO:colcon.colcon_core.shell:Creating environment descriptor '/home/f1tenth/f1tenth_mrc_ws/install/ppo_racing/share/ppo_racing/hook/pythonpath.dsv'
[17.962s] INFO:colcon.colcon_core.shell:Creating environment hook '/home/f1tenth/f1tenth_mrc_ws/install/ppo_racing/share/ppo_racing/hook/pythonpath.sh'
[17.965s] Level 1:colcon.colcon_core.environment:checking '/home/f1tenth/f1tenth_mrc_ws/install/ppo_racing/bin'
[17.965s] Level 1:colcon.colcon_core.environment:create_environment_scripts_only(ppo_racing)
[17.968s] INFO:colcon.colcon_core.shell:Creating package script '/home/f1tenth/f1tenth_mrc_ws/install/ppo_racing/share/ppo_racing/package.ps1'
[17.970s] INFO:colcon.colcon_core.shell:Creating package descriptor '/home/f1tenth/f1tenth_mrc_ws/install/ppo_racing/share/ppo_racing/package.dsv'
[17.972s] INFO:colcon.colcon_core.shell:Creating package script '/home/f1tenth/f1tenth_mrc_ws/install/ppo_racing/share/ppo_racing/package.sh'
[17.974s] INFO:colcon.colcon_core.shell:Creating package script '/home/f1tenth/f1tenth_mrc_ws/install/ppo_racing/share/ppo_racing/package.bash'
[17.975s] INFO:colcon.colcon_core.shell:Creating package script '/home/f1tenth/f1tenth_mrc_ws/install/ppo_racing/share/ppo_racing/package.zsh'
[17.976s] Level 1:colcon.colcon_core.environment:create_file_with_runtime_dependencies(/home/f1tenth/f1tenth_mrc_ws/install/ppo_racing/share/colcon-core/packages/ppo_racing)
[17.981s] INFO:colcon.colcon_ros.task.ament_cmake.build:Building ROS package in '/home/f1tenth/f1tenth_mrc_ws/src/f1tenth_lab2_template/safety_node' with build type 'ament_cmake'
[17.982s] INFO:colcon.colcon_cmake.task.cmake.build:Building CMake package in '/home/f1tenth/f1tenth_mrc_ws/src/f1tenth_lab2_template/safety_node'
[17.983s] INFO:colcon.colcon_core.shell:Skip shell extension 'powershell' for command environment: Not usable outside of PowerShell
[17.983s] DEBUG:colcon.colcon_core.shell:Skip shell extension 'dsv' for command environment
[18.123s] DEBUG:colcon.colcon_core.event_handler.log_command:Invoking command in '/home/f1tenth/f1tenth_mrc_ws/build/safety_node': CMAKE_PREFIX_PATH=/opt/ros/foxy /usr/bin/cmake /home/f1tenth/f1tenth_mrc_ws/src/f1tenth_lab2_template/safety_node -DCMAKE_INSTALL_PREFIX=/home/f1tenth/f1tenth_mrc_ws/install/safety_node
[21.640s] DEBUG:colcon.colcon_core.event_handler.log_command:Invoking command in '/home/f1tenth/f1tenth_mrc_ws/src/rrt_package': PYTHONPATH=/home/f1tenth/f1tenth_mrc_ws/build/rrt_package/prefix_override:/usr/lib/python3/dist-packages/colcon_core/task/python/colcon_distutils_commands:/home/f1tenth/f1tenth_mrc_ws/install/rrt_package/lib/python3.8/site-packages:${PYTHONPATH} /usr/bin/python3 -W ignore:setup.py install is deprecated -W ignore:easy_install command is deprecated setup.py egg_info --egg-base ../../build/rrt_package build --build-base /home/f1tenth/f1tenth_mrc_ws/build/rrt_package/build install --record /home/f1tenth/f1tenth_mrc_ws/build/rrt_package/install.log --install-scripts $base/lib/rrt_package --single-version-externally-managed install_data
[24.313s] Level 1:colcon.colcon_core.environment:checking '/home/f1tenth/f1tenth_mrc_ws/install/rrt_package' for CMake module files
[24.316s] DEBUG:colcon.colcon_core.event_handler.log_command:Invoked command in '/home/f1tenth/f1tenth_mrc_ws/src/rrt_package' returned '0': PYTHONPATH=/home/f1tenth/f1tenth_mrc_ws/build/rrt_package/prefix_override:/usr/lib/python3/dist-packages/colcon_core/task/python/colcon_distutils_commands:/home/f1tenth/f1tenth_mrc_ws/install/rrt_package/lib/python3.8/site-packages:${PYTHONPATH} /usr/bin/python3 -W ignore:setup.py install is deprecated -W ignore:easy_install command is deprecated setup.py egg_info --egg-base ../../build/rrt_package build --build-base /home/f1tenth/f1tenth_mrc_ws/build/rrt_package/build install --record /home/f1tenth/f1tenth_mrc_ws/build/rrt_package/install.log --install-scripts $base/lib/rrt_package --single-version-externally-managed install_data
[24.318s] Level 1:colcon.colcon_core.environment:checking '/home/f1tenth/f1tenth_mrc_ws/install/rrt_package' for CMake config files
[24.321s] Level 1:colcon.colcon_core.environment:checking '/home/f1tenth/f1tenth_mrc_ws/install/rrt_package/lib'
[24.322s] Level 1:colcon.colcon_core.environment:checking '/home/f1tenth/f1tenth_mrc_ws/install/rrt_package/bin'
[24.322s] Level 1:colcon.colcon_core.environment:checking '/home/f1tenth/f1tenth_mrc_ws/install/rrt_package/lib/pkgconfig/rrt_package.pc'
[24.328s] Level 1:colcon.colcon_core.environment:checking '/home/f1tenth/f1tenth_mrc_ws/install/rrt_package/lib/python3.8/site-packages'
[24.328s] Level 1:colcon.colcon_core.shell:create_environment_hook('rrt_package', 'pythonpath')
[24.329s] INFO:colcon.colcon_core.shell:Creating environment hook '/home/f1tenth/f1tenth_mrc_ws/install/rrt_package/share/rrt_package/hook/pythonpath.ps1'
[24.348s] INFO:colcon.colcon_core.shell:Creating environment descriptor '/home/f1tenth/f1tenth_mrc_ws/install/rrt_package/share/rrt_package/hook/pythonpath.dsv'
[24.350s] INFO:colcon.colcon_core.shell:Creating environment hook '/home/f1tenth/f1tenth_mrc_ws/install/rrt_package/share/rrt_package/hook/pythonpath.sh'
[24.352s] Level 1:colcon.colcon_core.environment:checking '/home/f1tenth/f1tenth_mrc_ws/install/rrt_package/bin'
[24.353s] Level 1:colcon.colcon_core.environment:create_environment_scripts_only(rrt_package)
[24.354s] INFO:colcon.colcon_core.shell:Creating package script '/home/f1tenth/f1tenth_mrc_ws/install/rrt_package/share/rrt_package/package.ps1'
[24.356s] INFO:colcon.colcon_core.shell:Creating package descriptor '/home/f1tenth/f1tenth_mrc_ws/install/rrt_package/share/rrt_package/package.dsv'
[24.358s] INFO:colcon.colcon_core.shell:Creating package script '/home/f1tenth/f1tenth_mrc_ws/install/rrt_package/share/rrt_package/package.sh'
[24.366s] INFO:colcon.colcon_core.shell:Creating package script '/home/f1tenth/f1tenth_mrc_ws/install/rrt_package/share/rrt_package/package.bash'
[24.369s] INFO:colcon.colcon_core.shell:Creating package script '/home/f1tenth/f1tenth_mrc_ws/install/rrt_package/share/rrt_package/package.zsh'
[24.371s] Level 1:colcon.colcon_core.environment:create_file_with_runtime_dependencies(/home/f1tenth/f1tenth_mrc_ws/install/rrt_package/share/colcon-core/packages/rrt_package)
[24.388s] INFO:colcon.colcon_ros.task.ament_cmake.build:Building ROS package in '/home/f1tenth/f1tenth_mrc_ws/src/f1tenth_lab3_template/wall_follow' with build type 'ament_cmake'
[24.390s] INFO:colcon.colcon_cmake.task.cmake.build:Building CMake package in '/home/f1tenth/f1tenth_mrc_ws/src/f1tenth_lab3_template/wall_follow'
[24.407s] INFO:colcon.colcon_core.shell:Skip shell extension 'powershell' for command environment: Not usable outside of PowerShell
[24.407s] DEBUG:colcon.colcon_core.shell:Skip shell extension 'dsv' for command environment
[24.488s] DEBUG:colcon.colcon_core.event_handler.log_command:Invoking command in '/home/f1tenth/f1tenth_mrc_ws/build/wall_follow': CMAKE_PREFIX_PATH=/opt/ros/foxy /usr/bin/cmake /home/f1tenth/f1tenth_mrc_ws/src/f1tenth_lab3_template/wall_follow -DCMAKE_INSTALL_PREFIX=/home/f1tenth/f1tenth_mrc_ws/install/wall_follow
[33.622s] DEBUG:colcon.colcon_core.event_handler.log_command:Invoked command in '/home/f1tenth/f1tenth_mrc_ws/build/pure_pursuit' returned '0': CMAKE_PREFIX_PATH=/opt/ros/foxy /usr/bin/cmake /home/f1tenth/f1tenth_mrc_ws/src/f1tenth_lab6_template/pure_pursuit -DCMAKE_INSTALL_PREFIX=/home/f1tenth/f1tenth_mrc_ws/install/pure_pursuit
[33.640s] DEBUG:colcon.colcon_core.event_handler.log_command:Invoking command in '/home/f1tenth/f1tenth_mrc_ws/build/pure_pursuit': CMAKE_PREFIX_PATH=/opt/ros/foxy /usr/bin/cmake --build /home/f1tenth/f1tenth_mrc_ws/build/pure_pursuit -- -j4 -l4
[34.096s] DEBUG:colcon.colcon_core.event_handler.log_command:Invoked command in '/home/f1tenth/f1tenth_mrc_ws/build/pure_pursuit' returned '0': CMAKE_PREFIX_PATH=/opt/ros/foxy /usr/bin/cmake --build /home/f1tenth/f1tenth_mrc_ws/build/pure_pursuit -- -j4 -l4
[34.098s] DEBUG:colcon.colcon_core.event_handler.log_command:Invoking command in '/home/f1tenth/f1tenth_mrc_ws/build/pure_pursuit': CMAKE_PREFIX_PATH=/opt/ros/foxy /usr/bin/cmake --install /home/f1tenth/f1tenth_mrc_ws/build/pure_pursuit
[34.621s] Level 1:colcon.colcon_core.environment:create_environment_scripts_only(pure_pursuit)
[34.624s] Level 1:colcon.colcon_core.environment:checking '/home/f1tenth/f1tenth_mrc_ws/install/pure_pursuit' for CMake module files
[34.626s] Level 1:colcon.colcon_core.environment:checking '/home/f1tenth/f1tenth_mrc_ws/install/pure_pursuit' for CMake config files
[34.629s] DEBUG:colcon.colcon_core.event_handler.log_command:Invoked command in '/home/f1tenth/f1tenth_mrc_ws/build/pure_pursuit' returned '0': CMAKE_PREFIX_PATH=/opt/ros/foxy /usr/bin/cmake --install /home/f1tenth/f1tenth_mrc_ws/build/pure_pursuit
[34.631s] Level 1:colcon.colcon_core.shell:create_environment_hook('pure_pursuit', 'cmake_prefix_path')
[34.632s] INFO:colcon.colcon_core.shell:Creating environment hook '/home/f1tenth/f1tenth_mrc_ws/install/pure_pursuit/share/pure_pursuit/hook/cmake_prefix_path.ps1'
[34.644s] INFO:colcon.colcon_core.shell:Creating environment descriptor '/home/f1tenth/f1tenth_mrc_ws/install/pure_pursuit/share/pure_pursuit/hook/cmake_prefix_path.dsv'
[34.671s] INFO:colcon.colcon_core.shell:Creating environment hook '/home/f1tenth/f1tenth_mrc_ws/install/pure_pursuit/share/pure_pursuit/hook/cmake_prefix_path.sh'
[34.676s] Level 1:colcon.colcon_core.environment:checking '/home/f1tenth/f1tenth_mrc_ws/install/pure_pursuit/lib'
[34.677s] Level 1:colcon.colcon_core.environment:checking '/home/f1tenth/f1tenth_mrc_ws/install/pure_pursuit/bin'
[34.677s] Level 1:colcon.colcon_core.environment:checking '/home/f1tenth/f1tenth_mrc_ws/install/pure_pursuit/lib/pkgconfig/pure_pursuit.pc'
[34.678s] Level 1:colcon.colcon_core.environment:checking '/home/f1tenth/f1tenth_mrc_ws/install/pure_pursuit/lib/python3.8/site-packages'
[34.678s] Level 1:colcon.colcon_core.shell:create_environment_hook('pure_pursuit', 'pythonpath')
[34.679s] INFO:colcon.colcon_core.shell:Creating environment hook '/home/f1tenth/f1tenth_mrc_ws/install/pure_pursuit/share/pure_pursuit/hook/pythonpath.ps1'
[34.681s] INFO:colcon.colcon_core.shell:Creating environment descriptor '/home/f1tenth/f1tenth_mrc_ws/install/pure_pursuit/share/pure_pursuit/hook/pythonpath.dsv'
[34.694s] INFO:colcon.colcon_core.shell:Creating environment hook '/home/f1tenth/f1tenth_mrc_ws/install/pure_pursuit/share/pure_pursuit/hook/pythonpath.sh'
[34.708s] Level 1:colcon.colcon_core.environment:checking '/home/f1tenth/f1tenth_mrc_ws/install/pure_pursuit/bin'
[34.709s] INFO:colcon.colcon_core.shell:Creating package script '/home/f1tenth/f1tenth_mrc_ws/install/pure_pursuit/share/pure_pursuit/package.ps1'
[34.716s] INFO:colcon.colcon_core.shell:Creating package descriptor '/home/f1tenth/f1tenth_mrc_ws/install/pure_pursuit/share/pure_pursuit/package.dsv'
[34.721s] INFO:colcon.colcon_core.shell:Creating package script '/home/f1tenth/f1tenth_mrc_ws/install/pure_pursuit/share/pure_pursuit/package.sh'
[34.724s] INFO:colcon.colcon_core.shell:Creating package script '/home/f1tenth/f1tenth_mrc_ws/install/pure_pursuit/share/pure_pursuit/package.bash'
[34.726s] INFO:colcon.colcon_core.shell:Creating package script '/home/f1tenth/f1tenth_mrc_ws/install/pure_pursuit/share/pure_pursuit/package.zsh'
[34.728s] Level 1:colcon.colcon_core.environment:create_file_with_runtime_dependencies(/home/f1tenth/f1tenth_mrc_ws/install/pure_pursuit/share/colcon-core/packages/pure_pursuit)
[34.741s] Level 1:colcon.colcon_core.environment:create_environment_scripts_only(pure_pursuit)
[34.742s] Level 1:colcon.colcon_core.environment:checking '/home/f1tenth/f1tenth_mrc_ws/install/pure_pursuit' for CMake module files
[34.744s] Level 1:colcon.colcon_core.environment:checking '/home/f1tenth/f1tenth_mrc_ws/install/pure_pursuit' for CMake config files
[34.746s] Level 1:colcon.colcon_core.shell:create_environment_hook('pure_pursuit', 'cmake_prefix_path')
[34.747s] INFO:colcon.colcon_core.shell:Creating environment hook '/home/f1tenth/f1tenth_mrc_ws/install/pure_pursuit/share/pure_pursuit/hook/cmake_prefix_path.ps1'
[34.750s] INFO:colcon.colcon_core.shell:Creating environment descriptor '/home/f1tenth/f1tenth_mrc_ws/install/pure_pursuit/share/pure_pursuit/hook/cmake_prefix_path.dsv'
[34.751s] INFO:colcon.colcon_core.shell:Creating environment hook '/home/f1tenth/f1tenth_mrc_ws/install/pure_pursuit/share/pure_pursuit/hook/cmake_prefix_path.sh'
[34.754s] Level 1:colcon.colcon_core.environment:checking '/home/f1tenth/f1tenth_mrc_ws/install/pure_pursuit/lib'
[34.754s] Level 1:colcon.colcon_core.environment:checking '/home/f1tenth/f1tenth_mrc_ws/install/pure_pursuit/bin'
[34.754s] Level 1:colcon.colcon_core.environment:checking '/home/f1tenth/f1tenth_mrc_ws/install/pure_pursuit/lib/pkgconfig/pure_pursuit.pc'
[34.755s] Level 1:colcon.colcon_core.environment:checking '/home/f1tenth/f1tenth_mrc_ws/install/pure_pursuit/lib/python3.8/site-packages'
[34.755s] Level 1:colcon.colcon_core.shell:create_environment_hook('pure_pursuit', 'pythonpath')
[34.756s] INFO:colcon.colcon_core.shell:Creating environment hook '/home/f1tenth/f1tenth_mrc_ws/install/pure_pursuit/share/pure_pursuit/hook/pythonpath.ps1'
[34.758s] INFO:colcon.colcon_core.shell:Creating environment descriptor '/home/f1tenth/f1tenth_mrc_ws/install/pure_pursuit/share/pure_pursuit/hook/pythonpath.dsv'
[34.761s] INFO:colcon.colcon_core.shell:Creating environment hook '/home/f1tenth/f1tenth_mrc_ws/install/pure_pursuit/share/pure_pursuit/hook/pythonpath.sh'
[34.776s] Level 1:colcon.colcon_core.environment:checking '/home/f1tenth/f1tenth_mrc_ws/install/pure_pursuit/bin'
[34.778s] INFO:colcon.colcon_core.shell:Creating package script '/home/f1tenth/f1tenth_mrc_ws/install/pure_pursuit/share/pure_pursuit/package.ps1'
[34.781s] INFO:colcon.colcon_core.shell:Creating package descriptor '/home/f1tenth/f1tenth_mrc_ws/install/pure_pursuit/share/pure_pursuit/package.dsv'
[34.784s] INFO:colcon.colcon_core.shell:Creating package script '/home/f1tenth/f1tenth_mrc_ws/install/pure_pursuit/share/pure_pursuit/package.sh'
[34.790s] INFO:colcon.colcon_core.shell:Creating package script '/home/f1tenth/f1tenth_mrc_ws/install/pure_pursuit/share/pure_pursuit/package.bash'
[34.793s] INFO:colcon.colcon_core.shell:Creating package script '/home/f1tenth/f1tenth_mrc_ws/install/pure_pursuit/share/pure_pursuit/package.zsh'
[34.809s] Level 1:colcon.colcon_core.environment:create_file_with_runtime_dependencies(/home/f1tenth/f1tenth_mrc_ws/install/pure_pursuit/share/colcon-core/packages/pure_pursuit)
[34.828s] INFO:colcon.colcon_ros.task.ament_python.build:Building ROS package in '/home/f1tenth/f1tenth_mrc_ws/src/waypoint_logger' with build type 'ament_python'
[34.829s] Level 1:colcon.colcon_core.shell:create_environment_hook('waypoint_logger', 'ament_prefix_path')
[34.832s] INFO:colcon.colcon_core.shell:Creating environment hook '/home/f1tenth/f1tenth_mrc_ws/install/waypoint_logger/share/waypoint_logger/hook/ament_prefix_path.ps1'
[34.837s] INFO:colcon.colcon_core.shell:Creating environment descriptor '/home/f1tenth/f1tenth_mrc_ws/install/waypoint_logger/share/waypoint_logger/hook/ament_prefix_path.dsv'
[34.847s] INFO:colcon.colcon_core.shell:Creating environment hook '/home/f1tenth/f1tenth_mrc_ws/install/waypoint_logger/share/waypoint_logger/hook/ament_prefix_path.sh'
[34.858s] INFO:colcon.colcon_core.shell:Skip shell extension 'powershell' for command environment: Not usable outside of PowerShell
[34.858s] DEBUG:colcon.colcon_core.shell:Skip shell extension 'dsv' for command environment
[37.443s] INFO:colcon.colcon_core.task.python.build:Building Python package in '/home/f1tenth/f1tenth_mrc_ws/src/waypoint_logger'
[37.446s] INFO:colcon.colcon_core.shell:Skip shell extension 'powershell' for command environment: Not usable outside of PowerShell
[37.446s] DEBUG:colcon.colcon_core.shell:Skip shell extension 'dsv' for command environment
[37.518s] DEBUG:colcon.colcon_core.event_handler.log_command:Invoked command in '/home/f1tenth/f1tenth_mrc_ws/build/safety_node' returned '0': CMAKE_PREFIX_PATH=/opt/ros/foxy /usr/bin/cmake /home/f1tenth/f1tenth_mrc_ws/src/f1tenth_lab2_template/safety_node -DCMAKE_INSTALL_PREFIX=/home/f1tenth/f1tenth_mrc_ws/install/safety_node
[37.538s] DEBUG:colcon.colcon_core.event_handler.log_command:Invoking command in '/home/f1tenth/f1tenth_mrc_ws/build/safety_node': CMAKE_PREFIX_PATH=/opt/ros/foxy /usr/bin/cmake --build /home/f1tenth/f1tenth_mrc_ws/build/safety_node -- -j4 -l4
[37.986s] DEBUG:colcon.colcon_core.event_handler.log_command:Invoked command in '/home/f1tenth/f1tenth_mrc_ws/build/safety_node' returned '0': CMAKE_PREFIX_PATH=/opt/ros/foxy /usr/bin/cmake --build /home/f1tenth/f1tenth_mrc_ws/build/safety_node -- -j4 -l4
[38.000s] DEBUG:colcon.colcon_core.event_handler.log_command:Invoking command in '/home/f1tenth/f1tenth_mrc_ws/build/safety_node': CMAKE_PREFIX_PATH=/opt/ros/foxy /usr/bin/cmake --install /home/f1tenth/f1tenth_mrc_ws/build/safety_node
[38.636s] Level 1:colcon.colcon_core.environment:create_environment_scripts_only(safety_node)
[38.638s] Level 1:colcon.colcon_core.environment:checking '/home/f1tenth/f1tenth_mrc_ws/install/safety_node' for CMake module files
[38.641s] DEBUG:colcon.colcon_core.event_handler.log_command:Invoked command in '/home/f1tenth/f1tenth_mrc_ws/build/safety_node' returned '0': CMAKE_PREFIX_PATH=/opt/ros/foxy /usr/bin/cmake --install /home/f1tenth/f1tenth_mrc_ws/build/safety_node
[38.644s] Level 1:colcon.colcon_core.environment:checking '/home/f1tenth/f1tenth_mrc_ws/install/safety_node' for CMake config files
[38.645s] Level 1:colcon.colcon_core.shell:create_environment_hook('safety_node', 'cmake_prefix_path')
[38.647s] INFO:colcon.colcon_core.shell:Creating environment hook '/home/f1tenth/f1tenth_mrc_ws/install/safety_node/share/safety_node/hook/cmake_prefix_path.ps1'
[38.650s] INFO:colcon.colcon_core.shell:Creating environment descriptor '/home/f1tenth/f1tenth_mrc_ws/install/safety_node/share/safety_node/hook/cmake_prefix_path.dsv'
[38.668s] INFO:colcon.colcon_core.shell:Creating environment hook '/home/f1tenth/f1tenth_mrc_ws/install/safety_node/share/safety_node/hook/cmake_prefix_path.sh'
[38.671s] Level 1:colcon.colcon_core.environment:checking '/home/f1tenth/f1tenth_mrc_ws/install/safety_node/lib'
[38.672s] Level 1:colcon.colcon_core.environment:checking '/home/f1tenth/f1tenth_mrc_ws/install/safety_node/bin'
[38.672s] Level 1:colcon.colcon_core.environment:checking '/home/f1tenth/f1tenth_mrc_ws/install/safety_node/lib/pkgconfig/safety_node.pc'
[38.673s] Level 1:colcon.colcon_core.environment:checking '/home/f1tenth/f1tenth_mrc_ws/install/safety_node/lib/python3.8/site-packages'
[38.674s] Level 1:colcon.colcon_core.shell:create_environment_hook('safety_node', 'pythonpath')
[38.674s] INFO:colcon.colcon_core.shell:Creating environment hook '/home/f1tenth/f1tenth_mrc_ws/install/safety_node/share/safety_node/hook/pythonpath.ps1'
[38.693s] INFO:colcon.colcon_core.shell:Creating environment descriptor '/home/f1tenth/f1tenth_mrc_ws/install/safety_node/share/safety_node/hook/pythonpath.dsv'
[38.694s] INFO:colcon.colcon_core.shell:Creating environment hook '/home/f1tenth/f1tenth_mrc_ws/install/safety_node/share/safety_node/hook/pythonpath.sh'
[38.697s] Level 1:colcon.colcon_core.environment:checking '/home/f1tenth/f1tenth_mrc_ws/install/safety_node/bin'
[38.698s] INFO:colcon.colcon_core.shell:Creating package script '/home/f1tenth/f1tenth_mrc_ws/install/safety_node/share/safety_node/package.ps1'
[38.725s] INFO:colcon.colcon_core.shell:Creating package descriptor '/home/f1tenth/f1tenth_mrc_ws/install/safety_node/share/safety_node/package.dsv'
[38.735s] INFO:colcon.colcon_core.shell:Creating package script '/home/f1tenth/f1tenth_mrc_ws/install/safety_node/share/safety_node/package.sh'
[38.737s] INFO:colcon.colcon_core.shell:Creating package script '/home/f1tenth/f1tenth_mrc_ws/install/safety_node/share/safety_node/package.bash'
[38.739s] INFO:colcon.colcon_core.shell:Creating package script '/home/f1tenth/f1tenth_mrc_ws/install/safety_node/share/safety_node/package.zsh'
[38.741s] Level 1:colcon.colcon_core.environment:create_file_with_runtime_dependencies(/home/f1tenth/f1tenth_mrc_ws/install/safety_node/share/colcon-core/packages/safety_node)
[38.760s] Level 1:colcon.colcon_core.environment:create_environment_scripts_only(safety_node)
[38.761s] Level 1:colcon.colcon_core.environment:checking '/home/f1tenth/f1tenth_mrc_ws/install/safety_node' for CMake module files
[38.763s] Level 1:colcon.colcon_core.environment:checking '/home/f1tenth/f1tenth_mrc_ws/install/safety_node' for CMake config files
[38.764s] Level 1:colcon.colcon_core.shell:create_environment_hook('safety_node', 'cmake_prefix_path')
[38.765s] INFO:colcon.colcon_core.shell:Creating environment hook '/home/f1tenth/f1tenth_mrc_ws/install/safety_node/share/safety_node/hook/cmake_prefix_path.ps1'
[38.791s] INFO:colcon.colcon_core.shell:Creating environment descriptor '/home/f1tenth/f1tenth_mrc_ws/install/safety_node/share/safety_node/hook/cmake_prefix_path.dsv'
[38.793s] INFO:colcon.colcon_core.shell:Creating environment hook '/home/f1tenth/f1tenth_mrc_ws/install/safety_node/share/safety_node/hook/cmake_prefix_path.sh'
[38.813s] Level 1:colcon.colcon_core.environment:checking '/home/f1tenth/f1tenth_mrc_ws/install/safety_node/lib'
[38.814s] Level 1:colcon.colcon_core.environment:checking '/home/f1tenth/f1tenth_mrc_ws/install/safety_node/bin'
[38.814s] Level 1:colcon.colcon_core.environment:checking '/home/f1tenth/f1tenth_mrc_ws/install/safety_node/lib/pkgconfig/safety_node.pc'
[38.815s] Level 1:colcon.colcon_core.environment:checking '/home/f1tenth/f1tenth_mrc_ws/install/safety_node/lib/python3.8/site-packages'
[38.815s] Level 1:colcon.colcon_core.shell:create_environment_hook('safety_node', 'pythonpath')
[38.816s] INFO:colcon.colcon_core.shell:Creating environment hook '/home/f1tenth/f1tenth_mrc_ws/install/safety_node/share/safety_node/hook/pythonpath.ps1'
[38.823s] INFO:colcon.colcon_core.shell:Creating environment descriptor '/home/f1tenth/f1tenth_mrc_ws/install/safety_node/share/safety_node/hook/pythonpath.dsv'
[38.825s] INFO:colcon.colcon_core.shell:Creating environment hook '/home/f1tenth/f1tenth_mrc_ws/install/safety_node/share/safety_node/hook/pythonpath.sh'
[38.838s] Level 1:colcon.colcon_core.environment:checking '/home/f1tenth/f1tenth_mrc_ws/install/safety_node/bin'
[38.840s] INFO:colcon.colcon_core.shell:Creating package script '/home/f1tenth/f1tenth_mrc_ws/install/safety_node/share/safety_node/package.ps1'
[38.844s] INFO:colcon.colcon_core.shell:Creating package descriptor '/home/f1tenth/f1tenth_mrc_ws/install/safety_node/share/safety_node/package.dsv'
[38.848s] INFO:colcon.colcon_core.shell:Creating package script '/home/f1tenth/f1tenth_mrc_ws/install/safety_node/share/safety_node/package.sh'
[38.851s] INFO:colcon.colcon_core.shell:Creating package script '/home/f1tenth/f1tenth_mrc_ws/install/safety_node/share/safety_node/package.bash'
[38.856s] INFO:colcon.colcon_core.shell:Creating package script '/home/f1tenth/f1tenth_mrc_ws/install/safety_node/share/safety_node/package.zsh'
[38.869s] Level 1:colcon.colcon_core.environment:create_file_with_runtime_dependencies(/home/f1tenth/f1tenth_mrc_ws/install/safety_node/share/colcon-core/packages/safety_node)
[41.262s] DEBUG:colcon.colcon_core.event_handler.log_command:Invoking command in '/home/f1tenth/f1tenth_mrc_ws/src/waypoint_logger': PYTHONPATH=/home/f1tenth/f1tenth_mrc_ws/build/waypoint_logger/prefix_override:/usr/lib/python3/dist-packages/colcon_core/task/python/colcon_distutils_commands:/home/f1tenth/f1tenth_mrc_ws/install/waypoint_logger/lib/python3.8/site-packages:${PYTHONPATH} /usr/bin/python3 -W ignore:setup.py install is deprecated -W ignore:easy_install command is deprecated setup.py egg_info --egg-base ../../build/waypoint_logger build --build-base /home/f1tenth/f1tenth_mrc_ws/build/waypoint_logger/build install --record /home/f1tenth/f1tenth_mrc_ws/build/waypoint_logger/install.log --install-scripts $base/lib/waypoint_logger --single-version-externally-managed install_data
[41.684s] DEBUG:colcon.colcon_core.event_handler.log_command:Invoked command in '/home/f1tenth/f1tenth_mrc_ws/build/wall_follow' returned '0': CMAKE_PREFIX_PATH=/opt/ros/foxy /usr/bin/cmake /home/f1tenth/f1tenth_mrc_ws/src/f1tenth_lab3_template/wall_follow -DCMAKE_INSTALL_PREFIX=/home/f1tenth/f1tenth_mrc_ws/install/wall_follow
[41.698s] DEBUG:colcon.colcon_core.event_handler.log_command:Invoking command in '/home/f1tenth/f1tenth_mrc_ws/build/wall_follow': CMAKE_PREFIX_PATH=/opt/ros/foxy /usr/bin/cmake --build /home/f1tenth/f1tenth_mrc_ws/build/wall_follow -- -j4 -l4
[42.088s] DEBUG:colcon.colcon_core.event_handler.log_command:Invoked command in '/home/f1tenth/f1tenth_mrc_ws/build/wall_follow' returned '0': CMAKE_PREFIX_PATH=/opt/ros/foxy /usr/bin/cmake --build /home/f1tenth/f1tenth_mrc_ws/build/wall_follow -- -j4 -l4
[42.104s] DEBUG:colcon.colcon_core.event_handler.log_command:Invoking command in '/home/f1tenth/f1tenth_mrc_ws/build/wall_follow': CMAKE_PREFIX_PATH=/opt/ros/foxy /usr/bin/cmake --install /home/f1tenth/f1tenth_mrc_ws/build/wall_follow
[42.507s] Level 1:colcon.colcon_core.environment:create_environment_scripts_only(wall_follow)
[42.510s] Level 1:colcon.colcon_core.environment:checking '/home/f1tenth/f1tenth_mrc_ws/install/wall_follow' for CMake module files
[42.512s] DEBUG:colcon.colcon_core.event_handler.log_command:Invoked command in '/home/f1tenth/f1tenth_mrc_ws/build/wall_follow' returned '0': CMAKE_PREFIX_PATH=/opt/ros/foxy /usr/bin/cmake --install /home/f1tenth/f1tenth_mrc_ws/build/wall_follow
[42.516s] Level 1:colcon.colcon_core.environment:checking '/home/f1tenth/f1tenth_mrc_ws/install/wall_follow' for CMake config files
[42.517s] Level 1:colcon.colcon_core.shell:create_environment_hook('wall_follow', 'cmake_prefix_path')
[42.519s] INFO:colcon.colcon_core.shell:Creating environment hook '/home/f1tenth/f1tenth_mrc_ws/install/wall_follow/share/wall_follow/hook/cmake_prefix_path.ps1'
[42.522s] INFO:colcon.colcon_core.shell:Creating environment descriptor '/home/f1tenth/f1tenth_mrc_ws/install/wall_follow/share/wall_follow/hook/cmake_prefix_path.dsv'
[42.533s] INFO:colcon.colcon_core.shell:Creating environment hook '/home/f1tenth/f1tenth_mrc_ws/install/wall_follow/share/wall_follow/hook/cmake_prefix_path.sh'
[42.537s] Level 1:colcon.colcon_core.environment:checking '/home/f1tenth/f1tenth_mrc_ws/install/wall_follow/lib'
[42.538s] Level 1:colcon.colcon_core.environment:checking '/home/f1tenth/f1tenth_mrc_ws/install/wall_follow/bin'
[42.538s] Level 1:colcon.colcon_core.environment:checking '/home/f1tenth/f1tenth_mrc_ws/install/wall_follow/lib/pkgconfig/wall_follow.pc'
[42.539s] Level 1:colcon.colcon_core.environment:checking '/home/f1tenth/f1tenth_mrc_ws/install/wall_follow/lib/python3.8/site-packages'
[42.539s] Level 1:colcon.colcon_core.shell:create_environment_hook('wall_follow', 'pythonpath')
[42.540s] INFO:colcon.colcon_core.shell:Creating environment hook '/home/f1tenth/f1tenth_mrc_ws/install/wall_follow/share/wall_follow/hook/pythonpath.ps1'
[42.542s] INFO:colcon.colcon_core.shell:Creating environment descriptor '/home/f1tenth/f1tenth_mrc_ws/install/wall_follow/share/wall_follow/hook/pythonpath.dsv'
[42.560s] INFO:colcon.colcon_core.shell:Creating environment hook '/home/f1tenth/f1tenth_mrc_ws/install/wall_follow/share/wall_follow/hook/pythonpath.sh'
[42.565s] Level 1:colcon.colcon_core.environment:checking '/home/f1tenth/f1tenth_mrc_ws/install/wall_follow/bin'
[42.579s] INFO:colcon.colcon_core.shell:Creating package script '/home/f1tenth/f1tenth_mrc_ws/install/wall_follow/share/wall_follow/package.ps1'
[42.588s] INFO:colcon.colcon_core.shell:Creating package descriptor '/home/f1tenth/f1tenth_mrc_ws/install/wall_follow/share/wall_follow/package.dsv'
[42.601s] INFO:colcon.colcon_core.shell:Creating package script '/home/f1tenth/f1tenth_mrc_ws/install/wall_follow/share/wall_follow/package.sh'
[42.604s] INFO:colcon.colcon_core.shell:Creating package script '/home/f1tenth/f1tenth_mrc_ws/install/wall_follow/share/wall_follow/package.bash'
[42.612s] INFO:colcon.colcon_core.shell:Creating package script '/home/f1tenth/f1tenth_mrc_ws/install/wall_follow/share/wall_follow/package.zsh'
[42.615s] Level 1:colcon.colcon_core.environment:create_file_with_runtime_dependencies(/home/f1tenth/f1tenth_mrc_ws/install/wall_follow/share/colcon-core/packages/wall_follow)
[42.618s] Level 1:colcon.colcon_core.environment:create_environment_scripts_only(wall_follow)
[42.632s] Level 1:colcon.colcon_core.environment:checking '/home/f1tenth/f1tenth_mrc_ws/install/wall_follow' for CMake module files
[42.635s] Level 1:colcon.colcon_core.environment:checking '/home/f1tenth/f1tenth_mrc_ws/install/wall_follow' for CMake config files
[42.638s] Level 1:colcon.colcon_core.shell:create_environment_hook('wall_follow', 'cmake_prefix_path')
[42.639s] INFO:colcon.colcon_core.shell:Creating environment hook '/home/f1tenth/f1tenth_mrc_ws/install/wall_follow/share/wall_follow/hook/cmake_prefix_path.ps1'
[42.642s] INFO:colcon.colcon_core.shell:Creating environment descriptor '/home/f1tenth/f1tenth_mrc_ws/install/wall_follow/share/wall_follow/hook/cmake_prefix_path.dsv'
[42.644s] INFO:colcon.colcon_core.shell:Creating environment hook '/home/f1tenth/f1tenth_mrc_ws/install/wall_follow/share/wall_follow/hook/cmake_prefix_path.sh'
[42.658s] Level 1:colcon.colcon_core.environment:checking '/home/f1tenth/f1tenth_mrc_ws/install/wall_follow/lib'
[42.659s] Level 1:colcon.colcon_core.environment:checking '/home/f1tenth/f1tenth_mrc_ws/install/wall_follow/bin'
[42.659s] Level 1:colcon.colcon_core.environment:checking '/home/f1tenth/f1tenth_mrc_ws/install/wall_follow/lib/pkgconfig/wall_follow.pc'
[42.660s] Level 1:colcon.colcon_core.environment:checking '/home/f1tenth/f1tenth_mrc_ws/install/wall_follow/lib/python3.8/site-packages'
[42.660s] Level 1:colcon.colcon_core.shell:create_environment_hook('wall_follow', 'pythonpath')
[42.661s] INFO:colcon.colcon_core.shell:Creating environment hook '/home/f1tenth/f1tenth_mrc_ws/install/wall_follow/share/wall_follow/hook/pythonpath.ps1'
[42.663s] INFO:colcon.colcon_core.shell:Creating environment descriptor '/home/f1tenth/f1tenth_mrc_ws/install/wall_follow/share/wall_follow/hook/pythonpath.dsv'
[42.665s] INFO:colcon.colcon_core.shell:Creating environment hook '/home/f1tenth/f1tenth_mrc_ws/install/wall_follow/share/wall_follow/hook/pythonpath.sh'
[42.684s] Level 1:colcon.colcon_core.environment:checking '/home/f1tenth/f1tenth_mrc_ws/install/wall_follow/bin'
[42.685s] INFO:colcon.colcon_core.shell:Creating package script '/home/f1tenth/f1tenth_mrc_ws/install/wall_follow/share/wall_follow/package.ps1'
[42.692s] INFO:colcon.colcon_core.shell:Creating package descriptor '/home/f1tenth/f1tenth_mrc_ws/install/wall_follow/share/wall_follow/package.dsv'
[42.694s] INFO:colcon.colcon_core.shell:Creating package script '/home/f1tenth/f1tenth_mrc_ws/install/wall_follow/share/wall_follow/package.sh'
[42.712s] INFO:colcon.colcon_core.shell:Creating package script '/home/f1tenth/f1tenth_mrc_ws/install/wall_follow/share/wall_follow/package.bash'
[42.716s] INFO:colcon.colcon_core.shell:Creating package script '/home/f1tenth/f1tenth_mrc_ws/install/wall_follow/share/wall_follow/package.zsh'
[42.718s] Level 1:colcon.colcon_core.environment:create_file_with_runtime_dependencies(/home/f1tenth/f1tenth_mrc_ws/install/wall_follow/share/colcon-core/packages/wall_follow)
[43.323s] Level 1:colcon.colcon_core.environment:checking '/home/f1tenth/f1tenth_mrc_ws/install/waypoint_logger' for CMake module files
[43.325s] Level 1:colcon.colcon_core.environment:checking '/home/f1tenth/f1tenth_mrc_ws/install/waypoint_logger' for CMake config files
[43.328s] Level 1:colcon.colcon_core.environment:checking '/home/f1tenth/f1tenth_mrc_ws/install/waypoint_logger/lib'
[43.328s] Level 1:colcon.colcon_core.environment:checking '/home/f1tenth/f1tenth_mrc_ws/install/waypoint_logger/bin'
[43.328s] Level 1:colcon.colcon_core.environment:checking '/home/f1tenth/f1tenth_mrc_ws/install/waypoint_logger/lib/pkgconfig/waypoint_logger.pc'
[43.329s] Level 1:colcon.colcon_core.environment:checking '/home/f1tenth/f1tenth_mrc_ws/install/waypoint_logger/lib/python3.8/site-packages'
[43.329s] Level 1:colcon.colcon_core.shell:create_environment_hook('waypoint_logger', 'pythonpath')
[43.330s] INFO:colcon.colcon_core.shell:Creating environment hook '/home/f1tenth/f1tenth_mrc_ws/install/waypoint_logger/share/waypoint_logger/hook/pythonpath.ps1'
[43.332s] DEBUG:colcon.colcon_core.event_handler.log_command:Invoked command in '/home/f1tenth/f1tenth_mrc_ws/src/waypoint_logger' returned '0': PYTHONPATH=/home/f1tenth/f1tenth_mrc_ws/build/waypoint_logger/prefix_override:/usr/lib/python3/dist-packages/colcon_core/task/python/colcon_distutils_commands:/home/f1tenth/f1tenth_mrc_ws/install/waypoint_logger/lib/python3.8/site-packages:${PYTHONPATH} /usr/bin/python3 -W ignore:setup.py install is deprecated -W ignore:easy_install command is deprecated setup.py egg_info --egg-base ../../build/waypoint_logger build --build-base /home/f1tenth/f1tenth_mrc_ws/build/waypoint_logger/build install --record /home/f1tenth/f1tenth_mrc_ws/build/waypoint_logger/install.log --install-scripts $base/lib/waypoint_logger --single-version-externally-managed install_data
[43.334s] INFO:colcon.colcon_core.shell:Creating environment descriptor '/home/f1tenth/f1tenth_mrc_ws/install/waypoint_logger/share/waypoint_logger/hook/pythonpath.dsv'
[43.337s] INFO:colcon.colcon_core.shell:Creating environment hook '/home/f1tenth/f1tenth_mrc_ws/install/waypoint_logger/share/waypoint_logger/hook/pythonpath.sh'
[43.348s] Level 1:colcon.colcon_core.environment:checking '/home/f1tenth/f1tenth_mrc_ws/install/waypoint_logger/bin'
[43.349s] Level 1:colcon.colcon_core.environment:create_environment_scripts_only(waypoint_logger)
[43.350s] INFO:colcon.colcon_core.shell:Creating package script '/home/f1tenth/f1tenth_mrc_ws/install/waypoint_logger/share/waypoint_logger/package.ps1'
[43.353s] INFO:colcon.colcon_core.shell:Creating package descriptor '/home/f1tenth/f1tenth_mrc_ws/install/waypoint_logger/share/waypoint_logger/package.dsv'
[43.355s] INFO:colcon.colcon_core.shell:Creating package script '/home/f1tenth/f1tenth_mrc_ws/install/waypoint_logger/share/waypoint_logger/package.sh'
[43.359s] INFO:colcon.colcon_core.shell:Creating package script '/home/f1tenth/f1tenth_mrc_ws/install/waypoint_logger/share/waypoint_logger/package.bash'
[43.361s] INFO:colcon.colcon_core.shell:Creating package script '/home/f1tenth/f1tenth_mrc_ws/install/waypoint_logger/share/waypoint_logger/package.zsh'
[43.363s] Level 1:colcon.colcon_core.environment:create_file_with_runtime_dependencies(/home/f1tenth/f1tenth_mrc_ws/install/waypoint_logger/share/colcon-core/packages/waypoint_logger)
[82.267s] DEBUG:colcon.colcon_core.event_handler.log_command:Invoked command in '/home/f1tenth/f1tenth_mrc_ws/build/realsense2_camera_msgs' returned '0': CMAKE_PREFIX_PATH=/opt/ros/foxy /usr/bin/cmake --build /home/f1tenth/f1tenth_mrc_ws/build/realsense2_camera_msgs -- -j4 -l4
[82.269s] DEBUG:colcon.colcon_core.event_handler.log_command:Invoking command in '/home/f1tenth/f1tenth_mrc_ws/build/realsense2_camera_msgs': CMAKE_PREFIX_PATH=/opt/ros/foxy /usr/bin/cmake --install /home/f1tenth/f1tenth_mrc_ws/build/realsense2_camera_msgs
[82.701s] Level 1:colcon.colcon_core.environment:create_environment_scripts_only(realsense2_camera_msgs)
[82.705s] Level 1:colcon.colcon_core.environment:checking '/home/f1tenth/f1tenth_mrc_ws/install/realsense2_camera_msgs' for CMake module files
[82.708s] DEBUG:colcon.colcon_core.event_handler.log_command:Invoked command in '/home/f1tenth/f1tenth_mrc_ws/build/realsense2_camera_msgs' returned '0': CMAKE_PREFIX_PATH=/opt/ros/foxy /usr/bin/cmake --install /home/f1tenth/f1tenth_mrc_ws/build/realsense2_camera_msgs
[82.711s] Level 1:colcon.colcon_core.environment:checking '/home/f1tenth/f1tenth_mrc_ws/install/realsense2_camera_msgs' for CMake config files
[82.714s] Level 1:colcon.colcon_core.shell:create_environment_hook('realsense2_camera_msgs', 'cmake_prefix_path')
[82.716s] INFO:colcon.colcon_core.shell:Creating environment hook '/home/f1tenth/f1tenth_mrc_ws/install/realsense2_camera_msgs/share/realsense2_camera_msgs/hook/cmake_prefix_path.ps1'
[82.719s] INFO:colcon.colcon_core.shell:Creating environment descriptor '/home/f1tenth/f1tenth_mrc_ws/install/realsense2_camera_msgs/share/realsense2_camera_msgs/hook/cmake_prefix_path.dsv'
[82.721s] INFO:colcon.colcon_core.shell:Creating environment hook '/home/f1tenth/f1tenth_mrc_ws/install/realsense2_camera_msgs/share/realsense2_camera_msgs/hook/cmake_prefix_path.sh'
[82.723s] Level 1:colcon.colcon_core.environment:checking '/home/f1tenth/f1tenth_mrc_ws/install/realsense2_camera_msgs/lib'
[82.724s] Level 1:colcon.colcon_core.shell:create_environment_hook('realsense2_camera_msgs', 'ld_library_path_lib')
[82.725s] INFO:colcon.colcon_core.shell:Creating environment hook '/home/f1tenth/f1tenth_mrc_ws/install/realsense2_camera_msgs/share/realsense2_camera_msgs/hook/ld_library_path_lib.ps1'
[82.726s] INFO:colcon.colcon_core.shell:Creating environment descriptor '/home/f1tenth/f1tenth_mrc_ws/install/realsense2_camera_msgs/share/realsense2_camera_msgs/hook/ld_library_path_lib.dsv'
[82.727s] INFO:colcon.colcon_core.shell:Creating environment hook '/home/f1tenth/f1tenth_mrc_ws/install/realsense2_camera_msgs/share/realsense2_camera_msgs/hook/ld_library_path_lib.sh'
[82.729s] Level 1:colcon.colcon_core.environment:checking '/home/f1tenth/f1tenth_mrc_ws/install/realsense2_camera_msgs/bin'
[82.729s] Level 1:colcon.colcon_core.environment:checking '/home/f1tenth/f1tenth_mrc_ws/install/realsense2_camera_msgs/lib/pkgconfig/realsense2_camera_msgs.pc'
[82.730s] Level 1:colcon.colcon_core.environment:checking '/home/f1tenth/f1tenth_mrc_ws/install/realsense2_camera_msgs/lib/python3.8/site-packages'
[82.730s] Level 1:colcon.colcon_core.shell:create_environment_hook('realsense2_camera_msgs', 'pythonpath')
[82.731s] INFO:colcon.colcon_core.shell:Creating environment hook '/home/f1tenth/f1tenth_mrc_ws/install/realsense2_camera_msgs/share/realsense2_camera_msgs/hook/pythonpath.ps1'
[82.733s] INFO:colcon.colcon_core.shell:Creating environment descriptor '/home/f1tenth/f1tenth_mrc_ws/install/realsense2_camera_msgs/share/realsense2_camera_msgs/hook/pythonpath.dsv'
[82.735s] INFO:colcon.colcon_core.shell:Creating environment hook '/home/f1tenth/f1tenth_mrc_ws/install/realsense2_camera_msgs/share/realsense2_camera_msgs/hook/pythonpath.sh'
[82.737s] Level 1:colcon.colcon_core.environment:checking '/home/f1tenth/f1tenth_mrc_ws/install/realsense2_camera_msgs/bin'
[82.739s] INFO:colcon.colcon_core.shell:Creating package script '/home/f1tenth/f1tenth_mrc_ws/install/realsense2_camera_msgs/share/realsense2_camera_msgs/package.ps1'
[82.743s] INFO:colcon.colcon_core.shell:Creating package descriptor '/home/f1tenth/f1tenth_mrc_ws/install/realsense2_camera_msgs/share/realsense2_camera_msgs/package.dsv'
[82.745s] INFO:colcon.colcon_core.shell:Creating package script '/home/f1tenth/f1tenth_mrc_ws/install/realsense2_camera_msgs/share/realsense2_camera_msgs/package.sh'
[82.747s] INFO:colcon.colcon_core.shell:Creating package script '/home/f1tenth/f1tenth_mrc_ws/install/realsense2_camera_msgs/share/realsense2_camera_msgs/package.bash'
[82.749s] INFO:colcon.colcon_core.shell:Creating package script '/home/f1tenth/f1tenth_mrc_ws/install/realsense2_camera_msgs/share/realsense2_camera_msgs/package.zsh'
[82.750s] Level 1:colcon.colcon_core.environment:create_file_with_runtime_dependencies(/home/f1tenth/f1tenth_mrc_ws/install/realsense2_camera_msgs/share/colcon-core/packages/realsense2_camera_msgs)
[82.754s] Level 1:colcon.colcon_core.environment:create_environment_scripts_only(realsense2_camera_msgs)
[82.755s] Level 1:colcon.colcon_core.environment:checking '/home/f1tenth/f1tenth_mrc_ws/install/realsense2_camera_msgs' for CMake module files
[82.757s] Level 1:colcon.colcon_core.environment:checking '/home/f1tenth/f1tenth_mrc_ws/install/realsense2_camera_msgs' for CMake config files
[82.760s] Level 1:colcon.colcon_core.shell:create_environment_hook('realsense2_camera_msgs', 'cmake_prefix_path')
[82.761s] INFO:colcon.colcon_core.shell:Creating environment hook '/home/f1tenth/f1tenth_mrc_ws/install/realsense2_camera_msgs/share/realsense2_camera_msgs/hook/cmake_prefix_path.ps1'
[82.763s] INFO:colcon.colcon_core.shell:Creating environment descriptor '/home/f1tenth/f1tenth_mrc_ws/install/realsense2_camera_msgs/share/realsense2_camera_msgs/hook/cmake_prefix_path.dsv'
[82.765s] INFO:colcon.colcon_core.shell:Creating environment hook '/home/f1tenth/f1tenth_mrc_ws/install/realsense2_camera_msgs/share/realsense2_camera_msgs/hook/cmake_prefix_path.sh'
[82.768s] Level 1:colcon.colcon_core.environment:checking '/home/f1tenth/f1tenth_mrc_ws/install/realsense2_camera_msgs/lib'
[82.768s] Level 1:colcon.colcon_core.shell:create_environment_hook('realsense2_camera_msgs', 'ld_library_path_lib')
[82.769s] INFO:colcon.colcon_core.shell:Creating environment hook '/home/f1tenth/f1tenth_mrc_ws/install/realsense2_camera_msgs/share/realsense2_camera_msgs/hook/ld_library_path_lib.ps1'
[82.771s] INFO:colcon.colcon_core.shell:Creating environment descriptor '/home/f1tenth/f1tenth_mrc_ws/install/realsense2_camera_msgs/share/realsense2_camera_msgs/hook/ld_library_path_lib.dsv'
[82.773s] INFO:colcon.colcon_core.shell:Creating environment hook '/home/f1tenth/f1tenth_mrc_ws/install/realsense2_camera_msgs/share/realsense2_camera_msgs/hook/ld_library_path_lib.sh'
[82.776s] Level 1:colcon.colcon_core.environment:checking '/home/f1tenth/f1tenth_mrc_ws/install/realsense2_camera_msgs/bin'
[82.776s] Level 1:colcon.colcon_core.environment:checking '/home/f1tenth/f1tenth_mrc_ws/install/realsense2_camera_msgs/lib/pkgconfig/realsense2_camera_msgs.pc'
[82.777s] Level 1:colcon.colcon_core.environment:checking '/home/f1tenth/f1tenth_mrc_ws/install/realsense2_camera_msgs/lib/python3.8/site-packages'
[82.777s] Level 1:colcon.colcon_core.shell:create_environment_hook('realsense2_camera_msgs', 'pythonpath')
[82.778s] INFO:colcon.colcon_core.shell:Creating environment hook '/home/f1tenth/f1tenth_mrc_ws/install/realsense2_camera_msgs/share/realsense2_camera_msgs/hook/pythonpath.ps1'
[82.780s] INFO:colcon.colcon_core.shell:Creating environment descriptor '/home/f1tenth/f1tenth_mrc_ws/install/realsense2_camera_msgs/share/realsense2_camera_msgs/hook/pythonpath.dsv'
[82.781s] INFO:colcon.colcon_core.shell:Creating environment hook '/home/f1tenth/f1tenth_mrc_ws/install/realsense2_camera_msgs/share/realsense2_camera_msgs/hook/pythonpath.sh'
[82.784s] Level 1:colcon.colcon_core.environment:checking '/home/f1tenth/f1tenth_mrc_ws/install/realsense2_camera_msgs/bin'
[82.785s] INFO:colcon.colcon_core.shell:Creating package script '/home/f1tenth/f1tenth_mrc_ws/install/realsense2_camera_msgs/share/realsense2_camera_msgs/package.ps1'
[82.787s] INFO:colcon.colcon_core.shell:Creating package descriptor '/home/f1tenth/f1tenth_mrc_ws/install/realsense2_camera_msgs/share/realsense2_camera_msgs/package.dsv'
[82.790s] INFO:colcon.colcon_core.shell:Creating package script '/home/f1tenth/f1tenth_mrc_ws/install/realsense2_camera_msgs/share/realsense2_camera_msgs/package.sh'
[82.792s] INFO:colcon.colcon_core.shell:Creating package script '/home/f1tenth/f1tenth_mrc_ws/install/realsense2_camera_msgs/share/realsense2_camera_msgs/package.bash'
[82.793s] INFO:colcon.colcon_core.shell:Creating package script '/home/f1tenth/f1tenth_mrc_ws/install/realsense2_camera_msgs/share/realsense2_camera_msgs/package.zsh'
[82.795s] Level 1:colcon.colcon_core.environment:create_file_with_runtime_dependencies(/home/f1tenth/f1tenth_mrc_ws/install/realsense2_camera_msgs/share/colcon-core/packages/realsense2_camera_msgs)
[82.797s] INFO:colcon.colcon_ros.task.ament_cmake.build:Building ROS package in '/home/f1tenth/f1tenth_mrc_ws/src/realsense-ros/realsense2_camera' with build type 'ament_cmake'
[82.799s] INFO:colcon.colcon_cmake.task.cmake.build:Building CMake package in '/home/f1tenth/f1tenth_mrc_ws/src/realsense-ros/realsense2_camera'
[82.800s] INFO:colcon.colcon_core.shell:Skip shell extension 'powershell' for command environment: Not usable outside of PowerShell
[82.801s] DEBUG:colcon.colcon_core.shell:Skip shell extension 'dsv' for command environment
[82.825s] INFO:colcon.colcon_ros.task.ament_cmake.build:Building ROS package in '/home/f1tenth/f1tenth_mrc_ws/src/realsense-ros/realsense2_description' with build type 'ament_cmake'
[82.830s] INFO:colcon.colcon_cmake.task.cmake.build:Building CMake package in '/home/f1tenth/f1tenth_mrc_ws/src/realsense-ros/realsense2_description'
[82.834s] INFO:colcon.colcon_core.shell:Skip shell extension 'powershell' for command environment: Not usable outside of PowerShell
[82.834s] DEBUG:colcon.colcon_core.shell:Skip shell extension 'dsv' for command environment
[82.896s] DEBUG:colcon.colcon_core.event_handler.log_command:Invoking command in '/home/f1tenth/f1tenth_mrc_ws/build/realsense2_camera': AMENT_PREFIX_PATH=/home/f1tenth/f1tenth_mrc_ws/install/realsense2_camera_msgs:${AMENT_PREFIX_PATH} CMAKE_PREFIX_PATH=/home/f1tenth/f1tenth_mrc_ws/install/realsense2_camera_msgs:/opt/ros/foxy LD_LIBRARY_PATH=/home/f1tenth/f1tenth_mrc_ws/install/realsense2_camera_msgs/lib:${LD_LIBRARY_PATH} PYTHONPATH=/home/f1tenth/f1tenth_mrc_ws/install/realsense2_camera_msgs/lib/python3.8/site-packages:${PYTHONPATH} /usr/bin/cmake /home/f1tenth/f1tenth_mrc_ws/src/realsense-ros/realsense2_camera -DCMAKE_INSTALL_PREFIX=/home/f1tenth/f1tenth_mrc_ws/install/realsense2_camera
[82.927s] DEBUG:colcon.colcon_core.event_handler.log_command:Invoking command in '/home/f1tenth/f1tenth_mrc_ws/build/realsense2_description': AMENT_PREFIX_PATH=/home/f1tenth/f1tenth_mrc_ws/install/realsense2_camera_msgs:${AMENT_PREFIX_PATH} CMAKE_PREFIX_PATH=/home/f1tenth/f1tenth_mrc_ws/install/realsense2_camera_msgs:/opt/ros/foxy LD_LIBRARY_PATH=/home/f1tenth/f1tenth_mrc_ws/install/realsense2_camera_msgs/lib:${LD_LIBRARY_PATH} PYTHONPATH=/home/f1tenth/f1tenth_mrc_ws/install/realsense2_camera_msgs/lib/python3.8/site-packages:${PYTHONPATH} /usr/bin/cmake /home/f1tenth/f1tenth_mrc_ws/src/realsense-ros/realsense2_description -DCMAKE_INSTALL_PREFIX=/home/f1tenth/f1tenth_mrc_ws/install/realsense2_description
[86.178s] DEBUG:colcon.colcon_core.event_handler.log_command:Invoked command in '/home/f1tenth/f1tenth_mrc_ws/build/realsense2_description' returned '0': AMENT_PREFIX_PATH=/home/f1tenth/f1tenth_mrc_ws/install/realsense2_camera_msgs:${AMENT_PREFIX_PATH} CMAKE_PREFIX_PATH=/home/f1tenth/f1tenth_mrc_ws/install/realsense2_camera_msgs:/opt/ros/foxy LD_LIBRARY_PATH=/home/f1tenth/f1tenth_mrc_ws/install/realsense2_camera_msgs/lib:${LD_LIBRARY_PATH} PYTHONPATH=/home/f1tenth/f1tenth_mrc_ws/install/realsense2_camera_msgs/lib/python3.8/site-packages:${PYTHONPATH} /usr/bin/cmake /home/f1tenth/f1tenth_mrc_ws/src/realsense-ros/realsense2_description -DCMAKE_INSTALL_PREFIX=/home/f1tenth/f1tenth_mrc_ws/install/realsense2_description
[86.191s] DEBUG:colcon.colcon_core.event_handler.log_command:Invoking command in '/home/f1tenth/f1tenth_mrc_ws/build/realsense2_description': AMENT_PREFIX_PATH=/home/f1tenth/f1tenth_mrc_ws/install/realsense2_camera_msgs:${AMENT_PREFIX_PATH} CMAKE_PREFIX_PATH=/home/f1tenth/f1tenth_mrc_ws/install/realsense2_camera_msgs:/opt/ros/foxy LD_LIBRARY_PATH=/home/f1tenth/f1tenth_mrc_ws/install/realsense2_camera_msgs/lib:${LD_LIBRARY_PATH} PYTHONPATH=/home/f1tenth/f1tenth_mrc_ws/install/realsense2_camera_msgs/lib/python3.8/site-packages:${PYTHONPATH} /usr/bin/cmake --build /home/f1tenth/f1tenth_mrc_ws/build/realsense2_description -- -j4 -l4
[86.357s] DEBUG:colcon.colcon_core.event_handler.log_command:Invoked command in '/home/f1tenth/f1tenth_mrc_ws/build/realsense2_description' returned '0': AMENT_PREFIX_PATH=/home/f1tenth/f1tenth_mrc_ws/install/realsense2_camera_msgs:${AMENT_PREFIX_PATH} CMAKE_PREFIX_PATH=/home/f1tenth/f1tenth_mrc_ws/install/realsense2_camera_msgs:/opt/ros/foxy LD_LIBRARY_PATH=/home/f1tenth/f1tenth_mrc_ws/install/realsense2_camera_msgs/lib:${LD_LIBRARY_PATH} PYTHONPATH=/home/f1tenth/f1tenth_mrc_ws/install/realsense2_camera_msgs/lib/python3.8/site-packages:${PYTHONPATH} /usr/bin/cmake --build /home/f1tenth/f1tenth_mrc_ws/build/realsense2_description -- -j4 -l4
[86.374s] DEBUG:colcon.colcon_core.event_handler.log_command:Invoking command in '/home/f1tenth/f1tenth_mrc_ws/build/realsense2_description': AMENT_PREFIX_PATH=/home/f1tenth/f1tenth_mrc_ws/install/realsense2_camera_msgs:${AMENT_PREFIX_PATH} CMAKE_PREFIX_PATH=/home/f1tenth/f1tenth_mrc_ws/install/realsense2_camera_msgs:/opt/ros/foxy LD_LIBRARY_PATH=/home/f1tenth/f1tenth_mrc_ws/install/realsense2_camera_msgs/lib:${LD_LIBRARY_PATH} PYTHONPATH=/home/f1tenth/f1tenth_mrc_ws/install/realsense2_camera_msgs/lib/python3.8/site-packages:${PYTHONPATH} /usr/bin/cmake --install /home/f1tenth/f1tenth_mrc_ws/build/realsense2_description
[86.841s] Level 1:colcon.colcon_core.environment:create_environment_scripts_only(realsense2_description)
[86.844s] Level 1:colcon.colcon_core.environment:checking '/home/f1tenth/f1tenth_mrc_ws/install/realsense2_description' for CMake module files
[86.846s] DEBUG:colcon.colcon_core.event_handler.log_command:Invoked command in '/home/f1tenth/f1tenth_mrc_ws/build/realsense2_description' returned '0': AMENT_PREFIX_PATH=/home/f1tenth/f1tenth_mrc_ws/install/realsense2_camera_msgs:${AMENT_PREFIX_PATH} CMAKE_PREFIX_PATH=/home/f1tenth/f1tenth_mrc_ws/install/realsense2_camera_msgs:/opt/ros/foxy LD_LIBRARY_PATH=/home/f1tenth/f1tenth_mrc_ws/install/realsense2_camera_msgs/lib:${LD_LIBRARY_PATH} PYTHONPATH=/home/f1tenth/f1tenth_mrc_ws/install/realsense2_camera_msgs/lib/python3.8/site-packages:${PYTHONPATH} /usr/bin/cmake --install /home/f1tenth/f1tenth_mrc_ws/build/realsense2_description
[86.848s] Level 1:colcon.colcon_core.environment:checking '/home/f1tenth/f1tenth_mrc_ws/install/realsense2_description' for CMake config files
[86.849s] Level 1:colcon.colcon_core.shell:create_environment_hook('realsense2_description', 'cmake_prefix_path')
[86.850s] INFO:colcon.colcon_core.shell:Creating environment hook '/home/f1tenth/f1tenth_mrc_ws/install/realsense2_description/share/realsense2_description/hook/cmake_prefix_path.ps1'
[86.853s] INFO:colcon.colcon_core.shell:Creating environment descriptor '/home/f1tenth/f1tenth_mrc_ws/install/realsense2_description/share/realsense2_description/hook/cmake_prefix_path.dsv'
[86.854s] INFO:colcon.colcon_core.shell:Creating environment hook '/home/f1tenth/f1tenth_mrc_ws/install/realsense2_description/share/realsense2_description/hook/cmake_prefix_path.sh'
[86.857s] Level 1:colcon.colcon_core.environment:checking '/home/f1tenth/f1tenth_mrc_ws/install/realsense2_description/bin'
[86.857s] Level 1:colcon.colcon_core.environment:checking '/home/f1tenth/f1tenth_mrc_ws/install/realsense2_description/lib/pkgconfig/realsense2_description.pc'
[86.858s] Level 1:colcon.colcon_core.environment:checking '/home/f1tenth/f1tenth_mrc_ws/install/realsense2_description/lib/python3.8/site-packages'
[86.859s] Level 1:colcon.colcon_core.environment:checking '/home/f1tenth/f1tenth_mrc_ws/install/realsense2_description/bin'
[86.860s] INFO:colcon.colcon_core.shell:Creating package script '/home/f1tenth/f1tenth_mrc_ws/install/realsense2_description/share/realsense2_description/package.ps1'
[86.863s] INFO:colcon.colcon_core.shell:Creating package descriptor '/home/f1tenth/f1tenth_mrc_ws/install/realsense2_description/share/realsense2_description/package.dsv'
[86.866s] INFO:colcon.colcon_core.shell:Creating package script '/home/f1tenth/f1tenth_mrc_ws/install/realsense2_description/share/realsense2_description/package.sh'
[86.868s] INFO:colcon.colcon_core.shell:Creating package script '/home/f1tenth/f1tenth_mrc_ws/install/realsense2_description/share/realsense2_description/package.bash'
[86.869s] INFO:colcon.colcon_core.shell:Creating package script '/home/f1tenth/f1tenth_mrc_ws/install/realsense2_description/share/realsense2_description/package.zsh'
[86.871s] Level 1:colcon.colcon_core.environment:create_file_with_runtime_dependencies(/home/f1tenth/f1tenth_mrc_ws/install/realsense2_description/share/colcon-core/packages/realsense2_description)
[86.874s] Level 1:colcon.colcon_core.environment:create_environment_scripts_only(realsense2_description)
[86.874s] Level 1:colcon.colcon_core.environment:checking '/home/f1tenth/f1tenth_mrc_ws/install/realsense2_description' for CMake module files
[86.876s] Level 1:colcon.colcon_core.environment:checking '/home/f1tenth/f1tenth_mrc_ws/install/realsense2_description' for CMake config files
[86.877s] Level 1:colcon.colcon_core.shell:create_environment_hook('realsense2_description', 'cmake_prefix_path')
[86.878s] INFO:colcon.colcon_core.shell:Creating environment hook '/home/f1tenth/f1tenth_mrc_ws/install/realsense2_description/share/realsense2_description/hook/cmake_prefix_path.ps1'
[86.881s] INFO:colcon.colcon_core.shell:Creating environment descriptor '/home/f1tenth/f1tenth_mrc_ws/install/realsense2_description/share/realsense2_description/hook/cmake_prefix_path.dsv'
[86.883s] INFO:colcon.colcon_core.shell:Creating environment hook '/home/f1tenth/f1tenth_mrc_ws/install/realsense2_description/share/realsense2_description/hook/cmake_prefix_path.sh'
[86.885s] Level 1:colcon.colcon_core.environment:checking '/home/f1tenth/f1tenth_mrc_ws/install/realsense2_description/bin'
[86.885s] Level 1:colcon.colcon_core.environment:checking '/home/f1tenth/f1tenth_mrc_ws/install/realsense2_description/lib/pkgconfig/realsense2_description.pc'
[86.886s] Level 1:colcon.colcon_core.environment:checking '/home/f1tenth/f1tenth_mrc_ws/install/realsense2_description/lib/python3.8/site-packages'
[86.887s] Level 1:colcon.colcon_core.environment:checking '/home/f1tenth/f1tenth_mrc_ws/install/realsense2_description/bin'
[86.888s] INFO:colcon.colcon_core.shell:Creating package script '/home/f1tenth/f1tenth_mrc_ws/install/realsense2_description/share/realsense2_description/package.ps1'
[86.890s] INFO:colcon.colcon_core.shell:Creating package descriptor '/home/f1tenth/f1tenth_mrc_ws/install/realsense2_description/share/realsense2_description/package.dsv'
[86.895s] INFO:colcon.colcon_core.shell:Creating package script '/home/f1tenth/f1tenth_mrc_ws/install/realsense2_description/share/realsense2_description/package.sh'
[86.897s] INFO:colcon.colcon_core.shell:Creating package script '/home/f1tenth/f1tenth_mrc_ws/install/realsense2_description/share/realsense2_description/package.bash'
[86.899s] INFO:colcon.colcon_core.shell:Creating package script '/home/f1tenth/f1tenth_mrc_ws/install/realsense2_description/share/realsense2_description/package.zsh'
[86.901s] Level 1:colcon.colcon_core.environment:create_file_with_runtime_dependencies(/home/f1tenth/f1tenth_mrc_ws/install/realsense2_description/share/colcon-core/packages/realsense2_description)
[110.405s] DEBUG:colcon.colcon_core.event_handler.log_command:Invoked command in '/home/f1tenth/f1tenth_mrc_ws/build/realsense2_camera' returned '1': AMENT_PREFIX_PATH=/home/f1tenth/f1tenth_mrc_ws/install/realsense2_camera_msgs:${AMENT_PREFIX_PATH} CMAKE_PREFIX_PATH=/home/f1tenth/f1tenth_mrc_ws/install/realsense2_camera_msgs:/opt/ros/foxy LD_LIBRARY_PATH=/home/f1tenth/f1tenth_mrc_ws/install/realsense2_camera_msgs/lib:${LD_LIBRARY_PATH} PYTHONPATH=/home/f1tenth/f1tenth_mrc_ws/install/realsense2_camera_msgs/lib/python3.8/site-packages:${PYTHONPATH} /usr/bin/cmake /home/f1tenth/f1tenth_mrc_ws/src/realsense-ros/realsense2_camera -DCMAKE_INSTALL_PREFIX=/home/f1tenth/f1tenth_mrc_ws/install/realsense2_camera
[110.465s] Level 1:colcon.colcon_core.environment:create_environment_scripts_only(realsense2_camera)
[110.469s] Level 1:colcon.colcon_core.environment:checking '/home/f1tenth/f1tenth_mrc_ws/install/realsense2_camera' for CMake module files
[110.471s] Level 1:colcon.colcon_core.environment:checking '/home/f1tenth/f1tenth_mrc_ws/install/realsense2_camera' for CMake config files
[110.472s] Level 1:colcon.colcon_core.environment:checking '/home/f1tenth/f1tenth_mrc_ws/install/realsense2_camera/bin'
[110.473s] Level 1:colcon.colcon_core.environment:checking '/home/f1tenth/f1tenth_mrc_ws/install/realsense2_camera/lib/pkgconfig/realsense2_camera.pc'
[110.474s] Level 1:colcon.colcon_core.environment:checking '/home/f1tenth/f1tenth_mrc_ws/install/realsense2_camera/lib/python3.8/site-packages'
[110.476s] Level 1:colcon.colcon_core.environment:checking '/home/f1tenth/f1tenth_mrc_ws/install/realsense2_camera/bin'
[110.477s] INFO:colcon.colcon_core.shell:Creating package script '/home/f1tenth/f1tenth_mrc_ws/install/realsense2_camera/share/realsense2_camera/package.ps1'
[110.481s] INFO:colcon.colcon_core.shell:Creating package descriptor '/home/f1tenth/f1tenth_mrc_ws/install/realsense2_camera/share/realsense2_camera/package.dsv'
[110.483s] INFO:colcon.colcon_core.shell:Creating package script '/home/f1tenth/f1tenth_mrc_ws/install/realsense2_camera/share/realsense2_camera/package.sh'
[110.485s] INFO:colcon.colcon_core.shell:Creating package script '/home/f1tenth/f1tenth_mrc_ws/install/realsense2_camera/share/realsense2_camera/package.bash'
[110.486s] INFO:colcon.colcon_core.shell:Creating package script '/home/f1tenth/f1tenth_mrc_ws/install/realsense2_camera/share/realsense2_camera/package.zsh'
[110.488s] Level 1:colcon.colcon_core.environment:create_file_with_runtime_dependencies(/home/f1tenth/f1tenth_mrc_ws/install/realsense2_camera/share/colcon-core/packages/realsense2_camera)
[110.500s] DEBUG:colcon.colcon_parallel_executor.executor.parallel:closing loop
[110.501s] DEBUG:colcon.colcon_parallel_executor.executor.parallel:loop closed
[110.501s] DEBUG:colcon.colcon_parallel_executor.executor.parallel:run_until_complete finished with '1'
[110.503s] DEBUG:colcon.colcon_core.event_reactor:joining thread
[110.528s] INFO:colcon.colcon_core.plugin_system:Skipping extension 'colcon_notification.desktop_notification.terminal_notifier': Not used on non-Darwin systems
[110.528s] INFO:colcon.colcon_core.plugin_system:Skipping extension 'colcon_notification.desktop_notification.win32': Not used on non-Windows systems
[110.529s] INFO:colcon.colcon_notification.desktop_notification:Sending desktop notification using 'notify2'
[110.604s] DEBUG:colcon.colcon_core.event_reactor:joined thread
[110.605s] INFO:colcon.colcon_core.shell:Creating prefix script '/home/f1tenth/f1tenth_mrc_ws/install/local_setup.ps1'
[110.609s] INFO:colcon.colcon_core.shell:Creating prefix util module '/home/f1tenth/f1tenth_mrc_ws/install/_local_setup_util_ps1.py'
[110.614s] INFO:colcon.colcon_core.shell:Creating prefix chain script '/home/f1tenth/f1tenth_mrc_ws/install/setup.ps1'
[110.618s] INFO:colcon.colcon_core.shell:Creating prefix script '/home/f1tenth/f1tenth_mrc_ws/install/local_setup.sh'
[110.620s] INFO:colcon.colcon_core.shell:Creating prefix util module '/home/f1tenth/f1tenth_mrc_ws/install/_local_setup_util_sh.py'
[110.622s] INFO:colcon.colcon_core.shell:Creating prefix chain script '/home/f1tenth/f1tenth_mrc_ws/install/setup.sh'
[110.626s] INFO:colcon.colcon_core.shell:Creating prefix script '/home/f1tenth/f1tenth_mrc_ws/install/local_setup.bash'
[110.628s] INFO:colcon.colcon_core.shell:Creating prefix chain script '/home/f1tenth/f1tenth_mrc_ws/install/setup.bash'
[110.631s] INFO:colcon.colcon_core.shell:Creating prefix script '/home/f1tenth/f1tenth_mrc_ws/install/local_setup.zsh'
[110.633s] INFO:colcon.colcon_core.shell:Creating prefix chain script '/home/f1tenth/f1tenth_mrc_ws/install/setup.zsh'
