[0.880s] DEBUG:colcon:Command line arguments: ['/usr/bin/colcon', 'build']
[0.881s] DEBUG:colcon:Parsed command line arguments: Namespace(allow_overriding=[], ament_cmake_args=None, base_paths=['.'], build_base='build', catkin_cmake_args=None, catkin_skip_building_tests=False, cmake_args=None, cmake_clean_cache=False, cmake_clean_first=False, cmake_force_configure=False, cmake_target=None, cmake_target_skip_unavailable=False, continue_on_error=False, event_handlers=None, executor='parallel', ignore_user_meta=False, install_base='install', log_base=None, log_level=None, main=<bound method BuildVerb.main of <colcon_core.verb.build.BuildVerb object at 0xffff83488b50>>, merge_install=False, metas=['./colcon.meta'], mixin=None, mixin_files=None, mixin_verb=('build',), packages_above=None, packages_above_and_dependencies=None, packages_above_depth=None, packages_end=None, packages_ignore=None, packages_ignore_regex=None, packages_select=None, packages_select_build_failed=False, packages_select_by_dep=None, packages_select_regex=None, packages_select_test_failures=False, packages_skip=None, packages_skip_build_finished=False, packages_skip_by_dep=None, packages_skip_regex=None, packages_skip_test_passed=False, packages_skip_up_to=None, packages_start=None, packages_up_to=None, packages_up_to_regex=None, parallel_workers=4, paths=None, symlink_install=False, test_result_base=None, verb_extension=<colcon_core.verb.build.BuildVerb object at 0xffff83488b50>, verb_name='build', verb_parser=<colcon_mixin.mixin.mixin_argument.MixinArgumentDecorator object at 0xffff834971f0>)
[1.653s] Level 1:colcon.colcon_core.package_discovery:discover_packages(colcon_meta) check parameters
[1.654s] Level 1:colcon.colcon_core.package_discovery:discover_packages(recursive) check parameters
[1.654s] Level 1:colcon.colcon_core.package_discovery:discover_packages(ignore) check parameters
[1.654s] Level 1:colcon.colcon_core.package_discovery:discover_packages(path) check parameters
[1.654s] Level 1:colcon.colcon_core.package_discovery:discover_packages(colcon_meta) discover
[1.655s] Level 1:colcon.colcon_core.package_discovery:discover_packages(recursive) discover
[1.655s] INFO:colcon.colcon_core.package_discovery:Crawling recursively for packages in '/home/f1tenth/f1tenth_mrc_ws'
[1.655s] Level 1:colcon.colcon_core.package_identification:_identify(.) by extensions ['ignore', 'ignore_ament_install']
[1.656s] Level 1:colcon.colcon_core.package_identification:_identify(.) by extension 'ignore'
[1.656s] Level 1:colcon.colcon_core.package_identification:_identify(.) by extension 'ignore_ament_install'
[1.656s] Level 1:colcon.colcon_core.package_identification:_identify(.) by extensions ['colcon_pkg']
[1.656s] Level 1:colcon.colcon_core.package_identification:_identify(.) by extension 'colcon_pkg'
[1.656s] Level 1:colcon.colcon_core.package_identification:_identify(.) by extensions ['colcon_meta']
[1.656s] Level 1:colcon.colcon_core.package_identification:_identify(.) by extension 'colcon_meta'
[1.657s] Level 1:colcon.colcon_core.package_identification:_identify(.) by extensions ['ros']
[1.657s] Level 1:colcon.colcon_core.package_identification:_identify(.) by extension 'ros'
[1.737s] Level 1:colcon.colcon_core.package_identification:_identify(.) by extensions ['cmake', 'python']
[1.737s] Level 1:colcon.colcon_core.package_identification:_identify(.) by extension 'cmake'
[1.737s] Level 1:colcon.colcon_core.package_identification:_identify(.) by extension 'python'
[1.737s] Level 1:colcon.colcon_core.package_identification:_identify(.) by extensions ['python_setup_py']
[1.738s] Level 1:colcon.colcon_core.package_identification:_identify(.) by extension 'python_setup_py'
[1.738s] Level 1:colcon.colcon_core.package_identification:_identify(build) by extensions ['ignore', 'ignore_ament_install']
[1.739s] Level 1:colcon.colcon_core.package_identification:_identify(build) by extension 'ignore'
[1.739s] Level 1:colcon.colcon_core.package_identification:_identify(build) ignored
[1.739s] Level 1:colcon.colcon_core.package_identification:_identify(install) by extensions ['ignore', 'ignore_ament_install']
[1.740s] Level 1:colcon.colcon_core.package_identification:_identify(install) by extension 'ignore'
[1.740s] Level 1:colcon.colcon_core.package_identification:_identify(install) ignored
[1.740s] Level 1:colcon.colcon_core.package_identification:_identify(log) by extensions ['ignore', 'ignore_ament_install']
[1.741s] Level 1:colcon.colcon_core.package_identification:_identify(log) by extension 'ignore'
[1.741s] Level 1:colcon.colcon_core.package_identification:_identify(log) ignored
[1.741s] Level 1:colcon.colcon_core.package_identification:_identify(plots) by extensions ['ignore', 'ignore_ament_install']
[1.741s] Level 1:colcon.colcon_core.package_identification:_identify(plots) by extension 'ignore'
[1.741s] Level 1:colcon.colcon_core.package_identification:_identify(plots) by extension 'ignore_ament_install'
[1.742s] Level 1:colcon.colcon_core.package_identification:_identify(plots) by extensions ['colcon_pkg']
[1.742s] Level 1:colcon.colcon_core.package_identification:_identify(plots) by extension 'colcon_pkg'
[1.742s] Level 1:colcon.colcon_core.package_identification:_identify(plots) by extensions ['colcon_meta']
[1.742s] Level 1:colcon.colcon_core.package_identification:_identify(plots) by extension 'colcon_meta'
[1.742s] Level 1:colcon.colcon_core.package_identification:_identify(plots) by extensions ['ros']
[1.742s] Level 1:colcon.colcon_core.package_identification:_identify(plots) by extension 'ros'
[1.743s] Level 1:colcon.colcon_core.package_identification:_identify(plots) by extensions ['cmake', 'python']
[1.743s] Level 1:colcon.colcon_core.package_identification:_identify(plots) by extension 'cmake'
[1.743s] Level 1:colcon.colcon_core.package_identification:_identify(plots) by extension 'python'
[1.743s] Level 1:colcon.colcon_core.package_identification:_identify(plots) by extensions ['python_setup_py']
[1.743s] Level 1:colcon.colcon_core.package_identification:_identify(plots) by extension 'python_setup_py'
[1.744s] Level 1:colcon.colcon_core.package_identification:_identify(src) by extensions ['ignore', 'ignore_ament_install']
[1.744s] Level 1:colcon.colcon_core.package_identification:_identify(src) by extension 'ignore'
[1.744s] Level 1:colcon.colcon_core.package_identification:_identify(src) by extension 'ignore_ament_install'
[1.744s] Level 1:colcon.colcon_core.package_identification:_identify(src) by extensions ['colcon_pkg']
[1.744s] Level 1:colcon.colcon_core.package_identification:_identify(src) by extension 'colcon_pkg'
[1.744s] Level 1:colcon.colcon_core.package_identification:_identify(src) by extensions ['colcon_meta']
[1.745s] Level 1:colcon.colcon_core.package_identification:_identify(src) by extension 'colcon_meta'
[1.745s] Level 1:colcon.colcon_core.package_identification:_identify(src) by extensions ['ros']
[1.745s] Level 1:colcon.colcon_core.package_identification:_identify(src) by extension 'ros'
[1.745s] Level 1:colcon.colcon_core.package_identification:_identify(src) by extensions ['cmake', 'python']
[1.745s] Level 1:colcon.colcon_core.package_identification:_identify(src) by extension 'cmake'
[1.745s] Level 1:colcon.colcon_core.package_identification:_identify(src) by extension 'python'
[1.746s] Level 1:colcon.colcon_core.package_identification:_identify(src) by extensions ['python_setup_py']
[1.746s] Level 1:colcon.colcon_core.package_identification:_identify(src) by extension 'python_setup_py'
[1.746s] Level 1:colcon.colcon_core.package_identification:_identify(src/RRT_package) by extensions ['ignore', 'ignore_ament_install']
[1.746s] Level 1:colcon.colcon_core.package_identification:_identify(src/RRT_package) by extension 'ignore'
[1.747s] Level 1:colcon.colcon_core.package_identification:_identify(src/RRT_package) by extension 'ignore_ament_install'
[1.747s] Level 1:colcon.colcon_core.package_identification:_identify(src/RRT_package) by extensions ['colcon_pkg']
[1.747s] Level 1:colcon.colcon_core.package_identification:_identify(src/RRT_package) by extension 'colcon_pkg'
[1.747s] Level 1:colcon.colcon_core.package_identification:_identify(src/RRT_package) by extensions ['colcon_meta']
[1.747s] Level 1:colcon.colcon_core.package_identification:_identify(src/RRT_package) by extension 'colcon_meta'
[1.747s] Level 1:colcon.colcon_core.package_identification:_identify(src/RRT_package) by extensions ['ros']
[1.747s] Level 1:colcon.colcon_core.package_identification:_identify(src/RRT_package) by extension 'ros'
[1.748s] Level 1:colcon.colcon_core.package_identification:_identify(src/RRT_package) by extensions ['cmake', 'python']
[1.748s] Level 1:colcon.colcon_core.package_identification:_identify(src/RRT_package) by extension 'cmake'
[1.748s] Level 1:colcon.colcon_core.package_identification:_identify(src/RRT_package) by extension 'python'
[1.748s] Level 1:colcon.colcon_core.package_identification:_identify(src/RRT_package) by extensions ['python_setup_py']
[1.748s] Level 1:colcon.colcon_core.package_identification:_identify(src/RRT_package) by extension 'python_setup_py'
[1.749s] Level 1:colcon.colcon_core.package_identification:_identify(src/RRT_package/RRT_package) by extensions ['ignore', 'ignore_ament_install']
[1.749s] Level 1:colcon.colcon_core.package_identification:_identify(src/RRT_package/RRT_package) by extension 'ignore'
[1.749s] Level 1:colcon.colcon_core.package_identification:_identify(src/RRT_package/RRT_package) by extension 'ignore_ament_install'
[1.749s] Level 1:colcon.colcon_core.package_identification:_identify(src/RRT_package/RRT_package) by extensions ['colcon_pkg']
[1.749s] Level 1:colcon.colcon_core.package_identification:_identify(src/RRT_package/RRT_package) by extension 'colcon_pkg'
[1.749s] Level 1:colcon.colcon_core.package_identification:_identify(src/RRT_package/RRT_package) by extensions ['colcon_meta']
[1.750s] Level 1:colcon.colcon_core.package_identification:_identify(src/RRT_package/RRT_package) by extension 'colcon_meta'
[1.750s] Level 1:colcon.colcon_core.package_identification:_identify(src/RRT_package/RRT_package) by extensions ['ros']
[1.750s] Level 1:colcon.colcon_core.package_identification:_identify(src/RRT_package/RRT_package) by extension 'ros'
[1.750s] Level 1:colcon.colcon_core.package_identification:_identify(src/RRT_package/RRT_package) by extensions ['cmake', 'python']
[1.750s] Level 1:colcon.colcon_core.package_identification:_identify(src/RRT_package/RRT_package) by extension 'cmake'
[1.750s] Level 1:colcon.colcon_core.package_identification:_identify(src/RRT_package/RRT_package) by extension 'python'
[1.751s] Level 1:colcon.colcon_core.package_identification:_identify(src/RRT_package/RRT_package) by extensions ['python_setup_py']
[1.751s] Level 1:colcon.colcon_core.package_identification:_identify(src/RRT_package/RRT_package) by extension 'python_setup_py'
[1.751s] Level 1:colcon.colcon_core.package_identification:_identify(src/camera_pkg) by extensions ['ignore', 'ignore_ament_install']
[1.751s] Level 1:colcon.colcon_core.package_identification:_identify(src/camera_pkg) by extension 'ignore'
[1.751s] Level 1:colcon.colcon_core.package_identification:_identify(src/camera_pkg) by extension 'ignore_ament_install'
[1.752s] Level 1:colcon.colcon_core.package_identification:_identify(src/camera_pkg) by extensions ['colcon_pkg']
[1.752s] Level 1:colcon.colcon_core.package_identification:_identify(src/camera_pkg) by extension 'colcon_pkg'
[1.752s] Level 1:colcon.colcon_core.package_identification:_identify(src/camera_pkg) by extensions ['colcon_meta']
[1.752s] Level 1:colcon.colcon_core.package_identification:_identify(src/camera_pkg) by extension 'colcon_meta'
[1.752s] Level 1:colcon.colcon_core.package_identification:_identify(src/camera_pkg) by extensions ['ros']
[1.752s] Level 1:colcon.colcon_core.package_identification:_identify(src/camera_pkg) by extension 'ros'
[1.762s] DEBUG:colcon.colcon_core.package_identification:Package 'src/camera_pkg' with type 'ros.ament_python' and name 'camera_pkg'
[1.763s] Level 1:colcon.colcon_core.package_identification:_identify(src/f1tenth_gym_ros) by extensions ['ignore', 'ignore_ament_install']
[1.763s] Level 1:colcon.colcon_core.package_identification:_identify(src/f1tenth_gym_ros) by extension 'ignore'
[1.764s] Level 1:colcon.colcon_core.package_identification:_identify(src/f1tenth_gym_ros) by extension 'ignore_ament_install'
[1.764s] Level 1:colcon.colcon_core.package_identification:_identify(src/f1tenth_gym_ros) by extensions ['colcon_pkg']
[1.764s] Level 1:colcon.colcon_core.package_identification:_identify(src/f1tenth_gym_ros) by extension 'colcon_pkg'
[1.764s] Level 1:colcon.colcon_core.package_identification:_identify(src/f1tenth_gym_ros) by extensions ['colcon_meta']
[1.764s] Level 1:colcon.colcon_core.package_identification:_identify(src/f1tenth_gym_ros) by extension 'colcon_meta'
[1.765s] Level 1:colcon.colcon_core.package_identification:_identify(src/f1tenth_gym_ros) by extensions ['ros']
[1.765s] Level 1:colcon.colcon_core.package_identification:_identify(src/f1tenth_gym_ros) by extension 'ros'
[1.768s] DEBUG:colcon.colcon_core.package_identification:Package 'src/f1tenth_gym_ros' with type 'ros.ament_python' and name 'f1tenth_gym_ros'
[1.769s] Level 1:colcon.colcon_core.package_identification:_identify(src/f1tenth_lab2_template) by extensions ['ignore', 'ignore_ament_install']
[1.769s] Level 1:colcon.colcon_core.package_identification:_identify(src/f1tenth_lab2_template) by extension 'ignore'
[1.770s] Level 1:colcon.colcon_core.package_identification:_identify(src/f1tenth_lab2_template) by extension 'ignore_ament_install'
[1.770s] Level 1:colcon.colcon_core.package_identification:_identify(src/f1tenth_lab2_template) by extensions ['colcon_pkg']
[1.770s] Level 1:colcon.colcon_core.package_identification:_identify(src/f1tenth_lab2_template) by extension 'colcon_pkg'
[1.770s] Level 1:colcon.colcon_core.package_identification:_identify(src/f1tenth_lab2_template) by extensions ['colcon_meta']
[1.770s] Level 1:colcon.colcon_core.package_identification:_identify(src/f1tenth_lab2_template) by extension 'colcon_meta'
[1.771s] Level 1:colcon.colcon_core.package_identification:_identify(src/f1tenth_lab2_template) by extensions ['ros']
[1.771s] Level 1:colcon.colcon_core.package_identification:_identify(src/f1tenth_lab2_template) by extension 'ros'
[1.771s] Level 1:colcon.colcon_core.package_identification:_identify(src/f1tenth_lab2_template) by extensions ['cmake', 'python']
[1.771s] Level 1:colcon.colcon_core.package_identification:_identify(src/f1tenth_lab2_template) by extension 'cmake'
[1.771s] Level 1:colcon.colcon_core.package_identification:_identify(src/f1tenth_lab2_template) by extension 'python'
[1.771s] Level 1:colcon.colcon_core.package_identification:_identify(src/f1tenth_lab2_template) by extensions ['python_setup_py']
[1.772s] Level 1:colcon.colcon_core.package_identification:_identify(src/f1tenth_lab2_template) by extension 'python_setup_py'
[1.772s] Level 1:colcon.colcon_core.package_identification:_identify(src/f1tenth_lab2_template/safety_node) by extensions ['ignore', 'ignore_ament_install']
[1.772s] Level 1:colcon.colcon_core.package_identification:_identify(src/f1tenth_lab2_template/safety_node) by extension 'ignore'
[1.773s] Level 1:colcon.colcon_core.package_identification:_identify(src/f1tenth_lab2_template/safety_node) by extension 'ignore_ament_install'
[1.773s] Level 1:colcon.colcon_core.package_identification:_identify(src/f1tenth_lab2_template/safety_node) by extensions ['colcon_pkg']
[1.773s] Level 1:colcon.colcon_core.package_identification:_identify(src/f1tenth_lab2_template/safety_node) by extension 'colcon_pkg'
[1.773s] Level 1:colcon.colcon_core.package_identification:_identify(src/f1tenth_lab2_template/safety_node) by extensions ['colcon_meta']
[1.773s] Level 1:colcon.colcon_core.package_identification:_identify(src/f1tenth_lab2_template/safety_node) by extension 'colcon_meta'
[1.773s] Level 1:colcon.colcon_core.package_identification:_identify(src/f1tenth_lab2_template/safety_node) by extensions ['ros']
[1.774s] Level 1:colcon.colcon_core.package_identification:_identify(src/f1tenth_lab2_template/safety_node) by extension 'ros'
[1.778s] DEBUG:colcon.colcon_core.package_identification:Package 'src/f1tenth_lab2_template/safety_node' with type 'ros.ament_cmake' and name 'safety_node'
[1.778s] Level 1:colcon.colcon_core.package_identification:_identify(src/f1tenth_lab3_template) by extensions ['ignore', 'ignore_ament_install']
[1.779s] Level 1:colcon.colcon_core.package_identification:_identify(src/f1tenth_lab3_template) by extension 'ignore'
[1.779s] Level 1:colcon.colcon_core.package_identification:_identify(src/f1tenth_lab3_template) by extension 'ignore_ament_install'
[1.779s] Level 1:colcon.colcon_core.package_identification:_identify(src/f1tenth_lab3_template) by extensions ['colcon_pkg']
[1.779s] Level 1:colcon.colcon_core.package_identification:_identify(src/f1tenth_lab3_template) by extension 'colcon_pkg'
[1.779s] Level 1:colcon.colcon_core.package_identification:_identify(src/f1tenth_lab3_template) by extensions ['colcon_meta']
[1.779s] Level 1:colcon.colcon_core.package_identification:_identify(src/f1tenth_lab3_template) by extension 'colcon_meta'
[1.780s] Level 1:colcon.colcon_core.package_identification:_identify(src/f1tenth_lab3_template) by extensions ['ros']
[1.780s] Level 1:colcon.colcon_core.package_identification:_identify(src/f1tenth_lab3_template) by extension 'ros'
[1.780s] Level 1:colcon.colcon_core.package_identification:_identify(src/f1tenth_lab3_template) by extensions ['cmake', 'python']
[1.780s] Level 1:colcon.colcon_core.package_identification:_identify(src/f1tenth_lab3_template) by extension 'cmake'
[1.780s] Level 1:colcon.colcon_core.package_identification:_identify(src/f1tenth_lab3_template) by extension 'python'
[1.780s] Level 1:colcon.colcon_core.package_identification:_identify(src/f1tenth_lab3_template) by extensions ['python_setup_py']
[1.781s] Level 1:colcon.colcon_core.package_identification:_identify(src/f1tenth_lab3_template) by extension 'python_setup_py'
[1.781s] Level 1:colcon.colcon_core.package_identification:_identify(src/f1tenth_lab3_template/img) by extensions ['ignore', 'ignore_ament_install']
[1.781s] Level 1:colcon.colcon_core.package_identification:_identify(src/f1tenth_lab3_template/img) by extension 'ignore'
[1.782s] Level 1:colcon.colcon_core.package_identification:_identify(src/f1tenth_lab3_template/img) by extension 'ignore_ament_install'
[1.782s] Level 1:colcon.colcon_core.package_identification:_identify(src/f1tenth_lab3_template/img) by extensions ['colcon_pkg']
[1.782s] Level 1:colcon.colcon_core.package_identification:_identify(src/f1tenth_lab3_template/img) by extension 'colcon_pkg'
[1.782s] Level 1:colcon.colcon_core.package_identification:_identify(src/f1tenth_lab3_template/img) by extensions ['colcon_meta']
[1.782s] Level 1:colcon.colcon_core.package_identification:_identify(src/f1tenth_lab3_template/img) by extension 'colcon_meta'
[1.782s] Level 1:colcon.colcon_core.package_identification:_identify(src/f1tenth_lab3_template/img) by extensions ['ros']
[1.782s] Level 1:colcon.colcon_core.package_identification:_identify(src/f1tenth_lab3_template/img) by extension 'ros'
[1.783s] Level 1:colcon.colcon_core.package_identification:_identify(src/f1tenth_lab3_template/img) by extensions ['cmake', 'python']
[1.783s] Level 1:colcon.colcon_core.package_identification:_identify(src/f1tenth_lab3_template/img) by extension 'cmake'
[1.783s] Level 1:colcon.colcon_core.package_identification:_identify(src/f1tenth_lab3_template/img) by extension 'python'
[1.783s] Level 1:colcon.colcon_core.package_identification:_identify(src/f1tenth_lab3_template/img) by extensions ['python_setup_py']
[1.783s] Level 1:colcon.colcon_core.package_identification:_identify(src/f1tenth_lab3_template/img) by extension 'python_setup_py'
[1.784s] Level 1:colcon.colcon_core.package_identification:_identify(src/f1tenth_lab3_template/wall_follow) by extensions ['ignore', 'ignore_ament_install']
[1.784s] Level 1:colcon.colcon_core.package_identification:_identify(src/f1tenth_lab3_template/wall_follow) by extension 'ignore'
[1.784s] Level 1:colcon.colcon_core.package_identification:_identify(src/f1tenth_lab3_template/wall_follow) by extension 'ignore_ament_install'
[1.784s] Level 1:colcon.colcon_core.package_identification:_identify(src/f1tenth_lab3_template/wall_follow) by extensions ['colcon_pkg']
[1.784s] Level 1:colcon.colcon_core.package_identification:_identify(src/f1tenth_lab3_template/wall_follow) by extension 'colcon_pkg'
[1.785s] Level 1:colcon.colcon_core.package_identification:_identify(src/f1tenth_lab3_template/wall_follow) by extensions ['colcon_meta']
[1.785s] Level 1:colcon.colcon_core.package_identification:_identify(src/f1tenth_lab3_template/wall_follow) by extension 'colcon_meta'
[1.785s] Level 1:colcon.colcon_core.package_identification:_identify(src/f1tenth_lab3_template/wall_follow) by extensions ['ros']
[1.785s] Level 1:colcon.colcon_core.package_identification:_identify(src/f1tenth_lab3_template/wall_follow) by extension 'ros'
[1.789s] DEBUG:colcon.colcon_core.package_identification:Package 'src/f1tenth_lab3_template/wall_follow' with type 'ros.ament_cmake' and name 'wall_follow'
[1.789s] Level 1:colcon.colcon_core.package_identification:_identify(src/f1tenth_lab4_template) by extensions ['ignore', 'ignore_ament_install']
[1.790s] Level 1:colcon.colcon_core.package_identification:_identify(src/f1tenth_lab4_template) by extension 'ignore'
[1.790s] Level 1:colcon.colcon_core.package_identification:_identify(src/f1tenth_lab4_template) by extension 'ignore_ament_install'
[1.790s] Level 1:colcon.colcon_core.package_identification:_identify(src/f1tenth_lab4_template) by extensions ['colcon_pkg']
[1.790s] Level 1:colcon.colcon_core.package_identification:_identify(src/f1tenth_lab4_template) by extension 'colcon_pkg'
[1.790s] Level 1:colcon.colcon_core.package_identification:_identify(src/f1tenth_lab4_template) by extensions ['colcon_meta']
[1.790s] Level 1:colcon.colcon_core.package_identification:_identify(src/f1tenth_lab4_template) by extension 'colcon_meta'
[1.791s] Level 1:colcon.colcon_core.package_identification:_identify(src/f1tenth_lab4_template) by extensions ['ros']
[1.791s] Level 1:colcon.colcon_core.package_identification:_identify(src/f1tenth_lab4_template) by extension 'ros'
[1.791s] Level 1:colcon.colcon_core.package_identification:_identify(src/f1tenth_lab4_template) by extensions ['cmake', 'python']
[1.791s] Level 1:colcon.colcon_core.package_identification:_identify(src/f1tenth_lab4_template) by extension 'cmake'
[1.791s] Level 1:colcon.colcon_core.package_identification:_identify(src/f1tenth_lab4_template) by extension 'python'
[1.792s] Level 1:colcon.colcon_core.package_identification:_identify(src/f1tenth_lab4_template) by extensions ['python_setup_py']
[1.792s] Level 1:colcon.colcon_core.package_identification:_identify(src/f1tenth_lab4_template) by extension 'python_setup_py'
[1.792s] Level 1:colcon.colcon_core.package_identification:_identify(src/f1tenth_lab4_template/gap_follow) by extensions ['ignore', 'ignore_ament_install']
[1.792s] Level 1:colcon.colcon_core.package_identification:_identify(src/f1tenth_lab4_template/gap_follow) by extension 'ignore'
[1.793s] Level 1:colcon.colcon_core.package_identification:_identify(src/f1tenth_lab4_template/gap_follow) by extension 'ignore_ament_install'
[1.793s] Level 1:colcon.colcon_core.package_identification:_identify(src/f1tenth_lab4_template/gap_follow) by extensions ['colcon_pkg']
[1.793s] Level 1:colcon.colcon_core.package_identification:_identify(src/f1tenth_lab4_template/gap_follow) by extension 'colcon_pkg'
[1.793s] Level 1:colcon.colcon_core.package_identification:_identify(src/f1tenth_lab4_template/gap_follow) by extensions ['colcon_meta']
[1.793s] Level 1:colcon.colcon_core.package_identification:_identify(src/f1tenth_lab4_template/gap_follow) by extension 'colcon_meta'
[1.794s] Level 1:colcon.colcon_core.package_identification:_identify(src/f1tenth_lab4_template/gap_follow) by extensions ['ros']
[1.794s] Level 1:colcon.colcon_core.package_identification:_identify(src/f1tenth_lab4_template/gap_follow) by extension 'ros'
[1.798s] DEBUG:colcon.colcon_core.package_identification:Package 'src/f1tenth_lab4_template/gap_follow' with type 'ros.ament_cmake' and name 'gap_follow'
[1.798s] Level 1:colcon.colcon_core.package_identification:_identify(src/f1tenth_lab6_template) by extensions ['ignore', 'ignore_ament_install']
[1.799s] Level 1:colcon.colcon_core.package_identification:_identify(src/f1tenth_lab6_template) by extension 'ignore'
[1.799s] Level 1:colcon.colcon_core.package_identification:_identify(src/f1tenth_lab6_template) by extension 'ignore_ament_install'
[1.799s] Level 1:colcon.colcon_core.package_identification:_identify(src/f1tenth_lab6_template) by extensions ['colcon_pkg']
[1.799s] Level 1:colcon.colcon_core.package_identification:_identify(src/f1tenth_lab6_template) by extension 'colcon_pkg'
[1.800s] Level 1:colcon.colcon_core.package_identification:_identify(src/f1tenth_lab6_template) by extensions ['colcon_meta']
[1.800s] Level 1:colcon.colcon_core.package_identification:_identify(src/f1tenth_lab6_template) by extension 'colcon_meta'
[1.800s] Level 1:colcon.colcon_core.package_identification:_identify(src/f1tenth_lab6_template) by extensions ['ros']
[1.800s] Level 1:colcon.colcon_core.package_identification:_identify(src/f1tenth_lab6_template) by extension 'ros'
[1.800s] Level 1:colcon.colcon_core.package_identification:_identify(src/f1tenth_lab6_template) by extensions ['cmake', 'python']
[1.801s] Level 1:colcon.colcon_core.package_identification:_identify(src/f1tenth_lab6_template) by extension 'cmake'
[1.801s] Level 1:colcon.colcon_core.package_identification:_identify(src/f1tenth_lab6_template) by extension 'python'
[1.801s] Level 1:colcon.colcon_core.package_identification:_identify(src/f1tenth_lab6_template) by extensions ['python_setup_py']
[1.801s] Level 1:colcon.colcon_core.package_identification:_identify(src/f1tenth_lab6_template) by extension 'python_setup_py'
[1.802s] Level 1:colcon.colcon_core.package_identification:_identify(src/f1tenth_lab6_template/pure_pursuit) by extensions ['ignore', 'ignore_ament_install']
[1.802s] Level 1:colcon.colcon_core.package_identification:_identify(src/f1tenth_lab6_template/pure_pursuit) by extension 'ignore'
[1.802s] Level 1:colcon.colcon_core.package_identification:_identify(src/f1tenth_lab6_template/pure_pursuit) by extension 'ignore_ament_install'
[1.802s] Level 1:colcon.colcon_core.package_identification:_identify(src/f1tenth_lab6_template/pure_pursuit) by extensions ['colcon_pkg']
[1.803s] Level 1:colcon.colcon_core.package_identification:_identify(src/f1tenth_lab6_template/pure_pursuit) by extension 'colcon_pkg'
[1.803s] Level 1:colcon.colcon_core.package_identification:_identify(src/f1tenth_lab6_template/pure_pursuit) by extensions ['colcon_meta']
[1.803s] Level 1:colcon.colcon_core.package_identification:_identify(src/f1tenth_lab6_template/pure_pursuit) by extension 'colcon_meta'
[1.803s] Level 1:colcon.colcon_core.package_identification:_identify(src/f1tenth_lab6_template/pure_pursuit) by extensions ['ros']
[1.803s] Level 1:colcon.colcon_core.package_identification:_identify(src/f1tenth_lab6_template/pure_pursuit) by extension 'ros'
[1.808s] DEBUG:colcon.colcon_core.package_identification:Package 'src/f1tenth_lab6_template/pure_pursuit' with type 'ros.ament_cmake' and name 'pure_pursuit'
[1.808s] Level 1:colcon.colcon_core.package_identification:_identify(src/lidar_pose_estimation) by extensions ['ignore', 'ignore_ament_install']
[1.808s] Level 1:colcon.colcon_core.package_identification:_identify(src/lidar_pose_estimation) by extension 'ignore'
[1.809s] Level 1:colcon.colcon_core.package_identification:_identify(src/lidar_pose_estimation) by extension 'ignore_ament_install'
[1.809s] Level 1:colcon.colcon_core.package_identification:_identify(src/lidar_pose_estimation) by extensions ['colcon_pkg']
[1.809s] Level 1:colcon.colcon_core.package_identification:_identify(src/lidar_pose_estimation) by extension 'colcon_pkg'
[1.809s] Level 1:colcon.colcon_core.package_identification:_identify(src/lidar_pose_estimation) by extensions ['colcon_meta']
[1.809s] Level 1:colcon.colcon_core.package_identification:_identify(src/lidar_pose_estimation) by extension 'colcon_meta'
[1.810s] Level 1:colcon.colcon_core.package_identification:_identify(src/lidar_pose_estimation) by extensions ['ros']
[1.810s] Level 1:colcon.colcon_core.package_identification:_identify(src/lidar_pose_estimation) by extension 'ros'
[1.810s] Level 1:colcon.colcon_core.package_identification:_identify(src/lidar_pose_estimation) by extensions ['cmake', 'python']
[1.810s] Level 1:colcon.colcon_core.package_identification:_identify(src/lidar_pose_estimation) by extension 'cmake'
[1.810s] Level 1:colcon.colcon_core.package_identification:_identify(src/lidar_pose_estimation) by extension 'python'
[1.810s] Level 1:colcon.colcon_core.package_identification:_identify(src/lidar_pose_estimation) by extensions ['python_setup_py']
[1.811s] Level 1:colcon.colcon_core.package_identification:_identify(src/lidar_pose_estimation) by extension 'python_setup_py'
[1.811s] Level 1:colcon.colcon_core.package_identification:_identify(src/lidar_pose_estimation/lidar_object_detection_ros2) by extensions ['ignore', 'ignore_ament_install']
[1.811s] Level 1:colcon.colcon_core.package_identification:_identify(src/lidar_pose_estimation/lidar_object_detection_ros2) by extension 'ignore'
[1.811s] Level 1:colcon.colcon_core.package_identification:_identify(src/lidar_pose_estimation/lidar_object_detection_ros2) by extension 'ignore_ament_install'
[1.812s] Level 1:colcon.colcon_core.package_identification:_identify(src/lidar_pose_estimation/lidar_object_detection_ros2) by extensions ['colcon_pkg']
[1.812s] Level 1:colcon.colcon_core.package_identification:_identify(src/lidar_pose_estimation/lidar_object_detection_ros2) by extension 'colcon_pkg'
[1.812s] Level 1:colcon.colcon_core.package_identification:_identify(src/lidar_pose_estimation/lidar_object_detection_ros2) by extensions ['colcon_meta']
[1.812s] Level 1:colcon.colcon_core.package_identification:_identify(src/lidar_pose_estimation/lidar_object_detection_ros2) by extension 'colcon_meta'
[1.812s] Level 1:colcon.colcon_core.package_identification:_identify(src/lidar_pose_estimation/lidar_object_detection_ros2) by extensions ['ros']
[1.812s] Level 1:colcon.colcon_core.package_identification:_identify(src/lidar_pose_estimation/lidar_object_detection_ros2) by extension 'ros'
[1.815s] DEBUG:colcon.colcon_core.package_identification:Package 'src/lidar_pose_estimation/lidar_object_detection_ros2' with type 'ros.ament_cmake' and name 'lidar_object_detection_ros2'
[1.815s] Level 1:colcon.colcon_core.package_identification:_identify(src/particle_filter) by extensions ['ignore', 'ignore_ament_install']
[1.815s] Level 1:colcon.colcon_core.package_identification:_identify(src/particle_filter) by extension 'ignore'
[1.815s] Level 1:colcon.colcon_core.package_identification:_identify(src/particle_filter) by extension 'ignore_ament_install'
[1.816s] Level 1:colcon.colcon_core.package_identification:_identify(src/particle_filter) by extensions ['colcon_pkg']
[1.816s] Level 1:colcon.colcon_core.package_identification:_identify(src/particle_filter) by extension 'colcon_pkg'
[1.816s] Level 1:colcon.colcon_core.package_identification:_identify(src/particle_filter) by extensions ['colcon_meta']
[1.816s] Level 1:colcon.colcon_core.package_identification:_identify(src/particle_filter) by extension 'colcon_meta'
[1.816s] Level 1:colcon.colcon_core.package_identification:_identify(src/particle_filter) by extensions ['ros']
[1.816s] Level 1:colcon.colcon_core.package_identification:_identify(src/particle_filter) by extension 'ros'
[1.820s] DEBUG:colcon.colcon_core.package_identification:Package 'src/particle_filter' with type 'ros.ament_python' and name 'particle_filter'
[1.820s] Level 1:colcon.colcon_core.package_identification:_identify(src/ppo_racing) by extensions ['ignore', 'ignore_ament_install']
[1.821s] Level 1:colcon.colcon_core.package_identification:_identify(src/ppo_racing) by extension 'ignore'
[1.821s] Level 1:colcon.colcon_core.package_identification:_identify(src/ppo_racing) by extension 'ignore_ament_install'
[1.821s] Level 1:colcon.colcon_core.package_identification:_identify(src/ppo_racing) by extensions ['colcon_pkg']
[1.821s] Level 1:colcon.colcon_core.package_identification:_identify(src/ppo_racing) by extension 'colcon_pkg'
[1.821s] Level 1:colcon.colcon_core.package_identification:_identify(src/ppo_racing) by extensions ['colcon_meta']
[1.822s] Level 1:colcon.colcon_core.package_identification:_identify(src/ppo_racing) by extension 'colcon_meta'
[1.822s] Level 1:colcon.colcon_core.package_identification:_identify(src/ppo_racing) by extensions ['ros']
[1.822s] Level 1:colcon.colcon_core.package_identification:_identify(src/ppo_racing) by extension 'ros'
[1.824s] DEBUG:colcon.colcon_core.package_identification:Package 'src/ppo_racing' with type 'ros.ament_python' and name 'ppo_racing'
[1.825s] Level 1:colcon.colcon_core.package_identification:_identify(src/robotx_lidar_pose_estimation) by extensions ['ignore', 'ignore_ament_install']
[1.825s] Level 1:colcon.colcon_core.package_identification:_identify(src/robotx_lidar_pose_estimation) by extension 'ignore'
[1.825s] Level 1:colcon.colcon_core.package_identification:_identify(src/robotx_lidar_pose_estimation) by extension 'ignore_ament_install'
[1.825s] Level 1:colcon.colcon_core.package_identification:_identify(src/robotx_lidar_pose_estimation) by extensions ['colcon_pkg']
[1.826s] Level 1:colcon.colcon_core.package_identification:_identify(src/robotx_lidar_pose_estimation) by extension 'colcon_pkg'
[1.826s] Level 1:colcon.colcon_core.package_identification:_identify(src/robotx_lidar_pose_estimation) by extensions ['colcon_meta']
[1.826s] Level 1:colcon.colcon_core.package_identification:_identify(src/robotx_lidar_pose_estimation) by extension 'colcon_meta'
[1.826s] Level 1:colcon.colcon_core.package_identification:_identify(src/robotx_lidar_pose_estimation) by extensions ['ros']
[1.826s] Level 1:colcon.colcon_core.package_identification:_identify(src/robotx_lidar_pose_estimation) by extension 'ros'
[1.827s] Level 1:colcon.colcon_core.package_identification:_identify(src/robotx_lidar_pose_estimation) by extensions ['cmake', 'python']
[1.827s] Level 1:colcon.colcon_core.package_identification:_identify(src/robotx_lidar_pose_estimation) by extension 'cmake'
[1.827s] Level 1:colcon.colcon_core.package_identification:_identify(src/robotx_lidar_pose_estimation) by extension 'python'
[1.827s] Level 1:colcon.colcon_core.package_identification:_identify(src/robotx_lidar_pose_estimation) by extensions ['python_setup_py']
[1.827s] Level 1:colcon.colcon_core.package_identification:_identify(src/robotx_lidar_pose_estimation) by extension 'python_setup_py'
[1.828s] Level 1:colcon.colcon_core.package_identification:_identify(src/robotx_lidar_pose_estimation/ros2-lidar-object-detection) by extensions ['ignore', 'ignore_ament_install']
[1.828s] Level 1:colcon.colcon_core.package_identification:_identify(src/robotx_lidar_pose_estimation/ros2-lidar-object-detection) by extension 'ignore'
[1.829s] Level 1:colcon.colcon_core.package_identification:_identify(src/robotx_lidar_pose_estimation/ros2-lidar-object-detection) by extension 'ignore_ament_install'
[1.830s] Level 1:colcon.colcon_core.package_identification:_identify(src/robotx_lidar_pose_estimation/ros2-lidar-object-detection) by extensions ['colcon_pkg']
[1.830s] Level 1:colcon.colcon_core.package_identification:_identify(src/robotx_lidar_pose_estimation/ros2-lidar-object-detection) by extension 'colcon_pkg'
[1.830s] Level 1:colcon.colcon_core.package_identification:_identify(src/robotx_lidar_pose_estimation/ros2-lidar-object-detection) by extensions ['colcon_meta']
[1.830s] Level 1:colcon.colcon_core.package_identification:_identify(src/robotx_lidar_pose_estimation/ros2-lidar-object-detection) by extension 'colcon_meta'
[1.830s] Level 1:colcon.colcon_core.package_identification:_identify(src/robotx_lidar_pose_estimation/ros2-lidar-object-detection) by extensions ['ros']
[1.831s] Level 1:colcon.colcon_core.package_identification:_identify(src/robotx_lidar_pose_estimation/ros2-lidar-object-detection) by extension 'ros'
[1.835s] DEBUG:colcon.colcon_core.package_identification:Package 'src/robotx_lidar_pose_estimation/ros2-lidar-object-detection' with type 'ros.ament_cmake' and name 'lidar_object_detection'
[1.836s] Level 1:colcon.colcon_core.package_identification:_identify(src/rrt_package) by extensions ['ignore', 'ignore_ament_install']
[1.836s] Level 1:colcon.colcon_core.package_identification:_identify(src/rrt_package) by extension 'ignore'
[1.837s] Level 1:colcon.colcon_core.package_identification:_identify(src/rrt_package) by extension 'ignore_ament_install'
[1.837s] Level 1:colcon.colcon_core.package_identification:_identify(src/rrt_package) by extensions ['colcon_pkg']
[1.837s] Level 1:colcon.colcon_core.package_identification:_identify(src/rrt_package) by extension 'colcon_pkg'
[1.837s] Level 1:colcon.colcon_core.package_identification:_identify(src/rrt_package) by extensions ['colcon_meta']
[1.837s] Level 1:colcon.colcon_core.package_identification:_identify(src/rrt_package) by extension 'colcon_meta'
[1.837s] Level 1:colcon.colcon_core.package_identification:_identify(src/rrt_package) by extensions ['ros']
[1.838s] Level 1:colcon.colcon_core.package_identification:_identify(src/rrt_package) by extension 'ros'
[1.840s] DEBUG:colcon.colcon_core.package_identification:Package 'src/rrt_package' with type 'ros.ament_python' and name 'rrt_package'
[1.841s] Level 1:colcon.colcon_core.package_identification:_identify(src/waypoint_logger) by extensions ['ignore', 'ignore_ament_install']
[1.841s] Level 1:colcon.colcon_core.package_identification:_identify(src/waypoint_logger) by extension 'ignore'
[1.841s] Level 1:colcon.colcon_core.package_identification:_identify(src/waypoint_logger) by extension 'ignore_ament_install'
[1.842s] Level 1:colcon.colcon_core.package_identification:_identify(src/waypoint_logger) by extensions ['colcon_pkg']
[1.842s] Level 1:colcon.colcon_core.package_identification:_identify(src/waypoint_logger) by extension 'colcon_pkg'
[1.842s] Level 1:colcon.colcon_core.package_identification:_identify(src/waypoint_logger) by extensions ['colcon_meta']
[1.842s] Level 1:colcon.colcon_core.package_identification:_identify(src/waypoint_logger) by extension 'colcon_meta'
[1.842s] Level 1:colcon.colcon_core.package_identification:_identify(src/waypoint_logger) by extensions ['ros']
[1.842s] Level 1:colcon.colcon_core.package_identification:_identify(src/waypoint_logger) by extension 'ros'
[1.846s] DEBUG:colcon.colcon_core.package_identification:Package 'src/waypoint_logger' with type 'ros.ament_python' and name 'waypoint_logger'
[1.846s] Level 1:colcon.colcon_core.package_discovery:discover_packages(recursive) using defaults
[1.846s] Level 1:colcon.colcon_core.package_discovery:discover_packages(ignore) discover
[1.846s] Level 1:colcon.colcon_core.package_discovery:discover_packages(ignore) using defaults
[1.846s] Level 1:colcon.colcon_core.package_discovery:discover_packages(path) discover
[1.846s] Level 1:colcon.colcon_core.package_discovery:discover_packages(path) using defaults
[1.939s] Level 1:colcon.colcon_core.package_discovery:discover_packages(prefix_path) check parameters
[1.939s] Level 1:colcon.colcon_core.package_discovery:discover_packages(prefix_path) discover
[1.950s] DEBUG:colcon.colcon_installed_package_information.package_discovery:Found 14 installed packages in /home/f1tenth/f1tenth_mrc_ws/install
[1.957s] DEBUG:colcon.colcon_installed_package_information.package_discovery:Found 307 installed packages in /opt/ros/foxy
[1.964s] Level 1:colcon.colcon_core.package_discovery:discover_packages(prefix_path) using defaults
[2.238s] Level 5:colcon.colcon_core.verb:set package 'camera_pkg' build argument 'cmake_args' from command line to 'None'
[2.238s] Level 5:colcon.colcon_core.verb:set package 'camera_pkg' build argument 'cmake_target' from command line to 'None'
[2.238s] Level 5:colcon.colcon_core.verb:set package 'camera_pkg' build argument 'cmake_target_skip_unavailable' from command line to 'False'
[2.239s] Level 5:colcon.colcon_core.verb:set package 'camera_pkg' build argument 'cmake_clean_cache' from command line to 'False'
[2.239s] Level 5:colcon.colcon_core.verb:set package 'camera_pkg' build argument 'cmake_clean_first' from command line to 'False'
[2.239s] Level 5:colcon.colcon_core.verb:set package 'camera_pkg' build argument 'cmake_force_configure' from command line to 'False'
[2.239s] Level 5:colcon.colcon_core.verb:set package 'camera_pkg' build argument 'ament_cmake_args' from command line to 'None'
[2.239s] Level 5:colcon.colcon_core.verb:set package 'camera_pkg' build argument 'catkin_cmake_args' from command line to 'None'
[2.239s] Level 5:colcon.colcon_core.verb:set package 'camera_pkg' build argument 'catkin_skip_building_tests' from command line to 'False'
[2.239s] DEBUG:colcon.colcon_core.verb:Building package 'camera_pkg' with the following arguments: {'ament_cmake_args': None, 'build_base': '/home/f1tenth/f1tenth_mrc_ws/build/camera_pkg', 'catkin_cmake_args': None, 'catkin_skip_building_tests': False, 'cmake_args': None, 'cmake_clean_cache': False, 'cmake_clean_first': False, 'cmake_force_configure': False, 'cmake_target': None, 'cmake_target_skip_unavailable': False, 'install_base': '/home/f1tenth/f1tenth_mrc_ws/install/camera_pkg', 'merge_install': False, 'path': '/home/f1tenth/f1tenth_mrc_ws/src/camera_pkg', 'symlink_install': False, 'test_result_base': None}
[2.241s] Level 5:colcon.colcon_core.verb:set package 'f1tenth_gym_ros' build argument 'cmake_args' from command line to 'None'
[2.241s] Level 5:colcon.colcon_core.verb:set package 'f1tenth_gym_ros' build argument 'cmake_target' from command line to 'None'
[2.241s] Level 5:colcon.colcon_core.verb:set package 'f1tenth_gym_ros' build argument 'cmake_target_skip_unavailable' from command line to 'False'
[2.241s] Level 5:colcon.colcon_core.verb:set package 'f1tenth_gym_ros' build argument 'cmake_clean_cache' from command line to 'False'
[2.242s] Level 5:colcon.colcon_core.verb:set package 'f1tenth_gym_ros' build argument 'cmake_clean_first' from command line to 'False'
[2.242s] Level 5:colcon.colcon_core.verb:set package 'f1tenth_gym_ros' build argument 'cmake_force_configure' from command line to 'False'
[2.242s] Level 5:colcon.colcon_core.verb:set package 'f1tenth_gym_ros' build argument 'ament_cmake_args' from command line to 'None'
[2.242s] Level 5:colcon.colcon_core.verb:set package 'f1tenth_gym_ros' build argument 'catkin_cmake_args' from command line to 'None'
[2.242s] Level 5:colcon.colcon_core.verb:set package 'f1tenth_gym_ros' build argument 'catkin_skip_building_tests' from command line to 'False'
[2.242s] DEBUG:colcon.colcon_core.verb:Building package 'f1tenth_gym_ros' with the following arguments: {'ament_cmake_args': None, 'build_base': '/home/f1tenth/f1tenth_mrc_ws/build/f1tenth_gym_ros', 'catkin_cmake_args': None, 'catkin_skip_building_tests': False, 'cmake_args': None, 'cmake_clean_cache': False, 'cmake_clean_first': False, 'cmake_force_configure': False, 'cmake_target': None, 'cmake_target_skip_unavailable': False, 'install_base': '/home/f1tenth/f1tenth_mrc_ws/install/f1tenth_gym_ros', 'merge_install': False, 'path': '/home/f1tenth/f1tenth_mrc_ws/src/f1tenth_gym_ros', 'symlink_install': False, 'test_result_base': None}
[2.244s] Level 5:colcon.colcon_core.verb:set package 'gap_follow' build argument 'cmake_args' from command line to 'None'
[2.244s] Level 5:colcon.colcon_core.verb:set package 'gap_follow' build argument 'cmake_target' from command line to 'None'
[2.244s] Level 5:colcon.colcon_core.verb:set package 'gap_follow' build argument 'cmake_target_skip_unavailable' from command line to 'False'
[2.244s] Level 5:colcon.colcon_core.verb:set package 'gap_follow' build argument 'cmake_clean_cache' from command line to 'False'
[2.244s] Level 5:colcon.colcon_core.verb:set package 'gap_follow' build argument 'cmake_clean_first' from command line to 'False'
[2.244s] Level 5:colcon.colcon_core.verb:set package 'gap_follow' build argument 'cmake_force_configure' from command line to 'False'
[2.244s] Level 5:colcon.colcon_core.verb:set package 'gap_follow' build argument 'ament_cmake_args' from command line to 'None'
[2.244s] Level 5:colcon.colcon_core.verb:set package 'gap_follow' build argument 'catkin_cmake_args' from command line to 'None'
[2.245s] Level 5:colcon.colcon_core.verb:set package 'gap_follow' build argument 'catkin_skip_building_tests' from command line to 'False'
[2.245s] DEBUG:colcon.colcon_core.verb:Building package 'gap_follow' with the following arguments: {'ament_cmake_args': None, 'build_base': '/home/f1tenth/f1tenth_mrc_ws/build/gap_follow', 'catkin_cmake_args': None, 'catkin_skip_building_tests': False, 'cmake_args': None, 'cmake_clean_cache': False, 'cmake_clean_first': False, 'cmake_force_configure': False, 'cmake_target': None, 'cmake_target_skip_unavailable': False, 'install_base': '/home/f1tenth/f1tenth_mrc_ws/install/gap_follow', 'merge_install': False, 'path': '/home/f1tenth/f1tenth_mrc_ws/src/f1tenth_lab4_template/gap_follow', 'symlink_install': False, 'test_result_base': None}
[2.246s] Level 5:colcon.colcon_core.verb:set package 'lidar_object_detection' build argument 'cmake_args' from command line to 'None'
[2.247s] Level 5:colcon.colcon_core.verb:set package 'lidar_object_detection' build argument 'cmake_target' from command line to 'None'
[2.247s] Level 5:colcon.colcon_core.verb:set package 'lidar_object_detection' build argument 'cmake_target_skip_unavailable' from command line to 'False'
[2.247s] Level 5:colcon.colcon_core.verb:set package 'lidar_object_detection' build argument 'cmake_clean_cache' from command line to 'False'
[2.247s] Level 5:colcon.colcon_core.verb:set package 'lidar_object_detection' build argument 'cmake_clean_first' from command line to 'False'
[2.247s] Level 5:colcon.colcon_core.verb:set package 'lidar_object_detection' build argument 'cmake_force_configure' from command line to 'False'
[2.247s] Level 5:colcon.colcon_core.verb:set package 'lidar_object_detection' build argument 'ament_cmake_args' from command line to 'None'
[2.247s] Level 5:colcon.colcon_core.verb:set package 'lidar_object_detection' build argument 'catkin_cmake_args' from command line to 'None'
[2.247s] Level 5:colcon.colcon_core.verb:set package 'lidar_object_detection' build argument 'catkin_skip_building_tests' from command line to 'False'
[2.248s] DEBUG:colcon.colcon_core.verb:Building package 'lidar_object_detection' with the following arguments: {'ament_cmake_args': None, 'build_base': '/home/f1tenth/f1tenth_mrc_ws/build/lidar_object_detection', 'catkin_cmake_args': None, 'catkin_skip_building_tests': False, 'cmake_args': None, 'cmake_clean_cache': False, 'cmake_clean_first': False, 'cmake_force_configure': False, 'cmake_target': None, 'cmake_target_skip_unavailable': False, 'install_base': '/home/f1tenth/f1tenth_mrc_ws/install/lidar_object_detection', 'merge_install': False, 'path': '/home/f1tenth/f1tenth_mrc_ws/src/robotx_lidar_pose_estimation/ros2-lidar-object-detection', 'symlink_install': False, 'test_result_base': None}
[2.249s] Level 5:colcon.colcon_core.verb:set package 'lidar_object_detection_ros2' build argument 'cmake_args' from command line to 'None'
[2.249s] Level 5:colcon.colcon_core.verb:set package 'lidar_object_detection_ros2' build argument 'cmake_target' from command line to 'None'
[2.249s] Level 5:colcon.colcon_core.verb:set package 'lidar_object_detection_ros2' build argument 'cmake_target_skip_unavailable' from command line to 'False'
[2.250s] Level 5:colcon.colcon_core.verb:set package 'lidar_object_detection_ros2' build argument 'cmake_clean_cache' from command line to 'False'
[2.250s] Level 5:colcon.colcon_core.verb:set package 'lidar_object_detection_ros2' build argument 'cmake_clean_first' from command line to 'False'
[2.251s] Level 5:colcon.colcon_core.verb:set package 'lidar_object_detection_ros2' build argument 'cmake_force_configure' from command line to 'False'
[2.251s] Level 5:colcon.colcon_core.verb:set package 'lidar_object_detection_ros2' build argument 'ament_cmake_args' from command line to 'None'
[2.251s] Level 5:colcon.colcon_core.verb:set package 'lidar_object_detection_ros2' build argument 'catkin_cmake_args' from command line to 'None'
[2.251s] Level 5:colcon.colcon_core.verb:set package 'lidar_object_detection_ros2' build argument 'catkin_skip_building_tests' from command line to 'False'
[2.251s] DEBUG:colcon.colcon_core.verb:Building package 'lidar_object_detection_ros2' with the following arguments: {'ament_cmake_args': None, 'build_base': '/home/f1tenth/f1tenth_mrc_ws/build/lidar_object_detection_ros2', 'catkin_cmake_args': None, 'catkin_skip_building_tests': False, 'cmake_args': None, 'cmake_clean_cache': False, 'cmake_clean_first': False, 'cmake_force_configure': False, 'cmake_target': None, 'cmake_target_skip_unavailable': False, 'install_base': '/home/f1tenth/f1tenth_mrc_ws/install/lidar_object_detection_ros2', 'merge_install': False, 'path': '/home/f1tenth/f1tenth_mrc_ws/src/lidar_pose_estimation/lidar_object_detection_ros2', 'symlink_install': False, 'test_result_base': None}
[2.253s] Level 5:colcon.colcon_core.verb:set package 'particle_filter' build argument 'cmake_args' from command line to 'None'
[2.253s] Level 5:colcon.colcon_core.verb:set package 'particle_filter' build argument 'cmake_target' from command line to 'None'
[2.253s] Level 5:colcon.colcon_core.verb:set package 'particle_filter' build argument 'cmake_target_skip_unavailable' from command line to 'False'
[2.253s] Level 5:colcon.colcon_core.verb:set package 'particle_filter' build argument 'cmake_clean_cache' from command line to 'False'
[2.253s] Level 5:colcon.colcon_core.verb:set package 'particle_filter' build argument 'cmake_clean_first' from command line to 'False'
[2.253s] Level 5:colcon.colcon_core.verb:set package 'particle_filter' build argument 'cmake_force_configure' from command line to 'False'
[2.254s] Level 5:colcon.colcon_core.verb:set package 'particle_filter' build argument 'ament_cmake_args' from command line to 'None'
[2.254s] Level 5:colcon.colcon_core.verb:set package 'particle_filter' build argument 'catkin_cmake_args' from command line to 'None'
[2.254s] Level 5:colcon.colcon_core.verb:set package 'particle_filter' build argument 'catkin_skip_building_tests' from command line to 'False'
[2.254s] DEBUG:colcon.colcon_core.verb:Building package 'particle_filter' with the following arguments: {'ament_cmake_args': None, 'build_base': '/home/f1tenth/f1tenth_mrc_ws/build/particle_filter', 'catkin_cmake_args': None, 'catkin_skip_building_tests': False, 'cmake_args': None, 'cmake_clean_cache': False, 'cmake_clean_first': False, 'cmake_force_configure': False, 'cmake_target': None, 'cmake_target_skip_unavailable': False, 'install_base': '/home/f1tenth/f1tenth_mrc_ws/install/particle_filter', 'merge_install': False, 'path': '/home/f1tenth/f1tenth_mrc_ws/src/particle_filter', 'symlink_install': False, 'test_result_base': None}
[2.255s] Level 5:colcon.colcon_core.verb:set package 'ppo_racing' build argument 'cmake_args' from command line to 'None'
[2.255s] Level 5:colcon.colcon_core.verb:set package 'ppo_racing' build argument 'cmake_target' from command line to 'None'
[2.256s] Level 5:colcon.colcon_core.verb:set package 'ppo_racing' build argument 'cmake_target_skip_unavailable' from command line to 'False'
[2.256s] Level 5:colcon.colcon_core.verb:set package 'ppo_racing' build argument 'cmake_clean_cache' from command line to 'False'
[2.256s] Level 5:colcon.colcon_core.verb:set package 'ppo_racing' build argument 'cmake_clean_first' from command line to 'False'
[2.256s] Level 5:colcon.colcon_core.verb:set package 'ppo_racing' build argument 'cmake_force_configure' from command line to 'False'
[2.256s] Level 5:colcon.colcon_core.verb:set package 'ppo_racing' build argument 'ament_cmake_args' from command line to 'None'
[2.256s] Level 5:colcon.colcon_core.verb:set package 'ppo_racing' build argument 'catkin_cmake_args' from command line to 'None'
[2.256s] Level 5:colcon.colcon_core.verb:set package 'ppo_racing' build argument 'catkin_skip_building_tests' from command line to 'False'
[2.256s] DEBUG:colcon.colcon_core.verb:Building package 'ppo_racing' with the following arguments: {'ament_cmake_args': None, 'build_base': '/home/f1tenth/f1tenth_mrc_ws/build/ppo_racing', 'catkin_cmake_args': None, 'catkin_skip_building_tests': False, 'cmake_args': None, 'cmake_clean_cache': False, 'cmake_clean_first': False, 'cmake_force_configure': False, 'cmake_target': None, 'cmake_target_skip_unavailable': False, 'install_base': '/home/f1tenth/f1tenth_mrc_ws/install/ppo_racing', 'merge_install': False, 'path': '/home/f1tenth/f1tenth_mrc_ws/src/ppo_racing', 'symlink_install': False, 'test_result_base': None}
[2.258s] Level 5:colcon.colcon_core.verb:set package 'pure_pursuit' build argument 'cmake_args' from command line to 'None'
[2.258s] Level 5:colcon.colcon_core.verb:set package 'pure_pursuit' build argument 'cmake_target' from command line to 'None'
[2.258s] Level 5:colcon.colcon_core.verb:set package 'pure_pursuit' build argument 'cmake_target_skip_unavailable' from command line to 'False'
[2.258s] Level 5:colcon.colcon_core.verb:set package 'pure_pursuit' build argument 'cmake_clean_cache' from command line to 'False'
[2.258s] Level 5:colcon.colcon_core.verb:set package 'pure_pursuit' build argument 'cmake_clean_first' from command line to 'False'
[2.258s] Level 5:colcon.colcon_core.verb:set package 'pure_pursuit' build argument 'cmake_force_configure' from command line to 'False'
[2.258s] Level 5:colcon.colcon_core.verb:set package 'pure_pursuit' build argument 'ament_cmake_args' from command line to 'None'
[2.258s] Level 5:colcon.colcon_core.verb:set package 'pure_pursuit' build argument 'catkin_cmake_args' from command line to 'None'
[2.259s] Level 5:colcon.colcon_core.verb:set package 'pure_pursuit' build argument 'catkin_skip_building_tests' from command line to 'False'
[2.259s] DEBUG:colcon.colcon_core.verb:Building package 'pure_pursuit' with the following arguments: {'ament_cmake_args': None, 'build_base': '/home/f1tenth/f1tenth_mrc_ws/build/pure_pursuit', 'catkin_cmake_args': None, 'catkin_skip_building_tests': False, 'cmake_args': None, 'cmake_clean_cache': False, 'cmake_clean_first': False, 'cmake_force_configure': False, 'cmake_target': None, 'cmake_target_skip_unavailable': False, 'install_base': '/home/f1tenth/f1tenth_mrc_ws/install/pure_pursuit', 'merge_install': False, 'path': '/home/f1tenth/f1tenth_mrc_ws/src/f1tenth_lab6_template/pure_pursuit', 'symlink_install': False, 'test_result_base': None}
[2.260s] Level 5:colcon.colcon_core.verb:set package 'rrt_package' build argument 'cmake_args' from command line to 'None'
[2.260s] Level 5:colcon.colcon_core.verb:set package 'rrt_package' build argument 'cmake_target' from command line to 'None'
[2.260s] Level 5:colcon.colcon_core.verb:set package 'rrt_package' build argument 'cmake_target_skip_unavailable' from command line to 'False'
[2.260s] Level 5:colcon.colcon_core.verb:set package 'rrt_package' build argument 'cmake_clean_cache' from command line to 'False'
[2.260s] Level 5:colcon.colcon_core.verb:set package 'rrt_package' build argument 'cmake_clean_first' from command line to 'False'
[2.260s] Level 5:colcon.colcon_core.verb:set package 'rrt_package' build argument 'cmake_force_configure' from command line to 'False'
[2.261s] Level 5:colcon.colcon_core.verb:set package 'rrt_package' build argument 'ament_cmake_args' from command line to 'None'
[2.261s] Level 5:colcon.colcon_core.verb:set package 'rrt_package' build argument 'catkin_cmake_args' from command line to 'None'
[2.261s] Level 5:colcon.colcon_core.verb:set package 'rrt_package' build argument 'catkin_skip_building_tests' from command line to 'False'
[2.261s] DEBUG:colcon.colcon_core.verb:Building package 'rrt_package' with the following arguments: {'ament_cmake_args': None, 'build_base': '/home/f1tenth/f1tenth_mrc_ws/build/rrt_package', 'catkin_cmake_args': None, 'catkin_skip_building_tests': False, 'cmake_args': None, 'cmake_clean_cache': False, 'cmake_clean_first': False, 'cmake_force_configure': False, 'cmake_target': None, 'cmake_target_skip_unavailable': False, 'install_base': '/home/f1tenth/f1tenth_mrc_ws/install/rrt_package', 'merge_install': False, 'path': '/home/f1tenth/f1tenth_mrc_ws/src/rrt_package', 'symlink_install': False, 'test_result_base': None}
[2.262s] Level 5:colcon.colcon_core.verb:set package 'safety_node' build argument 'cmake_args' from command line to 'None'
[2.262s] Level 5:colcon.colcon_core.verb:set package 'safety_node' build argument 'cmake_target' from command line to 'None'
[2.262s] Level 5:colcon.colcon_core.verb:set package 'safety_node' build argument 'cmake_target_skip_unavailable' from command line to 'False'
[2.263s] Level 5:colcon.colcon_core.verb:set package 'safety_node' build argument 'cmake_clean_cache' from command line to 'False'
[2.263s] Level 5:colcon.colcon_core.verb:set package 'safety_node' build argument 'cmake_clean_first' from command line to 'False'
[2.263s] Level 5:colcon.colcon_core.verb:set package 'safety_node' build argument 'cmake_force_configure' from command line to 'False'
[2.263s] Level 5:colcon.colcon_core.verb:set package 'safety_node' build argument 'ament_cmake_args' from command line to 'None'
[2.263s] Level 5:colcon.colcon_core.verb:set package 'safety_node' build argument 'catkin_cmake_args' from command line to 'None'
[2.263s] Level 5:colcon.colcon_core.verb:set package 'safety_node' build argument 'catkin_skip_building_tests' from command line to 'False'
[2.263s] DEBUG:colcon.colcon_core.verb:Building package 'safety_node' with the following arguments: {'ament_cmake_args': None, 'build_base': '/home/f1tenth/f1tenth_mrc_ws/build/safety_node', 'catkin_cmake_args': None, 'catkin_skip_building_tests': False, 'cmake_args': None, 'cmake_clean_cache': False, 'cmake_clean_first': False, 'cmake_force_configure': False, 'cmake_target': None, 'cmake_target_skip_unavailable': False, 'install_base': '/home/f1tenth/f1tenth_mrc_ws/install/safety_node', 'merge_install': False, 'path': '/home/f1tenth/f1tenth_mrc_ws/src/f1tenth_lab2_template/safety_node', 'symlink_install': False, 'test_result_base': None}
[2.265s] Level 5:colcon.colcon_core.verb:set package 'wall_follow' build argument 'cmake_args' from command line to 'None'
[2.265s] Level 5:colcon.colcon_core.verb:set package 'wall_follow' build argument 'cmake_target' from command line to 'None'
[2.265s] Level 5:colcon.colcon_core.verb:set package 'wall_follow' build argument 'cmake_target_skip_unavailable' from command line to 'False'
[2.265s] Level 5:colcon.colcon_core.verb:set package 'wall_follow' build argument 'cmake_clean_cache' from command line to 'False'
[2.265s] Level 5:colcon.colcon_core.verb:set package 'wall_follow' build argument 'cmake_clean_first' from command line to 'False'
[2.265s] Level 5:colcon.colcon_core.verb:set package 'wall_follow' build argument 'cmake_force_configure' from command line to 'False'
[2.265s] Level 5:colcon.colcon_core.verb:set package 'wall_follow' build argument 'ament_cmake_args' from command line to 'None'
[2.265s] Level 5:colcon.colcon_core.verb:set package 'wall_follow' build argument 'catkin_cmake_args' from command line to 'None'
[2.265s] Level 5:colcon.colcon_core.verb:set package 'wall_follow' build argument 'catkin_skip_building_tests' from command line to 'False'
[2.265s] DEBUG:colcon.colcon_core.verb:Building package 'wall_follow' with the following arguments: {'ament_cmake_args': None, 'build_base': '/home/f1tenth/f1tenth_mrc_ws/build/wall_follow', 'catkin_cmake_args': None, 'catkin_skip_building_tests': False, 'cmake_args': None, 'cmake_clean_cache': False, 'cmake_clean_first': False, 'cmake_force_configure': False, 'cmake_target': None, 'cmake_target_skip_unavailable': False, 'install_base': '/home/f1tenth/f1tenth_mrc_ws/install/wall_follow', 'merge_install': False, 'path': '/home/f1tenth/f1tenth_mrc_ws/src/f1tenth_lab3_template/wall_follow', 'symlink_install': False, 'test_result_base': None}
[2.267s] Level 5:colcon.colcon_core.verb:set package 'waypoint_logger' build argument 'cmake_args' from command line to 'None'
[2.267s] Level 5:colcon.colcon_core.verb:set package 'waypoint_logger' build argument 'cmake_target' from command line to 'None'
[2.267s] Level 5:colcon.colcon_core.verb:set package 'waypoint_logger' build argument 'cmake_target_skip_unavailable' from command line to 'False'
[2.267s] Level 5:colcon.colcon_core.verb:set package 'waypoint_logger' build argument 'cmake_clean_cache' from command line to 'False'
[2.267s] Level 5:colcon.colcon_core.verb:set package 'waypoint_logger' build argument 'cmake_clean_first' from command line to 'False'
[2.267s] Level 5:colcon.colcon_core.verb:set package 'waypoint_logger' build argument 'cmake_force_configure' from command line to 'False'
[2.267s] Level 5:colcon.colcon_core.verb:set package 'waypoint_logger' build argument 'ament_cmake_args' from command line to 'None'
[2.267s] Level 5:colcon.colcon_core.verb:set package 'waypoint_logger' build argument 'catkin_cmake_args' from command line to 'None'
[2.268s] Level 5:colcon.colcon_core.verb:set package 'waypoint_logger' build argument 'catkin_skip_building_tests' from command line to 'False'
[2.268s] DEBUG:colcon.colcon_core.verb:Building package 'waypoint_logger' with the following arguments: {'ament_cmake_args': None, 'build_base': '/home/f1tenth/f1tenth_mrc_ws/build/waypoint_logger', 'catkin_cmake_args': None, 'catkin_skip_building_tests': False, 'cmake_args': None, 'cmake_clean_cache': False, 'cmake_clean_first': False, 'cmake_force_configure': False, 'cmake_target': None, 'cmake_target_skip_unavailable': False, 'install_base': '/home/f1tenth/f1tenth_mrc_ws/install/waypoint_logger', 'merge_install': False, 'path': '/home/f1tenth/f1tenth_mrc_ws/src/waypoint_logger', 'symlink_install': False, 'test_result_base': None}
[2.268s] INFO:colcon.colcon_core.executor:Executing jobs using 'parallel' executor
[2.272s] DEBUG:colcon.colcon_parallel_executor.executor.parallel:run_until_complete
[2.274s] INFO:colcon.colcon_ros.task.ament_python.build:Building ROS package in '/home/f1tenth/f1tenth_mrc_ws/src/camera_pkg' with build type 'ament_python'
[2.275s] Level 1:colcon.colcon_core.shell:create_environment_hook('camera_pkg', 'ament_prefix_path')
[2.285s] INFO:colcon.colcon_core.plugin_system:Skipping extension 'colcon_core.shell.bat': Not used on non-Windows systems
[2.286s] INFO:colcon.colcon_core.shell:Creating environment hook '/home/f1tenth/f1tenth_mrc_ws/install/camera_pkg/share/camera_pkg/hook/ament_prefix_path.ps1'
[2.289s] INFO:colcon.colcon_core.shell:Creating environment descriptor '/home/f1tenth/f1tenth_mrc_ws/install/camera_pkg/share/camera_pkg/hook/ament_prefix_path.dsv'
[2.291s] INFO:colcon.colcon_core.shell:Creating environment hook '/home/f1tenth/f1tenth_mrc_ws/install/camera_pkg/share/camera_pkg/hook/ament_prefix_path.sh'
[2.294s] INFO:colcon.colcon_core.shell:Skip shell extension 'powershell' for command environment: Not usable outside of PowerShell
[2.294s] DEBUG:colcon.colcon_core.shell:Skip shell extension 'dsv' for command environment
[2.323s] INFO:colcon.colcon_ros.task.ament_python.build:Building ROS package in '/home/f1tenth/f1tenth_mrc_ws/src/f1tenth_gym_ros' with build type 'ament_python'
[2.325s] Level 1:colcon.colcon_core.shell:create_environment_hook('f1tenth_gym_ros', 'ament_prefix_path')
[2.328s] INFO:colcon.colcon_core.shell:Creating environment hook '/home/f1tenth/f1tenth_mrc_ws/install/f1tenth_gym_ros/share/f1tenth_gym_ros/hook/ament_prefix_path.ps1'
[2.335s] INFO:colcon.colcon_core.shell:Creating environment descriptor '/home/f1tenth/f1tenth_mrc_ws/install/f1tenth_gym_ros/share/f1tenth_gym_ros/hook/ament_prefix_path.dsv'
[2.337s] INFO:colcon.colcon_core.shell:Creating environment hook '/home/f1tenth/f1tenth_mrc_ws/install/f1tenth_gym_ros/share/f1tenth_gym_ros/hook/ament_prefix_path.sh'
[2.340s] INFO:colcon.colcon_core.shell:Skip shell extension 'powershell' for command environment: Not usable outside of PowerShell
[2.341s] DEBUG:colcon.colcon_core.shell:Skip shell extension 'dsv' for command environment
[2.378s] INFO:colcon.colcon_ros.task.ament_cmake.build:Building ROS package in '/home/f1tenth/f1tenth_mrc_ws/src/f1tenth_lab4_template/gap_follow' with build type 'ament_cmake'
[2.380s] INFO:colcon.colcon_cmake.task.cmake.build:Building CMake package in '/home/f1tenth/f1tenth_mrc_ws/src/f1tenth_lab4_template/gap_follow'
[2.383s] INFO:colcon.colcon_core.shell:Skip shell extension 'powershell' for command environment: Not usable outside of PowerShell
[2.384s] DEBUG:colcon.colcon_core.shell:Skip shell extension 'dsv' for command environment
[2.417s] INFO:colcon.colcon_ros.task.ament_cmake.build:Building ROS package in '/home/f1tenth/f1tenth_mrc_ws/src/robotx_lidar_pose_estimation/ros2-lidar-object-detection' with build type 'ament_cmake'
[2.420s] INFO:colcon.colcon_cmake.task.cmake.build:Building CMake package in '/home/f1tenth/f1tenth_mrc_ws/src/robotx_lidar_pose_estimation/ros2-lidar-object-detection'
[2.427s] INFO:colcon.colcon_core.shell:Skip shell extension 'powershell' for command environment: Not usable outside of PowerShell
[2.428s] DEBUG:colcon.colcon_core.shell:Skip shell extension 'dsv' for command environment
[3.674s] INFO:colcon.colcon_core.task.python.build:Building Python package in '/home/f1tenth/f1tenth_mrc_ws/src/camera_pkg'
[3.677s] INFO:colcon.colcon_core.shell:Skip shell extension 'powershell' for command environment: Not usable outside of PowerShell
[3.677s] DEBUG:colcon.colcon_core.shell:Skip shell extension 'dsv' for command environment
[4.957s] INFO:colcon.colcon_core.task.python.build:Building Python package in '/home/f1tenth/f1tenth_mrc_ws/src/f1tenth_gym_ros'
[4.961s] INFO:colcon.colcon_core.shell:Skip shell extension 'powershell' for command environment: Not usable outside of PowerShell
[4.961s] DEBUG:colcon.colcon_core.shell:Skip shell extension 'dsv' for command environment
[5.041s] DEBUG:colcon.colcon_core.event_handler.log_command:Invoking command in '/home/f1tenth/f1tenth_mrc_ws/build/gap_follow': CMAKE_PREFIX_PATH=${CMAKE_PREFIX_PATH}:/home/f1tenth/f1tenth_mrc_ws/install/waypoint_logger:/home/f1tenth/f1tenth_mrc_ws/install/rrt_package:/home/f1tenth/f1tenth_mrc_ws/install/ppo_racing:/home/f1tenth/f1tenth_mrc_ws/install/particle_filter:/home/f1tenth/f1tenth_mrc_ws/install/f1tenth_gym_ros:/home/f1tenth/f1tenth_mrc_ws/install/camera_pkg:/opt/ros/foxy /usr/bin/cmake --build /home/f1tenth/f1tenth_mrc_ws/build/gap_follow -- -j4 -l4
[5.050s] DEBUG:colcon.colcon_core.event_handler.log_command:Invoking command in '/home/f1tenth/f1tenth_mrc_ws/build/lidar_object_detection': CMAKE_PREFIX_PATH=${CMAKE_PREFIX_PATH}:/home/f1tenth/f1tenth_mrc_ws/install/waypoint_logger:/home/f1tenth/f1tenth_mrc_ws/install/rrt_package:/home/f1tenth/f1tenth_mrc_ws/install/ppo_racing:/home/f1tenth/f1tenth_mrc_ws/install/particle_filter:/home/f1tenth/f1tenth_mrc_ws/install/f1tenth_gym_ros:/home/f1tenth/f1tenth_mrc_ws/install/camera_pkg:/opt/ros/foxy /usr/bin/cmake /home/f1tenth/f1tenth_mrc_ws/src/robotx_lidar_pose_estimation/ros2-lidar-object-detection -DCMAKE_INSTALL_PREFIX=/home/f1tenth/f1tenth_mrc_ws/install/lidar_object_detection
[5.329s] DEBUG:colcon.colcon_core.event_handler.log_command:Invoked command in '/home/f1tenth/f1tenth_mrc_ws/build/gap_follow' returned '0': CMAKE_PREFIX_PATH=${CMAKE_PREFIX_PATH}:/home/f1tenth/f1tenth_mrc_ws/install/waypoint_logger:/home/f1tenth/f1tenth_mrc_ws/install/rrt_package:/home/f1tenth/f1tenth_mrc_ws/install/ppo_racing:/home/f1tenth/f1tenth_mrc_ws/install/particle_filter:/home/f1tenth/f1tenth_mrc_ws/install/f1tenth_gym_ros:/home/f1tenth/f1tenth_mrc_ws/install/camera_pkg:/opt/ros/foxy /usr/bin/cmake --build /home/f1tenth/f1tenth_mrc_ws/build/gap_follow -- -j4 -l4
[5.461s] DEBUG:colcon.colcon_core.event_handler.log_command:Invoking command in '/home/f1tenth/f1tenth_mrc_ws/build/gap_follow': CMAKE_PREFIX_PATH=${CMAKE_PREFIX_PATH}:/home/f1tenth/f1tenth_mrc_ws/install/waypoint_logger:/home/f1tenth/f1tenth_mrc_ws/install/rrt_package:/home/f1tenth/f1tenth_mrc_ws/install/ppo_racing:/home/f1tenth/f1tenth_mrc_ws/install/particle_filter:/home/f1tenth/f1tenth_mrc_ws/install/f1tenth_gym_ros:/home/f1tenth/f1tenth_mrc_ws/install/camera_pkg:/opt/ros/foxy /usr/bin/cmake --install /home/f1tenth/f1tenth_mrc_ws/build/gap_follow
[5.774s] Level 1:colcon.colcon_core.environment:create_environment_scripts_only(gap_follow)
[5.782s] DEBUG:colcon.colcon_core.event_handler.log_command:Invoked command in '/home/f1tenth/f1tenth_mrc_ws/build/gap_follow' returned '0': CMAKE_PREFIX_PATH=${CMAKE_PREFIX_PATH}:/home/f1tenth/f1tenth_mrc_ws/install/waypoint_logger:/home/f1tenth/f1tenth_mrc_ws/install/rrt_package:/home/f1tenth/f1tenth_mrc_ws/install/ppo_racing:/home/f1tenth/f1tenth_mrc_ws/install/particle_filter:/home/f1tenth/f1tenth_mrc_ws/install/f1tenth_gym_ros:/home/f1tenth/f1tenth_mrc_ws/install/camera_pkg:/opt/ros/foxy /usr/bin/cmake --install /home/f1tenth/f1tenth_mrc_ws/build/gap_follow
[5.798s] Level 1:colcon.colcon_core.environment:checking '/home/f1tenth/f1tenth_mrc_ws/install/gap_follow' for CMake module files
[5.801s] Level 1:colcon.colcon_core.environment:checking '/home/f1tenth/f1tenth_mrc_ws/install/gap_follow' for CMake config files
[5.803s] Level 1:colcon.colcon_core.shell:create_environment_hook('gap_follow', 'cmake_prefix_path')
[5.806s] INFO:colcon.colcon_core.shell:Creating environment hook '/home/f1tenth/f1tenth_mrc_ws/install/gap_follow/share/gap_follow/hook/cmake_prefix_path.ps1'
[5.809s] INFO:colcon.colcon_core.shell:Creating environment descriptor '/home/f1tenth/f1tenth_mrc_ws/install/gap_follow/share/gap_follow/hook/cmake_prefix_path.dsv'
[5.812s] INFO:colcon.colcon_core.shell:Creating environment hook '/home/f1tenth/f1tenth_mrc_ws/install/gap_follow/share/gap_follow/hook/cmake_prefix_path.sh'
[5.817s] Level 1:colcon.colcon_core.environment:checking '/home/f1tenth/f1tenth_mrc_ws/install/gap_follow/lib'
[5.818s] Level 1:colcon.colcon_core.environment:checking '/home/f1tenth/f1tenth_mrc_ws/install/gap_follow/bin'
[5.818s] Level 1:colcon.colcon_core.environment:checking '/home/f1tenth/f1tenth_mrc_ws/install/gap_follow/lib/pkgconfig/gap_follow.pc'
[5.819s] Level 1:colcon.colcon_core.environment:checking '/home/f1tenth/f1tenth_mrc_ws/install/gap_follow/lib/python3.8/site-packages'
[5.819s] Level 1:colcon.colcon_core.shell:create_environment_hook('gap_follow', 'pythonpath')
[5.824s] INFO:colcon.colcon_core.shell:Creating environment hook '/home/f1tenth/f1tenth_mrc_ws/install/gap_follow/share/gap_follow/hook/pythonpath.ps1'
[5.827s] INFO:colcon.colcon_core.shell:Creating environment descriptor '/home/f1tenth/f1tenth_mrc_ws/install/gap_follow/share/gap_follow/hook/pythonpath.dsv'
[5.830s] INFO:colcon.colcon_core.shell:Creating environment hook '/home/f1tenth/f1tenth_mrc_ws/install/gap_follow/share/gap_follow/hook/pythonpath.sh'
[5.833s] Level 1:colcon.colcon_core.environment:checking '/home/f1tenth/f1tenth_mrc_ws/install/gap_follow/bin'
[5.835s] INFO:colcon.colcon_core.shell:Creating package script '/home/f1tenth/f1tenth_mrc_ws/install/gap_follow/share/gap_follow/package.ps1'
[5.839s] INFO:colcon.colcon_core.shell:Creating package descriptor '/home/f1tenth/f1tenth_mrc_ws/install/gap_follow/share/gap_follow/package.dsv'
[5.842s] INFO:colcon.colcon_core.shell:Creating package script '/home/f1tenth/f1tenth_mrc_ws/install/gap_follow/share/gap_follow/package.sh'
[5.845s] INFO:colcon.colcon_core.shell:Creating package script '/home/f1tenth/f1tenth_mrc_ws/install/gap_follow/share/gap_follow/package.bash'
[5.848s] INFO:colcon.colcon_core.shell:Creating package script '/home/f1tenth/f1tenth_mrc_ws/install/gap_follow/share/gap_follow/package.zsh'
[5.852s] Level 1:colcon.colcon_core.environment:create_file_with_runtime_dependencies(/home/f1tenth/f1tenth_mrc_ws/install/gap_follow/share/colcon-core/packages/gap_follow)
[5.856s] Level 1:colcon.colcon_core.environment:create_environment_scripts_only(gap_follow)
[5.857s] Level 1:colcon.colcon_core.environment:checking '/home/f1tenth/f1tenth_mrc_ws/install/gap_follow' for CMake module files
[5.859s] Level 1:colcon.colcon_core.environment:checking '/home/f1tenth/f1tenth_mrc_ws/install/gap_follow' for CMake config files
[5.860s] Level 1:colcon.colcon_core.shell:create_environment_hook('gap_follow', 'cmake_prefix_path')
[5.861s] INFO:colcon.colcon_core.shell:Creating environment hook '/home/f1tenth/f1tenth_mrc_ws/install/gap_follow/share/gap_follow/hook/cmake_prefix_path.ps1'
[5.863s] INFO:colcon.colcon_core.shell:Creating environment descriptor '/home/f1tenth/f1tenth_mrc_ws/install/gap_follow/share/gap_follow/hook/cmake_prefix_path.dsv'
[5.865s] INFO:colcon.colcon_core.shell:Creating environment hook '/home/f1tenth/f1tenth_mrc_ws/install/gap_follow/share/gap_follow/hook/cmake_prefix_path.sh'
[5.868s] Level 1:colcon.colcon_core.environment:checking '/home/f1tenth/f1tenth_mrc_ws/install/gap_follow/lib'
[5.868s] Level 1:colcon.colcon_core.environment:checking '/home/f1tenth/f1tenth_mrc_ws/install/gap_follow/bin'
[5.868s] Level 1:colcon.colcon_core.environment:checking '/home/f1tenth/f1tenth_mrc_ws/install/gap_follow/lib/pkgconfig/gap_follow.pc'
[5.869s] Level 1:colcon.colcon_core.environment:checking '/home/f1tenth/f1tenth_mrc_ws/install/gap_follow/lib/python3.8/site-packages'
[5.870s] Level 1:colcon.colcon_core.shell:create_environment_hook('gap_follow', 'pythonpath')
[5.870s] INFO:colcon.colcon_core.shell:Creating environment hook '/home/f1tenth/f1tenth_mrc_ws/install/gap_follow/share/gap_follow/hook/pythonpath.ps1'
[5.872s] INFO:colcon.colcon_core.shell:Creating environment descriptor '/home/f1tenth/f1tenth_mrc_ws/install/gap_follow/share/gap_follow/hook/pythonpath.dsv'
[5.875s] INFO:colcon.colcon_core.shell:Creating environment hook '/home/f1tenth/f1tenth_mrc_ws/install/gap_follow/share/gap_follow/hook/pythonpath.sh'
[5.878s] Level 1:colcon.colcon_core.environment:checking '/home/f1tenth/f1tenth_mrc_ws/install/gap_follow/bin'
[5.881s] INFO:colcon.colcon_core.shell:Creating package script '/home/f1tenth/f1tenth_mrc_ws/install/gap_follow/share/gap_follow/package.ps1'
[5.886s] INFO:colcon.colcon_core.shell:Creating package descriptor '/home/f1tenth/f1tenth_mrc_ws/install/gap_follow/share/gap_follow/package.dsv'
[5.889s] INFO:colcon.colcon_core.shell:Creating package script '/home/f1tenth/f1tenth_mrc_ws/install/gap_follow/share/gap_follow/package.sh'
[5.892s] INFO:colcon.colcon_core.shell:Creating package script '/home/f1tenth/f1tenth_mrc_ws/install/gap_follow/share/gap_follow/package.bash'
[5.895s] INFO:colcon.colcon_core.shell:Creating package script '/home/f1tenth/f1tenth_mrc_ws/install/gap_follow/share/gap_follow/package.zsh'
[5.897s] Level 1:colcon.colcon_core.environment:create_file_with_runtime_dependencies(/home/f1tenth/f1tenth_mrc_ws/install/gap_follow/share/colcon-core/packages/gap_follow)
[5.902s] INFO:colcon.colcon_ros.task.ament_cmake.build:Building ROS package in '/home/f1tenth/f1tenth_mrc_ws/src/lidar_pose_estimation/lidar_object_detection_ros2' with build type 'ament_cmake'
[5.903s] INFO:colcon.colcon_cmake.task.cmake.build:Building CMake package in '/home/f1tenth/f1tenth_mrc_ws/src/lidar_pose_estimation/lidar_object_detection_ros2'
[5.904s] INFO:colcon.colcon_core.shell:Skip shell extension 'powershell' for command environment: Not usable outside of PowerShell
[5.904s] DEBUG:colcon.colcon_core.shell:Skip shell extension 'dsv' for command environment
[6.008s] DEBUG:colcon.colcon_core.event_handler.log_command:Invoking command in '/home/f1tenth/f1tenth_mrc_ws/build/lidar_object_detection_ros2': CMAKE_PREFIX_PATH=${CMAKE_PREFIX_PATH}:/home/f1tenth/f1tenth_mrc_ws/install/waypoint_logger:/home/f1tenth/f1tenth_mrc_ws/install/rrt_package:/home/f1tenth/f1tenth_mrc_ws/install/ppo_racing:/home/f1tenth/f1tenth_mrc_ws/install/particle_filter:/home/f1tenth/f1tenth_mrc_ws/install/f1tenth_gym_ros:/home/f1tenth/f1tenth_mrc_ws/install/camera_pkg:/opt/ros/foxy /usr/bin/cmake --build /home/f1tenth/f1tenth_mrc_ws/build/lidar_object_detection_ros2 -- -j4 -l4
[7.866s] DEBUG:colcon.colcon_core.event_handler.log_command:Invoked command in '/home/f1tenth/f1tenth_mrc_ws/build/lidar_object_detection_ros2' returned '0': CMAKE_PREFIX_PATH=${CMAKE_PREFIX_PATH}:/home/f1tenth/f1tenth_mrc_ws/install/waypoint_logger:/home/f1tenth/f1tenth_mrc_ws/install/rrt_package:/home/f1tenth/f1tenth_mrc_ws/install/ppo_racing:/home/f1tenth/f1tenth_mrc_ws/install/particle_filter:/home/f1tenth/f1tenth_mrc_ws/install/f1tenth_gym_ros:/home/f1tenth/f1tenth_mrc_ws/install/camera_pkg:/opt/ros/foxy /usr/bin/cmake --build /home/f1tenth/f1tenth_mrc_ws/build/lidar_object_detection_ros2 -- -j4 -l4
[7.880s] DEBUG:colcon.colcon_core.event_handler.log_command:Invoking command in '/home/f1tenth/f1tenth_mrc_ws/build/lidar_object_detection_ros2': CMAKE_PREFIX_PATH=${CMAKE_PREFIX_PATH}:/home/f1tenth/f1tenth_mrc_ws/install/waypoint_logger:/home/f1tenth/f1tenth_mrc_ws/install/rrt_package:/home/f1tenth/f1tenth_mrc_ws/install/ppo_racing:/home/f1tenth/f1tenth_mrc_ws/install/particle_filter:/home/f1tenth/f1tenth_mrc_ws/install/f1tenth_gym_ros:/home/f1tenth/f1tenth_mrc_ws/install/camera_pkg:/opt/ros/foxy /usr/bin/cmake --install /home/f1tenth/f1tenth_mrc_ws/build/lidar_object_detection_ros2
[8.281s] Level 1:colcon.colcon_core.environment:create_environment_scripts_only(lidar_object_detection_ros2)
[8.283s] Level 1:colcon.colcon_core.environment:checking '/home/f1tenth/f1tenth_mrc_ws/install/lidar_object_detection_ros2' for CMake module files
[8.288s] Level 1:colcon.colcon_core.environment:checking '/home/f1tenth/f1tenth_mrc_ws/install/lidar_object_detection_ros2' for CMake config files
[8.292s] Level 1:colcon.colcon_core.shell:create_environment_hook('lidar_object_detection_ros2', 'cmake_prefix_path')
[8.293s] INFO:colcon.colcon_core.shell:Creating environment hook '/home/f1tenth/f1tenth_mrc_ws/install/lidar_object_detection_ros2/share/lidar_object_detection_ros2/hook/cmake_prefix_path.ps1'
[8.295s] DEBUG:colcon.colcon_core.event_handler.log_command:Invoked command in '/home/f1tenth/f1tenth_mrc_ws/build/lidar_object_detection_ros2' returned '0': CMAKE_PREFIX_PATH=${CMAKE_PREFIX_PATH}:/home/f1tenth/f1tenth_mrc_ws/install/waypoint_logger:/home/f1tenth/f1tenth_mrc_ws/install/rrt_package:/home/f1tenth/f1tenth_mrc_ws/install/ppo_racing:/home/f1tenth/f1tenth_mrc_ws/install/particle_filter:/home/f1tenth/f1tenth_mrc_ws/install/f1tenth_gym_ros:/home/f1tenth/f1tenth_mrc_ws/install/camera_pkg:/opt/ros/foxy /usr/bin/cmake --install /home/f1tenth/f1tenth_mrc_ws/build/lidar_object_detection_ros2
[8.299s] INFO:colcon.colcon_core.shell:Creating environment descriptor '/home/f1tenth/f1tenth_mrc_ws/install/lidar_object_detection_ros2/share/lidar_object_detection_ros2/hook/cmake_prefix_path.dsv'
[8.305s] INFO:colcon.colcon_core.shell:Creating environment hook '/home/f1tenth/f1tenth_mrc_ws/install/lidar_object_detection_ros2/share/lidar_object_detection_ros2/hook/cmake_prefix_path.sh'
[8.310s] Level 1:colcon.colcon_core.environment:checking '/home/f1tenth/f1tenth_mrc_ws/install/lidar_object_detection_ros2/lib'
[8.311s] Level 1:colcon.colcon_core.shell:create_environment_hook('lidar_object_detection_ros2', 'ld_library_path_lib')
[8.312s] INFO:colcon.colcon_core.shell:Creating environment hook '/home/f1tenth/f1tenth_mrc_ws/install/lidar_object_detection_ros2/share/lidar_object_detection_ros2/hook/ld_library_path_lib.ps1'
[8.314s] INFO:colcon.colcon_core.shell:Creating environment descriptor '/home/f1tenth/f1tenth_mrc_ws/install/lidar_object_detection_ros2/share/lidar_object_detection_ros2/hook/ld_library_path_lib.dsv'
[8.317s] INFO:colcon.colcon_core.shell:Creating environment hook '/home/f1tenth/f1tenth_mrc_ws/install/lidar_object_detection_ros2/share/lidar_object_detection_ros2/hook/ld_library_path_lib.sh'
[8.320s] Level 1:colcon.colcon_core.environment:checking '/home/f1tenth/f1tenth_mrc_ws/install/lidar_object_detection_ros2/bin'
[8.320s] Level 1:colcon.colcon_core.environment:checking '/home/f1tenth/f1tenth_mrc_ws/install/lidar_object_detection_ros2/lib/pkgconfig/lidar_object_detection_ros2.pc'
[8.321s] Level 1:colcon.colcon_core.environment:checking '/home/f1tenth/f1tenth_mrc_ws/install/lidar_object_detection_ros2/lib/python3.8/site-packages'
[8.322s] Level 1:colcon.colcon_core.shell:create_environment_hook('lidar_object_detection_ros2', 'pythonpath')
[8.323s] INFO:colcon.colcon_core.shell:Creating environment hook '/home/f1tenth/f1tenth_mrc_ws/install/lidar_object_detection_ros2/share/lidar_object_detection_ros2/hook/pythonpath.ps1'
[8.325s] INFO:colcon.colcon_core.shell:Creating environment descriptor '/home/f1tenth/f1tenth_mrc_ws/install/lidar_object_detection_ros2/share/lidar_object_detection_ros2/hook/pythonpath.dsv'
[8.327s] INFO:colcon.colcon_core.shell:Creating environment hook '/home/f1tenth/f1tenth_mrc_ws/install/lidar_object_detection_ros2/share/lidar_object_detection_ros2/hook/pythonpath.sh'
[8.330s] Level 1:colcon.colcon_core.environment:checking '/home/f1tenth/f1tenth_mrc_ws/install/lidar_object_detection_ros2/bin'
[8.332s] INFO:colcon.colcon_core.shell:Creating package script '/home/f1tenth/f1tenth_mrc_ws/install/lidar_object_detection_ros2/share/lidar_object_detection_ros2/package.ps1'
[8.335s] INFO:colcon.colcon_core.shell:Creating package descriptor '/home/f1tenth/f1tenth_mrc_ws/install/lidar_object_detection_ros2/share/lidar_object_detection_ros2/package.dsv'
[8.338s] INFO:colcon.colcon_core.shell:Creating package script '/home/f1tenth/f1tenth_mrc_ws/install/lidar_object_detection_ros2/share/lidar_object_detection_ros2/package.sh'
[8.341s] INFO:colcon.colcon_core.shell:Creating package script '/home/f1tenth/f1tenth_mrc_ws/install/lidar_object_detection_ros2/share/lidar_object_detection_ros2/package.bash'
[8.344s] INFO:colcon.colcon_core.shell:Creating package script '/home/f1tenth/f1tenth_mrc_ws/install/lidar_object_detection_ros2/share/lidar_object_detection_ros2/package.zsh'
[8.346s] Level 1:colcon.colcon_core.environment:create_file_with_runtime_dependencies(/home/f1tenth/f1tenth_mrc_ws/install/lidar_object_detection_ros2/share/colcon-core/packages/lidar_object_detection_ros2)
[8.350s] Level 1:colcon.colcon_core.environment:create_environment_scripts_only(lidar_object_detection_ros2)
[8.351s] Level 1:colcon.colcon_core.environment:checking '/home/f1tenth/f1tenth_mrc_ws/install/lidar_object_detection_ros2' for CMake module files
[8.355s] Level 1:colcon.colcon_core.environment:checking '/home/f1tenth/f1tenth_mrc_ws/install/lidar_object_detection_ros2' for CMake config files
[8.359s] Level 1:colcon.colcon_core.shell:create_environment_hook('lidar_object_detection_ros2', 'cmake_prefix_path')
[8.361s] INFO:colcon.colcon_core.shell:Creating environment hook '/home/f1tenth/f1tenth_mrc_ws/install/lidar_object_detection_ros2/share/lidar_object_detection_ros2/hook/cmake_prefix_path.ps1'
[8.363s] INFO:colcon.colcon_core.shell:Creating environment descriptor '/home/f1tenth/f1tenth_mrc_ws/install/lidar_object_detection_ros2/share/lidar_object_detection_ros2/hook/cmake_prefix_path.dsv'
[8.366s] INFO:colcon.colcon_core.shell:Creating environment hook '/home/f1tenth/f1tenth_mrc_ws/install/lidar_object_detection_ros2/share/lidar_object_detection_ros2/hook/cmake_prefix_path.sh'
[8.369s] Level 1:colcon.colcon_core.environment:checking '/home/f1tenth/f1tenth_mrc_ws/install/lidar_object_detection_ros2/lib'
[8.370s] Level 1:colcon.colcon_core.shell:create_environment_hook('lidar_object_detection_ros2', 'ld_library_path_lib')
[8.371s] INFO:colcon.colcon_core.shell:Creating environment hook '/home/f1tenth/f1tenth_mrc_ws/install/lidar_object_detection_ros2/share/lidar_object_detection_ros2/hook/ld_library_path_lib.ps1'
[8.374s] INFO:colcon.colcon_core.shell:Creating environment descriptor '/home/f1tenth/f1tenth_mrc_ws/install/lidar_object_detection_ros2/share/lidar_object_detection_ros2/hook/ld_library_path_lib.dsv'
[8.378s] INFO:colcon.colcon_core.shell:Creating environment hook '/home/f1tenth/f1tenth_mrc_ws/install/lidar_object_detection_ros2/share/lidar_object_detection_ros2/hook/ld_library_path_lib.sh'
[8.381s] Level 1:colcon.colcon_core.environment:checking '/home/f1tenth/f1tenth_mrc_ws/install/lidar_object_detection_ros2/bin'
[8.381s] Level 1:colcon.colcon_core.environment:checking '/home/f1tenth/f1tenth_mrc_ws/install/lidar_object_detection_ros2/lib/pkgconfig/lidar_object_detection_ros2.pc'
[8.382s] Level 1:colcon.colcon_core.environment:checking '/home/f1tenth/f1tenth_mrc_ws/install/lidar_object_detection_ros2/lib/python3.8/site-packages'
[8.382s] Level 1:colcon.colcon_core.shell:create_environment_hook('lidar_object_detection_ros2', 'pythonpath')
[8.383s] INFO:colcon.colcon_core.shell:Creating environment hook '/home/f1tenth/f1tenth_mrc_ws/install/lidar_object_detection_ros2/share/lidar_object_detection_ros2/hook/pythonpath.ps1'
[8.386s] INFO:colcon.colcon_core.shell:Creating environment descriptor '/home/f1tenth/f1tenth_mrc_ws/install/lidar_object_detection_ros2/share/lidar_object_detection_ros2/hook/pythonpath.dsv'
[8.389s] INFO:colcon.colcon_core.shell:Creating environment hook '/home/f1tenth/f1tenth_mrc_ws/install/lidar_object_detection_ros2/share/lidar_object_detection_ros2/hook/pythonpath.sh'
[8.395s] Level 1:colcon.colcon_core.environment:checking '/home/f1tenth/f1tenth_mrc_ws/install/lidar_object_detection_ros2/bin'
[8.397s] INFO:colcon.colcon_core.shell:Creating package script '/home/f1tenth/f1tenth_mrc_ws/install/lidar_object_detection_ros2/share/lidar_object_detection_ros2/package.ps1'
[8.401s] INFO:colcon.colcon_core.shell:Creating package descriptor '/home/f1tenth/f1tenth_mrc_ws/install/lidar_object_detection_ros2/share/lidar_object_detection_ros2/package.dsv'
[8.406s] INFO:colcon.colcon_core.shell:Creating package script '/home/f1tenth/f1tenth_mrc_ws/install/lidar_object_detection_ros2/share/lidar_object_detection_ros2/package.sh'
[8.410s] INFO:colcon.colcon_core.shell:Creating package script '/home/f1tenth/f1tenth_mrc_ws/install/lidar_object_detection_ros2/share/lidar_object_detection_ros2/package.bash'
[8.413s] INFO:colcon.colcon_core.shell:Creating package script '/home/f1tenth/f1tenth_mrc_ws/install/lidar_object_detection_ros2/share/lidar_object_detection_ros2/package.zsh'
[8.416s] Level 1:colcon.colcon_core.environment:create_file_with_runtime_dependencies(/home/f1tenth/f1tenth_mrc_ws/install/lidar_object_detection_ros2/share/colcon-core/packages/lidar_object_detection_ros2)
[8.422s] INFO:colcon.colcon_ros.task.ament_python.build:Building ROS package in '/home/f1tenth/f1tenth_mrc_ws/src/particle_filter' with build type 'ament_python'
[8.423s] Level 1:colcon.colcon_core.shell:create_environment_hook('particle_filter', 'ament_prefix_path')
[8.425s] INFO:colcon.colcon_core.shell:Creating environment hook '/home/f1tenth/f1tenth_mrc_ws/install/particle_filter/share/particle_filter/hook/ament_prefix_path.ps1'
[8.427s] INFO:colcon.colcon_core.shell:Creating environment descriptor '/home/f1tenth/f1tenth_mrc_ws/install/particle_filter/share/particle_filter/hook/ament_prefix_path.dsv'
[8.429s] INFO:colcon.colcon_core.shell:Creating environment hook '/home/f1tenth/f1tenth_mrc_ws/install/particle_filter/share/particle_filter/hook/ament_prefix_path.sh'
[8.432s] INFO:colcon.colcon_core.shell:Skip shell extension 'powershell' for command environment: Not usable outside of PowerShell
[8.433s] DEBUG:colcon.colcon_core.shell:Skip shell extension 'dsv' for command environment
[9.914s] INFO:colcon.colcon_core.task.python.build:Building Python package in '/home/f1tenth/f1tenth_mrc_ws/src/particle_filter'
[9.919s] INFO:colcon.colcon_core.shell:Skip shell extension 'powershell' for command environment: Not usable outside of PowerShell
[9.919s] DEBUG:colcon.colcon_core.shell:Skip shell extension 'dsv' for command environment
[9.983s] DEBUG:colcon.colcon_core.event_handler.log_command:Invoking command in '/home/f1tenth/f1tenth_mrc_ws/src/camera_pkg': PYTHONPATH=/home/f1tenth/f1tenth_mrc_ws/build/camera_pkg/prefix_override:/usr/lib/python3/dist-packages/colcon_core/task/python/colcon_distutils_commands:/home/f1tenth/f1tenth_mrc_ws/install/camera_pkg/lib/python3.8/site-packages:${PYTHONPATH} /usr/bin/python3 -W ignore:setup.py install is deprecated -W ignore:easy_install command is deprecated setup.py egg_info --egg-base ../../build/camera_pkg build --build-base /home/f1tenth/f1tenth_mrc_ws/build/camera_pkg/build install --record /home/f1tenth/f1tenth_mrc_ws/build/camera_pkg/install.log --install-scripts $base/lib/camera_pkg --single-version-externally-managed install_data
[10.008s] DEBUG:colcon.colcon_core.event_handler.log_command:Invoking command in '/home/f1tenth/f1tenth_mrc_ws/src/f1tenth_gym_ros': PYTHONPATH=/home/f1tenth/f1tenth_mrc_ws/build/f1tenth_gym_ros/prefix_override:/usr/lib/python3/dist-packages/colcon_core/task/python/colcon_distutils_commands:/home/f1tenth/f1tenth_mrc_ws/install/f1tenth_gym_ros/lib/python3.8/site-packages:${PYTHONPATH} /usr/bin/python3 -W ignore:setup.py install is deprecated -W ignore:easy_install command is deprecated setup.py egg_info --egg-base ../../build/f1tenth_gym_ros build --build-base /home/f1tenth/f1tenth_mrc_ws/build/f1tenth_gym_ros/build install --record /home/f1tenth/f1tenth_mrc_ws/build/f1tenth_gym_ros/install.log --single-version-externally-managed install_data
[12.168s] Level 1:colcon.colcon_core.environment:checking '/home/f1tenth/f1tenth_mrc_ws/install/f1tenth_gym_ros' for CMake module files
[12.177s] DEBUG:colcon.colcon_core.event_handler.log_command:Invoked command in '/home/f1tenth/f1tenth_mrc_ws/src/f1tenth_gym_ros' returned '0': PYTHONPATH=/home/f1tenth/f1tenth_mrc_ws/build/f1tenth_gym_ros/prefix_override:/usr/lib/python3/dist-packages/colcon_core/task/python/colcon_distutils_commands:/home/f1tenth/f1tenth_mrc_ws/install/f1tenth_gym_ros/lib/python3.8/site-packages:${PYTHONPATH} /usr/bin/python3 -W ignore:setup.py install is deprecated -W ignore:easy_install command is deprecated setup.py egg_info --egg-base ../../build/f1tenth_gym_ros build --build-base /home/f1tenth/f1tenth_mrc_ws/build/f1tenth_gym_ros/build install --record /home/f1tenth/f1tenth_mrc_ws/build/f1tenth_gym_ros/install.log --single-version-externally-managed install_data
[12.179s] Level 1:colcon.colcon_core.environment:checking '/home/f1tenth/f1tenth_mrc_ws/install/f1tenth_gym_ros' for CMake config files
[12.185s] Level 1:colcon.colcon_core.environment:checking '/home/f1tenth/f1tenth_mrc_ws/install/f1tenth_gym_ros/lib'
[12.185s] Level 1:colcon.colcon_core.environment:checking '/home/f1tenth/f1tenth_mrc_ws/install/f1tenth_gym_ros/bin'
[12.186s] Level 1:colcon.colcon_core.environment:checking '/home/f1tenth/f1tenth_mrc_ws/install/f1tenth_gym_ros/lib/pkgconfig/f1tenth_gym_ros.pc'
[12.188s] Level 1:colcon.colcon_core.environment:checking '/home/f1tenth/f1tenth_mrc_ws/install/f1tenth_gym_ros/lib/python3.8/site-packages'
[12.189s] Level 1:colcon.colcon_core.shell:create_environment_hook('f1tenth_gym_ros', 'pythonpath')
[12.190s] INFO:colcon.colcon_core.shell:Creating environment hook '/home/f1tenth/f1tenth_mrc_ws/install/f1tenth_gym_ros/share/f1tenth_gym_ros/hook/pythonpath.ps1'
[12.193s] INFO:colcon.colcon_core.shell:Creating environment descriptor '/home/f1tenth/f1tenth_mrc_ws/install/f1tenth_gym_ros/share/f1tenth_gym_ros/hook/pythonpath.dsv'
[12.195s] INFO:colcon.colcon_core.shell:Creating environment hook '/home/f1tenth/f1tenth_mrc_ws/install/f1tenth_gym_ros/share/f1tenth_gym_ros/hook/pythonpath.sh'
[12.198s] Level 1:colcon.colcon_core.environment:checking '/home/f1tenth/f1tenth_mrc_ws/install/f1tenth_gym_ros/bin'
[12.199s] Level 1:colcon.colcon_core.environment:create_environment_scripts_only(f1tenth_gym_ros)
[12.200s] INFO:colcon.colcon_core.shell:Creating package script '/home/f1tenth/f1tenth_mrc_ws/install/f1tenth_gym_ros/share/f1tenth_gym_ros/package.ps1'
[12.203s] INFO:colcon.colcon_core.shell:Creating package descriptor '/home/f1tenth/f1tenth_mrc_ws/install/f1tenth_gym_ros/share/f1tenth_gym_ros/package.dsv'
[12.205s] INFO:colcon.colcon_core.shell:Creating package script '/home/f1tenth/f1tenth_mrc_ws/install/f1tenth_gym_ros/share/f1tenth_gym_ros/package.sh'
[12.208s] INFO:colcon.colcon_core.shell:Creating package script '/home/f1tenth/f1tenth_mrc_ws/install/f1tenth_gym_ros/share/f1tenth_gym_ros/package.bash'
[12.211s] INFO:colcon.colcon_core.shell:Creating package script '/home/f1tenth/f1tenth_mrc_ws/install/f1tenth_gym_ros/share/f1tenth_gym_ros/package.zsh'
[12.213s] Level 1:colcon.colcon_core.environment:create_file_with_runtime_dependencies(/home/f1tenth/f1tenth_mrc_ws/install/f1tenth_gym_ros/share/colcon-core/packages/f1tenth_gym_ros)
[12.216s] INFO:colcon.colcon_ros.task.ament_python.build:Building ROS package in '/home/f1tenth/f1tenth_mrc_ws/src/ppo_racing' with build type 'ament_python'
[12.220s] Level 1:colcon.colcon_core.shell:create_environment_hook('ppo_racing', 'ament_prefix_path')
[12.222s] INFO:colcon.colcon_core.shell:Creating environment hook '/home/f1tenth/f1tenth_mrc_ws/install/ppo_racing/share/ppo_racing/hook/ament_prefix_path.ps1'
[12.224s] INFO:colcon.colcon_core.shell:Creating environment descriptor '/home/f1tenth/f1tenth_mrc_ws/install/ppo_racing/share/ppo_racing/hook/ament_prefix_path.dsv'
[12.226s] INFO:colcon.colcon_core.shell:Creating environment hook '/home/f1tenth/f1tenth_mrc_ws/install/ppo_racing/share/ppo_racing/hook/ament_prefix_path.sh'
[12.239s] INFO:colcon.colcon_core.shell:Skip shell extension 'powershell' for command environment: Not usable outside of PowerShell
[12.240s] DEBUG:colcon.colcon_core.shell:Skip shell extension 'dsv' for command environment
[13.708s] INFO:colcon.colcon_core.task.python.build:Building Python package in '/home/f1tenth/f1tenth_mrc_ws/src/ppo_racing'
[13.712s] INFO:colcon.colcon_core.shell:Skip shell extension 'powershell' for command environment: Not usable outside of PowerShell
[13.712s] DEBUG:colcon.colcon_core.shell:Skip shell extension 'dsv' for command environment
[13.768s] DEBUG:colcon.colcon_core.event_handler.log_command:Invoking command in '/home/f1tenth/f1tenth_mrc_ws/src/particle_filter': PYTHONPATH=/home/f1tenth/f1tenth_mrc_ws/build/particle_filter/prefix_override:/usr/lib/python3/dist-packages/colcon_core/task/python/colcon_distutils_commands:/home/f1tenth/f1tenth_mrc_ws/install/particle_filter/lib/python3.8/site-packages:${PYTHONPATH} /usr/bin/python3 -W ignore:setup.py install is deprecated -W ignore:easy_install command is deprecated setup.py egg_info --egg-base ../../build/particle_filter build --build-base /home/f1tenth/f1tenth_mrc_ws/build/particle_filter/build install --record /home/f1tenth/f1tenth_mrc_ws/build/particle_filter/install.log --install-scripts $base/lib/particle_filter --single-version-externally-managed install_data
[13.779s] Level 1:colcon.colcon_core.environment:checking '/home/f1tenth/f1tenth_mrc_ws/install/camera_pkg' for CMake module files
[13.780s] DEBUG:colcon.colcon_core.event_handler.log_command:Invoked command in '/home/f1tenth/f1tenth_mrc_ws/src/camera_pkg' returned '0': PYTHONPATH=/home/f1tenth/f1tenth_mrc_ws/build/camera_pkg/prefix_override:/usr/lib/python3/dist-packages/colcon_core/task/python/colcon_distutils_commands:/home/f1tenth/f1tenth_mrc_ws/install/camera_pkg/lib/python3.8/site-packages:${PYTHONPATH} /usr/bin/python3 -W ignore:setup.py install is deprecated -W ignore:easy_install command is deprecated setup.py egg_info --egg-base ../../build/camera_pkg build --build-base /home/f1tenth/f1tenth_mrc_ws/build/camera_pkg/build install --record /home/f1tenth/f1tenth_mrc_ws/build/camera_pkg/install.log --install-scripts $base/lib/camera_pkg --single-version-externally-managed install_data
[13.783s] Level 1:colcon.colcon_core.environment:checking '/home/f1tenth/f1tenth_mrc_ws/install/camera_pkg' for CMake config files
[13.786s] Level 1:colcon.colcon_core.environment:checking '/home/f1tenth/f1tenth_mrc_ws/install/camera_pkg/lib'
[13.787s] Level 1:colcon.colcon_core.environment:checking '/home/f1tenth/f1tenth_mrc_ws/install/camera_pkg/bin'
[13.787s] Level 1:colcon.colcon_core.environment:checking '/home/f1tenth/f1tenth_mrc_ws/install/camera_pkg/lib/pkgconfig/camera_pkg.pc'
[13.788s] Level 1:colcon.colcon_core.environment:checking '/home/f1tenth/f1tenth_mrc_ws/install/camera_pkg/lib/python3.8/site-packages'
[13.789s] Level 1:colcon.colcon_core.shell:create_environment_hook('camera_pkg', 'pythonpath')
[13.791s] INFO:colcon.colcon_core.shell:Creating environment hook '/home/f1tenth/f1tenth_mrc_ws/install/camera_pkg/share/camera_pkg/hook/pythonpath.ps1'
[13.794s] INFO:colcon.colcon_core.shell:Creating environment descriptor '/home/f1tenth/f1tenth_mrc_ws/install/camera_pkg/share/camera_pkg/hook/pythonpath.dsv'
[13.796s] INFO:colcon.colcon_core.shell:Creating environment hook '/home/f1tenth/f1tenth_mrc_ws/install/camera_pkg/share/camera_pkg/hook/pythonpath.sh'
[13.800s] Level 1:colcon.colcon_core.environment:checking '/home/f1tenth/f1tenth_mrc_ws/install/camera_pkg/bin'
[13.800s] Level 1:colcon.colcon_core.environment:create_environment_scripts_only(camera_pkg)
[13.802s] INFO:colcon.colcon_core.shell:Creating package script '/home/f1tenth/f1tenth_mrc_ws/install/camera_pkg/share/camera_pkg/package.ps1'
[13.804s] INFO:colcon.colcon_core.shell:Creating package descriptor '/home/f1tenth/f1tenth_mrc_ws/install/camera_pkg/share/camera_pkg/package.dsv'
[13.807s] INFO:colcon.colcon_core.shell:Creating package script '/home/f1tenth/f1tenth_mrc_ws/install/camera_pkg/share/camera_pkg/package.sh'
[13.809s] INFO:colcon.colcon_core.shell:Creating package script '/home/f1tenth/f1tenth_mrc_ws/install/camera_pkg/share/camera_pkg/package.bash'
[13.812s] INFO:colcon.colcon_core.shell:Creating package script '/home/f1tenth/f1tenth_mrc_ws/install/camera_pkg/share/camera_pkg/package.zsh'
[13.815s] Level 1:colcon.colcon_core.environment:create_file_with_runtime_dependencies(/home/f1tenth/f1tenth_mrc_ws/install/camera_pkg/share/colcon-core/packages/camera_pkg)
[13.867s] INFO:colcon.colcon_ros.task.ament_cmake.build:Building ROS package in '/home/f1tenth/f1tenth_mrc_ws/src/f1tenth_lab6_template/pure_pursuit' with build type 'ament_cmake'
[13.869s] INFO:colcon.colcon_cmake.task.cmake.build:Building CMake package in '/home/f1tenth/f1tenth_mrc_ws/src/f1tenth_lab6_template/pure_pursuit'
[13.871s] INFO:colcon.colcon_core.shell:Skip shell extension 'powershell' for command environment: Not usable outside of PowerShell
[13.874s] DEBUG:colcon.colcon_core.shell:Skip shell extension 'dsv' for command environment
[13.973s] DEBUG:colcon.colcon_core.event_handler.log_command:Invoking command in '/home/f1tenth/f1tenth_mrc_ws/build/pure_pursuit': CMAKE_PREFIX_PATH=${CMAKE_PREFIX_PATH}:/home/f1tenth/f1tenth_mrc_ws/install/waypoint_logger:/home/f1tenth/f1tenth_mrc_ws/install/rrt_package:/home/f1tenth/f1tenth_mrc_ws/install/ppo_racing:/home/f1tenth/f1tenth_mrc_ws/install/particle_filter:/home/f1tenth/f1tenth_mrc_ws/install/f1tenth_gym_ros:/home/f1tenth/f1tenth_mrc_ws/install/camera_pkg:/opt/ros/foxy /usr/bin/cmake --build /home/f1tenth/f1tenth_mrc_ws/build/pure_pursuit -- -j4 -l4
[14.308s] DEBUG:colcon.colcon_core.event_handler.log_command:Invoked command in '/home/f1tenth/f1tenth_mrc_ws/build/pure_pursuit' returned '0': CMAKE_PREFIX_PATH=${CMAKE_PREFIX_PATH}:/home/f1tenth/f1tenth_mrc_ws/install/waypoint_logger:/home/f1tenth/f1tenth_mrc_ws/install/rrt_package:/home/f1tenth/f1tenth_mrc_ws/install/ppo_racing:/home/f1tenth/f1tenth_mrc_ws/install/particle_filter:/home/f1tenth/f1tenth_mrc_ws/install/f1tenth_gym_ros:/home/f1tenth/f1tenth_mrc_ws/install/camera_pkg:/opt/ros/foxy /usr/bin/cmake --build /home/f1tenth/f1tenth_mrc_ws/build/pure_pursuit -- -j4 -l4
[14.317s] DEBUG:colcon.colcon_core.event_handler.log_command:Invoking command in '/home/f1tenth/f1tenth_mrc_ws/build/pure_pursuit': CMAKE_PREFIX_PATH=${CMAKE_PREFIX_PATH}:/home/f1tenth/f1tenth_mrc_ws/install/waypoint_logger:/home/f1tenth/f1tenth_mrc_ws/install/rrt_package:/home/f1tenth/f1tenth_mrc_ws/install/ppo_racing:/home/f1tenth/f1tenth_mrc_ws/install/particle_filter:/home/f1tenth/f1tenth_mrc_ws/install/f1tenth_gym_ros:/home/f1tenth/f1tenth_mrc_ws/install/camera_pkg:/opt/ros/foxy /usr/bin/cmake --install /home/f1tenth/f1tenth_mrc_ws/build/pure_pursuit
[14.709s] Level 1:colcon.colcon_core.environment:create_environment_scripts_only(pure_pursuit)
[14.713s] Level 1:colcon.colcon_core.environment:checking '/home/f1tenth/f1tenth_mrc_ws/install/pure_pursuit' for CMake module files
[14.717s] DEBUG:colcon.colcon_core.event_handler.log_command:Invoked command in '/home/f1tenth/f1tenth_mrc_ws/build/pure_pursuit' returned '0': CMAKE_PREFIX_PATH=${CMAKE_PREFIX_PATH}:/home/f1tenth/f1tenth_mrc_ws/install/waypoint_logger:/home/f1tenth/f1tenth_mrc_ws/install/rrt_package:/home/f1tenth/f1tenth_mrc_ws/install/ppo_racing:/home/f1tenth/f1tenth_mrc_ws/install/particle_filter:/home/f1tenth/f1tenth_mrc_ws/install/f1tenth_gym_ros:/home/f1tenth/f1tenth_mrc_ws/install/camera_pkg:/opt/ros/foxy /usr/bin/cmake --install /home/f1tenth/f1tenth_mrc_ws/build/pure_pursuit
[14.720s] Level 1:colcon.colcon_core.environment:checking '/home/f1tenth/f1tenth_mrc_ws/install/pure_pursuit' for CMake config files
[14.728s] Level 1:colcon.colcon_core.shell:create_environment_hook('pure_pursuit', 'cmake_prefix_path')
[14.729s] INFO:colcon.colcon_core.shell:Creating environment hook '/home/f1tenth/f1tenth_mrc_ws/install/pure_pursuit/share/pure_pursuit/hook/cmake_prefix_path.ps1'
[14.735s] INFO:colcon.colcon_core.shell:Creating environment descriptor '/home/f1tenth/f1tenth_mrc_ws/install/pure_pursuit/share/pure_pursuit/hook/cmake_prefix_path.dsv'
[14.737s] INFO:colcon.colcon_core.shell:Creating environment hook '/home/f1tenth/f1tenth_mrc_ws/install/pure_pursuit/share/pure_pursuit/hook/cmake_prefix_path.sh'
[14.753s] Level 1:colcon.colcon_core.environment:checking '/home/f1tenth/f1tenth_mrc_ws/install/pure_pursuit/lib'
[14.753s] Level 1:colcon.colcon_core.environment:checking '/home/f1tenth/f1tenth_mrc_ws/install/pure_pursuit/bin'
[14.754s] Level 1:colcon.colcon_core.environment:checking '/home/f1tenth/f1tenth_mrc_ws/install/pure_pursuit/lib/pkgconfig/pure_pursuit.pc'
[14.755s] Level 1:colcon.colcon_core.environment:checking '/home/f1tenth/f1tenth_mrc_ws/install/pure_pursuit/lib/python3.8/site-packages'
[14.756s] Level 1:colcon.colcon_core.shell:create_environment_hook('pure_pursuit', 'pythonpath')
[14.757s] INFO:colcon.colcon_core.shell:Creating environment hook '/home/f1tenth/f1tenth_mrc_ws/install/pure_pursuit/share/pure_pursuit/hook/pythonpath.ps1'
[14.764s] INFO:colcon.colcon_core.shell:Creating environment descriptor '/home/f1tenth/f1tenth_mrc_ws/install/pure_pursuit/share/pure_pursuit/hook/pythonpath.dsv'
[14.767s] INFO:colcon.colcon_core.shell:Creating environment hook '/home/f1tenth/f1tenth_mrc_ws/install/pure_pursuit/share/pure_pursuit/hook/pythonpath.sh'
[14.769s] Level 1:colcon.colcon_core.environment:checking '/home/f1tenth/f1tenth_mrc_ws/install/pure_pursuit/bin'
[14.772s] INFO:colcon.colcon_core.shell:Creating package script '/home/f1tenth/f1tenth_mrc_ws/install/pure_pursuit/share/pure_pursuit/package.ps1'
[14.775s] INFO:colcon.colcon_core.shell:Creating package descriptor '/home/f1tenth/f1tenth_mrc_ws/install/pure_pursuit/share/pure_pursuit/package.dsv'
[14.777s] INFO:colcon.colcon_core.shell:Creating package script '/home/f1tenth/f1tenth_mrc_ws/install/pure_pursuit/share/pure_pursuit/package.sh'
[14.780s] INFO:colcon.colcon_core.shell:Creating package script '/home/f1tenth/f1tenth_mrc_ws/install/pure_pursuit/share/pure_pursuit/package.bash'
[14.782s] INFO:colcon.colcon_core.shell:Creating package script '/home/f1tenth/f1tenth_mrc_ws/install/pure_pursuit/share/pure_pursuit/package.zsh'
[14.786s] Level 1:colcon.colcon_core.environment:create_file_with_runtime_dependencies(/home/f1tenth/f1tenth_mrc_ws/install/pure_pursuit/share/colcon-core/packages/pure_pursuit)
[14.788s] Level 1:colcon.colcon_core.environment:create_environment_scripts_only(pure_pursuit)
[14.789s] Level 1:colcon.colcon_core.environment:checking '/home/f1tenth/f1tenth_mrc_ws/install/pure_pursuit' for CMake module files
[14.792s] Level 1:colcon.colcon_core.environment:checking '/home/f1tenth/f1tenth_mrc_ws/install/pure_pursuit' for CMake config files
[14.794s] Level 1:colcon.colcon_core.shell:create_environment_hook('pure_pursuit', 'cmake_prefix_path')
[14.796s] INFO:colcon.colcon_core.shell:Creating environment hook '/home/f1tenth/f1tenth_mrc_ws/install/pure_pursuit/share/pure_pursuit/hook/cmake_prefix_path.ps1'
[14.798s] INFO:colcon.colcon_core.shell:Creating environment descriptor '/home/f1tenth/f1tenth_mrc_ws/install/pure_pursuit/share/pure_pursuit/hook/cmake_prefix_path.dsv'
[14.801s] INFO:colcon.colcon_core.shell:Creating environment hook '/home/f1tenth/f1tenth_mrc_ws/install/pure_pursuit/share/pure_pursuit/hook/cmake_prefix_path.sh'
[14.804s] Level 1:colcon.colcon_core.environment:checking '/home/f1tenth/f1tenth_mrc_ws/install/pure_pursuit/lib'
[14.805s] Level 1:colcon.colcon_core.environment:checking '/home/f1tenth/f1tenth_mrc_ws/install/pure_pursuit/bin'
[14.805s] Level 1:colcon.colcon_core.environment:checking '/home/f1tenth/f1tenth_mrc_ws/install/pure_pursuit/lib/pkgconfig/pure_pursuit.pc'
[14.806s] Level 1:colcon.colcon_core.environment:checking '/home/f1tenth/f1tenth_mrc_ws/install/pure_pursuit/lib/python3.8/site-packages'
[14.806s] Level 1:colcon.colcon_core.shell:create_environment_hook('pure_pursuit', 'pythonpath')
[14.807s] INFO:colcon.colcon_core.shell:Creating environment hook '/home/f1tenth/f1tenth_mrc_ws/install/pure_pursuit/share/pure_pursuit/hook/pythonpath.ps1'
[14.809s] INFO:colcon.colcon_core.shell:Creating environment descriptor '/home/f1tenth/f1tenth_mrc_ws/install/pure_pursuit/share/pure_pursuit/hook/pythonpath.dsv'
[14.812s] INFO:colcon.colcon_core.shell:Creating environment hook '/home/f1tenth/f1tenth_mrc_ws/install/pure_pursuit/share/pure_pursuit/hook/pythonpath.sh'
[14.828s] Level 1:colcon.colcon_core.environment:checking '/home/f1tenth/f1tenth_mrc_ws/install/pure_pursuit/bin'
[14.834s] INFO:colcon.colcon_core.shell:Creating package script '/home/f1tenth/f1tenth_mrc_ws/install/pure_pursuit/share/pure_pursuit/package.ps1'
[14.838s] INFO:colcon.colcon_core.shell:Creating package descriptor '/home/f1tenth/f1tenth_mrc_ws/install/pure_pursuit/share/pure_pursuit/package.dsv'
[14.846s] INFO:colcon.colcon_core.shell:Creating package script '/home/f1tenth/f1tenth_mrc_ws/install/pure_pursuit/share/pure_pursuit/package.sh'
[14.854s] INFO:colcon.colcon_core.shell:Creating package script '/home/f1tenth/f1tenth_mrc_ws/install/pure_pursuit/share/pure_pursuit/package.bash'
[14.861s] INFO:colcon.colcon_core.shell:Creating package script '/home/f1tenth/f1tenth_mrc_ws/install/pure_pursuit/share/pure_pursuit/package.zsh'
[14.870s] Level 1:colcon.colcon_core.environment:create_file_with_runtime_dependencies(/home/f1tenth/f1tenth_mrc_ws/install/pure_pursuit/share/colcon-core/packages/pure_pursuit)
[14.874s] INFO:colcon.colcon_ros.task.ament_python.build:Building ROS package in '/home/f1tenth/f1tenth_mrc_ws/src/rrt_package' with build type 'ament_python'
[14.879s] Level 1:colcon.colcon_core.shell:create_environment_hook('rrt_package', 'ament_prefix_path')
[14.880s] INFO:colcon.colcon_core.shell:Creating environment hook '/home/f1tenth/f1tenth_mrc_ws/install/rrt_package/share/rrt_package/hook/ament_prefix_path.ps1'
[14.885s] INFO:colcon.colcon_core.shell:Creating environment descriptor '/home/f1tenth/f1tenth_mrc_ws/install/rrt_package/share/rrt_package/hook/ament_prefix_path.dsv'
[14.891s] INFO:colcon.colcon_core.shell:Creating environment hook '/home/f1tenth/f1tenth_mrc_ws/install/rrt_package/share/rrt_package/hook/ament_prefix_path.sh'
[14.895s] INFO:colcon.colcon_core.shell:Skip shell extension 'powershell' for command environment: Not usable outside of PowerShell
[14.895s] DEBUG:colcon.colcon_core.shell:Skip shell extension 'dsv' for command environment
[16.637s] INFO:colcon.colcon_core.task.python.build:Building Python package in '/home/f1tenth/f1tenth_mrc_ws/src/rrt_package'
[16.642s] INFO:colcon.colcon_core.shell:Skip shell extension 'powershell' for command environment: Not usable outside of PowerShell
[16.643s] DEBUG:colcon.colcon_core.shell:Skip shell extension 'dsv' for command environment
[16.701s] DEBUG:colcon.colcon_core.event_handler.log_command:Invoking command in '/home/f1tenth/f1tenth_mrc_ws/src/ppo_racing': PYTHONPATH=/home/f1tenth/f1tenth_mrc_ws/build/ppo_racing/prefix_override:/usr/lib/python3/dist-packages/colcon_core/task/python/colcon_distutils_commands:/home/f1tenth/f1tenth_mrc_ws/install/ppo_racing/lib/python3.8/site-packages:${PYTHONPATH} /usr/bin/python3 -W ignore:setup.py install is deprecated -W ignore:easy_install command is deprecated setup.py egg_info --egg-base ../../build/ppo_racing build --build-base /home/f1tenth/f1tenth_mrc_ws/build/ppo_racing/build install --record /home/f1tenth/f1tenth_mrc_ws/build/ppo_racing/install.log --install-scripts $base/lib/ppo_racing --single-version-externally-managed install_data
[16.718s] Level 1:colcon.colcon_core.environment:checking '/home/f1tenth/f1tenth_mrc_ws/install/particle_filter' for CMake module files
[16.721s] DEBUG:colcon.colcon_core.event_handler.log_command:Invoked command in '/home/f1tenth/f1tenth_mrc_ws/src/particle_filter' returned '0': PYTHONPATH=/home/f1tenth/f1tenth_mrc_ws/build/particle_filter/prefix_override:/usr/lib/python3/dist-packages/colcon_core/task/python/colcon_distutils_commands:/home/f1tenth/f1tenth_mrc_ws/install/particle_filter/lib/python3.8/site-packages:${PYTHONPATH} /usr/bin/python3 -W ignore:setup.py install is deprecated -W ignore:easy_install command is deprecated setup.py egg_info --egg-base ../../build/particle_filter build --build-base /home/f1tenth/f1tenth_mrc_ws/build/particle_filter/build install --record /home/f1tenth/f1tenth_mrc_ws/build/particle_filter/install.log --install-scripts $base/lib/particle_filter --single-version-externally-managed install_data
[16.725s] Level 1:colcon.colcon_core.environment:checking '/home/f1tenth/f1tenth_mrc_ws/install/particle_filter' for CMake config files
[16.728s] Level 1:colcon.colcon_core.environment:checking '/home/f1tenth/f1tenth_mrc_ws/install/particle_filter/lib'
[16.729s] Level 1:colcon.colcon_core.environment:checking '/home/f1tenth/f1tenth_mrc_ws/install/particle_filter/bin'
[16.729s] Level 1:colcon.colcon_core.environment:checking '/home/f1tenth/f1tenth_mrc_ws/install/particle_filter/lib/pkgconfig/particle_filter.pc'
[16.730s] Level 1:colcon.colcon_core.environment:checking '/home/f1tenth/f1tenth_mrc_ws/install/particle_filter/lib/python3.8/site-packages'
[16.731s] Level 1:colcon.colcon_core.shell:create_environment_hook('particle_filter', 'pythonpath')
[16.732s] INFO:colcon.colcon_core.shell:Creating environment hook '/home/f1tenth/f1tenth_mrc_ws/install/particle_filter/share/particle_filter/hook/pythonpath.ps1'
[16.735s] INFO:colcon.colcon_core.shell:Creating environment descriptor '/home/f1tenth/f1tenth_mrc_ws/install/particle_filter/share/particle_filter/hook/pythonpath.dsv'
[16.736s] INFO:colcon.colcon_core.shell:Creating environment hook '/home/f1tenth/f1tenth_mrc_ws/install/particle_filter/share/particle_filter/hook/pythonpath.sh'
[16.739s] Level 1:colcon.colcon_core.environment:checking '/home/f1tenth/f1tenth_mrc_ws/install/particle_filter/bin'
[16.740s] Level 1:colcon.colcon_core.environment:create_environment_scripts_only(particle_filter)
[16.741s] INFO:colcon.colcon_core.shell:Creating package script '/home/f1tenth/f1tenth_mrc_ws/install/particle_filter/share/particle_filter/package.ps1'
[16.744s] INFO:colcon.colcon_core.shell:Creating package descriptor '/home/f1tenth/f1tenth_mrc_ws/install/particle_filter/share/particle_filter/package.dsv'
[16.747s] INFO:colcon.colcon_core.shell:Creating package script '/home/f1tenth/f1tenth_mrc_ws/install/particle_filter/share/particle_filter/package.sh'
[16.749s] INFO:colcon.colcon_core.shell:Creating package script '/home/f1tenth/f1tenth_mrc_ws/install/particle_filter/share/particle_filter/package.bash'
[16.750s] INFO:colcon.colcon_core.shell:Creating package script '/home/f1tenth/f1tenth_mrc_ws/install/particle_filter/share/particle_filter/package.zsh'
[16.752s] Level 1:colcon.colcon_core.environment:create_file_with_runtime_dependencies(/home/f1tenth/f1tenth_mrc_ws/install/particle_filter/share/colcon-core/packages/particle_filter)
[16.757s] INFO:colcon.colcon_ros.task.ament_cmake.build:Building ROS package in '/home/f1tenth/f1tenth_mrc_ws/src/f1tenth_lab2_template/safety_node' with build type 'ament_cmake'
[16.758s] INFO:colcon.colcon_cmake.task.cmake.build:Building CMake package in '/home/f1tenth/f1tenth_mrc_ws/src/f1tenth_lab2_template/safety_node'
[16.759s] INFO:colcon.colcon_core.shell:Skip shell extension 'powershell' for command environment: Not usable outside of PowerShell
[16.759s] DEBUG:colcon.colcon_core.shell:Skip shell extension 'dsv' for command environment
[16.871s] DEBUG:colcon.colcon_core.event_handler.log_command:Invoking command in '/home/f1tenth/f1tenth_mrc_ws/build/safety_node': CMAKE_PREFIX_PATH=${CMAKE_PREFIX_PATH}:/home/f1tenth/f1tenth_mrc_ws/install/waypoint_logger:/home/f1tenth/f1tenth_mrc_ws/install/rrt_package:/home/f1tenth/f1tenth_mrc_ws/install/ppo_racing:/home/f1tenth/f1tenth_mrc_ws/install/particle_filter:/home/f1tenth/f1tenth_mrc_ws/install/f1tenth_gym_ros:/home/f1tenth/f1tenth_mrc_ws/install/camera_pkg:/opt/ros/foxy /usr/bin/cmake --build /home/f1tenth/f1tenth_mrc_ws/build/safety_node -- -j4 -l4
[17.151s] DEBUG:colcon.colcon_core.event_handler.log_command:Invoked command in '/home/f1tenth/f1tenth_mrc_ws/build/safety_node' returned '0': CMAKE_PREFIX_PATH=${CMAKE_PREFIX_PATH}:/home/f1tenth/f1tenth_mrc_ws/install/waypoint_logger:/home/f1tenth/f1tenth_mrc_ws/install/rrt_package:/home/f1tenth/f1tenth_mrc_ws/install/ppo_racing:/home/f1tenth/f1tenth_mrc_ws/install/particle_filter:/home/f1tenth/f1tenth_mrc_ws/install/f1tenth_gym_ros:/home/f1tenth/f1tenth_mrc_ws/install/camera_pkg:/opt/ros/foxy /usr/bin/cmake --build /home/f1tenth/f1tenth_mrc_ws/build/safety_node -- -j4 -l4
[17.167s] DEBUG:colcon.colcon_core.event_handler.log_command:Invoking command in '/home/f1tenth/f1tenth_mrc_ws/build/safety_node': CMAKE_PREFIX_PATH=${CMAKE_PREFIX_PATH}:/home/f1tenth/f1tenth_mrc_ws/install/waypoint_logger:/home/f1tenth/f1tenth_mrc_ws/install/rrt_package:/home/f1tenth/f1tenth_mrc_ws/install/ppo_racing:/home/f1tenth/f1tenth_mrc_ws/install/particle_filter:/home/f1tenth/f1tenth_mrc_ws/install/f1tenth_gym_ros:/home/f1tenth/f1tenth_mrc_ws/install/camera_pkg:/opt/ros/foxy /usr/bin/cmake --install /home/f1tenth/f1tenth_mrc_ws/build/safety_node
[17.468s] Level 1:colcon.colcon_core.environment:create_environment_scripts_only(safety_node)
[17.470s] Level 1:colcon.colcon_core.environment:checking '/home/f1tenth/f1tenth_mrc_ws/install/safety_node' for CMake module files
[17.472s] DEBUG:colcon.colcon_core.event_handler.log_command:Invoked command in '/home/f1tenth/f1tenth_mrc_ws/build/safety_node' returned '0': CMAKE_PREFIX_PATH=${CMAKE_PREFIX_PATH}:/home/f1tenth/f1tenth_mrc_ws/install/waypoint_logger:/home/f1tenth/f1tenth_mrc_ws/install/rrt_package:/home/f1tenth/f1tenth_mrc_ws/install/ppo_racing:/home/f1tenth/f1tenth_mrc_ws/install/particle_filter:/home/f1tenth/f1tenth_mrc_ws/install/f1tenth_gym_ros:/home/f1tenth/f1tenth_mrc_ws/install/camera_pkg:/opt/ros/foxy /usr/bin/cmake --install /home/f1tenth/f1tenth_mrc_ws/build/safety_node
[17.475s] Level 1:colcon.colcon_core.environment:checking '/home/f1tenth/f1tenth_mrc_ws/install/safety_node' for CMake config files
[17.477s] Level 1:colcon.colcon_core.shell:create_environment_hook('safety_node', 'cmake_prefix_path')
[17.478s] INFO:colcon.colcon_core.shell:Creating environment hook '/home/f1tenth/f1tenth_mrc_ws/install/safety_node/share/safety_node/hook/cmake_prefix_path.ps1'
[17.482s] INFO:colcon.colcon_core.shell:Creating environment descriptor '/home/f1tenth/f1tenth_mrc_ws/install/safety_node/share/safety_node/hook/cmake_prefix_path.dsv'
[17.484s] INFO:colcon.colcon_core.shell:Creating environment hook '/home/f1tenth/f1tenth_mrc_ws/install/safety_node/share/safety_node/hook/cmake_prefix_path.sh'
[17.487s] Level 1:colcon.colcon_core.environment:checking '/home/f1tenth/f1tenth_mrc_ws/install/safety_node/lib'
[17.487s] Level 1:colcon.colcon_core.environment:checking '/home/f1tenth/f1tenth_mrc_ws/install/safety_node/bin'
[17.488s] Level 1:colcon.colcon_core.environment:checking '/home/f1tenth/f1tenth_mrc_ws/install/safety_node/lib/pkgconfig/safety_node.pc'
[17.489s] Level 1:colcon.colcon_core.environment:checking '/home/f1tenth/f1tenth_mrc_ws/install/safety_node/lib/python3.8/site-packages'
[17.489s] Level 1:colcon.colcon_core.shell:create_environment_hook('safety_node', 'pythonpath')
[17.499s] INFO:colcon.colcon_core.shell:Creating environment hook '/home/f1tenth/f1tenth_mrc_ws/install/safety_node/share/safety_node/hook/pythonpath.ps1'
[17.501s] INFO:colcon.colcon_core.shell:Creating environment descriptor '/home/f1tenth/f1tenth_mrc_ws/install/safety_node/share/safety_node/hook/pythonpath.dsv'
[17.504s] INFO:colcon.colcon_core.shell:Creating environment hook '/home/f1tenth/f1tenth_mrc_ws/install/safety_node/share/safety_node/hook/pythonpath.sh'
[17.521s] Level 1:colcon.colcon_core.environment:checking '/home/f1tenth/f1tenth_mrc_ws/install/safety_node/bin'
[17.525s] INFO:colcon.colcon_core.shell:Creating package script '/home/f1tenth/f1tenth_mrc_ws/install/safety_node/share/safety_node/package.ps1'
[17.528s] INFO:colcon.colcon_core.shell:Creating package descriptor '/home/f1tenth/f1tenth_mrc_ws/install/safety_node/share/safety_node/package.dsv'
[17.530s] INFO:colcon.colcon_core.shell:Creating package script '/home/f1tenth/f1tenth_mrc_ws/install/safety_node/share/safety_node/package.sh'
[17.539s] INFO:colcon.colcon_core.shell:Creating package script '/home/f1tenth/f1tenth_mrc_ws/install/safety_node/share/safety_node/package.bash'
[17.543s] INFO:colcon.colcon_core.shell:Creating package script '/home/f1tenth/f1tenth_mrc_ws/install/safety_node/share/safety_node/package.zsh'
[17.552s] Level 1:colcon.colcon_core.environment:create_file_with_runtime_dependencies(/home/f1tenth/f1tenth_mrc_ws/install/safety_node/share/colcon-core/packages/safety_node)
[17.560s] Level 1:colcon.colcon_core.environment:create_environment_scripts_only(safety_node)
[17.561s] Level 1:colcon.colcon_core.environment:checking '/home/f1tenth/f1tenth_mrc_ws/install/safety_node' for CMake module files
[17.563s] Level 1:colcon.colcon_core.environment:checking '/home/f1tenth/f1tenth_mrc_ws/install/safety_node' for CMake config files
[17.564s] Level 1:colcon.colcon_core.shell:create_environment_hook('safety_node', 'cmake_prefix_path')
[17.565s] INFO:colcon.colcon_core.shell:Creating environment hook '/home/f1tenth/f1tenth_mrc_ws/install/safety_node/share/safety_node/hook/cmake_prefix_path.ps1'
[17.567s] INFO:colcon.colcon_core.shell:Creating environment descriptor '/home/f1tenth/f1tenth_mrc_ws/install/safety_node/share/safety_node/hook/cmake_prefix_path.dsv'
[17.568s] INFO:colcon.colcon_core.shell:Creating environment hook '/home/f1tenth/f1tenth_mrc_ws/install/safety_node/share/safety_node/hook/cmake_prefix_path.sh'
[17.586s] Level 1:colcon.colcon_core.environment:checking '/home/f1tenth/f1tenth_mrc_ws/install/safety_node/lib'
[17.587s] Level 1:colcon.colcon_core.environment:checking '/home/f1tenth/f1tenth_mrc_ws/install/safety_node/bin'
[17.587s] Level 1:colcon.colcon_core.environment:checking '/home/f1tenth/f1tenth_mrc_ws/install/safety_node/lib/pkgconfig/safety_node.pc'
[17.588s] Level 1:colcon.colcon_core.environment:checking '/home/f1tenth/f1tenth_mrc_ws/install/safety_node/lib/python3.8/site-packages'
[17.588s] Level 1:colcon.colcon_core.shell:create_environment_hook('safety_node', 'pythonpath')
[17.589s] INFO:colcon.colcon_core.shell:Creating environment hook '/home/f1tenth/f1tenth_mrc_ws/install/safety_node/share/safety_node/hook/pythonpath.ps1'
[17.601s] INFO:colcon.colcon_core.shell:Creating environment descriptor '/home/f1tenth/f1tenth_mrc_ws/install/safety_node/share/safety_node/hook/pythonpath.dsv'
[17.604s] INFO:colcon.colcon_core.shell:Creating environment hook '/home/f1tenth/f1tenth_mrc_ws/install/safety_node/share/safety_node/hook/pythonpath.sh'
[17.606s] Level 1:colcon.colcon_core.environment:checking '/home/f1tenth/f1tenth_mrc_ws/install/safety_node/bin'
[17.614s] INFO:colcon.colcon_core.shell:Creating package script '/home/f1tenth/f1tenth_mrc_ws/install/safety_node/share/safety_node/package.ps1'
[17.620s] INFO:colcon.colcon_core.shell:Creating package descriptor '/home/f1tenth/f1tenth_mrc_ws/install/safety_node/share/safety_node/package.dsv'
[17.623s] INFO:colcon.colcon_core.shell:Creating package script '/home/f1tenth/f1tenth_mrc_ws/install/safety_node/share/safety_node/package.sh'
[17.625s] INFO:colcon.colcon_core.shell:Creating package script '/home/f1tenth/f1tenth_mrc_ws/install/safety_node/share/safety_node/package.bash'
[17.631s] INFO:colcon.colcon_core.shell:Creating package script '/home/f1tenth/f1tenth_mrc_ws/install/safety_node/share/safety_node/package.zsh'
[17.634s] Level 1:colcon.colcon_core.environment:create_file_with_runtime_dependencies(/home/f1tenth/f1tenth_mrc_ws/install/safety_node/share/colcon-core/packages/safety_node)
[17.637s] INFO:colcon.colcon_ros.task.ament_cmake.build:Building ROS package in '/home/f1tenth/f1tenth_mrc_ws/src/f1tenth_lab3_template/wall_follow' with build type 'ament_cmake'
[17.638s] INFO:colcon.colcon_cmake.task.cmake.build:Building CMake package in '/home/f1tenth/f1tenth_mrc_ws/src/f1tenth_lab3_template/wall_follow'
[17.650s] INFO:colcon.colcon_core.shell:Skip shell extension 'powershell' for command environment: Not usable outside of PowerShell
[17.655s] DEBUG:colcon.colcon_core.shell:Skip shell extension 'dsv' for command environment
[17.766s] DEBUG:colcon.colcon_core.event_handler.log_command:Invoking command in '/home/f1tenth/f1tenth_mrc_ws/build/wall_follow': CMAKE_PREFIX_PATH=${CMAKE_PREFIX_PATH}:/home/f1tenth/f1tenth_mrc_ws/install/waypoint_logger:/home/f1tenth/f1tenth_mrc_ws/install/rrt_package:/home/f1tenth/f1tenth_mrc_ws/install/ppo_racing:/home/f1tenth/f1tenth_mrc_ws/install/particle_filter:/home/f1tenth/f1tenth_mrc_ws/install/f1tenth_gym_ros:/home/f1tenth/f1tenth_mrc_ws/install/camera_pkg:/opt/ros/foxy /usr/bin/cmake --build /home/f1tenth/f1tenth_mrc_ws/build/wall_follow -- -j4 -l4
[18.094s] DEBUG:colcon.colcon_core.event_handler.log_command:Invoked command in '/home/f1tenth/f1tenth_mrc_ws/build/wall_follow' returned '0': CMAKE_PREFIX_PATH=${CMAKE_PREFIX_PATH}:/home/f1tenth/f1tenth_mrc_ws/install/waypoint_logger:/home/f1tenth/f1tenth_mrc_ws/install/rrt_package:/home/f1tenth/f1tenth_mrc_ws/install/ppo_racing:/home/f1tenth/f1tenth_mrc_ws/install/particle_filter:/home/f1tenth/f1tenth_mrc_ws/install/f1tenth_gym_ros:/home/f1tenth/f1tenth_mrc_ws/install/camera_pkg:/opt/ros/foxy /usr/bin/cmake --build /home/f1tenth/f1tenth_mrc_ws/build/wall_follow -- -j4 -l4
[18.109s] DEBUG:colcon.colcon_core.event_handler.log_command:Invoking command in '/home/f1tenth/f1tenth_mrc_ws/build/wall_follow': CMAKE_PREFIX_PATH=${CMAKE_PREFIX_PATH}:/home/f1tenth/f1tenth_mrc_ws/install/waypoint_logger:/home/f1tenth/f1tenth_mrc_ws/install/rrt_package:/home/f1tenth/f1tenth_mrc_ws/install/ppo_racing:/home/f1tenth/f1tenth_mrc_ws/install/particle_filter:/home/f1tenth/f1tenth_mrc_ws/install/f1tenth_gym_ros:/home/f1tenth/f1tenth_mrc_ws/install/camera_pkg:/opt/ros/foxy /usr/bin/cmake --install /home/f1tenth/f1tenth_mrc_ws/build/wall_follow
[18.444s] Level 1:colcon.colcon_core.environment:create_environment_scripts_only(wall_follow)
[18.447s] Level 1:colcon.colcon_core.environment:checking '/home/f1tenth/f1tenth_mrc_ws/install/wall_follow' for CMake module files
[18.449s] DEBUG:colcon.colcon_core.event_handler.log_command:Invoked command in '/home/f1tenth/f1tenth_mrc_ws/build/wall_follow' returned '0': CMAKE_PREFIX_PATH=${CMAKE_PREFIX_PATH}:/home/f1tenth/f1tenth_mrc_ws/install/waypoint_logger:/home/f1tenth/f1tenth_mrc_ws/install/rrt_package:/home/f1tenth/f1tenth_mrc_ws/install/ppo_racing:/home/f1tenth/f1tenth_mrc_ws/install/particle_filter:/home/f1tenth/f1tenth_mrc_ws/install/f1tenth_gym_ros:/home/f1tenth/f1tenth_mrc_ws/install/camera_pkg:/opt/ros/foxy /usr/bin/cmake --install /home/f1tenth/f1tenth_mrc_ws/build/wall_follow
[18.452s] Level 1:colcon.colcon_core.environment:checking '/home/f1tenth/f1tenth_mrc_ws/install/wall_follow' for CMake config files
[18.453s] Level 1:colcon.colcon_core.shell:create_environment_hook('wall_follow', 'cmake_prefix_path')
[18.454s] INFO:colcon.colcon_core.shell:Creating environment hook '/home/f1tenth/f1tenth_mrc_ws/install/wall_follow/share/wall_follow/hook/cmake_prefix_path.ps1'
[18.472s] INFO:colcon.colcon_core.shell:Creating environment descriptor '/home/f1tenth/f1tenth_mrc_ws/install/wall_follow/share/wall_follow/hook/cmake_prefix_path.dsv'
[18.482s] INFO:colcon.colcon_core.shell:Creating environment hook '/home/f1tenth/f1tenth_mrc_ws/install/wall_follow/share/wall_follow/hook/cmake_prefix_path.sh'
[18.485s] Level 1:colcon.colcon_core.environment:checking '/home/f1tenth/f1tenth_mrc_ws/install/wall_follow/lib'
[18.493s] Level 1:colcon.colcon_core.environment:checking '/home/f1tenth/f1tenth_mrc_ws/install/wall_follow/bin'
[18.493s] Level 1:colcon.colcon_core.environment:checking '/home/f1tenth/f1tenth_mrc_ws/install/wall_follow/lib/pkgconfig/wall_follow.pc'
[18.494s] Level 1:colcon.colcon_core.environment:checking '/home/f1tenth/f1tenth_mrc_ws/install/wall_follow/lib/python3.8/site-packages'
[18.495s] Level 1:colcon.colcon_core.shell:create_environment_hook('wall_follow', 'pythonpath')
[18.496s] INFO:colcon.colcon_core.shell:Creating environment hook '/home/f1tenth/f1tenth_mrc_ws/install/wall_follow/share/wall_follow/hook/pythonpath.ps1'
[18.498s] INFO:colcon.colcon_core.shell:Creating environment descriptor '/home/f1tenth/f1tenth_mrc_ws/install/wall_follow/share/wall_follow/hook/pythonpath.dsv'
[18.502s] INFO:colcon.colcon_core.shell:Creating environment hook '/home/f1tenth/f1tenth_mrc_ws/install/wall_follow/share/wall_follow/hook/pythonpath.sh'
[18.504s] Level 1:colcon.colcon_core.environment:checking '/home/f1tenth/f1tenth_mrc_ws/install/wall_follow/bin'
[18.520s] INFO:colcon.colcon_core.shell:Creating package script '/home/f1tenth/f1tenth_mrc_ws/install/wall_follow/share/wall_follow/package.ps1'
[18.524s] INFO:colcon.colcon_core.shell:Creating package descriptor '/home/f1tenth/f1tenth_mrc_ws/install/wall_follow/share/wall_follow/package.dsv'
[18.527s] INFO:colcon.colcon_core.shell:Creating package script '/home/f1tenth/f1tenth_mrc_ws/install/wall_follow/share/wall_follow/package.sh'
[18.529s] INFO:colcon.colcon_core.shell:Creating package script '/home/f1tenth/f1tenth_mrc_ws/install/wall_follow/share/wall_follow/package.bash'
[18.532s] INFO:colcon.colcon_core.shell:Creating package script '/home/f1tenth/f1tenth_mrc_ws/install/wall_follow/share/wall_follow/package.zsh'
[18.534s] Level 1:colcon.colcon_core.environment:create_file_with_runtime_dependencies(/home/f1tenth/f1tenth_mrc_ws/install/wall_follow/share/colcon-core/packages/wall_follow)
[18.537s] Level 1:colcon.colcon_core.environment:create_environment_scripts_only(wall_follow)
[18.538s] Level 1:colcon.colcon_core.environment:checking '/home/f1tenth/f1tenth_mrc_ws/install/wall_follow' for CMake module files
[18.543s] Level 1:colcon.colcon_core.environment:checking '/home/f1tenth/f1tenth_mrc_ws/install/wall_follow' for CMake config files
[18.554s] Level 1:colcon.colcon_core.shell:create_environment_hook('wall_follow', 'cmake_prefix_path')
[18.555s] INFO:colcon.colcon_core.shell:Creating environment hook '/home/f1tenth/f1tenth_mrc_ws/install/wall_follow/share/wall_follow/hook/cmake_prefix_path.ps1'
[18.557s] INFO:colcon.colcon_core.shell:Creating environment descriptor '/home/f1tenth/f1tenth_mrc_ws/install/wall_follow/share/wall_follow/hook/cmake_prefix_path.dsv'
[18.568s] INFO:colcon.colcon_core.shell:Creating environment hook '/home/f1tenth/f1tenth_mrc_ws/install/wall_follow/share/wall_follow/hook/cmake_prefix_path.sh'
[18.576s] Level 1:colcon.colcon_core.environment:checking '/home/f1tenth/f1tenth_mrc_ws/install/wall_follow/lib'
[18.576s] Level 1:colcon.colcon_core.environment:checking '/home/f1tenth/f1tenth_mrc_ws/install/wall_follow/bin'
[18.577s] Level 1:colcon.colcon_core.environment:checking '/home/f1tenth/f1tenth_mrc_ws/install/wall_follow/lib/pkgconfig/wall_follow.pc'
[18.577s] Level 1:colcon.colcon_core.environment:checking '/home/f1tenth/f1tenth_mrc_ws/install/wall_follow/lib/python3.8/site-packages'
[18.582s] Level 1:colcon.colcon_core.shell:create_environment_hook('wall_follow', 'pythonpath')
[18.583s] INFO:colcon.colcon_core.shell:Creating environment hook '/home/f1tenth/f1tenth_mrc_ws/install/wall_follow/share/wall_follow/hook/pythonpath.ps1'
[18.585s] INFO:colcon.colcon_core.shell:Creating environment descriptor '/home/f1tenth/f1tenth_mrc_ws/install/wall_follow/share/wall_follow/hook/pythonpath.dsv'
[18.591s] INFO:colcon.colcon_core.shell:Creating environment hook '/home/f1tenth/f1tenth_mrc_ws/install/wall_follow/share/wall_follow/hook/pythonpath.sh'
[18.600s] Level 1:colcon.colcon_core.environment:checking '/home/f1tenth/f1tenth_mrc_ws/install/wall_follow/bin'
[18.606s] INFO:colcon.colcon_core.shell:Creating package script '/home/f1tenth/f1tenth_mrc_ws/install/wall_follow/share/wall_follow/package.ps1'
[18.609s] INFO:colcon.colcon_core.shell:Creating package descriptor '/home/f1tenth/f1tenth_mrc_ws/install/wall_follow/share/wall_follow/package.dsv'
[18.621s] INFO:colcon.colcon_core.shell:Creating package script '/home/f1tenth/f1tenth_mrc_ws/install/wall_follow/share/wall_follow/package.sh'
[18.624s] INFO:colcon.colcon_core.shell:Creating package script '/home/f1tenth/f1tenth_mrc_ws/install/wall_follow/share/wall_follow/package.bash'
[18.630s] INFO:colcon.colcon_core.shell:Creating package script '/home/f1tenth/f1tenth_mrc_ws/install/wall_follow/share/wall_follow/package.zsh'
[18.632s] Level 1:colcon.colcon_core.environment:create_file_with_runtime_dependencies(/home/f1tenth/f1tenth_mrc_ws/install/wall_follow/share/colcon-core/packages/wall_follow)
[18.638s] INFO:colcon.colcon_ros.task.ament_python.build:Building ROS package in '/home/f1tenth/f1tenth_mrc_ws/src/waypoint_logger' with build type 'ament_python'
[18.642s] Level 1:colcon.colcon_core.shell:create_environment_hook('waypoint_logger', 'ament_prefix_path')
[18.643s] INFO:colcon.colcon_core.shell:Creating environment hook '/home/f1tenth/f1tenth_mrc_ws/install/waypoint_logger/share/waypoint_logger/hook/ament_prefix_path.ps1'
[18.645s] INFO:colcon.colcon_core.shell:Creating environment descriptor '/home/f1tenth/f1tenth_mrc_ws/install/waypoint_logger/share/waypoint_logger/hook/ament_prefix_path.dsv'
[18.650s] INFO:colcon.colcon_core.shell:Creating environment hook '/home/f1tenth/f1tenth_mrc_ws/install/waypoint_logger/share/waypoint_logger/hook/ament_prefix_path.sh'
[18.656s] INFO:colcon.colcon_core.shell:Skip shell extension 'powershell' for command environment: Not usable outside of PowerShell
[18.656s] DEBUG:colcon.colcon_core.shell:Skip shell extension 'dsv' for command environment
[20.250s] INFO:colcon.colcon_core.task.python.build:Building Python package in '/home/f1tenth/f1tenth_mrc_ws/src/waypoint_logger'
[20.256s] INFO:colcon.colcon_core.shell:Skip shell extension 'powershell' for command environment: Not usable outside of PowerShell
[20.256s] DEBUG:colcon.colcon_core.shell:Skip shell extension 'dsv' for command environment
[20.300s] Level 1:colcon.colcon_core.environment:checking '/home/f1tenth/f1tenth_mrc_ws/install/ppo_racing' for CMake module files
[20.303s] DEBUG:colcon.colcon_core.event_handler.log_command:Invoked command in '/home/f1tenth/f1tenth_mrc_ws/src/ppo_racing' returned '0': PYTHONPATH=/home/f1tenth/f1tenth_mrc_ws/build/ppo_racing/prefix_override:/usr/lib/python3/dist-packages/colcon_core/task/python/colcon_distutils_commands:/home/f1tenth/f1tenth_mrc_ws/install/ppo_racing/lib/python3.8/site-packages:${PYTHONPATH} /usr/bin/python3 -W ignore:setup.py install is deprecated -W ignore:easy_install command is deprecated setup.py egg_info --egg-base ../../build/ppo_racing build --build-base /home/f1tenth/f1tenth_mrc_ws/build/ppo_racing/build install --record /home/f1tenth/f1tenth_mrc_ws/build/ppo_racing/install.log --install-scripts $base/lib/ppo_racing --single-version-externally-managed install_data
[20.307s] Level 1:colcon.colcon_core.environment:checking '/home/f1tenth/f1tenth_mrc_ws/install/ppo_racing' for CMake config files
[20.310s] Level 1:colcon.colcon_core.environment:checking '/home/f1tenth/f1tenth_mrc_ws/install/ppo_racing/lib'
[20.311s] Level 1:colcon.colcon_core.environment:checking '/home/f1tenth/f1tenth_mrc_ws/install/ppo_racing/bin'
[20.311s] Level 1:colcon.colcon_core.environment:checking '/home/f1tenth/f1tenth_mrc_ws/install/ppo_racing/lib/pkgconfig/ppo_racing.pc'
[20.313s] Level 1:colcon.colcon_core.environment:checking '/home/f1tenth/f1tenth_mrc_ws/install/ppo_racing/lib/python3.8/site-packages'
[20.314s] Level 1:colcon.colcon_core.shell:create_environment_hook('ppo_racing', 'pythonpath')
[20.315s] INFO:colcon.colcon_core.shell:Creating environment hook '/home/f1tenth/f1tenth_mrc_ws/install/ppo_racing/share/ppo_racing/hook/pythonpath.ps1'
[20.319s] INFO:colcon.colcon_core.shell:Creating environment descriptor '/home/f1tenth/f1tenth_mrc_ws/install/ppo_racing/share/ppo_racing/hook/pythonpath.dsv'
[20.321s] INFO:colcon.colcon_core.shell:Creating environment hook '/home/f1tenth/f1tenth_mrc_ws/install/ppo_racing/share/ppo_racing/hook/pythonpath.sh'
[20.324s] Level 1:colcon.colcon_core.environment:checking '/home/f1tenth/f1tenth_mrc_ws/install/ppo_racing/bin'
[20.324s] Level 1:colcon.colcon_core.environment:create_environment_scripts_only(ppo_racing)
[20.326s] INFO:colcon.colcon_core.shell:Creating package script '/home/f1tenth/f1tenth_mrc_ws/install/ppo_racing/share/ppo_racing/package.ps1'
[20.330s] INFO:colcon.colcon_core.shell:Creating package descriptor '/home/f1tenth/f1tenth_mrc_ws/install/ppo_racing/share/ppo_racing/package.dsv'
[20.332s] INFO:colcon.colcon_core.shell:Creating package script '/home/f1tenth/f1tenth_mrc_ws/install/ppo_racing/share/ppo_racing/package.sh'
[20.334s] INFO:colcon.colcon_core.shell:Creating package script '/home/f1tenth/f1tenth_mrc_ws/install/ppo_racing/share/ppo_racing/package.bash'
[20.336s] INFO:colcon.colcon_core.shell:Creating package script '/home/f1tenth/f1tenth_mrc_ws/install/ppo_racing/share/ppo_racing/package.zsh'
[20.338s] Level 1:colcon.colcon_core.environment:create_file_with_runtime_dependencies(/home/f1tenth/f1tenth_mrc_ws/install/ppo_racing/share/colcon-core/packages/ppo_racing)
[20.361s] DEBUG:colcon.colcon_core.event_handler.log_command:Invoking command in '/home/f1tenth/f1tenth_mrc_ws/src/rrt_package': PYTHONPATH=/home/f1tenth/f1tenth_mrc_ws/build/rrt_package/prefix_override:/usr/lib/python3/dist-packages/colcon_core/task/python/colcon_distutils_commands:/home/f1tenth/f1tenth_mrc_ws/install/rrt_package/lib/python3.8/site-packages:${PYTHONPATH} /usr/bin/python3 -W ignore:setup.py install is deprecated -W ignore:easy_install command is deprecated setup.py egg_info --egg-base ../../build/rrt_package build --build-base /home/f1tenth/f1tenth_mrc_ws/build/rrt_package/build install --record /home/f1tenth/f1tenth_mrc_ws/build/rrt_package/install.log --install-scripts $base/lib/rrt_package --single-version-externally-managed install_data
[21.945s] Level 1:colcon.colcon_core.environment:checking '/home/f1tenth/f1tenth_mrc_ws/install/rrt_package' for CMake module files
[21.948s] DEBUG:colcon.colcon_core.event_handler.log_command:Invoked command in '/home/f1tenth/f1tenth_mrc_ws/src/rrt_package' returned '0': PYTHONPATH=/home/f1tenth/f1tenth_mrc_ws/build/rrt_package/prefix_override:/usr/lib/python3/dist-packages/colcon_core/task/python/colcon_distutils_commands:/home/f1tenth/f1tenth_mrc_ws/install/rrt_package/lib/python3.8/site-packages:${PYTHONPATH} /usr/bin/python3 -W ignore:setup.py install is deprecated -W ignore:easy_install command is deprecated setup.py egg_info --egg-base ../../build/rrt_package build --build-base /home/f1tenth/f1tenth_mrc_ws/build/rrt_package/build install --record /home/f1tenth/f1tenth_mrc_ws/build/rrt_package/install.log --install-scripts $base/lib/rrt_package --single-version-externally-managed install_data
[21.950s] Level 1:colcon.colcon_core.environment:checking '/home/f1tenth/f1tenth_mrc_ws/install/rrt_package' for CMake config files
[21.953s] Level 1:colcon.colcon_core.environment:checking '/home/f1tenth/f1tenth_mrc_ws/install/rrt_package/lib'
[21.953s] Level 1:colcon.colcon_core.environment:checking '/home/f1tenth/f1tenth_mrc_ws/install/rrt_package/bin'
[21.954s] Level 1:colcon.colcon_core.environment:checking '/home/f1tenth/f1tenth_mrc_ws/install/rrt_package/lib/pkgconfig/rrt_package.pc'
[21.955s] Level 1:colcon.colcon_core.environment:checking '/home/f1tenth/f1tenth_mrc_ws/install/rrt_package/lib/python3.8/site-packages'
[21.955s] Level 1:colcon.colcon_core.shell:create_environment_hook('rrt_package', 'pythonpath')
[21.956s] INFO:colcon.colcon_core.shell:Creating environment hook '/home/f1tenth/f1tenth_mrc_ws/install/rrt_package/share/rrt_package/hook/pythonpath.ps1'
[21.960s] INFO:colcon.colcon_core.shell:Creating environment descriptor '/home/f1tenth/f1tenth_mrc_ws/install/rrt_package/share/rrt_package/hook/pythonpath.dsv'
[21.976s] INFO:colcon.colcon_core.shell:Creating environment hook '/home/f1tenth/f1tenth_mrc_ws/install/rrt_package/share/rrt_package/hook/pythonpath.sh'
[21.983s] Level 1:colcon.colcon_core.environment:checking '/home/f1tenth/f1tenth_mrc_ws/install/rrt_package/bin'
[21.983s] Level 1:colcon.colcon_core.environment:create_environment_scripts_only(rrt_package)
[21.985s] INFO:colcon.colcon_core.shell:Creating package script '/home/f1tenth/f1tenth_mrc_ws/install/rrt_package/share/rrt_package/package.ps1'
[21.987s] INFO:colcon.colcon_core.shell:Creating package descriptor '/home/f1tenth/f1tenth_mrc_ws/install/rrt_package/share/rrt_package/package.dsv'
[21.989s] INFO:colcon.colcon_core.shell:Creating package script '/home/f1tenth/f1tenth_mrc_ws/install/rrt_package/share/rrt_package/package.sh'
[22.002s] INFO:colcon.colcon_core.shell:Creating package script '/home/f1tenth/f1tenth_mrc_ws/install/rrt_package/share/rrt_package/package.bash'
[22.006s] INFO:colcon.colcon_core.shell:Creating package script '/home/f1tenth/f1tenth_mrc_ws/install/rrt_package/share/rrt_package/package.zsh'
[22.014s] Level 1:colcon.colcon_core.environment:create_file_with_runtime_dependencies(/home/f1tenth/f1tenth_mrc_ws/install/rrt_package/share/colcon-core/packages/rrt_package)
[22.740s] DEBUG:colcon.colcon_core.event_handler.log_command:Invoking command in '/home/f1tenth/f1tenth_mrc_ws/src/waypoint_logger': PYTHONPATH=/home/f1tenth/f1tenth_mrc_ws/build/waypoint_logger/prefix_override:/usr/lib/python3/dist-packages/colcon_core/task/python/colcon_distutils_commands:/home/f1tenth/f1tenth_mrc_ws/install/waypoint_logger/lib/python3.8/site-packages:${PYTHONPATH} /usr/bin/python3 -W ignore:setup.py install is deprecated -W ignore:easy_install command is deprecated setup.py egg_info --egg-base ../../build/waypoint_logger build --build-base /home/f1tenth/f1tenth_mrc_ws/build/waypoint_logger/build install --record /home/f1tenth/f1tenth_mrc_ws/build/waypoint_logger/install.log --install-scripts $base/lib/waypoint_logger --single-version-externally-managed install_data
[24.278s] Level 1:colcon.colcon_core.environment:checking '/home/f1tenth/f1tenth_mrc_ws/install/waypoint_logger' for CMake module files
[24.280s] DEBUG:colcon.colcon_core.event_handler.log_command:Invoked command in '/home/f1tenth/f1tenth_mrc_ws/src/waypoint_logger' returned '0': PYTHONPATH=/home/f1tenth/f1tenth_mrc_ws/build/waypoint_logger/prefix_override:/usr/lib/python3/dist-packages/colcon_core/task/python/colcon_distutils_commands:/home/f1tenth/f1tenth_mrc_ws/install/waypoint_logger/lib/python3.8/site-packages:${PYTHONPATH} /usr/bin/python3 -W ignore:setup.py install is deprecated -W ignore:easy_install command is deprecated setup.py egg_info --egg-base ../../build/waypoint_logger build --build-base /home/f1tenth/f1tenth_mrc_ws/build/waypoint_logger/build install --record /home/f1tenth/f1tenth_mrc_ws/build/waypoint_logger/install.log --install-scripts $base/lib/waypoint_logger --single-version-externally-managed install_data
[24.283s] Level 1:colcon.colcon_core.environment:checking '/home/f1tenth/f1tenth_mrc_ws/install/waypoint_logger' for CMake config files
[24.287s] Level 1:colcon.colcon_core.environment:checking '/home/f1tenth/f1tenth_mrc_ws/install/waypoint_logger/lib'
[24.287s] Level 1:colcon.colcon_core.environment:checking '/home/f1tenth/f1tenth_mrc_ws/install/waypoint_logger/bin'
[24.288s] Level 1:colcon.colcon_core.environment:checking '/home/f1tenth/f1tenth_mrc_ws/install/waypoint_logger/lib/pkgconfig/waypoint_logger.pc'
[24.289s] Level 1:colcon.colcon_core.environment:checking '/home/f1tenth/f1tenth_mrc_ws/install/waypoint_logger/lib/python3.8/site-packages'
[24.289s] Level 1:colcon.colcon_core.shell:create_environment_hook('waypoint_logger', 'pythonpath')
[24.291s] INFO:colcon.colcon_core.shell:Creating environment hook '/home/f1tenth/f1tenth_mrc_ws/install/waypoint_logger/share/waypoint_logger/hook/pythonpath.ps1'
[24.294s] INFO:colcon.colcon_core.shell:Creating environment descriptor '/home/f1tenth/f1tenth_mrc_ws/install/waypoint_logger/share/waypoint_logger/hook/pythonpath.dsv'
[24.299s] INFO:colcon.colcon_core.shell:Creating environment hook '/home/f1tenth/f1tenth_mrc_ws/install/waypoint_logger/share/waypoint_logger/hook/pythonpath.sh'
[24.304s] Level 1:colcon.colcon_core.environment:checking '/home/f1tenth/f1tenth_mrc_ws/install/waypoint_logger/bin'
[24.304s] Level 1:colcon.colcon_core.environment:create_environment_scripts_only(waypoint_logger)
[24.307s] INFO:colcon.colcon_core.shell:Creating package script '/home/f1tenth/f1tenth_mrc_ws/install/waypoint_logger/share/waypoint_logger/package.ps1'
[24.311s] INFO:colcon.colcon_core.shell:Creating package descriptor '/home/f1tenth/f1tenth_mrc_ws/install/waypoint_logger/share/waypoint_logger/package.dsv'
[24.313s] INFO:colcon.colcon_core.shell:Creating package script '/home/f1tenth/f1tenth_mrc_ws/install/waypoint_logger/share/waypoint_logger/package.sh'
[24.316s] INFO:colcon.colcon_core.shell:Creating package script '/home/f1tenth/f1tenth_mrc_ws/install/waypoint_logger/share/waypoint_logger/package.bash'
[24.318s] INFO:colcon.colcon_core.shell:Creating package script '/home/f1tenth/f1tenth_mrc_ws/install/waypoint_logger/share/waypoint_logger/package.zsh'
[24.320s] Level 1:colcon.colcon_core.environment:create_file_with_runtime_dependencies(/home/f1tenth/f1tenth_mrc_ws/install/waypoint_logger/share/colcon-core/packages/waypoint_logger)
[24.871s] DEBUG:colcon.colcon_core.event_handler.log_command:Invoked command in '/home/f1tenth/f1tenth_mrc_ws/build/lidar_object_detection' returned '1': CMAKE_PREFIX_PATH=${CMAKE_PREFIX_PATH}:/home/f1tenth/f1tenth_mrc_ws/install/waypoint_logger:/home/f1tenth/f1tenth_mrc_ws/install/rrt_package:/home/f1tenth/f1tenth_mrc_ws/install/ppo_racing:/home/f1tenth/f1tenth_mrc_ws/install/particle_filter:/home/f1tenth/f1tenth_mrc_ws/install/f1tenth_gym_ros:/home/f1tenth/f1tenth_mrc_ws/install/camera_pkg:/opt/ros/foxy /usr/bin/cmake /home/f1tenth/f1tenth_mrc_ws/src/robotx_lidar_pose_estimation/ros2-lidar-object-detection -DCMAKE_INSTALL_PREFIX=/home/f1tenth/f1tenth_mrc_ws/install/lidar_object_detection
[24.936s] Level 1:colcon.colcon_core.environment:create_environment_scripts_only(lidar_object_detection)
[24.941s] Level 1:colcon.colcon_core.environment:checking '/home/f1tenth/f1tenth_mrc_ws/install/lidar_object_detection' for CMake module files
[24.944s] Level 1:colcon.colcon_core.environment:checking '/home/f1tenth/f1tenth_mrc_ws/install/lidar_object_detection' for CMake config files
[24.946s] Level 1:colcon.colcon_core.environment:checking '/home/f1tenth/f1tenth_mrc_ws/install/lidar_object_detection/bin'
[24.946s] Level 1:colcon.colcon_core.environment:checking '/home/f1tenth/f1tenth_mrc_ws/install/lidar_object_detection/lib/pkgconfig/lidar_object_detection.pc'
[24.947s] Level 1:colcon.colcon_core.environment:checking '/home/f1tenth/f1tenth_mrc_ws/install/lidar_object_detection/lib/python3.8/site-packages'
[24.948s] Level 1:colcon.colcon_core.environment:checking '/home/f1tenth/f1tenth_mrc_ws/install/lidar_object_detection/bin'
[24.950s] INFO:colcon.colcon_core.shell:Creating package script '/home/f1tenth/f1tenth_mrc_ws/install/lidar_object_detection/share/lidar_object_detection/package.ps1'
[24.953s] INFO:colcon.colcon_core.shell:Creating package descriptor '/home/f1tenth/f1tenth_mrc_ws/install/lidar_object_detection/share/lidar_object_detection/package.dsv'
[24.955s] INFO:colcon.colcon_core.shell:Creating package script '/home/f1tenth/f1tenth_mrc_ws/install/lidar_object_detection/share/lidar_object_detection/package.sh'
[24.957s] INFO:colcon.colcon_core.shell:Creating package script '/home/f1tenth/f1tenth_mrc_ws/install/lidar_object_detection/share/lidar_object_detection/package.bash'
[24.959s] INFO:colcon.colcon_core.shell:Creating package script '/home/f1tenth/f1tenth_mrc_ws/install/lidar_object_detection/share/lidar_object_detection/package.zsh'
[24.961s] Level 1:colcon.colcon_core.environment:create_file_with_runtime_dependencies(/home/f1tenth/f1tenth_mrc_ws/install/lidar_object_detection/share/colcon-core/packages/lidar_object_detection)
[24.974s] DEBUG:colcon.colcon_parallel_executor.executor.parallel:closing loop
[24.974s] DEBUG:colcon.colcon_parallel_executor.executor.parallel:loop closed
[24.975s] DEBUG:colcon.colcon_parallel_executor.executor.parallel:run_until_complete finished with '1'
[24.977s] DEBUG:colcon.colcon_core.event_reactor:joining thread
[25.018s] INFO:colcon.colcon_core.plugin_system:Skipping extension 'colcon_notification.desktop_notification.terminal_notifier': Not used on non-Darwin systems
[25.019s] INFO:colcon.colcon_core.plugin_system:Skipping extension 'colcon_notification.desktop_notification.win32': Not used on non-Windows systems
[25.019s] INFO:colcon.colcon_notification.desktop_notification:Sending desktop notification using 'notify2'
[25.094s] DEBUG:colcon.colcon_core.event_reactor:joined thread
[25.095s] INFO:colcon.colcon_core.shell:Creating prefix script '/home/f1tenth/f1tenth_mrc_ws/install/local_setup.ps1'
[25.101s] INFO:colcon.colcon_core.shell:Creating prefix util module '/home/f1tenth/f1tenth_mrc_ws/install/_local_setup_util_ps1.py'
[25.107s] INFO:colcon.colcon_core.shell:Creating prefix chain script '/home/f1tenth/f1tenth_mrc_ws/install/setup.ps1'
[25.116s] INFO:colcon.colcon_core.shell:Creating prefix script '/home/f1tenth/f1tenth_mrc_ws/install/local_setup.sh'
[25.119s] INFO:colcon.colcon_core.shell:Creating prefix util module '/home/f1tenth/f1tenth_mrc_ws/install/_local_setup_util_sh.py'
[25.122s] INFO:colcon.colcon_core.shell:Creating prefix chain script '/home/f1tenth/f1tenth_mrc_ws/install/setup.sh'
[25.130s] INFO:colcon.colcon_core.shell:Creating prefix script '/home/f1tenth/f1tenth_mrc_ws/install/local_setup.bash'
[25.132s] INFO:colcon.colcon_core.shell:Creating prefix chain script '/home/f1tenth/f1tenth_mrc_ws/install/setup.bash'
[25.140s] INFO:colcon.colcon_core.shell:Creating prefix script '/home/f1tenth/f1tenth_mrc_ws/install/local_setup.zsh'
[25.144s] INFO:colcon.colcon_core.shell:Creating prefix chain script '/home/f1tenth/f1tenth_mrc_ws/install/setup.zsh'
