[0.000000] (-) TimerEvent: {}
[0.001807] (camera_pkg) JobQueued: {'identifier': 'camera_pkg', 'dependencies': OrderedDict()}
[0.001975] (f1tenth_gym_ros) JobQueued: {'identifier': 'f1tenth_gym_ros', 'dependencies': OrderedDict()}
[0.002530] (gap_follow) JobQueued: {'identifier': 'gap_follow', 'dependencies': OrderedDict()}
[0.002657] (particle_filter) JobQueued: {'identifier': 'particle_filter', 'dependencies': OrderedDict()}
[0.003276] (ppo_racing) JobQueued: {'identifier': 'ppo_racing', 'dependencies': OrderedDict()}
[0.003374] (pure_pursuit) JobQueued: {'identifier': 'pure_pursuit', 'dependencies': OrderedDict()}
[0.003457] (realsense2_camera_msgs) JobQueued: {'identifier': 'realsense2_camera_msgs', 'dependencies': OrderedDict()}
[0.003541] (rrt_package) JobQueued: {'identifier': 'rrt_package', 'dependencies': OrderedDict()}
[0.003620] (safety_node) JobQueued: {'identifier': 'safety_node', 'dependencies': OrderedDict()}
[0.003730] (wall_follow) JobQueued: {'identifier': 'wall_follow', 'dependencies': OrderedDict()}
[0.003839] (waypoint_logger) JobQueued: {'identifier': 'waypoint_logger', 'dependencies': OrderedDict()}
[0.003944] (realsense2_camera) JobQueued: {'identifier': 'realsense2_camera', 'dependencies': OrderedDict([('realsense2_camera_msgs', '/home/f1tenth/f1tenth_mrc_ws/install/realsense2_camera_msgs')])}
[0.004038] (realsense2_description) JobQueued: {'identifier': 'realsense2_description', 'dependencies': OrderedDict([('realsense2_camera_msgs', '/home/f1tenth/f1tenth_mrc_ws/install/realsense2_camera_msgs')])}
[0.004125] (realsense2_camera_msgs) JobStarted: {'identifier': 'realsense2_camera_msgs'}
[0.033287] (camera_pkg) JobStarted: {'identifier': 'camera_pkg'}
[0.069907] (f1tenth_gym_ros) JobStarted: {'identifier': 'f1tenth_gym_ros'}
[0.101290] (-) TimerEvent: {}
[0.115455] (gap_follow) JobStarted: {'identifier': 'gap_follow'}
[0.153576] (realsense2_camera_msgs) JobProgress: {'identifier': 'realsense2_camera_msgs', 'progress': 'cmake'}
[0.156900] (realsense2_camera_msgs) JobProgress: {'identifier': 'realsense2_camera_msgs', 'progress': 'build'}
[0.160732] (realsense2_camera_msgs) Command: {'cmd': ['/usr/bin/cmake', '--build', '/home/f1tenth/f1tenth_mrc_ws/build/realsense2_camera_msgs', '--', '-j4', '-l4'], 'cwd': '/home/f1tenth/f1tenth_mrc_ws/build/realsense2_camera_msgs', 'env': OrderedDict([('GJS_DEBUG_TOPICS', 'JS ERROR;JS LOG'), ('LESSOPEN', '| /usr/bin/lesspipe %s'), ('USER', 'f1tenth'), ('LC_TIME', 'bs_BA.UTF-8'), ('SSH_AGENT_PID', '2722'), ('XDG_SESSION_TYPE', 'x11'), ('SHLVL', '1'), ('LD_LIBRARY_PATH', '/opt/ros/foxy/opt/yaml_cpp_vendor/lib:/opt/ros/foxy/opt/rviz_ogre_vendor/lib:/opt/ros/foxy/lib/aarch64-linux-gnu:/opt/ros/foxy/lib'), ('HOME', '/home/f1tenth'), ('OLDPWD', '/home/f1tenth/f1tenth_mrc_ws/src'), ('DESKTOP_SESSION', 'ubuntu'), ('JETSON_L4T', '35.1.0'), ('GIO_LAUNCHED_DESKTOP_FILE', '/usr/share/applications/terminator.desktop'), ('ROS_PYTHON_VERSION', '3'), ('GNOME_SHELL_SESSION_MODE', 'ubuntu'), ('GTK_MODULES', 'gail:atk-bridge'), ('JETSON_MODEL', 'NVIDIA Jetson Xavier NX Developer Kit'), ('LC_MONETARY', 'bs_BA.UTF-8'), ('MANAGERPID', '2456'), ('DBUS_SESSION_BUS_ADDRESS', 'unix:path=/run/user/1000/bus'), ('COLORTERM', 'truecolor'), ('TERMINATOR_DBUS_NAME', 'net.tenshu.Terminator21a9d5db22c73a993ff0b42f64b396873'), ('GIO_LAUNCHED_DESKTOP_FILE_PID', '3398'), ('_colcon_cd_root', '/opt/ros/foxy/'), ('IM_CONFIG_PHASE', '1'), ('ROS_DISTRO', 'foxy'), ('LOGNAME', 'f1tenth'), ('JETSON_MODULE', 'NVIDIA Jetson Xavier NX (Developer kit)'), ('JETSON_SERIAL_NUMBER', '1422420033521'), ('JOURNAL_STREAM', '7:52952'), ('_', '/usr/bin/colcon'), ('ROS_VERSION', '2'), ('JETSON_CODENAME', 'Jakku'), ('XDG_SESSION_CLASS', 'user'), ('USERNAME', 'f1tenth'), ('TERM', 'xterm-256color'), ('GNOME_DESKTOP_SESSION_ID', 'this-is-deprecated'), ('ROS_LOCALHOST_ONLY', '0'), ('WINDOWPATH', '2'), ('PATH', '/opt/ros/foxy/bin:/home/f1tenth/.local/bin:/usr/local/sbin:/usr/local/bin:/usr/sbin:/usr/bin:/sbin:/bin:/usr/games:/usr/local/games:/snap/bin'), ('SESSION_MANAGER', 'local/f1tenth-desktop:@/tmp/.ICE-unix/2757,unix/f1tenth-desktop:/tmp/.ICE-unix/2757'), ('INVOCATION_ID', 'bd1f5b7138a241e9935586b351aafc78'), ('XDG_MENU_PREFIX', 'gnome-'), ('LC_ADDRESS', 'bs_BA.UTF-8'), ('XDG_RUNTIME_DIR', '/run/user/1000'), ('DISPLAY', ':0'), ('TERMINATOR_DBUS_PATH', '/net/tenshu/Terminator2'), ('LANG', 'en_US.UTF-8'), ('XDG_CURRENT_DESKTOP', 'ubuntu:GNOME'), ('LC_TELEPHONE', 'bs_BA.UTF-8'), ('XMODIFIERS', '@im=ibus'), ('XDG_SESSION_DESKTOP', 'ubuntu'), ('XAUTHORITY', '/run/user/1000/gdm/Xauthority'), ('LS_COLORS', 'rs=0:di=01;34:ln=01;36:mh=00:pi=40;33:so=01;35:do=01;35:bd=40;33;01:cd=40;33;01:or=40;31;01:mi=00:su=37;41:sg=30;43:ca=30;41:tw=30;42:ow=34;42:st=37;44:ex=01;32:*.tar=01;31:*.tgz=01;31:*.arc=01;31:*.arj=01;31:*.taz=01;31:*.lha=01;31:*.lz4=01;31:*.lzh=01;31:*.lzma=01;31:*.tlz=01;31:*.txz=01;31:*.tzo=01;31:*.t7z=01;31:*.zip=01;31:*.z=01;31:*.dz=01;31:*.gz=01;31:*.lrz=01;31:*.lz=01;31:*.lzo=01;31:*.xz=01;31:*.zst=01;31:*.tzst=01;31:*.bz2=01;31:*.bz=01;31:*.tbz=01;31:*.tbz2=01;31:*.tz=01;31:*.deb=01;31:*.rpm=01;31:*.jar=01;31:*.war=01;31:*.ear=01;31:*.sar=01;31:*.rar=01;31:*.alz=01;31:*.ace=01;31:*.zoo=01;31:*.cpio=01;31:*.7z=01;31:*.rz=01;31:*.cab=01;31:*.wim=01;31:*.swm=01;31:*.dwm=01;31:*.esd=01;31:*.jpg=01;35:*.jpeg=01;35:*.mjpg=01;35:*.mjpeg=01;35:*.gif=01;35:*.bmp=01;35:*.pbm=01;35:*.pgm=01;35:*.ppm=01;35:*.tga=01;35:*.xbm=01;35:*.xpm=01;35:*.tif=01;35:*.tiff=01;35:*.png=01;35:*.svg=01;35:*.svgz=01;35:*.mng=01;35:*.pcx=01;35:*.mov=01;35:*.mpg=01;35:*.mpeg=01;35:*.m2v=01;35:*.mkv=01;35:*.webm=01;35:*.ogm=01;35:*.mp4=01;35:*.m4v=01;35:*.mp4v=01;35:*.vob=01;35:*.qt=01;35:*.nuv=01;35:*.wmv=01;35:*.asf=01;35:*.rm=01;35:*.rmvb=01;35:*.flc=01;35:*.avi=01;35:*.fli=01;35:*.flv=01;35:*.gl=01;35:*.dl=01;35:*.xcf=01;35:*.xwd=01;35:*.yuv=01;35:*.cgm=01;35:*.emf=01;35:*.ogv=01;35:*.ogx=01;35:*.aac=00;36:*.au=00;36:*.flac=00;36:*.m4a=00;36:*.mid=00;36:*.midi=00;36:*.mka=00;36:*.mp3=00;36:*.mpc=00;36:*.ogg=00;36:*.ra=00;36:*.wav=00;36:*.oga=00;36:*.opus=00;36:*.spx=00;36:*.xspf=00;36:'), ('JETSON_SOC', 'tegra194'), ('SSH_AUTH_SOCK', '/run/user/1000/keyring/ssh'), ('ROS_DOMAIN_ID', '6'), ('AMENT_PREFIX_PATH', '/opt/ros/foxy'), ('SHELL', '/bin/bash'), ('CMAKE_ARGS', '-DBUILD_WITH_OPENMP=OFF'), ('LC_NAME', 'bs_BA.UTF-8'), ('TERMINATOR_UUID', 'urn:uuid:0a99abc2-9966-4d5d-a08b-faa1cb518880'), ('QT_ACCESSIBILITY', '1'), ('GDMSESSION', 'ubuntu'), ('LESSCLOSE', '/usr/bin/lesspipe %s %s'), ('LC_MEASUREMENT', 'bs_BA.UTF-8'), ('GPG_AGENT_INFO', '/run/user/1000/gnupg/S.gpg-agent:0:1'), ('GJS_DEBUG_OUTPUT', 'stderr'), ('LC_IDENTIFICATION', 'bs_BA.UTF-8'), ('QT_IM_MODULE', 'ibus'), ('JETSON_CUDA_ARCH_BIN', '7.2'), ('PWD', '/home/f1tenth/f1tenth_mrc_ws/build/realsense2_camera_msgs'), ('LC_ALL', 'en_US.UTF-8'), ('XDG_CONFIG_DIRS', '/etc/xdg/xdg-ubuntu:/etc/xdg'), ('XDG_DATA_DIRS', '/usr/share/ubuntu:/usr/local/share/:/usr/share/:/var/lib/snapd/desktop'), ('PYTHONPATH', '/opt/ros/foxy/lib/python3.8/site-packages'), ('LC_NUMERIC', 'bs_BA.UTF-8'), ('LC_PAPER', 'bs_BA.UTF-8'), ('COLCON', '1'), ('VTE_VERSION', '6003'), ('JETSON_JETPACK', '5.0.2 GA'), ('JETSON_P_NUMBER', 'p3668-0000'), ('CMAKE_PREFIX_PATH', '/opt/ros/foxy')]), 'shell': False}
[0.201622] (-) TimerEvent: {}
[0.305059] (-) TimerEvent: {}
[0.406040] (-) TimerEvent: {}
[0.507269] (-) TimerEvent: {}
[0.608189] (-) TimerEvent: {}
[0.709010] (-) TimerEvent: {}
[0.811005] (-) TimerEvent: {}
[0.911972] (-) TimerEvent: {}
[1.012873] (-) TimerEvent: {}
[1.113804] (-) TimerEvent: {}
[1.214779] (-) TimerEvent: {}
[1.315607] (-) TimerEvent: {}
[1.423073] (-) TimerEvent: {}
[1.524458] (-) TimerEvent: {}
[1.627195] (-) TimerEvent: {}
[1.728275] (-) TimerEvent: {}
[1.829351] (-) TimerEvent: {}
[1.930190] (-) TimerEvent: {}
[2.031645] (-) TimerEvent: {}
[2.132618] (-) TimerEvent: {}
[2.233602] (-) TimerEvent: {}
[2.334636] (-) TimerEvent: {}
[2.435562] (-) TimerEvent: {}
[2.535285] (realsense2_camera_msgs) StdoutLine: {'line': b'[  1%] Built target realsense2_camera_msgs__cpp\n'}
[2.538355] (-) TimerEvent: {}
[2.539858] (realsense2_camera_msgs) StdoutLine: {'line': b'[ 12%] Built target realsense2_camera_msgs__rosidl_generator_c\n'}
[2.541542] (realsense2_camera_msgs) StdoutLine: {'line': b'[ 24%] Built target realsense2_camera_msgs__rosidl_typesupport_introspection_cpp\n'}
[2.541946] (realsense2_camera_msgs) StdoutLine: {'line': b'[ 35%] Built target realsense2_camera_msgs__rosidl_typesupport_cpp\n'}
[2.542246] (realsense2_camera_msgs) StdoutLine: {'line': b'[ 47%] Built target realsense2_camera_msgs__rosidl_typesupport_fastrtps_cpp\n'}
[2.542494] (realsense2_camera_msgs) StdoutLine: {'line': b'[ 58%] Built target realsense2_camera_msgs__rosidl_typesupport_introspection_c\n'}
[2.542829] (realsense2_camera_msgs) StdoutLine: {'line': b'[ 70%] Built target realsense2_camera_msgs__rosidl_typesupport_c\n'}
[2.543566] (realsense2_camera_msgs) StdoutLine: {'line': b'[ 81%] Built target realsense2_camera_msgs__rosidl_typesupport_fastrtps_c\n'}
[2.546081] (realsense2_camera_msgs) StdoutLine: {'line': b'[ 81%] Built target realsense2_camera_msgs\n'}
[2.546533] (realsense2_camera_msgs) StdoutLine: {'line': b'[ 82%] Built target realsense2_camera_msgs__py\n'}
[2.546993] (realsense2_camera_msgs) StdoutLine: {'line': b'[ 93%] Built target realsense2_camera_msgs__python\n'}
[2.547361] (realsense2_camera_msgs) StdoutLine: {'line': b'[ 95%] Built target realsense2_camera_msgs__rosidl_typesupport_introspection_c__pyext\n'}
[2.548521] (realsense2_camera_msgs) StdoutLine: {'line': b'[ 97%] Built target realsense2_camera_msgs__rosidl_typesupport_c__pyext\n'}
[2.554084] (realsense2_camera_msgs) StdoutLine: {'line': b'[100%] Built target realsense2_camera_msgs__rosidl_typesupport_fastrtps_c__pyext\n'}
[2.555712] (realsense2_camera_msgs) CommandEnded: {'returncode': 0}
[2.558334] (realsense2_camera_msgs) JobProgress: {'identifier': 'realsense2_camera_msgs', 'progress': 'install'}
[2.594290] (realsense2_camera_msgs) Command: {'cmd': ['/usr/bin/cmake', '--install', '/home/f1tenth/f1tenth_mrc_ws/build/realsense2_camera_msgs'], 'cwd': '/home/f1tenth/f1tenth_mrc_ws/build/realsense2_camera_msgs', 'env': OrderedDict([('GJS_DEBUG_TOPICS', 'JS ERROR;JS LOG'), ('LESSOPEN', '| /usr/bin/lesspipe %s'), ('USER', 'f1tenth'), ('LC_TIME', 'bs_BA.UTF-8'), ('SSH_AGENT_PID', '2722'), ('XDG_SESSION_TYPE', 'x11'), ('SHLVL', '1'), ('LD_LIBRARY_PATH', '/opt/ros/foxy/opt/yaml_cpp_vendor/lib:/opt/ros/foxy/opt/rviz_ogre_vendor/lib:/opt/ros/foxy/lib/aarch64-linux-gnu:/opt/ros/foxy/lib'), ('HOME', '/home/f1tenth'), ('OLDPWD', '/home/f1tenth/f1tenth_mrc_ws/src'), ('DESKTOP_SESSION', 'ubuntu'), ('JETSON_L4T', '35.1.0'), ('GIO_LAUNCHED_DESKTOP_FILE', '/usr/share/applications/terminator.desktop'), ('ROS_PYTHON_VERSION', '3'), ('GNOME_SHELL_SESSION_MODE', 'ubuntu'), ('GTK_MODULES', 'gail:atk-bridge'), ('JETSON_MODEL', 'NVIDIA Jetson Xavier NX Developer Kit'), ('LC_MONETARY', 'bs_BA.UTF-8'), ('MANAGERPID', '2456'), ('DBUS_SESSION_BUS_ADDRESS', 'unix:path=/run/user/1000/bus'), ('COLORTERM', 'truecolor'), ('TERMINATOR_DBUS_NAME', 'net.tenshu.Terminator21a9d5db22c73a993ff0b42f64b396873'), ('GIO_LAUNCHED_DESKTOP_FILE_PID', '3398'), ('_colcon_cd_root', '/opt/ros/foxy/'), ('IM_CONFIG_PHASE', '1'), ('ROS_DISTRO', 'foxy'), ('LOGNAME', 'f1tenth'), ('JETSON_MODULE', 'NVIDIA Jetson Xavier NX (Developer kit)'), ('JETSON_SERIAL_NUMBER', '1422420033521'), ('JOURNAL_STREAM', '7:52952'), ('_', '/usr/bin/colcon'), ('ROS_VERSION', '2'), ('JETSON_CODENAME', 'Jakku'), ('XDG_SESSION_CLASS', 'user'), ('USERNAME', 'f1tenth'), ('TERM', 'xterm-256color'), ('GNOME_DESKTOP_SESSION_ID', 'this-is-deprecated'), ('ROS_LOCALHOST_ONLY', '0'), ('WINDOWPATH', '2'), ('PATH', '/opt/ros/foxy/bin:/home/f1tenth/.local/bin:/usr/local/sbin:/usr/local/bin:/usr/sbin:/usr/bin:/sbin:/bin:/usr/games:/usr/local/games:/snap/bin'), ('SESSION_MANAGER', 'local/f1tenth-desktop:@/tmp/.ICE-unix/2757,unix/f1tenth-desktop:/tmp/.ICE-unix/2757'), ('INVOCATION_ID', 'bd1f5b7138a241e9935586b351aafc78'), ('XDG_MENU_PREFIX', 'gnome-'), ('LC_ADDRESS', 'bs_BA.UTF-8'), ('XDG_RUNTIME_DIR', '/run/user/1000'), ('DISPLAY', ':0'), ('TERMINATOR_DBUS_PATH', '/net/tenshu/Terminator2'), ('LANG', 'en_US.UTF-8'), ('XDG_CURRENT_DESKTOP', 'ubuntu:GNOME'), ('LC_TELEPHONE', 'bs_BA.UTF-8'), ('XMODIFIERS', '@im=ibus'), ('XDG_SESSION_DESKTOP', 'ubuntu'), ('XAUTHORITY', '/run/user/1000/gdm/Xauthority'), ('LS_COLORS', 'rs=0:di=01;34:ln=01;36:mh=00:pi=40;33:so=01;35:do=01;35:bd=40;33;01:cd=40;33;01:or=40;31;01:mi=00:su=37;41:sg=30;43:ca=30;41:tw=30;42:ow=34;42:st=37;44:ex=01;32:*.tar=01;31:*.tgz=01;31:*.arc=01;31:*.arj=01;31:*.taz=01;31:*.lha=01;31:*.lz4=01;31:*.lzh=01;31:*.lzma=01;31:*.tlz=01;31:*.txz=01;31:*.tzo=01;31:*.t7z=01;31:*.zip=01;31:*.z=01;31:*.dz=01;31:*.gz=01;31:*.lrz=01;31:*.lz=01;31:*.lzo=01;31:*.xz=01;31:*.zst=01;31:*.tzst=01;31:*.bz2=01;31:*.bz=01;31:*.tbz=01;31:*.tbz2=01;31:*.tz=01;31:*.deb=01;31:*.rpm=01;31:*.jar=01;31:*.war=01;31:*.ear=01;31:*.sar=01;31:*.rar=01;31:*.alz=01;31:*.ace=01;31:*.zoo=01;31:*.cpio=01;31:*.7z=01;31:*.rz=01;31:*.cab=01;31:*.wim=01;31:*.swm=01;31:*.dwm=01;31:*.esd=01;31:*.jpg=01;35:*.jpeg=01;35:*.mjpg=01;35:*.mjpeg=01;35:*.gif=01;35:*.bmp=01;35:*.pbm=01;35:*.pgm=01;35:*.ppm=01;35:*.tga=01;35:*.xbm=01;35:*.xpm=01;35:*.tif=01;35:*.tiff=01;35:*.png=01;35:*.svg=01;35:*.svgz=01;35:*.mng=01;35:*.pcx=01;35:*.mov=01;35:*.mpg=01;35:*.mpeg=01;35:*.m2v=01;35:*.mkv=01;35:*.webm=01;35:*.ogm=01;35:*.mp4=01;35:*.m4v=01;35:*.mp4v=01;35:*.vob=01;35:*.qt=01;35:*.nuv=01;35:*.wmv=01;35:*.asf=01;35:*.rm=01;35:*.rmvb=01;35:*.flc=01;35:*.avi=01;35:*.fli=01;35:*.flv=01;35:*.gl=01;35:*.dl=01;35:*.xcf=01;35:*.xwd=01;35:*.yuv=01;35:*.cgm=01;35:*.emf=01;35:*.ogv=01;35:*.ogx=01;35:*.aac=00;36:*.au=00;36:*.flac=00;36:*.m4a=00;36:*.mid=00;36:*.midi=00;36:*.mka=00;36:*.mp3=00;36:*.mpc=00;36:*.ogg=00;36:*.ra=00;36:*.wav=00;36:*.oga=00;36:*.opus=00;36:*.spx=00;36:*.xspf=00;36:'), ('JETSON_SOC', 'tegra194'), ('SSH_AUTH_SOCK', '/run/user/1000/keyring/ssh'), ('ROS_DOMAIN_ID', '6'), ('AMENT_PREFIX_PATH', '/opt/ros/foxy'), ('SHELL', '/bin/bash'), ('CMAKE_ARGS', '-DBUILD_WITH_OPENMP=OFF'), ('LC_NAME', 'bs_BA.UTF-8'), ('TERMINATOR_UUID', 'urn:uuid:0a99abc2-9966-4d5d-a08b-faa1cb518880'), ('QT_ACCESSIBILITY', '1'), ('GDMSESSION', 'ubuntu'), ('LESSCLOSE', '/usr/bin/lesspipe %s %s'), ('LC_MEASUREMENT', 'bs_BA.UTF-8'), ('GPG_AGENT_INFO', '/run/user/1000/gnupg/S.gpg-agent:0:1'), ('GJS_DEBUG_OUTPUT', 'stderr'), ('LC_IDENTIFICATION', 'bs_BA.UTF-8'), ('QT_IM_MODULE', 'ibus'), ('JETSON_CUDA_ARCH_BIN', '7.2'), ('PWD', '/home/f1tenth/f1tenth_mrc_ws/build/realsense2_camera_msgs'), ('LC_ALL', 'en_US.UTF-8'), ('XDG_CONFIG_DIRS', '/etc/xdg/xdg-ubuntu:/etc/xdg'), ('XDG_DATA_DIRS', '/usr/share/ubuntu:/usr/local/share/:/usr/share/:/var/lib/snapd/desktop'), ('PYTHONPATH', '/opt/ros/foxy/lib/python3.8/site-packages'), ('LC_NUMERIC', 'bs_BA.UTF-8'), ('LC_PAPER', 'bs_BA.UTF-8'), ('COLCON', '1'), ('VTE_VERSION', '6003'), ('JETSON_JETPACK', '5.0.2 GA'), ('JETSON_P_NUMBER', 'p3668-0000'), ('CMAKE_PREFIX_PATH', '/opt/ros/foxy')]), 'shell': False}
[2.614224] (gap_follow) JobProgress: {'identifier': 'gap_follow', 'progress': 'cmake'}
[2.617376] (gap_follow) JobProgress: {'identifier': 'gap_follow', 'progress': 'build'}
[2.618583] (gap_follow) Command: {'cmd': ['/usr/bin/cmake', '--build', '/home/f1tenth/f1tenth_mrc_ws/build/gap_follow', '--', '-j4', '-l4'], 'cwd': '/home/f1tenth/f1tenth_mrc_ws/build/gap_follow', 'env': OrderedDict([('GJS_DEBUG_TOPICS', 'JS ERROR;JS LOG'), ('LESSOPEN', '| /usr/bin/lesspipe %s'), ('USER', 'f1tenth'), ('LC_TIME', 'bs_BA.UTF-8'), ('SSH_AGENT_PID', '2722'), ('XDG_SESSION_TYPE', 'x11'), ('SHLVL', '1'), ('LD_LIBRARY_PATH', '/opt/ros/foxy/opt/yaml_cpp_vendor/lib:/opt/ros/foxy/opt/rviz_ogre_vendor/lib:/opt/ros/foxy/lib/aarch64-linux-gnu:/opt/ros/foxy/lib'), ('HOME', '/home/f1tenth'), ('OLDPWD', '/home/f1tenth/f1tenth_mrc_ws/src'), ('DESKTOP_SESSION', 'ubuntu'), ('JETSON_L4T', '35.1.0'), ('GIO_LAUNCHED_DESKTOP_FILE', '/usr/share/applications/terminator.desktop'), ('ROS_PYTHON_VERSION', '3'), ('GNOME_SHELL_SESSION_MODE', 'ubuntu'), ('GTK_MODULES', 'gail:atk-bridge'), ('JETSON_MODEL', 'NVIDIA Jetson Xavier NX Developer Kit'), ('LC_MONETARY', 'bs_BA.UTF-8'), ('MANAGERPID', '2456'), ('DBUS_SESSION_BUS_ADDRESS', 'unix:path=/run/user/1000/bus'), ('COLORTERM', 'truecolor'), ('TERMINATOR_DBUS_NAME', 'net.tenshu.Terminator21a9d5db22c73a993ff0b42f64b396873'), ('GIO_LAUNCHED_DESKTOP_FILE_PID', '3398'), ('_colcon_cd_root', '/opt/ros/foxy/'), ('IM_CONFIG_PHASE', '1'), ('ROS_DISTRO', 'foxy'), ('LOGNAME', 'f1tenth'), ('JETSON_MODULE', 'NVIDIA Jetson Xavier NX (Developer kit)'), ('JETSON_SERIAL_NUMBER', '1422420033521'), ('JOURNAL_STREAM', '7:52952'), ('_', '/usr/bin/colcon'), ('ROS_VERSION', '2'), ('JETSON_CODENAME', 'Jakku'), ('XDG_SESSION_CLASS', 'user'), ('USERNAME', 'f1tenth'), ('TERM', 'xterm-256color'), ('GNOME_DESKTOP_SESSION_ID', 'this-is-deprecated'), ('ROS_LOCALHOST_ONLY', '0'), ('WINDOWPATH', '2'), ('PATH', '/opt/ros/foxy/bin:/home/f1tenth/.local/bin:/usr/local/sbin:/usr/local/bin:/usr/sbin:/usr/bin:/sbin:/bin:/usr/games:/usr/local/games:/snap/bin'), ('SESSION_MANAGER', 'local/f1tenth-desktop:@/tmp/.ICE-unix/2757,unix/f1tenth-desktop:/tmp/.ICE-unix/2757'), ('INVOCATION_ID', 'bd1f5b7138a241e9935586b351aafc78'), ('XDG_MENU_PREFIX', 'gnome-'), ('LC_ADDRESS', 'bs_BA.UTF-8'), ('XDG_RUNTIME_DIR', '/run/user/1000'), ('DISPLAY', ':0'), ('TERMINATOR_DBUS_PATH', '/net/tenshu/Terminator2'), ('LANG', 'en_US.UTF-8'), ('XDG_CURRENT_DESKTOP', 'ubuntu:GNOME'), ('LC_TELEPHONE', 'bs_BA.UTF-8'), ('XMODIFIERS', '@im=ibus'), ('XDG_SESSION_DESKTOP', 'ubuntu'), ('XAUTHORITY', '/run/user/1000/gdm/Xauthority'), ('LS_COLORS', 'rs=0:di=01;34:ln=01;36:mh=00:pi=40;33:so=01;35:do=01;35:bd=40;33;01:cd=40;33;01:or=40;31;01:mi=00:su=37;41:sg=30;43:ca=30;41:tw=30;42:ow=34;42:st=37;44:ex=01;32:*.tar=01;31:*.tgz=01;31:*.arc=01;31:*.arj=01;31:*.taz=01;31:*.lha=01;31:*.lz4=01;31:*.lzh=01;31:*.lzma=01;31:*.tlz=01;31:*.txz=01;31:*.tzo=01;31:*.t7z=01;31:*.zip=01;31:*.z=01;31:*.dz=01;31:*.gz=01;31:*.lrz=01;31:*.lz=01;31:*.lzo=01;31:*.xz=01;31:*.zst=01;31:*.tzst=01;31:*.bz2=01;31:*.bz=01;31:*.tbz=01;31:*.tbz2=01;31:*.tz=01;31:*.deb=01;31:*.rpm=01;31:*.jar=01;31:*.war=01;31:*.ear=01;31:*.sar=01;31:*.rar=01;31:*.alz=01;31:*.ace=01;31:*.zoo=01;31:*.cpio=01;31:*.7z=01;31:*.rz=01;31:*.cab=01;31:*.wim=01;31:*.swm=01;31:*.dwm=01;31:*.esd=01;31:*.jpg=01;35:*.jpeg=01;35:*.mjpg=01;35:*.mjpeg=01;35:*.gif=01;35:*.bmp=01;35:*.pbm=01;35:*.pgm=01;35:*.ppm=01;35:*.tga=01;35:*.xbm=01;35:*.xpm=01;35:*.tif=01;35:*.tiff=01;35:*.png=01;35:*.svg=01;35:*.svgz=01;35:*.mng=01;35:*.pcx=01;35:*.mov=01;35:*.mpg=01;35:*.mpeg=01;35:*.m2v=01;35:*.mkv=01;35:*.webm=01;35:*.ogm=01;35:*.mp4=01;35:*.m4v=01;35:*.mp4v=01;35:*.vob=01;35:*.qt=01;35:*.nuv=01;35:*.wmv=01;35:*.asf=01;35:*.rm=01;35:*.rmvb=01;35:*.flc=01;35:*.avi=01;35:*.fli=01;35:*.flv=01;35:*.gl=01;35:*.dl=01;35:*.xcf=01;35:*.xwd=01;35:*.yuv=01;35:*.cgm=01;35:*.emf=01;35:*.ogv=01;35:*.ogx=01;35:*.aac=00;36:*.au=00;36:*.flac=00;36:*.m4a=00;36:*.mid=00;36:*.midi=00;36:*.mka=00;36:*.mp3=00;36:*.mpc=00;36:*.ogg=00;36:*.ra=00;36:*.wav=00;36:*.oga=00;36:*.opus=00;36:*.spx=00;36:*.xspf=00;36:'), ('JETSON_SOC', 'tegra194'), ('SSH_AUTH_SOCK', '/run/user/1000/keyring/ssh'), ('ROS_DOMAIN_ID', '6'), ('AMENT_PREFIX_PATH', '/opt/ros/foxy'), ('SHELL', '/bin/bash'), ('CMAKE_ARGS', '-DBUILD_WITH_OPENMP=OFF'), ('LC_NAME', 'bs_BA.UTF-8'), ('TERMINATOR_UUID', 'urn:uuid:0a99abc2-9966-4d5d-a08b-faa1cb518880'), ('QT_ACCESSIBILITY', '1'), ('GDMSESSION', 'ubuntu'), ('LESSCLOSE', '/usr/bin/lesspipe %s %s'), ('LC_MEASUREMENT', 'bs_BA.UTF-8'), ('GPG_AGENT_INFO', '/run/user/1000/gnupg/S.gpg-agent:0:1'), ('GJS_DEBUG_OUTPUT', 'stderr'), ('LC_IDENTIFICATION', 'bs_BA.UTF-8'), ('QT_IM_MODULE', 'ibus'), ('JETSON_CUDA_ARCH_BIN', '7.2'), ('PWD', '/home/f1tenth/f1tenth_mrc_ws/build/gap_follow'), ('LC_ALL', 'en_US.UTF-8'), ('XDG_CONFIG_DIRS', '/etc/xdg/xdg-ubuntu:/etc/xdg'), ('XDG_DATA_DIRS', '/usr/share/ubuntu:/usr/local/share/:/usr/share/:/var/lib/snapd/desktop'), ('PYTHONPATH', '/opt/ros/foxy/lib/python3.8/site-packages'), ('LC_NUMERIC', 'bs_BA.UTF-8'), ('LC_PAPER', 'bs_BA.UTF-8'), ('COLCON', '1'), ('VTE_VERSION', '6003'), ('JETSON_JETPACK', '5.0.2 GA'), ('JETSON_P_NUMBER', 'p3668-0000'), ('CMAKE_PREFIX_PATH', '/opt/ros/foxy')]), 'shell': False}
[2.639170] (-) TimerEvent: {}
[2.646189] (realsense2_camera_msgs) StdoutLine: {'line': b'-- Install configuration: ""\n'}
[2.647678] (realsense2_camera_msgs) StdoutLine: {'line': b'-- Up-to-date: /home/f1tenth/f1tenth_mrc_ws/install/realsense2_camera_msgs/share/ament_index/resource_index/rosidl_interfaces/realsense2_camera_msgs\n'}
[2.649456] (realsense2_camera_msgs) StdoutLine: {'line': b'-- Up-to-date: /home/f1tenth/f1tenth_mrc_ws/install/realsense2_camera_msgs/include/realsense2_camera_msgs\n'}
[2.651176] (realsense2_camera_msgs) StdoutLine: {'line': b'-- Up-to-date: /home/f1tenth/f1tenth_mrc_ws/install/realsense2_camera_msgs/include/realsense2_camera_msgs/msg\n'}
[2.651599] (realsense2_camera_msgs) StdoutLine: {'line': b'-- Up-to-date: /home/f1tenth/f1tenth_mrc_ws/install/realsense2_camera_msgs/include/realsense2_camera_msgs/msg/rosidl_generator_c__visibility_control.h\n'}
[2.651903] (realsense2_camera_msgs) StdoutLine: {'line': b'-- Up-to-date: /home/f1tenth/f1tenth_mrc_ws/install/realsense2_camera_msgs/include/realsense2_camera_msgs/msg/rgbd.h\n'}
[2.652708] (realsense2_camera_msgs) StdoutLine: {'line': b'-- Up-to-date: /home/f1tenth/f1tenth_mrc_ws/install/realsense2_camera_msgs/include/realsense2_camera_msgs/msg/imu_info.h\n'}
[2.653097] (realsense2_camera_msgs) StdoutLine: {'line': b'-- Up-to-date: /home/f1tenth/f1tenth_mrc_ws/install/realsense2_camera_msgs/include/realsense2_camera_msgs/msg/metadata.h\n'}
[2.653452] (realsense2_camera_msgs) StdoutLine: {'line': b'-- Up-to-date: /home/f1tenth/f1tenth_mrc_ws/install/realsense2_camera_msgs/include/realsense2_camera_msgs/msg/detail\n'}
[2.653792] (realsense2_camera_msgs) StdoutLine: {'line': b'-- Up-to-date: /home/f1tenth/f1tenth_mrc_ws/install/realsense2_camera_msgs/include/realsense2_camera_msgs/msg/detail/extrinsics__functions.h\n'}
[2.654081] (realsense2_camera_msgs) StdoutLine: {'line': b'-- Up-to-date: /home/f1tenth/f1tenth_mrc_ws/install/realsense2_camera_msgs/include/realsense2_camera_msgs/msg/detail/metadata__struct.h\n'}
[2.654396] (realsense2_camera_msgs) StdoutLine: {'line': b'-- Up-to-date: /home/f1tenth/f1tenth_mrc_ws/install/realsense2_camera_msgs/include/realsense2_camera_msgs/msg/detail/imu_info__functions.c\n'}
[2.654740] (realsense2_camera_msgs) StdoutLine: {'line': b'-- Up-to-date: /home/f1tenth/f1tenth_mrc_ws/install/realsense2_camera_msgs/include/realsense2_camera_msgs/msg/detail/rgbd__type_support.h\n'}
[2.655040] (realsense2_camera_msgs) StdoutLine: {'line': b'-- Up-to-date: /home/f1tenth/f1tenth_mrc_ws/install/realsense2_camera_msgs/include/realsense2_camera_msgs/msg/detail/extrinsics__functions.c\n'}
[2.655364] (realsense2_camera_msgs) StdoutLine: {'line': b'-- Up-to-date: /home/f1tenth/f1tenth_mrc_ws/install/realsense2_camera_msgs/include/realsense2_camera_msgs/msg/detail/imu_info__struct.h\n'}
[2.655689] (realsense2_camera_msgs) StdoutLine: {'line': b'-- Up-to-date: /home/f1tenth/f1tenth_mrc_ws/install/realsense2_camera_msgs/include/realsense2_camera_msgs/msg/detail/metadata__functions.h\n'}
[2.656003] (realsense2_camera_msgs) StdoutLine: {'line': b'-- Up-to-date: /home/f1tenth/f1tenth_mrc_ws/install/realsense2_camera_msgs/include/realsense2_camera_msgs/msg/detail/rgbd__functions.h\n'}
[2.656984] (realsense2_camera_msgs) StdoutLine: {'line': b'-- Up-to-date: /home/f1tenth/f1tenth_mrc_ws/install/realsense2_camera_msgs/include/realsense2_camera_msgs/msg/detail/metadata__functions.c\n'}
[2.657536] (realsense2_camera_msgs) StdoutLine: {'line': b'-- Up-to-date: /home/f1tenth/f1tenth_mrc_ws/install/realsense2_camera_msgs/include/realsense2_camera_msgs/msg/detail/extrinsics__type_support.h\n'}
[2.660321] (realsense2_camera_msgs) StdoutLine: {'line': b'-- Up-to-date: /home/f1tenth/f1tenth_mrc_ws/install/realsense2_camera_msgs/include/realsense2_camera_msgs/msg/detail/rgbd__struct.h\n'}
[2.661149] (realsense2_camera_msgs) StdoutLine: {'line': b'-- Up-to-date: /home/f1tenth/f1tenth_mrc_ws/install/realsense2_camera_msgs/include/realsense2_camera_msgs/msg/detail/metadata__type_support.h\n'}
[2.662071] (realsense2_camera_msgs) StdoutLine: {'line': b'-- Up-to-date: /home/f1tenth/f1tenth_mrc_ws/install/realsense2_camera_msgs/include/realsense2_camera_msgs/msg/detail/extrinsics__struct.h\n'}
[2.662466] (realsense2_camera_msgs) StdoutLine: {'line': b'-- Up-to-date: /home/f1tenth/f1tenth_mrc_ws/install/realsense2_camera_msgs/include/realsense2_camera_msgs/msg/detail/imu_info__type_support.h\n'}
[2.671333] (realsense2_camera_msgs) StdoutLine: {'line': b'-- Up-to-date: /home/f1tenth/f1tenth_mrc_ws/install/realsense2_camera_msgs/include/realsense2_camera_msgs/msg/detail/imu_info__functions.h\n'}
[2.672105] (realsense2_camera_msgs) StdoutLine: {'line': b'-- Up-to-date: /home/f1tenth/f1tenth_mrc_ws/install/realsense2_camera_msgs/include/realsense2_camera_msgs/msg/detail/rgbd__functions.c\n'}
[2.672517] (realsense2_camera_msgs) StdoutLine: {'line': b'-- Up-to-date: /home/f1tenth/f1tenth_mrc_ws/install/realsense2_camera_msgs/include/realsense2_camera_msgs/msg/extrinsics.h\n'}
[2.672807] (realsense2_camera_msgs) StdoutLine: {'line': b'-- Up-to-date: /home/f1tenth/f1tenth_mrc_ws/install/realsense2_camera_msgs/include/realsense2_camera_msgs/action\n'}
[2.673388] (realsense2_camera_msgs) StdoutLine: {'line': b'-- Up-to-date: /home/f1tenth/f1tenth_mrc_ws/install/realsense2_camera_msgs/include/realsense2_camera_msgs/action/triggered_calibration.h\n'}
[2.673764] (realsense2_camera_msgs) StdoutLine: {'line': b'-- Up-to-date: /home/f1tenth/f1tenth_mrc_ws/install/realsense2_camera_msgs/include/realsense2_camera_msgs/action/detail\n'}
[2.674821] (realsense2_camera_msgs) StdoutLine: {'line': b'-- Up-to-date: /home/f1tenth/f1tenth_mrc_ws/install/realsense2_camera_msgs/include/realsense2_camera_msgs/action/detail/triggered_calibration__functions.h\n'}
[2.675246] (realsense2_camera_msgs) StdoutLine: {'line': b'-- Up-to-date: /home/f1tenth/f1tenth_mrc_ws/install/realsense2_camera_msgs/include/realsense2_camera_msgs/action/detail/triggered_calibration__struct.h\n'}
[2.675587] (realsense2_camera_msgs) StdoutLine: {'line': b'-- Up-to-date: /home/f1tenth/f1tenth_mrc_ws/install/realsense2_camera_msgs/include/realsense2_camera_msgs/action/detail/triggered_calibration__type_support.h\n'}
[2.675930] (realsense2_camera_msgs) StdoutLine: {'line': b'-- Up-to-date: /home/f1tenth/f1tenth_mrc_ws/install/realsense2_camera_msgs/include/realsense2_camera_msgs/action/detail/triggered_calibration__functions.c\n'}
[2.676225] (realsense2_camera_msgs) StdoutLine: {'line': b'-- Up-to-date: /home/f1tenth/f1tenth_mrc_ws/install/realsense2_camera_msgs/include/realsense2_camera_msgs/srv\n'}
[2.676535] (realsense2_camera_msgs) StdoutLine: {'line': b'-- Up-to-date: /home/f1tenth/f1tenth_mrc_ws/install/realsense2_camera_msgs/include/realsense2_camera_msgs/srv/device_info.h\n'}
[2.676864] (realsense2_camera_msgs) StdoutLine: {'line': b'-- Up-to-date: /home/f1tenth/f1tenth_mrc_ws/install/realsense2_camera_msgs/include/realsense2_camera_msgs/srv/calib_config_read.h\n'}
[2.677439] (realsense2_camera_msgs) StdoutLine: {'line': b'-- Up-to-date: /home/f1tenth/f1tenth_mrc_ws/install/realsense2_camera_msgs/include/realsense2_camera_msgs/srv/detail\n'}
[2.677793] (realsense2_camera_msgs) StdoutLine: {'line': b'-- Up-to-date: /home/f1tenth/f1tenth_mrc_ws/install/realsense2_camera_msgs/include/realsense2_camera_msgs/srv/detail/device_info__struct.h\n'}
[2.678131] (realsense2_camera_msgs) StdoutLine: {'line': b'-- Up-to-date: /home/f1tenth/f1tenth_mrc_ws/install/realsense2_camera_msgs/include/realsense2_camera_msgs/srv/detail/calib_config_write__struct.h\n'}
[2.678441] (realsense2_camera_msgs) StdoutLine: {'line': b'-- Up-to-date: /home/f1tenth/f1tenth_mrc_ws/install/realsense2_camera_msgs/include/realsense2_camera_msgs/srv/detail/calib_config_read__type_support.h\n'}
[2.679512] (realsense2_camera_msgs) StdoutLine: {'line': b'-- Up-to-date: /home/f1tenth/f1tenth_mrc_ws/install/realsense2_camera_msgs/include/realsense2_camera_msgs/srv/detail/calib_config_write__functions.h\n'}
[2.693390] (realsense2_camera_msgs) StdoutLine: {'line': b'-- Up-to-date: /home/f1tenth/f1tenth_mrc_ws/install/realsense2_camera_msgs/include/realsense2_camera_msgs/srv/detail/device_info__functions.h\n'}
[2.694227] (realsense2_camera_msgs) StdoutLine: {'line': b'-- Up-to-date: /home/f1tenth/f1tenth_mrc_ws/install/realsense2_camera_msgs/include/realsense2_camera_msgs/srv/detail/calib_config_write__type_support.h\n'}
[2.694926] (realsense2_camera_msgs) StdoutLine: {'line': b'-- Up-to-date: /home/f1tenth/f1tenth_mrc_ws/install/realsense2_camera_msgs/include/realsense2_camera_msgs/srv/detail/calib_config_read__functions.h\n'}
[2.695268] (realsense2_camera_msgs) StdoutLine: {'line': b'-- Up-to-date: /home/f1tenth/f1tenth_mrc_ws/install/realsense2_camera_msgs/include/realsense2_camera_msgs/srv/detail/calib_config_read__struct.h\n'}
[2.695539] (realsense2_camera_msgs) StdoutLine: {'line': b'-- Up-to-date: /home/f1tenth/f1tenth_mrc_ws/install/realsense2_camera_msgs/include/realsense2_camera_msgs/srv/detail/device_info__type_support.h\n'}
[2.695862] (realsense2_camera_msgs) StdoutLine: {'line': b'-- Up-to-date: /home/f1tenth/f1tenth_mrc_ws/install/realsense2_camera_msgs/include/realsense2_camera_msgs/srv/detail/device_info__functions.c\n'}
[2.696134] (realsense2_camera_msgs) StdoutLine: {'line': b'-- Up-to-date: /home/f1tenth/f1tenth_mrc_ws/install/realsense2_camera_msgs/include/realsense2_camera_msgs/srv/detail/calib_config_read__functions.c\n'}
[2.696384] (realsense2_camera_msgs) StdoutLine: {'line': b'-- Up-to-date: /home/f1tenth/f1tenth_mrc_ws/install/realsense2_camera_msgs/include/realsense2_camera_msgs/srv/detail/calib_config_write__functions.c\n'}
[2.696767] (realsense2_camera_msgs) StdoutLine: {'line': b'-- Up-to-date: /home/f1tenth/f1tenth_mrc_ws/install/realsense2_camera_msgs/include/realsense2_camera_msgs/srv/calib_config_write.h\n'}
[2.697076] (realsense2_camera_msgs) StdoutLine: {'line': b'-- Up-to-date: /home/f1tenth/f1tenth_mrc_ws/install/realsense2_camera_msgs/share/realsense2_camera_msgs/environment/library_path.sh\n'}
[2.697357] (realsense2_camera_msgs) StdoutLine: {'line': b'-- Up-to-date: /home/f1tenth/f1tenth_mrc_ws/install/realsense2_camera_msgs/share/realsense2_camera_msgs/environment/library_path.dsv\n'}
[2.697632] (realsense2_camera_msgs) StdoutLine: {'line': b'-- Up-to-date: /home/f1tenth/f1tenth_mrc_ws/install/realsense2_camera_msgs/lib/librealsense2_camera_msgs__rosidl_generator_c.so\n'}
[2.697923] (realsense2_camera_msgs) StdoutLine: {'line': b'-- Up-to-date: /home/f1tenth/f1tenth_mrc_ws/install/realsense2_camera_msgs/include/realsense2_camera_msgs\n'}
[2.698203] (realsense2_camera_msgs) StdoutLine: {'line': b'-- Up-to-date: /home/f1tenth/f1tenth_mrc_ws/install/realsense2_camera_msgs/include/realsense2_camera_msgs/msg\n'}
[2.698541] (realsense2_camera_msgs) StdoutLine: {'line': b'-- Up-to-date: /home/f1tenth/f1tenth_mrc_ws/install/realsense2_camera_msgs/include/realsense2_camera_msgs/msg/rosidl_typesupport_fastrtps_c__visibility_control.h\n'}
[2.698894] (realsense2_camera_msgs) StdoutLine: {'line': b'-- Up-to-date: /home/f1tenth/f1tenth_mrc_ws/install/realsense2_camera_msgs/include/realsense2_camera_msgs/msg/detail\n'}
[2.699159] (realsense2_camera_msgs) StdoutLine: {'line': b'-- Up-to-date: /home/f1tenth/f1tenth_mrc_ws/install/realsense2_camera_msgs/include/realsense2_camera_msgs/msg/detail/metadata__rosidl_typesupport_fastrtps_c.h\n'}
[2.701117] (realsense2_camera_msgs) StdoutLine: {'line': b'-- Up-to-date: /home/f1tenth/f1tenth_mrc_ws/install/realsense2_camera_msgs/include/realsense2_camera_msgs/msg/detail/rgbd__rosidl_typesupport_fastrtps_c.h\n'}
[2.701577] (realsense2_camera_msgs) StdoutLine: {'line': b'-- Up-to-date: /home/f1tenth/f1tenth_mrc_ws/install/realsense2_camera_msgs/include/realsense2_camera_msgs/msg/detail/imu_info__rosidl_typesupport_fastrtps_c.h\n'}
[2.701921] (realsense2_camera_msgs) StdoutLine: {'line': b'-- Up-to-date: /home/f1tenth/f1tenth_mrc_ws/install/realsense2_camera_msgs/include/realsense2_camera_msgs/msg/detail/extrinsics__rosidl_typesupport_fastrtps_c.h\n'}
[2.702230] (realsense2_camera_msgs) StdoutLine: {'line': b'-- Up-to-date: /home/f1tenth/f1tenth_mrc_ws/install/realsense2_camera_msgs/include/realsense2_camera_msgs/action\n'}
[2.702624] (realsense2_camera_msgs) StdoutLine: {'line': b'-- Up-to-date: /home/f1tenth/f1tenth_mrc_ws/install/realsense2_camera_msgs/include/realsense2_camera_msgs/action/detail\n'}
[2.704931] (realsense2_camera_msgs) StdoutLine: {'line': b'-- Up-to-date: /home/f1tenth/f1tenth_mrc_ws/install/realsense2_camera_msgs/include/realsense2_camera_msgs/action/detail/triggered_calibration__rosidl_typesupport_fastrtps_c.h\n'}
[2.705343] (realsense2_camera_msgs) StdoutLine: {'line': b'-- Up-to-date: /home/f1tenth/f1tenth_mrc_ws/install/realsense2_camera_msgs/include/realsense2_camera_msgs/srv\n'}
[2.706781] (realsense2_camera_msgs) StdoutLine: {'line': b'-- Up-to-date: /home/f1tenth/f1tenth_mrc_ws/install/realsense2_camera_msgs/include/realsense2_camera_msgs/srv/detail\n'}
[2.708816] (realsense2_camera_msgs) StdoutLine: {'line': b'-- Up-to-date: /home/f1tenth/f1tenth_mrc_ws/install/realsense2_camera_msgs/include/realsense2_camera_msgs/srv/detail/device_info__rosidl_typesupport_fastrtps_c.h\n'}
[2.709134] (realsense2_camera_msgs) StdoutLine: {'line': b'-- Up-to-date: /home/f1tenth/f1tenth_mrc_ws/install/realsense2_camera_msgs/include/realsense2_camera_msgs/srv/detail/calib_config_write__rosidl_typesupport_fastrtps_c.h\n'}
[2.709423] (realsense2_camera_msgs) StdoutLine: {'line': b'-- Up-to-date: /home/f1tenth/f1tenth_mrc_ws/install/realsense2_camera_msgs/include/realsense2_camera_msgs/srv/detail/calib_config_read__rosidl_typesupport_fastrtps_c.h\n'}
[2.709679] (realsense2_camera_msgs) StdoutLine: {'line': b'-- Up-to-date: /home/f1tenth/f1tenth_mrc_ws/install/realsense2_camera_msgs/lib/librealsense2_camera_msgs__rosidl_typesupport_fastrtps_c.so\n'}
[2.709938] (realsense2_camera_msgs) StdoutLine: {'line': b'-- Up-to-date: /home/f1tenth/f1tenth_mrc_ws/install/realsense2_camera_msgs/include/realsense2_camera_msgs\n'}
[2.710242] (realsense2_camera_msgs) StdoutLine: {'line': b'-- Up-to-date: /home/f1tenth/f1tenth_mrc_ws/install/realsense2_camera_msgs/include/realsense2_camera_msgs/msg\n'}
[2.710488] (realsense2_camera_msgs) StdoutLine: {'line': b'-- Up-to-date: /home/f1tenth/f1tenth_mrc_ws/install/realsense2_camera_msgs/include/realsense2_camera_msgs/msg/detail\n'}
[2.711064] (realsense2_camera_msgs) StdoutLine: {'line': b'-- Up-to-date: /home/f1tenth/f1tenth_mrc_ws/install/realsense2_camera_msgs/include/realsense2_camera_msgs/msg/detail/rgbd__rosidl_typesupport_fastrtps_cpp.hpp\n'}
[2.712303] (realsense2_camera_msgs) StdoutLine: {'line': b'-- Up-to-date: /home/f1tenth/f1tenth_mrc_ws/install/realsense2_camera_msgs/include/realsense2_camera_msgs/msg/detail/metadata__rosidl_typesupport_fastrtps_cpp.hpp\n'}
[2.714582] (realsense2_camera_msgs) StdoutLine: {'line': b'-- Up-to-date: /home/f1tenth/f1tenth_mrc_ws/install/realsense2_camera_msgs/include/realsense2_camera_msgs/msg/detail/extrinsics__rosidl_typesupport_fastrtps_cpp.hpp\n'}
[2.716455] (realsense2_camera_msgs) StdoutLine: {'line': b'-- Up-to-date: /home/f1tenth/f1tenth_mrc_ws/install/realsense2_camera_msgs/include/realsense2_camera_msgs/msg/detail/dds_fastrtps\n'}
[2.716793] (realsense2_camera_msgs) StdoutLine: {'line': b'-- Up-to-date: /home/f1tenth/f1tenth_mrc_ws/install/realsense2_camera_msgs/include/realsense2_camera_msgs/msg/detail/imu_info__rosidl_typesupport_fastrtps_cpp.hpp\n'}
[2.717073] (realsense2_camera_msgs) StdoutLine: {'line': b'-- Up-to-date: /home/f1tenth/f1tenth_mrc_ws/install/realsense2_camera_msgs/include/realsense2_camera_msgs/msg/rosidl_typesupport_fastrtps_cpp__visibility_control.h\n'}
[2.717617] (realsense2_camera_msgs) StdoutLine: {'line': b'-- Up-to-date: /home/f1tenth/f1tenth_mrc_ws/install/realsense2_camera_msgs/include/realsense2_camera_msgs/action\n'}
[2.717905] (realsense2_camera_msgs) StdoutLine: {'line': b'-- Up-to-date: /home/f1tenth/f1tenth_mrc_ws/install/realsense2_camera_msgs/include/realsense2_camera_msgs/action/detail\n'}
[2.718178] (realsense2_camera_msgs) StdoutLine: {'line': b'-- Up-to-date: /home/f1tenth/f1tenth_mrc_ws/install/realsense2_camera_msgs/include/realsense2_camera_msgs/action/detail/triggered_calibration__rosidl_typesupport_fastrtps_cpp.hpp\n'}
[2.718439] (realsense2_camera_msgs) StdoutLine: {'line': b'-- Up-to-date: /home/f1tenth/f1tenth_mrc_ws/install/realsense2_camera_msgs/include/realsense2_camera_msgs/action/detail/dds_fastrtps\n'}
[2.718818] (realsense2_camera_msgs) StdoutLine: {'line': b'-- Up-to-date: /home/f1tenth/f1tenth_mrc_ws/install/realsense2_camera_msgs/include/realsense2_camera_msgs/srv\n'}
[2.719440] (realsense2_camera_msgs) StdoutLine: {'line': b'-- Up-to-date: /home/f1tenth/f1tenth_mrc_ws/install/realsense2_camera_msgs/include/realsense2_camera_msgs/srv/detail\n'}
[2.719739] (realsense2_camera_msgs) StdoutLine: {'line': b'-- Up-to-date: /home/f1tenth/f1tenth_mrc_ws/install/realsense2_camera_msgs/include/realsense2_camera_msgs/srv/detail/device_info__rosidl_typesupport_fastrtps_cpp.hpp\n'}
[2.719992] (realsense2_camera_msgs) StdoutLine: {'line': b'-- Up-to-date: /home/f1tenth/f1tenth_mrc_ws/install/realsense2_camera_msgs/include/realsense2_camera_msgs/srv/detail/calib_config_write__rosidl_typesupport_fastrtps_cpp.hpp\n'}
[2.720261] (realsense2_camera_msgs) StdoutLine: {'line': b'-- Up-to-date: /home/f1tenth/f1tenth_mrc_ws/install/realsense2_camera_msgs/include/realsense2_camera_msgs/srv/detail/calib_config_read__rosidl_typesupport_fastrtps_cpp.hpp\n'}
[2.720507] (realsense2_camera_msgs) StdoutLine: {'line': b'-- Up-to-date: /home/f1tenth/f1tenth_mrc_ws/install/realsense2_camera_msgs/include/realsense2_camera_msgs/srv/detail/dds_fastrtps\n'}
[2.721054] (realsense2_camera_msgs) StdoutLine: {'line': b'-- Up-to-date: /home/f1tenth/f1tenth_mrc_ws/install/realsense2_camera_msgs/lib/librealsense2_camera_msgs__rosidl_typesupport_fastrtps_cpp.so\n'}
[2.721391] (realsense2_camera_msgs) StdoutLine: {'line': b'-- Up-to-date: /home/f1tenth/f1tenth_mrc_ws/install/realsense2_camera_msgs/include/realsense2_camera_msgs\n'}
[2.721861] (realsense2_camera_msgs) StdoutLine: {'line': b'-- Up-to-date: /home/f1tenth/f1tenth_mrc_ws/install/realsense2_camera_msgs/include/realsense2_camera_msgs/msg\n'}
[2.722183] (realsense2_camera_msgs) StdoutLine: {'line': b'-- Up-to-date: /home/f1tenth/f1tenth_mrc_ws/install/realsense2_camera_msgs/include/realsense2_camera_msgs/msg/rosidl_typesupport_introspection_c__visibility_control.h\n'}
[2.722504] (realsense2_camera_msgs) StdoutLine: {'line': b'-- Up-to-date: /home/f1tenth/f1tenth_mrc_ws/install/realsense2_camera_msgs/include/realsense2_camera_msgs/msg/detail\n'}
[2.722914] (realsense2_camera_msgs) StdoutLine: {'line': b'-- Up-to-date: /home/f1tenth/f1tenth_mrc_ws/install/realsense2_camera_msgs/include/realsense2_camera_msgs/msg/detail/rgbd__rosidl_typesupport_introspection_c.h\n'}
[2.723222] (realsense2_camera_msgs) StdoutLine: {'line': b'-- Up-to-date: /home/f1tenth/f1tenth_mrc_ws/install/realsense2_camera_msgs/include/realsense2_camera_msgs/msg/detail/extrinsics__type_support.c\n'}
[2.725860] (realsense2_camera_msgs) StdoutLine: {'line': b'-- Up-to-date: /home/f1tenth/f1tenth_mrc_ws/install/realsense2_camera_msgs/include/realsense2_camera_msgs/msg/detail/rgbd__type_support.c\n'}
[2.726215] (realsense2_camera_msgs) StdoutLine: {'line': b'-- Up-to-date: /home/f1tenth/f1tenth_mrc_ws/install/realsense2_camera_msgs/include/realsense2_camera_msgs/msg/detail/imu_info__type_support.c\n'}
[2.726498] (realsense2_camera_msgs) StdoutLine: {'line': b'-- Up-to-date: /home/f1tenth/f1tenth_mrc_ws/install/realsense2_camera_msgs/include/realsense2_camera_msgs/msg/detail/metadata__type_support.c\n'}
[2.727609] (realsense2_camera_msgs) StdoutLine: {'line': b'-- Up-to-date: /home/f1tenth/f1tenth_mrc_ws/install/realsense2_camera_msgs/include/realsense2_camera_msgs/msg/detail/metadata__rosidl_typesupport_introspection_c.h\n'}
[2.747117] (-) TimerEvent: {}
[2.748954] (realsense2_camera_msgs) StdoutLine: {'line': b'-- Up-to-date: /home/f1tenth/f1tenth_mrc_ws/install/realsense2_camera_msgs/include/realsense2_camera_msgs/msg/detail/extrinsics__rosidl_typesupport_introspection_c.h\n'}
[2.749743] (realsense2_camera_msgs) StdoutLine: {'line': b'-- Up-to-date: /home/f1tenth/f1tenth_mrc_ws/install/realsense2_camera_msgs/include/realsense2_camera_msgs/msg/detail/imu_info__rosidl_typesupport_introspection_c.h\n'}
[2.750075] (realsense2_camera_msgs) StdoutLine: {'line': b'-- Up-to-date: /home/f1tenth/f1tenth_mrc_ws/install/realsense2_camera_msgs/include/realsense2_camera_msgs/action\n'}
[2.750374] (realsense2_camera_msgs) StdoutLine: {'line': b'-- Up-to-date: /home/f1tenth/f1tenth_mrc_ws/install/realsense2_camera_msgs/include/realsense2_camera_msgs/action/detail\n'}
[2.750645] (realsense2_camera_msgs) StdoutLine: {'line': b'-- Up-to-date: /home/f1tenth/f1tenth_mrc_ws/install/realsense2_camera_msgs/include/realsense2_camera_msgs/action/detail/triggered_calibration__type_support.c\n'}
[2.751076] (realsense2_camera_msgs) StdoutLine: {'line': b'-- Up-to-date: /home/f1tenth/f1tenth_mrc_ws/install/realsense2_camera_msgs/include/realsense2_camera_msgs/action/detail/triggered_calibration__rosidl_typesupport_introspection_c.h\n'}
[2.751428] (realsense2_camera_msgs) StdoutLine: {'line': b'-- Up-to-date: /home/f1tenth/f1tenth_mrc_ws/install/realsense2_camera_msgs/include/realsense2_camera_msgs/srv\n'}
[2.753649] (realsense2_camera_msgs) StdoutLine: {'line': b'-- Up-to-date: /home/f1tenth/f1tenth_mrc_ws/install/realsense2_camera_msgs/include/realsense2_camera_msgs/srv/detail\n'}
[2.754002] (realsense2_camera_msgs) StdoutLine: {'line': b'-- Up-to-date: /home/f1tenth/f1tenth_mrc_ws/install/realsense2_camera_msgs/include/realsense2_camera_msgs/srv/detail/calib_config_write__type_support.c\n'}
[2.754544] (realsense2_camera_msgs) StdoutLine: {'line': b'-- Up-to-date: /home/f1tenth/f1tenth_mrc_ws/install/realsense2_camera_msgs/include/realsense2_camera_msgs/srv/detail/calib_config_read__type_support.c\n'}
[2.755024] (realsense2_camera_msgs) StdoutLine: {'line': b'-- Up-to-date: /home/f1tenth/f1tenth_mrc_ws/install/realsense2_camera_msgs/include/realsense2_camera_msgs/srv/detail/device_info__rosidl_typesupport_introspection_c.h\n'}
[2.755304] (realsense2_camera_msgs) StdoutLine: {'line': b'-- Up-to-date: /home/f1tenth/f1tenth_mrc_ws/install/realsense2_camera_msgs/include/realsense2_camera_msgs/srv/detail/calib_config_read__rosidl_typesupport_introspection_c.h\n'}
[2.756716] (realsense2_camera_msgs) StdoutLine: {'line': b'-- Up-to-date: /home/f1tenth/f1tenth_mrc_ws/install/realsense2_camera_msgs/include/realsense2_camera_msgs/srv/detail/calib_config_write__rosidl_typesupport_introspection_c.h\n'}
[2.757096] (realsense2_camera_msgs) StdoutLine: {'line': b'-- Up-to-date: /home/f1tenth/f1tenth_mrc_ws/install/realsense2_camera_msgs/include/realsense2_camera_msgs/srv/detail/device_info__type_support.c\n'}
[2.757445] (realsense2_camera_msgs) StdoutLine: {'line': b'-- Up-to-date: /home/f1tenth/f1tenth_mrc_ws/install/realsense2_camera_msgs/lib/librealsense2_camera_msgs__rosidl_typesupport_introspection_c.so\n'}
[2.757744] (realsense2_camera_msgs) StdoutLine: {'line': b'-- Up-to-date: /home/f1tenth/f1tenth_mrc_ws/install/realsense2_camera_msgs/lib/librealsense2_camera_msgs__rosidl_typesupport_c.so\n'}
[2.758003] (realsense2_camera_msgs) StdoutLine: {'line': b'-- Up-to-date: /home/f1tenth/f1tenth_mrc_ws/install/realsense2_camera_msgs/include/realsense2_camera_msgs\n'}
[2.758305] (realsense2_camera_msgs) StdoutLine: {'line': b'-- Up-to-date: /home/f1tenth/f1tenth_mrc_ws/install/realsense2_camera_msgs/include/realsense2_camera_msgs/msg\n'}
[2.758556] (realsense2_camera_msgs) StdoutLine: {'line': b'-- Up-to-date: /home/f1tenth/f1tenth_mrc_ws/install/realsense2_camera_msgs/include/realsense2_camera_msgs/msg/extrinsics.hpp\n'}
[2.758923] (realsense2_camera_msgs) StdoutLine: {'line': b'-- Up-to-date: /home/f1tenth/f1tenth_mrc_ws/install/realsense2_camera_msgs/include/realsense2_camera_msgs/msg/rgbd.hpp\n'}
[2.759189] (realsense2_camera_msgs) StdoutLine: {'line': b'-- Up-to-date: /home/f1tenth/f1tenth_mrc_ws/install/realsense2_camera_msgs/include/realsense2_camera_msgs/msg/metadata.hpp\n'}
[2.759447] (realsense2_camera_msgs) StdoutLine: {'line': b'-- Up-to-date: /home/f1tenth/f1tenth_mrc_ws/install/realsense2_camera_msgs/include/realsense2_camera_msgs/msg/imu_info.hpp\n'}
[2.759701] (realsense2_camera_msgs) StdoutLine: {'line': b'-- Up-to-date: /home/f1tenth/f1tenth_mrc_ws/install/realsense2_camera_msgs/include/realsense2_camera_msgs/msg/detail\n'}
[2.760013] (realsense2_camera_msgs) StdoutLine: {'line': b'-- Up-to-date: /home/f1tenth/f1tenth_mrc_ws/install/realsense2_camera_msgs/include/realsense2_camera_msgs/msg/detail/extrinsics__type_support.hpp\n'}
[2.760262] (realsense2_camera_msgs) StdoutLine: {'line': b'-- Up-to-date: /home/f1tenth/f1tenth_mrc_ws/install/realsense2_camera_msgs/include/realsense2_camera_msgs/msg/detail/imu_info__builder.hpp\n'}
[2.760515] (realsense2_camera_msgs) StdoutLine: {'line': b'-- Up-to-date: /home/f1tenth/f1tenth_mrc_ws/install/realsense2_camera_msgs/include/realsense2_camera_msgs/msg/detail/rgbd__traits.hpp\n'}
[2.760763] (realsense2_camera_msgs) StdoutLine: {'line': b'-- Up-to-date: /home/f1tenth/f1tenth_mrc_ws/install/realsense2_camera_msgs/include/realsense2_camera_msgs/msg/detail/extrinsics__builder.hpp\n'}
[2.761028] (realsense2_camera_msgs) StdoutLine: {'line': b'-- Up-to-date: /home/f1tenth/f1tenth_mrc_ws/install/realsense2_camera_msgs/include/realsense2_camera_msgs/msg/detail/metadata__traits.hpp\n'}
[2.772260] (realsense2_camera_msgs) StdoutLine: {'line': b'-- Up-to-date: /home/f1tenth/f1tenth_mrc_ws/install/realsense2_camera_msgs/include/realsense2_camera_msgs/msg/detail/imu_info__type_support.hpp\n'}
[2.772675] (realsense2_camera_msgs) StdoutLine: {'line': b'-- Up-to-date: /home/f1tenth/f1tenth_mrc_ws/install/realsense2_camera_msgs/include/realsense2_camera_msgs/msg/detail/rgbd__builder.hpp\n'}
[2.772961] (realsense2_camera_msgs) StdoutLine: {'line': b'-- Up-to-date: /home/f1tenth/f1tenth_mrc_ws/install/realsense2_camera_msgs/include/realsense2_camera_msgs/msg/detail/rgbd__type_support.hpp\n'}
[2.773219] (realsense2_camera_msgs) StdoutLine: {'line': b'-- Up-to-date: /home/f1tenth/f1tenth_mrc_ws/install/realsense2_camera_msgs/include/realsense2_camera_msgs/msg/detail/extrinsics__struct.hpp\n'}
[2.773469] (realsense2_camera_msgs) StdoutLine: {'line': b'-- Up-to-date: /home/f1tenth/f1tenth_mrc_ws/install/realsense2_camera_msgs/include/realsense2_camera_msgs/msg/detail/metadata__builder.hpp\n'}
[2.773745] (realsense2_camera_msgs) StdoutLine: {'line': b'-- Up-to-date: /home/f1tenth/f1tenth_mrc_ws/install/realsense2_camera_msgs/include/realsense2_camera_msgs/msg/detail/metadata__type_support.hpp\n'}
[2.774012] (realsense2_camera_msgs) StdoutLine: {'line': b'-- Up-to-date: /home/f1tenth/f1tenth_mrc_ws/install/realsense2_camera_msgs/include/realsense2_camera_msgs/msg/detail/imu_info__struct.hpp\n'}
[2.774293] (realsense2_camera_msgs) StdoutLine: {'line': b'-- Up-to-date: /home/f1tenth/f1tenth_mrc_ws/install/realsense2_camera_msgs/include/realsense2_camera_msgs/msg/detail/extrinsics__traits.hpp\n'}
[2.774566] (realsense2_camera_msgs) StdoutLine: {'line': b'-- Up-to-date: /home/f1tenth/f1tenth_mrc_ws/install/realsense2_camera_msgs/include/realsense2_camera_msgs/msg/detail/metadata__struct.hpp\n'}
[2.774988] (realsense2_camera_msgs) StdoutLine: {'line': b'-- Up-to-date: /home/f1tenth/f1tenth_mrc_ws/install/realsense2_camera_msgs/include/realsense2_camera_msgs/msg/detail/rgbd__struct.hpp\n'}
[2.775247] (realsense2_camera_msgs) StdoutLine: {'line': b'-- Up-to-date: /home/f1tenth/f1tenth_mrc_ws/install/realsense2_camera_msgs/include/realsense2_camera_msgs/msg/detail/imu_info__traits.hpp\n'}
[2.775492] (realsense2_camera_msgs) StdoutLine: {'line': b'-- Up-to-date: /home/f1tenth/f1tenth_mrc_ws/install/realsense2_camera_msgs/include/realsense2_camera_msgs/msg/rosidl_generator_cpp__visibility_control.hpp\n'}
[2.775761] (realsense2_camera_msgs) StdoutLine: {'line': b'-- Up-to-date: /home/f1tenth/f1tenth_mrc_ws/install/realsense2_camera_msgs/include/realsense2_camera_msgs/action\n'}
[2.776012] (realsense2_camera_msgs) StdoutLine: {'line': b'-- Up-to-date: /home/f1tenth/f1tenth_mrc_ws/install/realsense2_camera_msgs/include/realsense2_camera_msgs/action/triggered_calibration.hpp\n'}
[2.777169] (realsense2_camera_msgs) StdoutLine: {'line': b'-- Up-to-date: /home/f1tenth/f1tenth_mrc_ws/install/realsense2_camera_msgs/include/realsense2_camera_msgs/action/detail\n'}
[2.786356] (realsense2_camera_msgs) StdoutLine: {'line': b'-- Up-to-date: /home/f1tenth/f1tenth_mrc_ws/install/realsense2_camera_msgs/include/realsense2_camera_msgs/action/detail/triggered_calibration__traits.hpp\n'}
[2.786938] (realsense2_camera_msgs) StdoutLine: {'line': b'-- Up-to-date: /home/f1tenth/f1tenth_mrc_ws/install/realsense2_camera_msgs/include/realsense2_camera_msgs/action/detail/triggered_calibration__builder.hpp\n'}
[2.788285] (realsense2_camera_msgs) StdoutLine: {'line': b'-- Up-to-date: /home/f1tenth/f1tenth_mrc_ws/install/realsense2_camera_msgs/include/realsense2_camera_msgs/action/detail/triggered_calibration__struct.hpp\n'}
[2.788624] (realsense2_camera_msgs) StdoutLine: {'line': b'-- Up-to-date: /home/f1tenth/f1tenth_mrc_ws/install/realsense2_camera_msgs/include/realsense2_camera_msgs/action/detail/triggered_calibration__type_support.hpp\n'}
[2.789539] (realsense2_camera_msgs) StdoutLine: {'line': b'-- Up-to-date: /home/f1tenth/f1tenth_mrc_ws/install/realsense2_camera_msgs/include/realsense2_camera_msgs/srv\n'}
[2.789834] (realsense2_camera_msgs) StdoutLine: {'line': b'-- Up-to-date: /home/f1tenth/f1tenth_mrc_ws/install/realsense2_camera_msgs/include/realsense2_camera_msgs/srv/device_info.hpp\n'}
[2.790098] (realsense2_camera_msgs) StdoutLine: {'line': b'-- Up-to-date: /home/f1tenth/f1tenth_mrc_ws/install/realsense2_camera_msgs/include/realsense2_camera_msgs/srv/detail\n'}
[2.791022] (realsense2_camera_msgs) StdoutLine: {'line': b'-- Up-to-date: /home/f1tenth/f1tenth_mrc_ws/install/realsense2_camera_msgs/include/realsense2_camera_msgs/srv/detail/device_info__builder.hpp\n'}
[2.791322] (realsense2_camera_msgs) StdoutLine: {'line': b'-- Up-to-date: /home/f1tenth/f1tenth_mrc_ws/install/realsense2_camera_msgs/include/realsense2_camera_msgs/srv/detail/device_info__struct.hpp\n'}
[2.791600] (realsense2_camera_msgs) StdoutLine: {'line': b'-- Up-to-date: /home/f1tenth/f1tenth_mrc_ws/install/realsense2_camera_msgs/include/realsense2_camera_msgs/srv/detail/calib_config_read__traits.hpp\n'}
[2.791848] (realsense2_camera_msgs) StdoutLine: {'line': b'-- Up-to-date: /home/f1tenth/f1tenth_mrc_ws/install/realsense2_camera_msgs/include/realsense2_camera_msgs/srv/detail/device_info__type_support.hpp\n'}
[2.792116] (realsense2_camera_msgs) StdoutLine: {'line': b'-- Up-to-date: /home/f1tenth/f1tenth_mrc_ws/install/realsense2_camera_msgs/include/realsense2_camera_msgs/srv/detail/calib_config_read__type_support.hpp\n'}
[2.792383] (realsense2_camera_msgs) StdoutLine: {'line': b'-- Up-to-date: /home/f1tenth/f1tenth_mrc_ws/install/realsense2_camera_msgs/include/realsense2_camera_msgs/srv/detail/device_info__traits.hpp\n'}
[2.792712] (realsense2_camera_msgs) StdoutLine: {'line': b'-- Up-to-date: /home/f1tenth/f1tenth_mrc_ws/install/realsense2_camera_msgs/include/realsense2_camera_msgs/srv/detail/calib_config_write__struct.hpp\n'}
[2.792975] (realsense2_camera_msgs) StdoutLine: {'line': b'-- Up-to-date: /home/f1tenth/f1tenth_mrc_ws/install/realsense2_camera_msgs/include/realsense2_camera_msgs/srv/detail/calib_config_write__traits.hpp\n'}
[2.793220] (realsense2_camera_msgs) StdoutLine: {'line': b'-- Up-to-date: /home/f1tenth/f1tenth_mrc_ws/install/realsense2_camera_msgs/include/realsense2_camera_msgs/srv/detail/calib_config_write__builder.hpp\n'}
[2.793487] (realsense2_camera_msgs) StdoutLine: {'line': b'-- Up-to-date: /home/f1tenth/f1tenth_mrc_ws/install/realsense2_camera_msgs/include/realsense2_camera_msgs/srv/detail/calib_config_read__builder.hpp\n'}
[2.795904] (realsense2_camera_msgs) StdoutLine: {'line': b'-- Up-to-date: /home/f1tenth/f1tenth_mrc_ws/install/realsense2_camera_msgs/include/realsense2_camera_msgs/srv/detail/calib_config_write__type_support.hpp\n'}
[2.796272] (realsense2_camera_msgs) StdoutLine: {'line': b'-- Up-to-date: /home/f1tenth/f1tenth_mrc_ws/install/realsense2_camera_msgs/include/realsense2_camera_msgs/srv/detail/calib_config_read__struct.hpp\n'}
[2.796553] (realsense2_camera_msgs) StdoutLine: {'line': b'-- Up-to-date: /home/f1tenth/f1tenth_mrc_ws/install/realsense2_camera_msgs/include/realsense2_camera_msgs/srv/calib_config_write.hpp\n'}
[2.799534] (realsense2_camera_msgs) StdoutLine: {'line': b'-- Up-to-date: /home/f1tenth/f1tenth_mrc_ws/install/realsense2_camera_msgs/include/realsense2_camera_msgs/srv/calib_config_read.hpp\n'}
[2.799905] (realsense2_camera_msgs) StdoutLine: {'line': b'-- Up-to-date: /home/f1tenth/f1tenth_mrc_ws/install/realsense2_camera_msgs/include/realsense2_camera_msgs\n'}
[2.800186] (realsense2_camera_msgs) StdoutLine: {'line': b'-- Up-to-date: /home/f1tenth/f1tenth_mrc_ws/install/realsense2_camera_msgs/include/realsense2_camera_msgs/msg\n'}
[2.804771] (realsense2_camera_msgs) StdoutLine: {'line': b'-- Up-to-date: /home/f1tenth/f1tenth_mrc_ws/install/realsense2_camera_msgs/include/realsense2_camera_msgs/msg/detail\n'}
[2.805393] (realsense2_camera_msgs) StdoutLine: {'line': b'-- Up-to-date: /home/f1tenth/f1tenth_mrc_ws/install/realsense2_camera_msgs/include/realsense2_camera_msgs/msg/detail/rgbd__type_support.cpp\n'}
[2.805757] (realsense2_camera_msgs) StdoutLine: {'line': b'-- Up-to-date: /home/f1tenth/f1tenth_mrc_ws/install/realsense2_camera_msgs/include/realsense2_camera_msgs/msg/detail/rgbd__rosidl_typesupport_introspection_cpp.hpp\n'}
[2.806069] (realsense2_camera_msgs) StdoutLine: {'line': b'-- Up-to-date: /home/f1tenth/f1tenth_mrc_ws/install/realsense2_camera_msgs/include/realsense2_camera_msgs/msg/detail/extrinsics__type_support.cpp\n'}
[2.806321] (realsense2_camera_msgs) StdoutLine: {'line': b'-- Up-to-date: /home/f1tenth/f1tenth_mrc_ws/install/realsense2_camera_msgs/include/realsense2_camera_msgs/msg/detail/imu_info__type_support.cpp\n'}
[2.806574] (realsense2_camera_msgs) StdoutLine: {'line': b'-- Up-to-date: /home/f1tenth/f1tenth_mrc_ws/install/realsense2_camera_msgs/include/realsense2_camera_msgs/msg/detail/imu_info__rosidl_typesupport_introspection_cpp.hpp\n'}
[2.807029] (realsense2_camera_msgs) StdoutLine: {'line': b'-- Up-to-date: /home/f1tenth/f1tenth_mrc_ws/install/realsense2_camera_msgs/include/realsense2_camera_msgs/msg/detail/metadata__type_support.cpp\n'}
[2.812283] (realsense2_camera_msgs) StdoutLine: {'line': b'-- Up-to-date: /home/f1tenth/f1tenth_mrc_ws/install/realsense2_camera_msgs/include/realsense2_camera_msgs/msg/detail/metadata__rosidl_typesupport_introspection_cpp.hpp\n'}
[2.812663] (realsense2_camera_msgs) StdoutLine: {'line': b'-- Up-to-date: /home/f1tenth/f1tenth_mrc_ws/install/realsense2_camera_msgs/include/realsense2_camera_msgs/msg/detail/extrinsics__rosidl_typesupport_introspection_cpp.hpp\n'}
[2.812957] (realsense2_camera_msgs) StdoutLine: {'line': b'-- Up-to-date: /home/f1tenth/f1tenth_mrc_ws/install/realsense2_camera_msgs/include/realsense2_camera_msgs/action\n'}
[2.813223] (realsense2_camera_msgs) StdoutLine: {'line': b'-- Up-to-date: /home/f1tenth/f1tenth_mrc_ws/install/realsense2_camera_msgs/include/realsense2_camera_msgs/action/detail\n'}
[2.813477] (realsense2_camera_msgs) StdoutLine: {'line': b'-- Up-to-date: /home/f1tenth/f1tenth_mrc_ws/install/realsense2_camera_msgs/include/realsense2_camera_msgs/action/detail/triggered_calibration__type_support.cpp\n'}
[2.813749] (realsense2_camera_msgs) StdoutLine: {'line': b'-- Up-to-date: /home/f1tenth/f1tenth_mrc_ws/install/realsense2_camera_msgs/include/realsense2_camera_msgs/action/detail/triggered_calibration__rosidl_typesupport_introspection_cpp.hpp\n'}
[2.814025] (realsense2_camera_msgs) StdoutLine: {'line': b'-- Up-to-date: /home/f1tenth/f1tenth_mrc_ws/install/realsense2_camera_msgs/include/realsense2_camera_msgs/srv\n'}
[2.814276] (realsense2_camera_msgs) StdoutLine: {'line': b'-- Up-to-date: /home/f1tenth/f1tenth_mrc_ws/install/realsense2_camera_msgs/include/realsense2_camera_msgs/srv/detail\n'}
[2.814530] (realsense2_camera_msgs) StdoutLine: {'line': b'-- Up-to-date: /home/f1tenth/f1tenth_mrc_ws/install/realsense2_camera_msgs/include/realsense2_camera_msgs/srv/detail/calib_config_write__type_support.cpp\n'}
[2.814907] (realsense2_camera_msgs) StdoutLine: {'line': b'-- Up-to-date: /home/f1tenth/f1tenth_mrc_ws/install/realsense2_camera_msgs/include/realsense2_camera_msgs/srv/detail/calib_config_read__rosidl_typesupport_introspection_cpp.hpp\n'}
[2.815221] (realsense2_camera_msgs) StdoutLine: {'line': b'-- Up-to-date: /home/f1tenth/f1tenth_mrc_ws/install/realsense2_camera_msgs/include/realsense2_camera_msgs/srv/detail/device_info__rosidl_typesupport_introspection_cpp.hpp\n'}
[2.815494] (realsense2_camera_msgs) StdoutLine: {'line': b'-- Up-to-date: /home/f1tenth/f1tenth_mrc_ws/install/realsense2_camera_msgs/include/realsense2_camera_msgs/srv/detail/calib_config_write__rosidl_typesupport_introspection_cpp.hpp\n'}
[2.815740] (realsense2_camera_msgs) StdoutLine: {'line': b'-- Up-to-date: /home/f1tenth/f1tenth_mrc_ws/install/realsense2_camera_msgs/include/realsense2_camera_msgs/srv/detail/calib_config_read__type_support.cpp\n'}
[2.815986] (realsense2_camera_msgs) StdoutLine: {'line': b'-- Up-to-date: /home/f1tenth/f1tenth_mrc_ws/install/realsense2_camera_msgs/include/realsense2_camera_msgs/srv/detail/device_info__type_support.cpp\n'}
[2.816235] (realsense2_camera_msgs) StdoutLine: {'line': b'-- Up-to-date: /home/f1tenth/f1tenth_mrc_ws/install/realsense2_camera_msgs/lib/librealsense2_camera_msgs__rosidl_typesupport_introspection_cpp.so\n'}
[2.816480] (realsense2_camera_msgs) StdoutLine: {'line': b'-- Up-to-date: /home/f1tenth/f1tenth_mrc_ws/install/realsense2_camera_msgs/lib/librealsense2_camera_msgs__rosidl_typesupport_cpp.so\n'}
[2.816764] (realsense2_camera_msgs) StdoutLine: {'line': b'-- Up-to-date: /home/f1tenth/f1tenth_mrc_ws/install/realsense2_camera_msgs/share/realsense2_camera_msgs/environment/pythonpath.sh\n'}
[2.817043] (realsense2_camera_msgs) StdoutLine: {'line': b'-- Up-to-date: /home/f1tenth/f1tenth_mrc_ws/install/realsense2_camera_msgs/share/realsense2_camera_msgs/environment/pythonpath.dsv\n'}
[2.817291] (realsense2_camera_msgs) StdoutLine: {'line': b'-- Up-to-date: /home/f1tenth/f1tenth_mrc_ws/install/realsense2_camera_msgs/lib/python3.8/site-packages/realsense2_camera_msgs/__init__.py\n'}
[2.847169] (-) TimerEvent: {}
[2.867511] (realsense2_camera_msgs) StdoutLine: {'line': b'-- Up-to-date: /home/f1tenth/f1tenth_mrc_ws/install/realsense2_camera_msgs/lib/python3.8/site-packages/realsense2_camera_msgs/msg\n'}
[2.868110] (realsense2_camera_msgs) StdoutLine: {'line': b'-- Up-to-date: /home/f1tenth/f1tenth_mrc_ws/install/realsense2_camera_msgs/lib/python3.8/site-packages/realsense2_camera_msgs/msg/_imu_info.py\n'}
[2.868413] (realsense2_camera_msgs) StdoutLine: {'line': b'-- Up-to-date: /home/f1tenth/f1tenth_mrc_ws/install/realsense2_camera_msgs/lib/python3.8/site-packages/realsense2_camera_msgs/msg/_metadata_s.c\n'}
[2.868696] (realsense2_camera_msgs) StdoutLine: {'line': b'-- Up-to-date: /home/f1tenth/f1tenth_mrc_ws/install/realsense2_camera_msgs/lib/python3.8/site-packages/realsense2_camera_msgs/msg/_rgbd.py\n'}
[2.868962] (realsense2_camera_msgs) StdoutLine: {'line': b'-- Up-to-date: /home/f1tenth/f1tenth_mrc_ws/install/realsense2_camera_msgs/lib/python3.8/site-packages/realsense2_camera_msgs/msg/_metadata.py\n'}
[2.869220] (realsense2_camera_msgs) StdoutLine: {'line': b'-- Up-to-date: /home/f1tenth/f1tenth_mrc_ws/install/realsense2_camera_msgs/lib/python3.8/site-packages/realsense2_camera_msgs/msg/_extrinsics.py\n'}
[2.869479] (realsense2_camera_msgs) StdoutLine: {'line': b'-- Up-to-date: /home/f1tenth/f1tenth_mrc_ws/install/realsense2_camera_msgs/lib/python3.8/site-packages/realsense2_camera_msgs/msg/_extrinsics_s.c\n'}
[2.869746] (realsense2_camera_msgs) StdoutLine: {'line': b'-- Up-to-date: /home/f1tenth/f1tenth_mrc_ws/install/realsense2_camera_msgs/lib/python3.8/site-packages/realsense2_camera_msgs/msg/_rgbd_s.c\n'}
[2.870084] (realsense2_camera_msgs) StdoutLine: {'line': b'-- Up-to-date: /home/f1tenth/f1tenth_mrc_ws/install/realsense2_camera_msgs/lib/python3.8/site-packages/realsense2_camera_msgs/msg/__init__.py\n'}
[2.870390] (realsense2_camera_msgs) StdoutLine: {'line': b'-- Up-to-date: /home/f1tenth/f1tenth_mrc_ws/install/realsense2_camera_msgs/lib/python3.8/site-packages/realsense2_camera_msgs/msg/_imu_info_s.c\n'}
[2.870737] (realsense2_camera_msgs) StdoutLine: {'line': b'-- Up-to-date: /home/f1tenth/f1tenth_mrc_ws/install/realsense2_camera_msgs/lib/python3.8/site-packages/realsense2_camera_msgs/srv\n'}
[2.873362] (realsense2_camera_msgs) StdoutLine: {'line': b'-- Up-to-date: /home/f1tenth/f1tenth_mrc_ws/install/realsense2_camera_msgs/lib/python3.8/site-packages/realsense2_camera_msgs/srv/_calib_config_read_s.c\n'}
[2.873743] (realsense2_camera_msgs) StdoutLine: {'line': b'-- Up-to-date: /home/f1tenth/f1tenth_mrc_ws/install/realsense2_camera_msgs/lib/python3.8/site-packages/realsense2_camera_msgs/srv/_device_info_s.c\n'}
[2.874034] (realsense2_camera_msgs) StdoutLine: {'line': b'-- Up-to-date: /home/f1tenth/f1tenth_mrc_ws/install/realsense2_camera_msgs/lib/python3.8/site-packages/realsense2_camera_msgs/srv/_device_info.py\n'}
[2.874300] (realsense2_camera_msgs) StdoutLine: {'line': b'-- Up-to-date: /home/f1tenth/f1tenth_mrc_ws/install/realsense2_camera_msgs/lib/python3.8/site-packages/realsense2_camera_msgs/srv/_calib_config_write.py\n'}
[2.874588] (realsense2_camera_msgs) StdoutLine: {'line': b'-- Up-to-date: /home/f1tenth/f1tenth_mrc_ws/install/realsense2_camera_msgs/lib/python3.8/site-packages/realsense2_camera_msgs/srv/_calib_config_read.py\n'}
[2.874931] (realsense2_camera_msgs) StdoutLine: {'line': b'-- Up-to-date: /home/f1tenth/f1tenth_mrc_ws/install/realsense2_camera_msgs/lib/python3.8/site-packages/realsense2_camera_msgs/srv/_calib_config_write_s.c\n'}
[2.876904] (realsense2_camera_msgs) StdoutLine: {'line': b'-- Up-to-date: /home/f1tenth/f1tenth_mrc_ws/install/realsense2_camera_msgs/lib/python3.8/site-packages/realsense2_camera_msgs/srv/__init__.py\n'}
[2.877285] (realsense2_camera_msgs) StdoutLine: {'line': b'-- Up-to-date: /home/f1tenth/f1tenth_mrc_ws/install/realsense2_camera_msgs/lib/python3.8/site-packages/realsense2_camera_msgs/action\n'}
[2.877595] (realsense2_camera_msgs) StdoutLine: {'line': b'-- Up-to-date: /home/f1tenth/f1tenth_mrc_ws/install/realsense2_camera_msgs/lib/python3.8/site-packages/realsense2_camera_msgs/action/_triggered_calibration_s.c\n'}
[2.878200] (realsense2_camera_msgs) StdoutLine: {'line': b'-- Up-to-date: /home/f1tenth/f1tenth_mrc_ws/install/realsense2_camera_msgs/lib/python3.8/site-packages/realsense2_camera_msgs/action/_triggered_calibration.py\n'}
[2.878605] (realsense2_camera_msgs) StdoutLine: {'line': b'-- Up-to-date: /home/f1tenth/f1tenth_mrc_ws/install/realsense2_camera_msgs/lib/python3.8/site-packages/realsense2_camera_msgs/action/__init__.py\n'}
[2.879061] (realsense2_camera_msgs) StdoutLine: {'line': b'-- Up-to-date: /home/f1tenth/f1tenth_mrc_ws/install/realsense2_camera_msgs/lib/python3.8/site-packages/realsense2_camera_msgs/realsense2_camera_msgs_s__rosidl_typesupport_fastrtps_c.cpython-38-aarch64-linux-gnu.so\n'}
[2.879380] (realsense2_camera_msgs) StdoutLine: {'line': b'-- Up-to-date: /home/f1tenth/f1tenth_mrc_ws/install/realsense2_camera_msgs/lib/python3.8/site-packages/realsense2_camera_msgs/realsense2_camera_msgs_s__rosidl_typesupport_introspection_c.cpython-38-aarch64-linux-gnu.so\n'}
[2.879700] (realsense2_camera_msgs) StdoutLine: {'line': b'-- Up-to-date: /home/f1tenth/f1tenth_mrc_ws/install/realsense2_camera_msgs/lib/python3.8/site-packages/realsense2_camera_msgs/realsense2_camera_msgs_s__rosidl_typesupport_c.cpython-38-aarch64-linux-gnu.so\n'}
[2.881008] (realsense2_camera_msgs) StdoutLine: {'line': b'-- Up-to-date: /home/f1tenth/f1tenth_mrc_ws/install/realsense2_camera_msgs/lib/librealsense2_camera_msgs__python.so\n'}
[2.881407] (realsense2_camera_msgs) StdoutLine: {'line': b'-- Up-to-date: /home/f1tenth/f1tenth_mrc_ws/install/realsense2_camera_msgs/share/realsense2_camera_msgs/msg/IMUInfo.idl\n'}
[2.885405] (realsense2_camera_msgs) StdoutLine: {'line': b'-- Up-to-date: /home/f1tenth/f1tenth_mrc_ws/install/realsense2_camera_msgs/share/realsense2_camera_msgs/msg/Extrinsics.idl\n'}
[2.886192] (realsense2_camera_msgs) StdoutLine: {'line': b'-- Up-to-date: /home/f1tenth/f1tenth_mrc_ws/install/realsense2_camera_msgs/share/realsense2_camera_msgs/msg/Metadata.idl\n'}
[2.886833] (realsense2_camera_msgs) StdoutLine: {'line': b'-- Up-to-date: /home/f1tenth/f1tenth_mrc_ws/install/realsense2_camera_msgs/share/realsense2_camera_msgs/msg/RGBD.idl\n'}
[2.887401] (realsense2_camera_msgs) StdoutLine: {'line': b'-- Up-to-date: /home/f1tenth/f1tenth_mrc_ws/install/realsense2_camera_msgs/share/realsense2_camera_msgs/srv/DeviceInfo.idl\n'}
[2.887728] (realsense2_camera_msgs) StdoutLine: {'line': b'-- Up-to-date: /home/f1tenth/f1tenth_mrc_ws/install/realsense2_camera_msgs/share/realsense2_camera_msgs/srv/CalibConfigRead.idl\n'}
[2.888027] (realsense2_camera_msgs) StdoutLine: {'line': b'-- Up-to-date: /home/f1tenth/f1tenth_mrc_ws/install/realsense2_camera_msgs/share/realsense2_camera_msgs/srv/CalibConfigWrite.idl\n'}
[2.888402] (realsense2_camera_msgs) StdoutLine: {'line': b'-- Up-to-date: /home/f1tenth/f1tenth_mrc_ws/install/realsense2_camera_msgs/share/realsense2_camera_msgs/action/TriggeredCalibration.idl\n'}
[2.888712] (realsense2_camera_msgs) StdoutLine: {'line': b'-- Up-to-date: /home/f1tenth/f1tenth_mrc_ws/install/realsense2_camera_msgs/share/realsense2_camera_msgs/msg/IMUInfo.msg\n'}
[2.889013] (realsense2_camera_msgs) StdoutLine: {'line': b'-- Up-to-date: /home/f1tenth/f1tenth_mrc_ws/install/realsense2_camera_msgs/share/realsense2_camera_msgs/msg/Extrinsics.msg\n'}
[2.897871] (realsense2_camera_msgs) StdoutLine: {'line': b'-- Up-to-date: /home/f1tenth/f1tenth_mrc_ws/install/realsense2_camera_msgs/share/realsense2_camera_msgs/msg/Metadata.msg\n'}
[2.898567] (realsense2_camera_msgs) StdoutLine: {'line': b'-- Up-to-date: /home/f1tenth/f1tenth_mrc_ws/install/realsense2_camera_msgs/share/realsense2_camera_msgs/msg/RGBD.msg\n'}
[2.899305] (realsense2_camera_msgs) StdoutLine: {'line': b'-- Up-to-date: /home/f1tenth/f1tenth_mrc_ws/install/realsense2_camera_msgs/share/realsense2_camera_msgs/srv/DeviceInfo.srv\n'}
[2.899636] (realsense2_camera_msgs) StdoutLine: {'line': b'-- Up-to-date: /home/f1tenth/f1tenth_mrc_ws/install/realsense2_camera_msgs/share/realsense2_camera_msgs/srv/DeviceInfo_Request.msg\n'}
[2.904593] (realsense2_camera_msgs) StdoutLine: {'line': b'-- Up-to-date: /home/f1tenth/f1tenth_mrc_ws/install/realsense2_camera_msgs/share/realsense2_camera_msgs/srv/DeviceInfo_Response.msg\n'}
[2.905072] (realsense2_camera_msgs) StdoutLine: {'line': b'-- Up-to-date: /home/f1tenth/f1tenth_mrc_ws/install/realsense2_camera_msgs/share/realsense2_camera_msgs/srv/CalibConfigRead.srv\n'}
[2.905408] (realsense2_camera_msgs) StdoutLine: {'line': b'-- Up-to-date: /home/f1tenth/f1tenth_mrc_ws/install/realsense2_camera_msgs/share/realsense2_camera_msgs/srv/CalibConfigRead_Request.msg\n'}
[2.905733] (realsense2_camera_msgs) StdoutLine: {'line': b'-- Up-to-date: /home/f1tenth/f1tenth_mrc_ws/install/realsense2_camera_msgs/share/realsense2_camera_msgs/srv/CalibConfigRead_Response.msg\n'}
[2.906024] (realsense2_camera_msgs) StdoutLine: {'line': b'-- Up-to-date: /home/f1tenth/f1tenth_mrc_ws/install/realsense2_camera_msgs/share/realsense2_camera_msgs/srv/CalibConfigWrite.srv\n'}
[2.910018] (realsense2_camera_msgs) StdoutLine: {'line': b'-- Up-to-date: /home/f1tenth/f1tenth_mrc_ws/install/realsense2_camera_msgs/share/realsense2_camera_msgs/srv/CalibConfigWrite_Request.msg\n'}
[2.912431] (realsense2_camera_msgs) StdoutLine: {'line': b'-- Up-to-date: /home/f1tenth/f1tenth_mrc_ws/install/realsense2_camera_msgs/share/realsense2_camera_msgs/srv/CalibConfigWrite_Response.msg\n'}
[2.912786] (realsense2_camera_msgs) StdoutLine: {'line': b'-- Up-to-date: /home/f1tenth/f1tenth_mrc_ws/install/realsense2_camera_msgs/share/realsense2_camera_msgs/action/TriggeredCalibration.action\n'}
[2.913097] (realsense2_camera_msgs) StdoutLine: {'line': b'-- Up-to-date: /home/f1tenth/f1tenth_mrc_ws/install/realsense2_camera_msgs/share/ament_index/resource_index/package_run_dependencies/realsense2_camera_msgs\n'}
[2.913375] (realsense2_camera_msgs) StdoutLine: {'line': b'-- Up-to-date: /home/f1tenth/f1tenth_mrc_ws/install/realsense2_camera_msgs/share/ament_index/resource_index/parent_prefix_path/realsense2_camera_msgs\n'}
[2.913644] (realsense2_camera_msgs) StdoutLine: {'line': b'-- Up-to-date: /home/f1tenth/f1tenth_mrc_ws/install/realsense2_camera_msgs/share/realsense2_camera_msgs/environment/ament_prefix_path.sh\n'}
[2.915679] (realsense2_camera_msgs) StdoutLine: {'line': b'-- Up-to-date: /home/f1tenth/f1tenth_mrc_ws/install/realsense2_camera_msgs/share/realsense2_camera_msgs/environment/ament_prefix_path.dsv\n'}
[2.916026] (realsense2_camera_msgs) StdoutLine: {'line': b'-- Up-to-date: /home/f1tenth/f1tenth_mrc_ws/install/realsense2_camera_msgs/share/realsense2_camera_msgs/environment/path.sh\n'}
[2.916328] (realsense2_camera_msgs) StdoutLine: {'line': b'-- Up-to-date: /home/f1tenth/f1tenth_mrc_ws/install/realsense2_camera_msgs/share/realsense2_camera_msgs/environment/path.dsv\n'}
[2.916621] (realsense2_camera_msgs) StdoutLine: {'line': b'-- Up-to-date: /home/f1tenth/f1tenth_mrc_ws/install/realsense2_camera_msgs/share/realsense2_camera_msgs/local_setup.bash\n'}
[2.918063] (realsense2_camera_msgs) StdoutLine: {'line': b'-- Up-to-date: /home/f1tenth/f1tenth_mrc_ws/install/realsense2_camera_msgs/share/realsense2_camera_msgs/local_setup.sh\n'}
[2.919171] (realsense2_camera_msgs) StdoutLine: {'line': b'-- Up-to-date: /home/f1tenth/f1tenth_mrc_ws/install/realsense2_camera_msgs/share/realsense2_camera_msgs/local_setup.zsh\n'}
[2.919550] (realsense2_camera_msgs) StdoutLine: {'line': b'-- Up-to-date: /home/f1tenth/f1tenth_mrc_ws/install/realsense2_camera_msgs/share/realsense2_camera_msgs/local_setup.dsv\n'}
[2.919854] (realsense2_camera_msgs) StdoutLine: {'line': b'-- Installing: /home/f1tenth/f1tenth_mrc_ws/install/realsense2_camera_msgs/share/realsense2_camera_msgs/package.dsv\n'}
[2.920144] (realsense2_camera_msgs) StdoutLine: {'line': b'-- Up-to-date: /home/f1tenth/f1tenth_mrc_ws/install/realsense2_camera_msgs/share/ament_index/resource_index/packages/realsense2_camera_msgs\n'}
[2.920439] (realsense2_camera_msgs) StdoutLine: {'line': b'-- Up-to-date: /home/f1tenth/f1tenth_mrc_ws/install/realsense2_camera_msgs/share/realsense2_camera_msgs/cmake/realsense2_camera_msgs__rosidl_generator_cExport.cmake\n'}
[2.920713] (realsense2_camera_msgs) StdoutLine: {'line': b'-- Up-to-date: /home/f1tenth/f1tenth_mrc_ws/install/realsense2_camera_msgs/share/realsense2_camera_msgs/cmake/realsense2_camera_msgs__rosidl_generator_cExport-noconfig.cmake\n'}
[2.930396] (realsense2_camera_msgs) StdoutLine: {'line': b'-- Up-to-date: /home/f1tenth/f1tenth_mrc_ws/install/realsense2_camera_msgs/share/realsense2_camera_msgs/cmake/realsense2_camera_msgs__rosidl_typesupport_introspection_cExport.cmake\n'}
[2.932591] (realsense2_camera_msgs) StdoutLine: {'line': b'-- Up-to-date: /home/f1tenth/f1tenth_mrc_ws/install/realsense2_camera_msgs/share/realsense2_camera_msgs/cmake/realsense2_camera_msgs__rosidl_typesupport_introspection_cExport-noconfig.cmake\n'}
[2.933006] (realsense2_camera_msgs) StdoutLine: {'line': b'-- Up-to-date: /home/f1tenth/f1tenth_mrc_ws/install/realsense2_camera_msgs/share/realsense2_camera_msgs/cmake/realsense2_camera_msgs__rosidl_typesupport_cExport.cmake\n'}
[2.933338] (realsense2_camera_msgs) StdoutLine: {'line': b'-- Up-to-date: /home/f1tenth/f1tenth_mrc_ws/install/realsense2_camera_msgs/share/realsense2_camera_msgs/cmake/realsense2_camera_msgs__rosidl_typesupport_cExport-noconfig.cmake\n'}
[2.934152] (realsense2_camera_msgs) StdoutLine: {'line': b'-- Up-to-date: /home/f1tenth/f1tenth_mrc_ws/install/realsense2_camera_msgs/share/realsense2_camera_msgs/cmake/realsense2_camera_msgs__rosidl_generator_cppExport.cmake\n'}
[2.937880] (gap_follow) CommandEnded: {'returncode': 0}
[2.945283] (realsense2_camera_msgs) StdoutLine: {'line': b'-- Up-to-date: /home/f1tenth/f1tenth_mrc_ws/install/realsense2_camera_msgs/share/realsense2_camera_msgs/cmake/realsense2_camera_msgs__rosidl_typesupport_introspection_cppExport.cmake\n'}
[2.947466] (-) TimerEvent: {}
[2.948530] (realsense2_camera_msgs) StdoutLine: {'line': b'-- Up-to-date: /home/f1tenth/f1tenth_mrc_ws/install/realsense2_camera_msgs/share/realsense2_camera_msgs/cmake/realsense2_camera_msgs__rosidl_typesupport_introspection_cppExport-noconfig.cmake\n'}
[2.950153] (realsense2_camera_msgs) StdoutLine: {'line': b'-- Up-to-date: /home/f1tenth/f1tenth_mrc_ws/install/realsense2_camera_msgs/share/realsense2_camera_msgs/cmake/realsense2_camera_msgs__rosidl_typesupport_cppExport.cmake\n'}
[2.950636] (realsense2_camera_msgs) StdoutLine: {'line': b'-- Up-to-date: /home/f1tenth/f1tenth_mrc_ws/install/realsense2_camera_msgs/share/realsense2_camera_msgs/cmake/realsense2_camera_msgs__rosidl_typesupport_cppExport-noconfig.cmake\n'}
[2.951086] (realsense2_camera_msgs) StdoutLine: {'line': b'-- Up-to-date: /home/f1tenth/f1tenth_mrc_ws/install/realsense2_camera_msgs/share/realsense2_camera_msgs/cmake/rosidl_cmake-extras.cmake\n'}
[2.951391] (realsense2_camera_msgs) StdoutLine: {'line': b'-- Up-to-date: /home/f1tenth/f1tenth_mrc_ws/install/realsense2_camera_msgs/share/realsense2_camera_msgs/cmake/ament_cmake_export_dependencies-extras.cmake\n'}
[2.951692] (realsense2_camera_msgs) StdoutLine: {'line': b'-- Up-to-date: /home/f1tenth/f1tenth_mrc_ws/install/realsense2_camera_msgs/share/realsense2_camera_msgs/cmake/ament_cmake_export_libraries-extras.cmake\n'}
[2.952002] (realsense2_camera_msgs) StdoutLine: {'line': b'-- Up-to-date: /home/f1tenth/f1tenth_mrc_ws/install/realsense2_camera_msgs/share/realsense2_camera_msgs/cmake/ament_cmake_export_targets-extras.cmake\n'}
[2.952260] (realsense2_camera_msgs) StdoutLine: {'line': b'-- Up-to-date: /home/f1tenth/f1tenth_mrc_ws/install/realsense2_camera_msgs/share/realsense2_camera_msgs/cmake/ament_cmake_export_include_directories-extras.cmake\n'}
[2.952503] (realsense2_camera_msgs) StdoutLine: {'line': b'-- Up-to-date: /home/f1tenth/f1tenth_mrc_ws/install/realsense2_camera_msgs/share/realsense2_camera_msgs/cmake/rosidl_cmake_export_typesupport_libraries-extras.cmake\n'}
[2.952740] (realsense2_camera_msgs) StdoutLine: {'line': b'-- Up-to-date: /home/f1tenth/f1tenth_mrc_ws/install/realsense2_camera_msgs/share/realsense2_camera_msgs/cmake/rosidl_cmake_export_typesupport_targets-extras.cmake\n'}
[2.961205] (realsense2_camera_msgs) StdoutLine: {'line': b'-- Up-to-date: /home/f1tenth/f1tenth_mrc_ws/install/realsense2_camera_msgs/share/realsense2_camera_msgs/cmake/realsense2_camera_msgsConfig.cmake\n'}
[2.963504] (realsense2_camera_msgs) StdoutLine: {'line': b'-- Up-to-date: /home/f1tenth/f1tenth_mrc_ws/install/realsense2_camera_msgs/share/realsense2_camera_msgs/cmake/realsense2_camera_msgsConfig-version.cmake\n'}
[2.963851] (realsense2_camera_msgs) StdoutLine: {'line': b'-- Up-to-date: /home/f1tenth/f1tenth_mrc_ws/install/realsense2_camera_msgs/share/realsense2_camera_msgs/package.xml\n'}
[2.964202] (gap_follow) JobProgress: {'identifier': 'gap_follow', 'progress': 'install'}
[2.964328] (gap_follow) Command: {'cmd': ['/usr/bin/cmake', '--install', '/home/f1tenth/f1tenth_mrc_ws/build/gap_follow'], 'cwd': '/home/f1tenth/f1tenth_mrc_ws/build/gap_follow', 'env': OrderedDict([('GJS_DEBUG_TOPICS', 'JS ERROR;JS LOG'), ('LESSOPEN', '| /usr/bin/lesspipe %s'), ('USER', 'f1tenth'), ('LC_TIME', 'bs_BA.UTF-8'), ('SSH_AGENT_PID', '2722'), ('XDG_SESSION_TYPE', 'x11'), ('SHLVL', '1'), ('LD_LIBRARY_PATH', '/opt/ros/foxy/opt/yaml_cpp_vendor/lib:/opt/ros/foxy/opt/rviz_ogre_vendor/lib:/opt/ros/foxy/lib/aarch64-linux-gnu:/opt/ros/foxy/lib'), ('HOME', '/home/f1tenth'), ('OLDPWD', '/home/f1tenth/f1tenth_mrc_ws/src'), ('DESKTOP_SESSION', 'ubuntu'), ('JETSON_L4T', '35.1.0'), ('GIO_LAUNCHED_DESKTOP_FILE', '/usr/share/applications/terminator.desktop'), ('ROS_PYTHON_VERSION', '3'), ('GNOME_SHELL_SESSION_MODE', 'ubuntu'), ('GTK_MODULES', 'gail:atk-bridge'), ('JETSON_MODEL', 'NVIDIA Jetson Xavier NX Developer Kit'), ('LC_MONETARY', 'bs_BA.UTF-8'), ('MANAGERPID', '2456'), ('DBUS_SESSION_BUS_ADDRESS', 'unix:path=/run/user/1000/bus'), ('COLORTERM', 'truecolor'), ('TERMINATOR_DBUS_NAME', 'net.tenshu.Terminator21a9d5db22c73a993ff0b42f64b396873'), ('GIO_LAUNCHED_DESKTOP_FILE_PID', '3398'), ('_colcon_cd_root', '/opt/ros/foxy/'), ('IM_CONFIG_PHASE', '1'), ('ROS_DISTRO', 'foxy'), ('LOGNAME', 'f1tenth'), ('JETSON_MODULE', 'NVIDIA Jetson Xavier NX (Developer kit)'), ('JETSON_SERIAL_NUMBER', '1422420033521'), ('JOURNAL_STREAM', '7:52952'), ('_', '/usr/bin/colcon'), ('ROS_VERSION', '2'), ('JETSON_CODENAME', 'Jakku'), ('XDG_SESSION_CLASS', 'user'), ('USERNAME', 'f1tenth'), ('TERM', 'xterm-256color'), ('GNOME_DESKTOP_SESSION_ID', 'this-is-deprecated'), ('ROS_LOCALHOST_ONLY', '0'), ('WINDOWPATH', '2'), ('PATH', '/opt/ros/foxy/bin:/home/f1tenth/.local/bin:/usr/local/sbin:/usr/local/bin:/usr/sbin:/usr/bin:/sbin:/bin:/usr/games:/usr/local/games:/snap/bin'), ('SESSION_MANAGER', 'local/f1tenth-desktop:@/tmp/.ICE-unix/2757,unix/f1tenth-desktop:/tmp/.ICE-unix/2757'), ('INVOCATION_ID', 'bd1f5b7138a241e9935586b351aafc78'), ('XDG_MENU_PREFIX', 'gnome-'), ('LC_ADDRESS', 'bs_BA.UTF-8'), ('XDG_RUNTIME_DIR', '/run/user/1000'), ('DISPLAY', ':0'), ('TERMINATOR_DBUS_PATH', '/net/tenshu/Terminator2'), ('LANG', 'en_US.UTF-8'), ('XDG_CURRENT_DESKTOP', 'ubuntu:GNOME'), ('LC_TELEPHONE', 'bs_BA.UTF-8'), ('XMODIFIERS', '@im=ibus'), ('XDG_SESSION_DESKTOP', 'ubuntu'), ('XAUTHORITY', '/run/user/1000/gdm/Xauthority'), ('LS_COLORS', 'rs=0:di=01;34:ln=01;36:mh=00:pi=40;33:so=01;35:do=01;35:bd=40;33;01:cd=40;33;01:or=40;31;01:mi=00:su=37;41:sg=30;43:ca=30;41:tw=30;42:ow=34;42:st=37;44:ex=01;32:*.tar=01;31:*.tgz=01;31:*.arc=01;31:*.arj=01;31:*.taz=01;31:*.lha=01;31:*.lz4=01;31:*.lzh=01;31:*.lzma=01;31:*.tlz=01;31:*.txz=01;31:*.tzo=01;31:*.t7z=01;31:*.zip=01;31:*.z=01;31:*.dz=01;31:*.gz=01;31:*.lrz=01;31:*.lz=01;31:*.lzo=01;31:*.xz=01;31:*.zst=01;31:*.tzst=01;31:*.bz2=01;31:*.bz=01;31:*.tbz=01;31:*.tbz2=01;31:*.tz=01;31:*.deb=01;31:*.rpm=01;31:*.jar=01;31:*.war=01;31:*.ear=01;31:*.sar=01;31:*.rar=01;31:*.alz=01;31:*.ace=01;31:*.zoo=01;31:*.cpio=01;31:*.7z=01;31:*.rz=01;31:*.cab=01;31:*.wim=01;31:*.swm=01;31:*.dwm=01;31:*.esd=01;31:*.jpg=01;35:*.jpeg=01;35:*.mjpg=01;35:*.mjpeg=01;35:*.gif=01;35:*.bmp=01;35:*.pbm=01;35:*.pgm=01;35:*.ppm=01;35:*.tga=01;35:*.xbm=01;35:*.xpm=01;35:*.tif=01;35:*.tiff=01;35:*.png=01;35:*.svg=01;35:*.svgz=01;35:*.mng=01;35:*.pcx=01;35:*.mov=01;35:*.mpg=01;35:*.mpeg=01;35:*.m2v=01;35:*.mkv=01;35:*.webm=01;35:*.ogm=01;35:*.mp4=01;35:*.m4v=01;35:*.mp4v=01;35:*.vob=01;35:*.qt=01;35:*.nuv=01;35:*.wmv=01;35:*.asf=01;35:*.rm=01;35:*.rmvb=01;35:*.flc=01;35:*.avi=01;35:*.fli=01;35:*.flv=01;35:*.gl=01;35:*.dl=01;35:*.xcf=01;35:*.xwd=01;35:*.yuv=01;35:*.cgm=01;35:*.emf=01;35:*.ogv=01;35:*.ogx=01;35:*.aac=00;36:*.au=00;36:*.flac=00;36:*.m4a=00;36:*.mid=00;36:*.midi=00;36:*.mka=00;36:*.mp3=00;36:*.mpc=00;36:*.ogg=00;36:*.ra=00;36:*.wav=00;36:*.oga=00;36:*.opus=00;36:*.spx=00;36:*.xspf=00;36:'), ('JETSON_SOC', 'tegra194'), ('SSH_AUTH_SOCK', '/run/user/1000/keyring/ssh'), ('ROS_DOMAIN_ID', '6'), ('AMENT_PREFIX_PATH', '/opt/ros/foxy'), ('SHELL', '/bin/bash'), ('CMAKE_ARGS', '-DBUILD_WITH_OPENMP=OFF'), ('LC_NAME', 'bs_BA.UTF-8'), ('TERMINATOR_UUID', 'urn:uuid:0a99abc2-9966-4d5d-a08b-faa1cb518880'), ('QT_ACCESSIBILITY', '1'), ('GDMSESSION', 'ubuntu'), ('LESSCLOSE', '/usr/bin/lesspipe %s %s'), ('LC_MEASUREMENT', 'bs_BA.UTF-8'), ('GPG_AGENT_INFO', '/run/user/1000/gnupg/S.gpg-agent:0:1'), ('GJS_DEBUG_OUTPUT', 'stderr'), ('LC_IDENTIFICATION', 'bs_BA.UTF-8'), ('QT_IM_MODULE', 'ibus'), ('JETSON_CUDA_ARCH_BIN', '7.2'), ('PWD', '/home/f1tenth/f1tenth_mrc_ws/build/gap_follow'), ('LC_ALL', 'en_US.UTF-8'), ('XDG_CONFIG_DIRS', '/etc/xdg/xdg-ubuntu:/etc/xdg'), ('XDG_DATA_DIRS', '/usr/share/ubuntu:/usr/local/share/:/usr/share/:/var/lib/snapd/desktop'), ('PYTHONPATH', '/opt/ros/foxy/lib/python3.8/site-packages'), ('LC_NUMERIC', 'bs_BA.UTF-8'), ('LC_PAPER', 'bs_BA.UTF-8'), ('COLCON', '1'), ('VTE_VERSION', '6003'), ('JETSON_JETPACK', '5.0.2 GA'), ('JETSON_P_NUMBER', 'p3668-0000'), ('CMAKE_PREFIX_PATH', '/opt/ros/foxy')]), 'shell': False}
[2.972651] (realsense2_camera_msgs) CommandEnded: {'returncode': 0}
[3.025055] (gap_follow) StdoutLine: {'line': b'-- Install configuration: ""\n'}
[3.025907] (gap_follow) StdoutLine: {'line': b'-- Up-to-date: /home/f1tenth/f1tenth_mrc_ws/install/gap_follow/share/gap_follow/environment/pythonpath.sh\n'}
[3.026285] (gap_follow) StdoutLine: {'line': b'-- Up-to-date: /home/f1tenth/f1tenth_mrc_ws/install/gap_follow/share/gap_follow/environment/pythonpath.dsv\n'}
[3.026836] (gap_follow) StdoutLine: {'line': b'-- Up-to-date: /home/f1tenth/f1tenth_mrc_ws/install/gap_follow/lib/python3.8/site-packages/gap_follow\n'}
[3.029145] (gap_follow) StdoutLine: {'line': b'-- Up-to-date: /home/f1tenth/f1tenth_mrc_ws/install/gap_follow/lib/python3.8/site-packages/gap_follow/__init__.py\n'}
[3.047651] (-) TimerEvent: {}
[3.128953] (realsense2_camera_msgs) JobEnded: {'identifier': 'realsense2_camera_msgs', 'rc': 0}
[3.132315] (particle_filter) JobStarted: {'identifier': 'particle_filter'}
[3.149386] (-) TimerEvent: {}
[3.250817] (-) TimerEvent: {}
[3.304026] (gap_follow) StdoutLine: {'line': b"Listing '/home/f1tenth/f1tenth_mrc_ws/install/gap_follow/lib/python3.8/site-packages/gap_follow'...\n"}
[3.329391] (gap_follow) StdoutLine: {'line': b'-- Up-to-date: /home/f1tenth/f1tenth_mrc_ws/install/gap_follow/lib/gap_follow/reactive_node.py\n'}
[3.330347] (gap_follow) StdoutLine: {'line': b'-- Up-to-date: /home/f1tenth/f1tenth_mrc_ws/install/gap_follow/share/ament_index/resource_index/package_run_dependencies/gap_follow\n'}
[3.330789] (gap_follow) StdoutLine: {'line': b'-- Up-to-date: /home/f1tenth/f1tenth_mrc_ws/install/gap_follow/share/ament_index/resource_index/parent_prefix_path/gap_follow\n'}
[3.331182] (gap_follow) StdoutLine: {'line': b'-- Up-to-date: /home/f1tenth/f1tenth_mrc_ws/install/gap_follow/share/gap_follow/environment/ament_prefix_path.sh\n'}
[3.331754] (gap_follow) StdoutLine: {'line': b'-- Up-to-date: /home/f1tenth/f1tenth_mrc_ws/install/gap_follow/share/gap_follow/environment/ament_prefix_path.dsv\n'}
[3.332093] (gap_follow) StdoutLine: {'line': b'-- Up-to-date: /home/f1tenth/f1tenth_mrc_ws/install/gap_follow/share/gap_follow/environment/path.sh\n'}
[3.332640] (gap_follow) StdoutLine: {'line': b'-- Up-to-date: /home/f1tenth/f1tenth_mrc_ws/install/gap_follow/share/gap_follow/environment/path.dsv\n'}
[3.333151] (gap_follow) StdoutLine: {'line': b'-- Up-to-date: /home/f1tenth/f1tenth_mrc_ws/install/gap_follow/share/gap_follow/local_setup.bash\n'}
[3.333485] (gap_follow) StdoutLine: {'line': b'-- Up-to-date: /home/f1tenth/f1tenth_mrc_ws/install/gap_follow/share/gap_follow/local_setup.sh\n'}
[3.333774] (gap_follow) StdoutLine: {'line': b'-- Up-to-date: /home/f1tenth/f1tenth_mrc_ws/install/gap_follow/share/gap_follow/local_setup.zsh\n'}
[3.334036] (gap_follow) StdoutLine: {'line': b'-- Up-to-date: /home/f1tenth/f1tenth_mrc_ws/install/gap_follow/share/gap_follow/local_setup.dsv\n'}
[3.334593] (gap_follow) StdoutLine: {'line': b'-- Installing: /home/f1tenth/f1tenth_mrc_ws/install/gap_follow/share/gap_follow/package.dsv\n'}
[3.335094] (gap_follow) StdoutLine: {'line': b'-- Up-to-date: /home/f1tenth/f1tenth_mrc_ws/install/gap_follow/share/ament_index/resource_index/packages/gap_follow\n'}
[3.335666] (gap_follow) StdoutLine: {'line': b'-- Up-to-date: /home/f1tenth/f1tenth_mrc_ws/install/gap_follow/share/gap_follow/cmake/gap_followConfig.cmake\n'}
[3.335995] (gap_follow) StdoutLine: {'line': b'-- Up-to-date: /home/f1tenth/f1tenth_mrc_ws/install/gap_follow/share/gap_follow/cmake/gap_followConfig-version.cmake\n'}
[3.336533] (gap_follow) StdoutLine: {'line': b'-- Up-to-date: /home/f1tenth/f1tenth_mrc_ws/install/gap_follow/share/gap_follow/package.xml\n'}
[3.350650] (-) TimerEvent: {}
[3.451943] (-) TimerEvent: {}
[3.552782] (-) TimerEvent: {}
[3.653639] (-) TimerEvent: {}
[3.754380] (-) TimerEvent: {}
[3.855174] (-) TimerEvent: {}
[3.957194] (-) TimerEvent: {}
[4.058147] (-) TimerEvent: {}
[4.159161] (-) TimerEvent: {}
[4.260553] (-) TimerEvent: {}
[4.361870] (-) TimerEvent: {}
[4.430606] (gap_follow) CommandEnded: {'returncode': 0}
[4.462070] (-) TimerEvent: {}
[4.523290] (gap_follow) JobEnded: {'identifier': 'gap_follow', 'rc': 0}
[4.527521] (ppo_racing) JobStarted: {'identifier': 'ppo_racing'}
[4.562966] (-) TimerEvent: {}
[4.607402] (f1tenth_gym_ros) Command: {'cmd': ['/usr/bin/python3', '-W', 'ignore:setup.py install is deprecated', '-W', 'ignore:easy_install command is deprecated', 'setup.py', 'egg_info', '--egg-base', '../../build/f1tenth_gym_ros', 'build', '--build-base', '/home/f1tenth/f1tenth_mrc_ws/build/f1tenth_gym_ros/build', 'install', '--record', '/home/f1tenth/f1tenth_mrc_ws/build/f1tenth_gym_ros/install.log', '--single-version-externally-managed', 'install_data'], 'cwd': '/home/f1tenth/f1tenth_mrc_ws/src/f1tenth_gym_ros', 'env': {'GJS_DEBUG_TOPICS': 'JS ERROR;JS LOG', 'LESSOPEN': '| /usr/bin/lesspipe %s', 'USER': 'f1tenth', 'LC_TIME': 'bs_BA.UTF-8', 'SSH_AGENT_PID': '2722', 'XDG_SESSION_TYPE': 'x11', 'SHLVL': '1', 'LD_LIBRARY_PATH': '/opt/ros/foxy/opt/yaml_cpp_vendor/lib:/opt/ros/foxy/opt/rviz_ogre_vendor/lib:/opt/ros/foxy/lib/aarch64-linux-gnu:/opt/ros/foxy/lib', 'HOME': '/home/f1tenth', 'OLDPWD': '/home/f1tenth/f1tenth_mrc_ws/src', 'DESKTOP_SESSION': 'ubuntu', 'JETSON_L4T': '35.1.0', 'GIO_LAUNCHED_DESKTOP_FILE': '/usr/share/applications/terminator.desktop', 'ROS_PYTHON_VERSION': '3', 'GNOME_SHELL_SESSION_MODE': 'ubuntu', 'GTK_MODULES': 'gail:atk-bridge', 'JETSON_MODEL': 'NVIDIA Jetson Xavier NX Developer Kit', 'LC_MONETARY': 'bs_BA.UTF-8', 'MANAGERPID': '2456', 'DBUS_SESSION_BUS_ADDRESS': 'unix:path=/run/user/1000/bus', 'COLORTERM': 'truecolor', 'TERMINATOR_DBUS_NAME': 'net.tenshu.Terminator21a9d5db22c73a993ff0b42f64b396873', 'GIO_LAUNCHED_DESKTOP_FILE_PID': '3398', '_colcon_cd_root': '/opt/ros/foxy/', 'IM_CONFIG_PHASE': '1', 'ROS_DISTRO': 'foxy', 'LOGNAME': 'f1tenth', 'JETSON_MODULE': 'NVIDIA Jetson Xavier NX (Developer kit)', 'JETSON_SERIAL_NUMBER': '1422420033521', 'JOURNAL_STREAM': '7:52952', '_': '/usr/bin/colcon', 'ROS_VERSION': '2', 'JETSON_CODENAME': 'Jakku', 'XDG_SESSION_CLASS': 'user', 'USERNAME': 'f1tenth', 'TERM': 'xterm-256color', 'GNOME_DESKTOP_SESSION_ID': 'this-is-deprecated', 'ROS_LOCALHOST_ONLY': '0', 'WINDOWPATH': '2', 'PATH': '/opt/ros/foxy/bin:/home/f1tenth/.local/bin:/usr/local/sbin:/usr/local/bin:/usr/sbin:/usr/bin:/sbin:/bin:/usr/games:/usr/local/games:/snap/bin', 'SESSION_MANAGER': 'local/f1tenth-desktop:@/tmp/.ICE-unix/2757,unix/f1tenth-desktop:/tmp/.ICE-unix/2757', 'INVOCATION_ID': 'bd1f5b7138a241e9935586b351aafc78', 'XDG_MENU_PREFIX': 'gnome-', 'LC_ADDRESS': 'bs_BA.UTF-8', 'XDG_RUNTIME_DIR': '/run/user/1000', 'DISPLAY': ':0', 'TERMINATOR_DBUS_PATH': '/net/tenshu/Terminator2', 'LANG': 'en_US.UTF-8', 'XDG_CURRENT_DESKTOP': 'ubuntu:GNOME', 'LC_TELEPHONE': 'bs_BA.UTF-8', 'XMODIFIERS': '@im=ibus', 'XDG_SESSION_DESKTOP': 'ubuntu', 'XAUTHORITY': '/run/user/1000/gdm/Xauthority', 'LS_COLORS': 'rs=0:di=01;34:ln=01;36:mh=00:pi=40;33:so=01;35:do=01;35:bd=40;33;01:cd=40;33;01:or=40;31;01:mi=00:su=37;41:sg=30;43:ca=30;41:tw=30;42:ow=34;42:st=37;44:ex=01;32:*.tar=01;31:*.tgz=01;31:*.arc=01;31:*.arj=01;31:*.taz=01;31:*.lha=01;31:*.lz4=01;31:*.lzh=01;31:*.lzma=01;31:*.tlz=01;31:*.txz=01;31:*.tzo=01;31:*.t7z=01;31:*.zip=01;31:*.z=01;31:*.dz=01;31:*.gz=01;31:*.lrz=01;31:*.lz=01;31:*.lzo=01;31:*.xz=01;31:*.zst=01;31:*.tzst=01;31:*.bz2=01;31:*.bz=01;31:*.tbz=01;31:*.tbz2=01;31:*.tz=01;31:*.deb=01;31:*.rpm=01;31:*.jar=01;31:*.war=01;31:*.ear=01;31:*.sar=01;31:*.rar=01;31:*.alz=01;31:*.ace=01;31:*.zoo=01;31:*.cpio=01;31:*.7z=01;31:*.rz=01;31:*.cab=01;31:*.wim=01;31:*.swm=01;31:*.dwm=01;31:*.esd=01;31:*.jpg=01;35:*.jpeg=01;35:*.mjpg=01;35:*.mjpeg=01;35:*.gif=01;35:*.bmp=01;35:*.pbm=01;35:*.pgm=01;35:*.ppm=01;35:*.tga=01;35:*.xbm=01;35:*.xpm=01;35:*.tif=01;35:*.tiff=01;35:*.png=01;35:*.svg=01;35:*.svgz=01;35:*.mng=01;35:*.pcx=01;35:*.mov=01;35:*.mpg=01;35:*.mpeg=01;35:*.m2v=01;35:*.mkv=01;35:*.webm=01;35:*.ogm=01;35:*.mp4=01;35:*.m4v=01;35:*.mp4v=01;35:*.vob=01;35:*.qt=01;35:*.nuv=01;35:*.wmv=01;35:*.asf=01;35:*.rm=01;35:*.rmvb=01;35:*.flc=01;35:*.avi=01;35:*.fli=01;35:*.flv=01;35:*.gl=01;35:*.dl=01;35:*.xcf=01;35:*.xwd=01;35:*.yuv=01;35:*.cgm=01;35:*.emf=01;35:*.ogv=01;35:*.ogx=01;35:*.aac=00;36:*.au=00;36:*.flac=00;36:*.m4a=00;36:*.mid=00;36:*.midi=00;36:*.mka=00;36:*.mp3=00;36:*.mpc=00;36:*.ogg=00;36:*.ra=00;36:*.wav=00;36:*.oga=00;36:*.opus=00;36:*.spx=00;36:*.xspf=00;36:', 'JETSON_SOC': 'tegra194', 'SSH_AUTH_SOCK': '/run/user/1000/keyring/ssh', 'ROS_DOMAIN_ID': '6', 'AMENT_PREFIX_PATH': '/opt/ros/foxy', 'SHELL': '/bin/bash', 'CMAKE_ARGS': '-DBUILD_WITH_OPENMP=OFF', 'LC_NAME': 'bs_BA.UTF-8', 'TERMINATOR_UUID': 'urn:uuid:0a99abc2-9966-4d5d-a08b-faa1cb518880', 'QT_ACCESSIBILITY': '1', 'GDMSESSION': 'ubuntu', 'LESSCLOSE': '/usr/bin/lesspipe %s %s', 'LC_MEASUREMENT': 'bs_BA.UTF-8', 'GPG_AGENT_INFO': '/run/user/1000/gnupg/S.gpg-agent:0:1', 'GJS_DEBUG_OUTPUT': 'stderr', 'LC_IDENTIFICATION': 'bs_BA.UTF-8', 'QT_IM_MODULE': 'ibus', 'JETSON_CUDA_ARCH_BIN': '7.2', 'PWD': '/home/f1tenth/f1tenth_mrc_ws/build/f1tenth_gym_ros', 'LC_ALL': 'en_US.UTF-8', 'XDG_CONFIG_DIRS': '/etc/xdg/xdg-ubuntu:/etc/xdg', 'XDG_DATA_DIRS': '/usr/share/ubuntu:/usr/local/share/:/usr/share/:/var/lib/snapd/desktop', 'PYTHONPATH': '/home/f1tenth/f1tenth_mrc_ws/build/f1tenth_gym_ros/prefix_override:/usr/lib/python3/dist-packages/colcon_core/task/python/colcon_distutils_commands:/home/f1tenth/f1tenth_mrc_ws/install/f1tenth_gym_ros/lib/python3.8/site-packages:/opt/ros/foxy/lib/python3.8/site-packages', 'LC_NUMERIC': 'bs_BA.UTF-8', 'LC_PAPER': 'bs_BA.UTF-8', 'COLCON': '1', 'VTE_VERSION': '6003', 'JETSON_JETPACK': '5.0.2 GA', 'JETSON_P_NUMBER': 'p3668-0000'}, 'shell': False}
[4.664510] (-) TimerEvent: {}
[4.766860] (-) TimerEvent: {}
[4.867756] (-) TimerEvent: {}
[4.968602] (-) TimerEvent: {}
[5.069398] (-) TimerEvent: {}
[5.170254] (-) TimerEvent: {}
[5.272234] (-) TimerEvent: {}
[5.373145] (-) TimerEvent: {}
[5.473959] (-) TimerEvent: {}
[5.575039] (-) TimerEvent: {}
[5.675920] (-) TimerEvent: {}
[5.761251] (f1tenth_gym_ros) StdoutLine: {'line': b'running egg_info\n'}
[5.764541] (f1tenth_gym_ros) StdoutLine: {'line': b'writing ../../build/f1tenth_gym_ros/f1tenth_gym_ros.egg-info/PKG-INFO\n'}
[5.765864] (f1tenth_gym_ros) StdoutLine: {'line': b'writing dependency_links to ../../build/f1tenth_gym_ros/f1tenth_gym_ros.egg-info/dependency_links.txt\n'}
[5.766434] (f1tenth_gym_ros) StdoutLine: {'line': b'writing entry points to ../../build/f1tenth_gym_ros/f1tenth_gym_ros.egg-info/entry_points.txt\n'}
[5.766799] (f1tenth_gym_ros) StdoutLine: {'line': b'writing requirements to ../../build/f1tenth_gym_ros/f1tenth_gym_ros.egg-info/requires.txt\n'}
[5.767104] (f1tenth_gym_ros) StdoutLine: {'line': b'writing top-level names to ../../build/f1tenth_gym_ros/f1tenth_gym_ros.egg-info/top_level.txt\n'}
[5.776127] (-) TimerEvent: {}
[5.777765] (f1tenth_gym_ros) StdoutLine: {'line': b"reading manifest file '../../build/f1tenth_gym_ros/f1tenth_gym_ros.egg-info/SOURCES.txt'\n"}
[5.779041] (f1tenth_gym_ros) StdoutLine: {'line': b"adding license file 'LICENSE'\n"}
[5.781732] (f1tenth_gym_ros) StdoutLine: {'line': b"writing manifest file '../../build/f1tenth_gym_ros/f1tenth_gym_ros.egg-info/SOURCES.txt'\n"}
[5.782483] (f1tenth_gym_ros) StdoutLine: {'line': b'running build\n'}
[5.782886] (f1tenth_gym_ros) StdoutLine: {'line': b'running build_py\n'}
[5.783881] (f1tenth_gym_ros) StdoutLine: {'line': b'running install\n'}
[5.788161] (f1tenth_gym_ros) StdoutLine: {'line': b'running install_lib\n'}
[5.793512] (f1tenth_gym_ros) StdoutLine: {'line': b'running install_data\n'}
[5.796591] (f1tenth_gym_ros) StdoutLine: {'line': b'running install_egg_info\n'}
[5.802064] (f1tenth_gym_ros) StdoutLine: {'line': b"removing '/home/f1tenth/f1tenth_mrc_ws/install/f1tenth_gym_ros/lib/python3.8/site-packages/f1tenth_gym_ros-0.0.0-py3.8.egg-info' (and everything under it)\n"}
[5.803671] (f1tenth_gym_ros) StdoutLine: {'line': b'Copying ../../build/f1tenth_gym_ros/f1tenth_gym_ros.egg-info to /home/f1tenth/f1tenth_mrc_ws/install/f1tenth_gym_ros/lib/python3.8/site-packages/f1tenth_gym_ros-0.0.0-py3.8.egg-info\n'}
[5.808388] (f1tenth_gym_ros) StdoutLine: {'line': b'running install_scripts\n'}
[5.876635] (-) TimerEvent: {}
[5.885616] (f1tenth_gym_ros) StdoutLine: {'line': b'Installing gym_bridge script to /home/f1tenth/f1tenth_mrc_ws/install/f1tenth_gym_ros/lib/f1tenth_gym_ros\n'}
[5.887905] (f1tenth_gym_ros) StdoutLine: {'line': b"writing list of installed files to '/home/f1tenth/f1tenth_mrc_ws/build/f1tenth_gym_ros/install.log'\n"}
[5.930048] (camera_pkg) Command: {'cmd': ['/usr/bin/python3', '-W', 'ignore:setup.py install is deprecated', '-W', 'ignore:easy_install command is deprecated', 'setup.py', 'egg_info', '--egg-base', '../../build/camera_pkg', 'build', '--build-base', '/home/f1tenth/f1tenth_mrc_ws/build/camera_pkg/build', 'install', '--record', '/home/f1tenth/f1tenth_mrc_ws/build/camera_pkg/install.log', '--install-scripts', '$base/lib/camera_pkg', '--single-version-externally-managed', 'install_data'], 'cwd': '/home/f1tenth/f1tenth_mrc_ws/src/camera_pkg', 'env': {'GJS_DEBUG_TOPICS': 'JS ERROR;JS LOG', 'LESSOPEN': '| /usr/bin/lesspipe %s', 'USER': 'f1tenth', 'LC_TIME': 'bs_BA.UTF-8', 'SSH_AGENT_PID': '2722', 'XDG_SESSION_TYPE': 'x11', 'SHLVL': '1', 'LD_LIBRARY_PATH': '/opt/ros/foxy/opt/yaml_cpp_vendor/lib:/opt/ros/foxy/opt/rviz_ogre_vendor/lib:/opt/ros/foxy/lib/aarch64-linux-gnu:/opt/ros/foxy/lib', 'HOME': '/home/f1tenth', 'OLDPWD': '/home/f1tenth/f1tenth_mrc_ws/src', 'DESKTOP_SESSION': 'ubuntu', 'JETSON_L4T': '35.1.0', 'GIO_LAUNCHED_DESKTOP_FILE': '/usr/share/applications/terminator.desktop', 'ROS_PYTHON_VERSION': '3', 'GNOME_SHELL_SESSION_MODE': 'ubuntu', 'GTK_MODULES': 'gail:atk-bridge', 'JETSON_MODEL': 'NVIDIA Jetson Xavier NX Developer Kit', 'LC_MONETARY': 'bs_BA.UTF-8', 'MANAGERPID': '2456', 'DBUS_SESSION_BUS_ADDRESS': 'unix:path=/run/user/1000/bus', 'COLORTERM': 'truecolor', 'TERMINATOR_DBUS_NAME': 'net.tenshu.Terminator21a9d5db22c73a993ff0b42f64b396873', 'GIO_LAUNCHED_DESKTOP_FILE_PID': '3398', '_colcon_cd_root': '/opt/ros/foxy/', 'IM_CONFIG_PHASE': '1', 'ROS_DISTRO': 'foxy', 'LOGNAME': 'f1tenth', 'JETSON_MODULE': 'NVIDIA Jetson Xavier NX (Developer kit)', 'JETSON_SERIAL_NUMBER': '1422420033521', 'JOURNAL_STREAM': '7:52952', '_': '/usr/bin/colcon', 'ROS_VERSION': '2', 'JETSON_CODENAME': 'Jakku', 'XDG_SESSION_CLASS': 'user', 'USERNAME': 'f1tenth', 'TERM': 'xterm-256color', 'GNOME_DESKTOP_SESSION_ID': 'this-is-deprecated', 'ROS_LOCALHOST_ONLY': '0', 'WINDOWPATH': '2', 'PATH': '/opt/ros/foxy/bin:/home/f1tenth/.local/bin:/usr/local/sbin:/usr/local/bin:/usr/sbin:/usr/bin:/sbin:/bin:/usr/games:/usr/local/games:/snap/bin', 'SESSION_MANAGER': 'local/f1tenth-desktop:@/tmp/.ICE-unix/2757,unix/f1tenth-desktop:/tmp/.ICE-unix/2757', 'INVOCATION_ID': 'bd1f5b7138a241e9935586b351aafc78', 'XDG_MENU_PREFIX': 'gnome-', 'LC_ADDRESS': 'bs_BA.UTF-8', 'XDG_RUNTIME_DIR': '/run/user/1000', 'DISPLAY': ':0', 'TERMINATOR_DBUS_PATH': '/net/tenshu/Terminator2', 'LANG': 'en_US.UTF-8', 'XDG_CURRENT_DESKTOP': 'ubuntu:GNOME', 'LC_TELEPHONE': 'bs_BA.UTF-8', 'XMODIFIERS': '@im=ibus', 'XDG_SESSION_DESKTOP': 'ubuntu', 'XAUTHORITY': '/run/user/1000/gdm/Xauthority', 'LS_COLORS': 'rs=0:di=01;34:ln=01;36:mh=00:pi=40;33:so=01;35:do=01;35:bd=40;33;01:cd=40;33;01:or=40;31;01:mi=00:su=37;41:sg=30;43:ca=30;41:tw=30;42:ow=34;42:st=37;44:ex=01;32:*.tar=01;31:*.tgz=01;31:*.arc=01;31:*.arj=01;31:*.taz=01;31:*.lha=01;31:*.lz4=01;31:*.lzh=01;31:*.lzma=01;31:*.tlz=01;31:*.txz=01;31:*.tzo=01;31:*.t7z=01;31:*.zip=01;31:*.z=01;31:*.dz=01;31:*.gz=01;31:*.lrz=01;31:*.lz=01;31:*.lzo=01;31:*.xz=01;31:*.zst=01;31:*.tzst=01;31:*.bz2=01;31:*.bz=01;31:*.tbz=01;31:*.tbz2=01;31:*.tz=01;31:*.deb=01;31:*.rpm=01;31:*.jar=01;31:*.war=01;31:*.ear=01;31:*.sar=01;31:*.rar=01;31:*.alz=01;31:*.ace=01;31:*.zoo=01;31:*.cpio=01;31:*.7z=01;31:*.rz=01;31:*.cab=01;31:*.wim=01;31:*.swm=01;31:*.dwm=01;31:*.esd=01;31:*.jpg=01;35:*.jpeg=01;35:*.mjpg=01;35:*.mjpeg=01;35:*.gif=01;35:*.bmp=01;35:*.pbm=01;35:*.pgm=01;35:*.ppm=01;35:*.tga=01;35:*.xbm=01;35:*.xpm=01;35:*.tif=01;35:*.tiff=01;35:*.png=01;35:*.svg=01;35:*.svgz=01;35:*.mng=01;35:*.pcx=01;35:*.mov=01;35:*.mpg=01;35:*.mpeg=01;35:*.m2v=01;35:*.mkv=01;35:*.webm=01;35:*.ogm=01;35:*.mp4=01;35:*.m4v=01;35:*.mp4v=01;35:*.vob=01;35:*.qt=01;35:*.nuv=01;35:*.wmv=01;35:*.asf=01;35:*.rm=01;35:*.rmvb=01;35:*.flc=01;35:*.avi=01;35:*.fli=01;35:*.flv=01;35:*.gl=01;35:*.dl=01;35:*.xcf=01;35:*.xwd=01;35:*.yuv=01;35:*.cgm=01;35:*.emf=01;35:*.ogv=01;35:*.ogx=01;35:*.aac=00;36:*.au=00;36:*.flac=00;36:*.m4a=00;36:*.mid=00;36:*.midi=00;36:*.mka=00;36:*.mp3=00;36:*.mpc=00;36:*.ogg=00;36:*.ra=00;36:*.wav=00;36:*.oga=00;36:*.opus=00;36:*.spx=00;36:*.xspf=00;36:', 'JETSON_SOC': 'tegra194', 'SSH_AUTH_SOCK': '/run/user/1000/keyring/ssh', 'ROS_DOMAIN_ID': '6', 'AMENT_PREFIX_PATH': '/opt/ros/foxy', 'SHELL': '/bin/bash', 'CMAKE_ARGS': '-DBUILD_WITH_OPENMP=OFF', 'LC_NAME': 'bs_BA.UTF-8', 'TERMINATOR_UUID': 'urn:uuid:0a99abc2-9966-4d5d-a08b-faa1cb518880', 'QT_ACCESSIBILITY': '1', 'GDMSESSION': 'ubuntu', 'LESSCLOSE': '/usr/bin/lesspipe %s %s', 'LC_MEASUREMENT': 'bs_BA.UTF-8', 'GPG_AGENT_INFO': '/run/user/1000/gnupg/S.gpg-agent:0:1', 'GJS_DEBUG_OUTPUT': 'stderr', 'LC_IDENTIFICATION': 'bs_BA.UTF-8', 'QT_IM_MODULE': 'ibus', 'JETSON_CUDA_ARCH_BIN': '7.2', 'PWD': '/home/f1tenth/f1tenth_mrc_ws/build/camera_pkg', 'LC_ALL': 'en_US.UTF-8', 'XDG_CONFIG_DIRS': '/etc/xdg/xdg-ubuntu:/etc/xdg', 'XDG_DATA_DIRS': '/usr/share/ubuntu:/usr/local/share/:/usr/share/:/var/lib/snapd/desktop', 'PYTHONPATH': '/home/f1tenth/f1tenth_mrc_ws/build/camera_pkg/prefix_override:/usr/lib/python3/dist-packages/colcon_core/task/python/colcon_distutils_commands:/home/f1tenth/f1tenth_mrc_ws/install/camera_pkg/lib/python3.8/site-packages:/opt/ros/foxy/lib/python3.8/site-packages', 'LC_NUMERIC': 'bs_BA.UTF-8', 'LC_PAPER': 'bs_BA.UTF-8', 'COLCON': '1', 'VTE_VERSION': '6003', 'JETSON_JETPACK': '5.0.2 GA', 'JETSON_P_NUMBER': 'p3668-0000'}, 'shell': False}
[5.981277] (-) TimerEvent: {}
[6.008771] (f1tenth_gym_ros) CommandEnded: {'returncode': 0}
[6.081682] (-) TimerEvent: {}
[6.101302] (f1tenth_gym_ros) JobEnded: {'identifier': 'f1tenth_gym_ros', 'rc': 0}
[6.108725] (pure_pursuit) JobStarted: {'identifier': 'pure_pursuit'}
[6.184261] (-) TimerEvent: {}
[6.213502] (pure_pursuit) JobProgress: {'identifier': 'pure_pursuit', 'progress': 'cmake'}
[6.223940] (pure_pursuit) JobProgress: {'identifier': 'pure_pursuit', 'progress': 'build'}
[6.225433] (pure_pursuit) Command: {'cmd': ['/usr/bin/cmake', '--build', '/home/f1tenth/f1tenth_mrc_ws/build/pure_pursuit', '--', '-j4', '-l4'], 'cwd': '/home/f1tenth/f1tenth_mrc_ws/build/pure_pursuit', 'env': OrderedDict([('GJS_DEBUG_TOPICS', 'JS ERROR;JS LOG'), ('LESSOPEN', '| /usr/bin/lesspipe %s'), ('USER', 'f1tenth'), ('LC_TIME', 'bs_BA.UTF-8'), ('SSH_AGENT_PID', '2722'), ('XDG_SESSION_TYPE', 'x11'), ('SHLVL', '1'), ('LD_LIBRARY_PATH', '/opt/ros/foxy/opt/yaml_cpp_vendor/lib:/opt/ros/foxy/opt/rviz_ogre_vendor/lib:/opt/ros/foxy/lib/aarch64-linux-gnu:/opt/ros/foxy/lib'), ('HOME', '/home/f1tenth'), ('OLDPWD', '/home/f1tenth/f1tenth_mrc_ws/src'), ('DESKTOP_SESSION', 'ubuntu'), ('JETSON_L4T', '35.1.0'), ('GIO_LAUNCHED_DESKTOP_FILE', '/usr/share/applications/terminator.desktop'), ('ROS_PYTHON_VERSION', '3'), ('GNOME_SHELL_SESSION_MODE', 'ubuntu'), ('GTK_MODULES', 'gail:atk-bridge'), ('JETSON_MODEL', 'NVIDIA Jetson Xavier NX Developer Kit'), ('LC_MONETARY', 'bs_BA.UTF-8'), ('MANAGERPID', '2456'), ('DBUS_SESSION_BUS_ADDRESS', 'unix:path=/run/user/1000/bus'), ('COLORTERM', 'truecolor'), ('TERMINATOR_DBUS_NAME', 'net.tenshu.Terminator21a9d5db22c73a993ff0b42f64b396873'), ('GIO_LAUNCHED_DESKTOP_FILE_PID', '3398'), ('_colcon_cd_root', '/opt/ros/foxy/'), ('IM_CONFIG_PHASE', '1'), ('ROS_DISTRO', 'foxy'), ('LOGNAME', 'f1tenth'), ('JETSON_MODULE', 'NVIDIA Jetson Xavier NX (Developer kit)'), ('JETSON_SERIAL_NUMBER', '1422420033521'), ('JOURNAL_STREAM', '7:52952'), ('_', '/usr/bin/colcon'), ('ROS_VERSION', '2'), ('JETSON_CODENAME', 'Jakku'), ('XDG_SESSION_CLASS', 'user'), ('USERNAME', 'f1tenth'), ('TERM', 'xterm-256color'), ('GNOME_DESKTOP_SESSION_ID', 'this-is-deprecated'), ('ROS_LOCALHOST_ONLY', '0'), ('WINDOWPATH', '2'), ('PATH', '/opt/ros/foxy/bin:/home/f1tenth/.local/bin:/usr/local/sbin:/usr/local/bin:/usr/sbin:/usr/bin:/sbin:/bin:/usr/games:/usr/local/games:/snap/bin'), ('SESSION_MANAGER', 'local/f1tenth-desktop:@/tmp/.ICE-unix/2757,unix/f1tenth-desktop:/tmp/.ICE-unix/2757'), ('INVOCATION_ID', 'bd1f5b7138a241e9935586b351aafc78'), ('XDG_MENU_PREFIX', 'gnome-'), ('LC_ADDRESS', 'bs_BA.UTF-8'), ('XDG_RUNTIME_DIR', '/run/user/1000'), ('DISPLAY', ':0'), ('TERMINATOR_DBUS_PATH', '/net/tenshu/Terminator2'), ('LANG', 'en_US.UTF-8'), ('XDG_CURRENT_DESKTOP', 'ubuntu:GNOME'), ('LC_TELEPHONE', 'bs_BA.UTF-8'), ('XMODIFIERS', '@im=ibus'), ('XDG_SESSION_DESKTOP', 'ubuntu'), ('XAUTHORITY', '/run/user/1000/gdm/Xauthority'), ('LS_COLORS', 'rs=0:di=01;34:ln=01;36:mh=00:pi=40;33:so=01;35:do=01;35:bd=40;33;01:cd=40;33;01:or=40;31;01:mi=00:su=37;41:sg=30;43:ca=30;41:tw=30;42:ow=34;42:st=37;44:ex=01;32:*.tar=01;31:*.tgz=01;31:*.arc=01;31:*.arj=01;31:*.taz=01;31:*.lha=01;31:*.lz4=01;31:*.lzh=01;31:*.lzma=01;31:*.tlz=01;31:*.txz=01;31:*.tzo=01;31:*.t7z=01;31:*.zip=01;31:*.z=01;31:*.dz=01;31:*.gz=01;31:*.lrz=01;31:*.lz=01;31:*.lzo=01;31:*.xz=01;31:*.zst=01;31:*.tzst=01;31:*.bz2=01;31:*.bz=01;31:*.tbz=01;31:*.tbz2=01;31:*.tz=01;31:*.deb=01;31:*.rpm=01;31:*.jar=01;31:*.war=01;31:*.ear=01;31:*.sar=01;31:*.rar=01;31:*.alz=01;31:*.ace=01;31:*.zoo=01;31:*.cpio=01;31:*.7z=01;31:*.rz=01;31:*.cab=01;31:*.wim=01;31:*.swm=01;31:*.dwm=01;31:*.esd=01;31:*.jpg=01;35:*.jpeg=01;35:*.mjpg=01;35:*.mjpeg=01;35:*.gif=01;35:*.bmp=01;35:*.pbm=01;35:*.pgm=01;35:*.ppm=01;35:*.tga=01;35:*.xbm=01;35:*.xpm=01;35:*.tif=01;35:*.tiff=01;35:*.png=01;35:*.svg=01;35:*.svgz=01;35:*.mng=01;35:*.pcx=01;35:*.mov=01;35:*.mpg=01;35:*.mpeg=01;35:*.m2v=01;35:*.mkv=01;35:*.webm=01;35:*.ogm=01;35:*.mp4=01;35:*.m4v=01;35:*.mp4v=01;35:*.vob=01;35:*.qt=01;35:*.nuv=01;35:*.wmv=01;35:*.asf=01;35:*.rm=01;35:*.rmvb=01;35:*.flc=01;35:*.avi=01;35:*.fli=01;35:*.flv=01;35:*.gl=01;35:*.dl=01;35:*.xcf=01;35:*.xwd=01;35:*.yuv=01;35:*.cgm=01;35:*.emf=01;35:*.ogv=01;35:*.ogx=01;35:*.aac=00;36:*.au=00;36:*.flac=00;36:*.m4a=00;36:*.mid=00;36:*.midi=00;36:*.mka=00;36:*.mp3=00;36:*.mpc=00;36:*.ogg=00;36:*.ra=00;36:*.wav=00;36:*.oga=00;36:*.opus=00;36:*.spx=00;36:*.xspf=00;36:'), ('JETSON_SOC', 'tegra194'), ('SSH_AUTH_SOCK', '/run/user/1000/keyring/ssh'), ('ROS_DOMAIN_ID', '6'), ('AMENT_PREFIX_PATH', '/opt/ros/foxy'), ('SHELL', '/bin/bash'), ('CMAKE_ARGS', '-DBUILD_WITH_OPENMP=OFF'), ('LC_NAME', 'bs_BA.UTF-8'), ('TERMINATOR_UUID', 'urn:uuid:0a99abc2-9966-4d5d-a08b-faa1cb518880'), ('QT_ACCESSIBILITY', '1'), ('GDMSESSION', 'ubuntu'), ('LESSCLOSE', '/usr/bin/lesspipe %s %s'), ('LC_MEASUREMENT', 'bs_BA.UTF-8'), ('GPG_AGENT_INFO', '/run/user/1000/gnupg/S.gpg-agent:0:1'), ('GJS_DEBUG_OUTPUT', 'stderr'), ('LC_IDENTIFICATION', 'bs_BA.UTF-8'), ('QT_IM_MODULE', 'ibus'), ('JETSON_CUDA_ARCH_BIN', '7.2'), ('PWD', '/home/f1tenth/f1tenth_mrc_ws/build/pure_pursuit'), ('LC_ALL', 'en_US.UTF-8'), ('XDG_CONFIG_DIRS', '/etc/xdg/xdg-ubuntu:/etc/xdg'), ('XDG_DATA_DIRS', '/usr/share/ubuntu:/usr/local/share/:/usr/share/:/var/lib/snapd/desktop'), ('PYTHONPATH', '/opt/ros/foxy/lib/python3.8/site-packages'), ('LC_NUMERIC', 'bs_BA.UTF-8'), ('LC_PAPER', 'bs_BA.UTF-8'), ('COLCON', '1'), ('VTE_VERSION', '6003'), ('JETSON_JETPACK', '5.0.2 GA'), ('JETSON_P_NUMBER', 'p3668-0000'), ('CMAKE_PREFIX_PATH', '/opt/ros/foxy')]), 'shell': False}
[6.284630] (-) TimerEvent: {}
[6.386180] (-) TimerEvent: {}
[6.423297] (particle_filter) Command: {'cmd': ['/usr/bin/python3', '-W', 'ignore:setup.py install is deprecated', '-W', 'ignore:easy_install command is deprecated', 'setup.py', 'egg_info', '--egg-base', '../../build/particle_filter', 'build', '--build-base', '/home/f1tenth/f1tenth_mrc_ws/build/particle_filter/build', 'install', '--record', '/home/f1tenth/f1tenth_mrc_ws/build/particle_filter/install.log', '--install-scripts', '$base/lib/particle_filter', '--single-version-externally-managed', 'install_data'], 'cwd': '/home/f1tenth/f1tenth_mrc_ws/src/particle_filter', 'env': {'GJS_DEBUG_TOPICS': 'JS ERROR;JS LOG', 'LESSOPEN': '| /usr/bin/lesspipe %s', 'USER': 'f1tenth', 'LC_TIME': 'bs_BA.UTF-8', 'SSH_AGENT_PID': '2722', 'XDG_SESSION_TYPE': 'x11', 'SHLVL': '1', 'LD_LIBRARY_PATH': '/opt/ros/foxy/opt/yaml_cpp_vendor/lib:/opt/ros/foxy/opt/rviz_ogre_vendor/lib:/opt/ros/foxy/lib/aarch64-linux-gnu:/opt/ros/foxy/lib', 'HOME': '/home/f1tenth', 'OLDPWD': '/home/f1tenth/f1tenth_mrc_ws/src', 'DESKTOP_SESSION': 'ubuntu', 'JETSON_L4T': '35.1.0', 'GIO_LAUNCHED_DESKTOP_FILE': '/usr/share/applications/terminator.desktop', 'ROS_PYTHON_VERSION': '3', 'GNOME_SHELL_SESSION_MODE': 'ubuntu', 'GTK_MODULES': 'gail:atk-bridge', 'JETSON_MODEL': 'NVIDIA Jetson Xavier NX Developer Kit', 'LC_MONETARY': 'bs_BA.UTF-8', 'MANAGERPID': '2456', 'DBUS_SESSION_BUS_ADDRESS': 'unix:path=/run/user/1000/bus', 'COLORTERM': 'truecolor', 'TERMINATOR_DBUS_NAME': 'net.tenshu.Terminator21a9d5db22c73a993ff0b42f64b396873', 'GIO_LAUNCHED_DESKTOP_FILE_PID': '3398', '_colcon_cd_root': '/opt/ros/foxy/', 'IM_CONFIG_PHASE': '1', 'ROS_DISTRO': 'foxy', 'LOGNAME': 'f1tenth', 'JETSON_MODULE': 'NVIDIA Jetson Xavier NX (Developer kit)', 'JETSON_SERIAL_NUMBER': '1422420033521', 'JOURNAL_STREAM': '7:52952', '_': '/usr/bin/colcon', 'ROS_VERSION': '2', 'JETSON_CODENAME': 'Jakku', 'XDG_SESSION_CLASS': 'user', 'USERNAME': 'f1tenth', 'TERM': 'xterm-256color', 'GNOME_DESKTOP_SESSION_ID': 'this-is-deprecated', 'ROS_LOCALHOST_ONLY': '0', 'WINDOWPATH': '2', 'PATH': '/opt/ros/foxy/bin:/home/f1tenth/.local/bin:/usr/local/sbin:/usr/local/bin:/usr/sbin:/usr/bin:/sbin:/bin:/usr/games:/usr/local/games:/snap/bin', 'SESSION_MANAGER': 'local/f1tenth-desktop:@/tmp/.ICE-unix/2757,unix/f1tenth-desktop:/tmp/.ICE-unix/2757', 'INVOCATION_ID': 'bd1f5b7138a241e9935586b351aafc78', 'XDG_MENU_PREFIX': 'gnome-', 'LC_ADDRESS': 'bs_BA.UTF-8', 'XDG_RUNTIME_DIR': '/run/user/1000', 'DISPLAY': ':0', 'TERMINATOR_DBUS_PATH': '/net/tenshu/Terminator2', 'LANG': 'en_US.UTF-8', 'XDG_CURRENT_DESKTOP': 'ubuntu:GNOME', 'LC_TELEPHONE': 'bs_BA.UTF-8', 'XMODIFIERS': '@im=ibus', 'XDG_SESSION_DESKTOP': 'ubuntu', 'XAUTHORITY': '/run/user/1000/gdm/Xauthority', 'LS_COLORS': 'rs=0:di=01;34:ln=01;36:mh=00:pi=40;33:so=01;35:do=01;35:bd=40;33;01:cd=40;33;01:or=40;31;01:mi=00:su=37;41:sg=30;43:ca=30;41:tw=30;42:ow=34;42:st=37;44:ex=01;32:*.tar=01;31:*.tgz=01;31:*.arc=01;31:*.arj=01;31:*.taz=01;31:*.lha=01;31:*.lz4=01;31:*.lzh=01;31:*.lzma=01;31:*.tlz=01;31:*.txz=01;31:*.tzo=01;31:*.t7z=01;31:*.zip=01;31:*.z=01;31:*.dz=01;31:*.gz=01;31:*.lrz=01;31:*.lz=01;31:*.lzo=01;31:*.xz=01;31:*.zst=01;31:*.tzst=01;31:*.bz2=01;31:*.bz=01;31:*.tbz=01;31:*.tbz2=01;31:*.tz=01;31:*.deb=01;31:*.rpm=01;31:*.jar=01;31:*.war=01;31:*.ear=01;31:*.sar=01;31:*.rar=01;31:*.alz=01;31:*.ace=01;31:*.zoo=01;31:*.cpio=01;31:*.7z=01;31:*.rz=01;31:*.cab=01;31:*.wim=01;31:*.swm=01;31:*.dwm=01;31:*.esd=01;31:*.jpg=01;35:*.jpeg=01;35:*.mjpg=01;35:*.mjpeg=01;35:*.gif=01;35:*.bmp=01;35:*.pbm=01;35:*.pgm=01;35:*.ppm=01;35:*.tga=01;35:*.xbm=01;35:*.xpm=01;35:*.tif=01;35:*.tiff=01;35:*.png=01;35:*.svg=01;35:*.svgz=01;35:*.mng=01;35:*.pcx=01;35:*.mov=01;35:*.mpg=01;35:*.mpeg=01;35:*.m2v=01;35:*.mkv=01;35:*.webm=01;35:*.ogm=01;35:*.mp4=01;35:*.m4v=01;35:*.mp4v=01;35:*.vob=01;35:*.qt=01;35:*.nuv=01;35:*.wmv=01;35:*.asf=01;35:*.rm=01;35:*.rmvb=01;35:*.flc=01;35:*.avi=01;35:*.fli=01;35:*.flv=01;35:*.gl=01;35:*.dl=01;35:*.xcf=01;35:*.xwd=01;35:*.yuv=01;35:*.cgm=01;35:*.emf=01;35:*.ogv=01;35:*.ogx=01;35:*.aac=00;36:*.au=00;36:*.flac=00;36:*.m4a=00;36:*.mid=00;36:*.midi=00;36:*.mka=00;36:*.mp3=00;36:*.mpc=00;36:*.ogg=00;36:*.ra=00;36:*.wav=00;36:*.oga=00;36:*.opus=00;36:*.spx=00;36:*.xspf=00;36:', 'JETSON_SOC': 'tegra194', 'SSH_AUTH_SOCK': '/run/user/1000/keyring/ssh', 'ROS_DOMAIN_ID': '6', 'AMENT_PREFIX_PATH': '/opt/ros/foxy', 'SHELL': '/bin/bash', 'CMAKE_ARGS': '-DBUILD_WITH_OPENMP=OFF', 'LC_NAME': 'bs_BA.UTF-8', 'TERMINATOR_UUID': 'urn:uuid:0a99abc2-9966-4d5d-a08b-faa1cb518880', 'QT_ACCESSIBILITY': '1', 'GDMSESSION': 'ubuntu', 'LESSCLOSE': '/usr/bin/lesspipe %s %s', 'LC_MEASUREMENT': 'bs_BA.UTF-8', 'GPG_AGENT_INFO': '/run/user/1000/gnupg/S.gpg-agent:0:1', 'GJS_DEBUG_OUTPUT': 'stderr', 'LC_IDENTIFICATION': 'bs_BA.UTF-8', 'QT_IM_MODULE': 'ibus', 'JETSON_CUDA_ARCH_BIN': '7.2', 'PWD': '/home/f1tenth/f1tenth_mrc_ws/build/particle_filter', 'LC_ALL': 'en_US.UTF-8', 'XDG_CONFIG_DIRS': '/etc/xdg/xdg-ubuntu:/etc/xdg', 'XDG_DATA_DIRS': '/usr/share/ubuntu:/usr/local/share/:/usr/share/:/var/lib/snapd/desktop', 'PYTHONPATH': '/home/f1tenth/f1tenth_mrc_ws/build/particle_filter/prefix_override:/usr/lib/python3/dist-packages/colcon_core/task/python/colcon_distutils_commands:/home/f1tenth/f1tenth_mrc_ws/install/particle_filter/lib/python3.8/site-packages:/opt/ros/foxy/lib/python3.8/site-packages', 'LC_NUMERIC': 'bs_BA.UTF-8', 'LC_PAPER': 'bs_BA.UTF-8', 'COLCON': '1', 'VTE_VERSION': '6003', 'JETSON_JETPACK': '5.0.2 GA', 'JETSON_P_NUMBER': 'p3668-0000'}, 'shell': False}
[6.486777] (-) TimerEvent: {}
[6.560854] (pure_pursuit) CommandEnded: {'returncode': 0}
[6.564269] (pure_pursuit) JobProgress: {'identifier': 'pure_pursuit', 'progress': 'install'}
[6.572365] (pure_pursuit) Command: {'cmd': ['/usr/bin/cmake', '--install', '/home/f1tenth/f1tenth_mrc_ws/build/pure_pursuit'], 'cwd': '/home/f1tenth/f1tenth_mrc_ws/build/pure_pursuit', 'env': OrderedDict([('GJS_DEBUG_TOPICS', 'JS ERROR;JS LOG'), ('LESSOPEN', '| /usr/bin/lesspipe %s'), ('USER', 'f1tenth'), ('LC_TIME', 'bs_BA.UTF-8'), ('SSH_AGENT_PID', '2722'), ('XDG_SESSION_TYPE', 'x11'), ('SHLVL', '1'), ('LD_LIBRARY_PATH', '/opt/ros/foxy/opt/yaml_cpp_vendor/lib:/opt/ros/foxy/opt/rviz_ogre_vendor/lib:/opt/ros/foxy/lib/aarch64-linux-gnu:/opt/ros/foxy/lib'), ('HOME', '/home/f1tenth'), ('OLDPWD', '/home/f1tenth/f1tenth_mrc_ws/src'), ('DESKTOP_SESSION', 'ubuntu'), ('JETSON_L4T', '35.1.0'), ('GIO_LAUNCHED_DESKTOP_FILE', '/usr/share/applications/terminator.desktop'), ('ROS_PYTHON_VERSION', '3'), ('GNOME_SHELL_SESSION_MODE', 'ubuntu'), ('GTK_MODULES', 'gail:atk-bridge'), ('JETSON_MODEL', 'NVIDIA Jetson Xavier NX Developer Kit'), ('LC_MONETARY', 'bs_BA.UTF-8'), ('MANAGERPID', '2456'), ('DBUS_SESSION_BUS_ADDRESS', 'unix:path=/run/user/1000/bus'), ('COLORTERM', 'truecolor'), ('TERMINATOR_DBUS_NAME', 'net.tenshu.Terminator21a9d5db22c73a993ff0b42f64b396873'), ('GIO_LAUNCHED_DESKTOP_FILE_PID', '3398'), ('_colcon_cd_root', '/opt/ros/foxy/'), ('IM_CONFIG_PHASE', '1'), ('ROS_DISTRO', 'foxy'), ('LOGNAME', 'f1tenth'), ('JETSON_MODULE', 'NVIDIA Jetson Xavier NX (Developer kit)'), ('JETSON_SERIAL_NUMBER', '1422420033521'), ('JOURNAL_STREAM', '7:52952'), ('_', '/usr/bin/colcon'), ('ROS_VERSION', '2'), ('JETSON_CODENAME', 'Jakku'), ('XDG_SESSION_CLASS', 'user'), ('USERNAME', 'f1tenth'), ('TERM', 'xterm-256color'), ('GNOME_DESKTOP_SESSION_ID', 'this-is-deprecated'), ('ROS_LOCALHOST_ONLY', '0'), ('WINDOWPATH', '2'), ('PATH', '/opt/ros/foxy/bin:/home/f1tenth/.local/bin:/usr/local/sbin:/usr/local/bin:/usr/sbin:/usr/bin:/sbin:/bin:/usr/games:/usr/local/games:/snap/bin'), ('SESSION_MANAGER', 'local/f1tenth-desktop:@/tmp/.ICE-unix/2757,unix/f1tenth-desktop:/tmp/.ICE-unix/2757'), ('INVOCATION_ID', 'bd1f5b7138a241e9935586b351aafc78'), ('XDG_MENU_PREFIX', 'gnome-'), ('LC_ADDRESS', 'bs_BA.UTF-8'), ('XDG_RUNTIME_DIR', '/run/user/1000'), ('DISPLAY', ':0'), ('TERMINATOR_DBUS_PATH', '/net/tenshu/Terminator2'), ('LANG', 'en_US.UTF-8'), ('XDG_CURRENT_DESKTOP', 'ubuntu:GNOME'), ('LC_TELEPHONE', 'bs_BA.UTF-8'), ('XMODIFIERS', '@im=ibus'), ('XDG_SESSION_DESKTOP', 'ubuntu'), ('XAUTHORITY', '/run/user/1000/gdm/Xauthority'), ('LS_COLORS', 'rs=0:di=01;34:ln=01;36:mh=00:pi=40;33:so=01;35:do=01;35:bd=40;33;01:cd=40;33;01:or=40;31;01:mi=00:su=37;41:sg=30;43:ca=30;41:tw=30;42:ow=34;42:st=37;44:ex=01;32:*.tar=01;31:*.tgz=01;31:*.arc=01;31:*.arj=01;31:*.taz=01;31:*.lha=01;31:*.lz4=01;31:*.lzh=01;31:*.lzma=01;31:*.tlz=01;31:*.txz=01;31:*.tzo=01;31:*.t7z=01;31:*.zip=01;31:*.z=01;31:*.dz=01;31:*.gz=01;31:*.lrz=01;31:*.lz=01;31:*.lzo=01;31:*.xz=01;31:*.zst=01;31:*.tzst=01;31:*.bz2=01;31:*.bz=01;31:*.tbz=01;31:*.tbz2=01;31:*.tz=01;31:*.deb=01;31:*.rpm=01;31:*.jar=01;31:*.war=01;31:*.ear=01;31:*.sar=01;31:*.rar=01;31:*.alz=01;31:*.ace=01;31:*.zoo=01;31:*.cpio=01;31:*.7z=01;31:*.rz=01;31:*.cab=01;31:*.wim=01;31:*.swm=01;31:*.dwm=01;31:*.esd=01;31:*.jpg=01;35:*.jpeg=01;35:*.mjpg=01;35:*.mjpeg=01;35:*.gif=01;35:*.bmp=01;35:*.pbm=01;35:*.pgm=01;35:*.ppm=01;35:*.tga=01;35:*.xbm=01;35:*.xpm=01;35:*.tif=01;35:*.tiff=01;35:*.png=01;35:*.svg=01;35:*.svgz=01;35:*.mng=01;35:*.pcx=01;35:*.mov=01;35:*.mpg=01;35:*.mpeg=01;35:*.m2v=01;35:*.mkv=01;35:*.webm=01;35:*.ogm=01;35:*.mp4=01;35:*.m4v=01;35:*.mp4v=01;35:*.vob=01;35:*.qt=01;35:*.nuv=01;35:*.wmv=01;35:*.asf=01;35:*.rm=01;35:*.rmvb=01;35:*.flc=01;35:*.avi=01;35:*.fli=01;35:*.flv=01;35:*.gl=01;35:*.dl=01;35:*.xcf=01;35:*.xwd=01;35:*.yuv=01;35:*.cgm=01;35:*.emf=01;35:*.ogv=01;35:*.ogx=01;35:*.aac=00;36:*.au=00;36:*.flac=00;36:*.m4a=00;36:*.mid=00;36:*.midi=00;36:*.mka=00;36:*.mp3=00;36:*.mpc=00;36:*.ogg=00;36:*.ra=00;36:*.wav=00;36:*.oga=00;36:*.opus=00;36:*.spx=00;36:*.xspf=00;36:'), ('JETSON_SOC', 'tegra194'), ('SSH_AUTH_SOCK', '/run/user/1000/keyring/ssh'), ('ROS_DOMAIN_ID', '6'), ('AMENT_PREFIX_PATH', '/opt/ros/foxy'), ('SHELL', '/bin/bash'), ('CMAKE_ARGS', '-DBUILD_WITH_OPENMP=OFF'), ('LC_NAME', 'bs_BA.UTF-8'), ('TERMINATOR_UUID', 'urn:uuid:0a99abc2-9966-4d5d-a08b-faa1cb518880'), ('QT_ACCESSIBILITY', '1'), ('GDMSESSION', 'ubuntu'), ('LESSCLOSE', '/usr/bin/lesspipe %s %s'), ('LC_MEASUREMENT', 'bs_BA.UTF-8'), ('GPG_AGENT_INFO', '/run/user/1000/gnupg/S.gpg-agent:0:1'), ('GJS_DEBUG_OUTPUT', 'stderr'), ('LC_IDENTIFICATION', 'bs_BA.UTF-8'), ('QT_IM_MODULE', 'ibus'), ('JETSON_CUDA_ARCH_BIN', '7.2'), ('PWD', '/home/f1tenth/f1tenth_mrc_ws/build/pure_pursuit'), ('LC_ALL', 'en_US.UTF-8'), ('XDG_CONFIG_DIRS', '/etc/xdg/xdg-ubuntu:/etc/xdg'), ('XDG_DATA_DIRS', '/usr/share/ubuntu:/usr/local/share/:/usr/share/:/var/lib/snapd/desktop'), ('PYTHONPATH', '/opt/ros/foxy/lib/python3.8/site-packages'), ('LC_NUMERIC', 'bs_BA.UTF-8'), ('LC_PAPER', 'bs_BA.UTF-8'), ('COLCON', '1'), ('VTE_VERSION', '6003'), ('JETSON_JETPACK', '5.0.2 GA'), ('JETSON_P_NUMBER', 'p3668-0000'), ('CMAKE_PREFIX_PATH', '/opt/ros/foxy')]), 'shell': False}
[6.586991] (-) TimerEvent: {}
[6.633436] (pure_pursuit) StdoutLine: {'line': b'-- Install configuration: ""\n'}
[6.634606] (pure_pursuit) StdoutLine: {'line': b'-- Up-to-date: /home/f1tenth/f1tenth_mrc_ws/install/pure_pursuit/share/pure_pursuit/environment/pythonpath.sh\n'}
[6.636164] (pure_pursuit) StdoutLine: {'line': b'-- Up-to-date: /home/f1tenth/f1tenth_mrc_ws/install/pure_pursuit/share/pure_pursuit/environment/pythonpath.dsv\n'}
[6.636597] (pure_pursuit) StdoutLine: {'line': b'-- Up-to-date: /home/f1tenth/f1tenth_mrc_ws/install/pure_pursuit/lib/python3.8/site-packages/pure_pursuit\n'}
[6.639653] (pure_pursuit) StdoutLine: {'line': b'-- Up-to-date: /home/f1tenth/f1tenth_mrc_ws/install/pure_pursuit/lib/python3.8/site-packages/pure_pursuit/__init__.py\n'}
[6.687174] (-) TimerEvent: {}
[6.788029] (-) TimerEvent: {}
[6.819162] (pure_pursuit) StdoutLine: {'line': b"Listing '/home/f1tenth/f1tenth_mrc_ws/install/pure_pursuit/lib/python3.8/site-packages/pure_pursuit'...\n"}
[6.835075] (pure_pursuit) StdoutLine: {'line': b'-- Up-to-date: /home/f1tenth/f1tenth_mrc_ws/install/pure_pursuit/lib/pure_pursuit/pure_pursuit_node.py\n'}
[6.838110] (pure_pursuit) StdoutLine: {'line': b'-- Up-to-date: /home/f1tenth/f1tenth_mrc_ws/install/pure_pursuit/share/ament_index/resource_index/package_run_dependencies/pure_pursuit\n'}
[6.838961] (pure_pursuit) StdoutLine: {'line': b'-- Up-to-date: /home/f1tenth/f1tenth_mrc_ws/install/pure_pursuit/share/ament_index/resource_index/parent_prefix_path/pure_pursuit\n'}
[6.839374] (pure_pursuit) StdoutLine: {'line': b'-- Up-to-date: /home/f1tenth/f1tenth_mrc_ws/install/pure_pursuit/share/pure_pursuit/environment/ament_prefix_path.sh\n'}
[6.839668] (pure_pursuit) StdoutLine: {'line': b'-- Up-to-date: /home/f1tenth/f1tenth_mrc_ws/install/pure_pursuit/share/pure_pursuit/environment/ament_prefix_path.dsv\n'}
[6.841193] (pure_pursuit) StdoutLine: {'line': b'-- Up-to-date: /home/f1tenth/f1tenth_mrc_ws/install/pure_pursuit/share/pure_pursuit/environment/path.sh\n'}
[6.841578] (pure_pursuit) StdoutLine: {'line': b'-- Up-to-date: /home/f1tenth/f1tenth_mrc_ws/install/pure_pursuit/share/pure_pursuit/environment/path.dsv\n'}
[6.841905] (pure_pursuit) StdoutLine: {'line': b'-- Up-to-date: /home/f1tenth/f1tenth_mrc_ws/install/pure_pursuit/share/pure_pursuit/local_setup.bash\n'}
[6.842193] (pure_pursuit) StdoutLine: {'line': b'-- Up-to-date: /home/f1tenth/f1tenth_mrc_ws/install/pure_pursuit/share/pure_pursuit/local_setup.sh\n'}
[6.842485] (pure_pursuit) StdoutLine: {'line': b'-- Up-to-date: /home/f1tenth/f1tenth_mrc_ws/install/pure_pursuit/share/pure_pursuit/local_setup.zsh\n'}
[6.842846] (pure_pursuit) StdoutLine: {'line': b'-- Up-to-date: /home/f1tenth/f1tenth_mrc_ws/install/pure_pursuit/share/pure_pursuit/local_setup.dsv\n'}
[6.843147] (pure_pursuit) StdoutLine: {'line': b'-- Installing: /home/f1tenth/f1tenth_mrc_ws/install/pure_pursuit/share/pure_pursuit/package.dsv\n'}
[6.843438] (pure_pursuit) StdoutLine: {'line': b'-- Up-to-date: /home/f1tenth/f1tenth_mrc_ws/install/pure_pursuit/share/ament_index/resource_index/packages/pure_pursuit\n'}
[6.843721] (pure_pursuit) StdoutLine: {'line': b'-- Up-to-date: /home/f1tenth/f1tenth_mrc_ws/install/pure_pursuit/share/pure_pursuit/cmake/pure_pursuitConfig.cmake\n'}
[6.843956] (pure_pursuit) StdoutLine: {'line': b'-- Up-to-date: /home/f1tenth/f1tenth_mrc_ws/install/pure_pursuit/share/pure_pursuit/cmake/pure_pursuitConfig-version.cmake\n'}
[6.844185] (pure_pursuit) StdoutLine: {'line': b'-- Up-to-date: /home/f1tenth/f1tenth_mrc_ws/install/pure_pursuit/share/pure_pursuit/package.xml\n'}
[6.848991] (pure_pursuit) CommandEnded: {'returncode': 0}
[6.888312] (-) TimerEvent: {}
[6.980479] (pure_pursuit) JobEnded: {'identifier': 'pure_pursuit', 'rc': 0}
[6.984319] (rrt_package) JobStarted: {'identifier': 'rrt_package'}
[6.994087] (-) TimerEvent: {}
[7.095533] (-) TimerEvent: {}
[7.182867] (camera_pkg) StderrLine: {'line': b"/home/f1tenth/.local/lib/python3.8/site-packages/setuptools/dist.py:717: UserWarning: Usage of dash-separated 'script-dir' will not be supported in future versions. Please use the underscore name 'script_dir' instead\n"}
[7.184243] (camera_pkg) StderrLine: {'line': b'  warnings.warn(\n'}
[7.195630] (-) TimerEvent: {}
[7.296483] (-) TimerEvent: {}
[7.381822] (camera_pkg) StdoutLine: {'line': b'running egg_info\n'}
[7.385625] (camera_pkg) StdoutLine: {'line': b'writing ../../build/camera_pkg/camera_pkg.egg-info/PKG-INFO\n'}
[7.387646] (camera_pkg) StdoutLine: {'line': b'writing dependency_links to ../../build/camera_pkg/camera_pkg.egg-info/dependency_links.txt\n'}
[7.388149] (camera_pkg) StdoutLine: {'line': b'writing entry points to ../../build/camera_pkg/camera_pkg.egg-info/entry_points.txt\n'}
[7.388684] (camera_pkg) StdoutLine: {'line': b'writing requirements to ../../build/camera_pkg/camera_pkg.egg-info/requires.txt\n'}
[7.390239] (camera_pkg) StdoutLine: {'line': b'writing top-level names to ../../build/camera_pkg/camera_pkg.egg-info/top_level.txt\n'}
[7.396667] (-) TimerEvent: {}
[7.414805] (camera_pkg) StdoutLine: {'line': b"reading manifest file '../../build/camera_pkg/camera_pkg.egg-info/SOURCES.txt'\n"}
[7.418111] (camera_pkg) StdoutLine: {'line': b"writing manifest file '../../build/camera_pkg/camera_pkg.egg-info/SOURCES.txt'\n"}
[7.418896] (camera_pkg) StdoutLine: {'line': b'running build\n'}
[7.420165] (camera_pkg) StdoutLine: {'line': b'running build_py\n'}
[7.420896] (camera_pkg) StdoutLine: {'line': b'running install\n'}
[7.424058] (camera_pkg) StdoutLine: {'line': b'running install_lib\n'}
[7.445280] (camera_pkg) StdoutLine: {'line': b'running install_data\n'}
[7.446042] (camera_pkg) StdoutLine: {'line': b'running install_egg_info\n'}
[7.452177] (camera_pkg) StdoutLine: {'line': b"removing '/home/f1tenth/f1tenth_mrc_ws/install/camera_pkg/lib/python3.8/site-packages/camera_pkg-0.0.0-py3.8.egg-info' (and everything under it)\n"}
[7.455155] (camera_pkg) StdoutLine: {'line': b'Copying ../../build/camera_pkg/camera_pkg.egg-info to /home/f1tenth/f1tenth_mrc_ws/install/camera_pkg/lib/python3.8/site-packages/camera_pkg-0.0.0-py3.8.egg-info\n'}
[7.460608] (camera_pkg) StdoutLine: {'line': b'running install_scripts\n'}
[7.464328] (particle_filter) StderrLine: {'line': b"/home/f1tenth/.local/lib/python3.8/site-packages/setuptools/dist.py:717: UserWarning: Usage of dash-separated 'script-dir' will not be supported in future versions. Please use the underscore name 'script_dir' instead\n"}
[7.465061] (particle_filter) StderrLine: {'line': b'  warnings.warn(\n'}
[7.496872] (-) TimerEvent: {}
[7.560251] (camera_pkg) StdoutLine: {'line': b'Installing opp_pose_estimator script to /home/f1tenth/f1tenth_mrc_ws/install/camera_pkg/lib/camera_pkg\n'}
[7.561149] (camera_pkg) StdoutLine: {'line': b'Installing static_camera_transform_publisher script to /home/f1tenth/f1tenth_mrc_ws/install/camera_pkg/lib/camera_pkg\n'}
[7.563070] (camera_pkg) StdoutLine: {'line': b"writing list of installed files to '/home/f1tenth/f1tenth_mrc_ws/build/camera_pkg/install.log'\n"}
[7.597098] (-) TimerEvent: {}
[7.651784] (particle_filter) StdoutLine: {'line': b'running egg_info\n'}
[7.655000] (particle_filter) StdoutLine: {'line': b'writing ../../build/particle_filter/particle_filter.egg-info/PKG-INFO\n'}
[7.656312] (particle_filter) StdoutLine: {'line': b'writing dependency_links to ../../build/particle_filter/particle_filter.egg-info/dependency_links.txt\n'}
[7.657123] (particle_filter) StdoutLine: {'line': b'writing entry points to ../../build/particle_filter/particle_filter.egg-info/entry_points.txt\n'}
[7.660632] (particle_filter) StdoutLine: {'line': b'writing requirements to ../../build/particle_filter/particle_filter.egg-info/requires.txt\n'}
[7.666083] (particle_filter) StdoutLine: {'line': b'writing top-level names to ../../build/particle_filter/particle_filter.egg-info/top_level.txt\n'}
[7.677481] (particle_filter) StdoutLine: {'line': b"reading manifest file '../../build/particle_filter/particle_filter.egg-info/SOURCES.txt'\n"}
[7.682788] (particle_filter) StdoutLine: {'line': b"writing manifest file '../../build/particle_filter/particle_filter.egg-info/SOURCES.txt'\n"}
[7.683725] (particle_filter) StdoutLine: {'line': b'running build\n'}
[7.684153] (particle_filter) StdoutLine: {'line': b'running build_py\n'}
[7.684828] (particle_filter) StdoutLine: {'line': b'running install\n'}
[7.688157] (particle_filter) StdoutLine: {'line': b'running install_lib\n'}
[7.694882] (particle_filter) StdoutLine: {'line': b'running install_data\n'}
[7.697483] (particle_filter) StdoutLine: {'line': b'running install_egg_info\n'}
[7.698014] (-) TimerEvent: {}
[7.703563] (particle_filter) StdoutLine: {'line': b"removing '/home/f1tenth/f1tenth_mrc_ws/install/particle_filter/lib/python3.8/site-packages/particle_filter-0.2.0-py3.8.egg-info' (and everything under it)\n"}
[7.708527] (particle_filter) StdoutLine: {'line': b'Copying ../../build/particle_filter/particle_filter.egg-info to /home/f1tenth/f1tenth_mrc_ws/install/particle_filter/lib/python3.8/site-packages/particle_filter-0.2.0-py3.8.egg-info\n'}
[7.711792] (particle_filter) StdoutLine: {'line': b'running install_scripts\n'}
[7.796588] (particle_filter) StdoutLine: {'line': b'Installing particle_filter script to /home/f1tenth/f1tenth_mrc_ws/install/particle_filter/lib/particle_filter\n'}
[7.798189] (-) TimerEvent: {}
[7.799261] (particle_filter) StdoutLine: {'line': b"writing list of installed files to '/home/f1tenth/f1tenth_mrc_ws/build/particle_filter/install.log'\n"}
[7.898578] (-) TimerEvent: {}
[7.999917] (-) TimerEvent: {}
[8.101442] (-) TimerEvent: {}
[8.202560] (-) TimerEvent: {}
[8.304178] (-) TimerEvent: {}
[8.405250] (-) TimerEvent: {}
[8.461151] (camera_pkg) CommandEnded: {'returncode': 0}
[8.497178] (camera_pkg) JobEnded: {'identifier': 'camera_pkg', 'rc': 0}
[8.502361] (particle_filter) CommandEnded: {'returncode': 0}
[8.505354] (-) TimerEvent: {}
[8.541239] (particle_filter) JobEnded: {'identifier': 'particle_filter', 'rc': 0}
[8.547427] (ppo_racing) Command: {'cmd': ['/usr/bin/python3', '-W', 'ignore:setup.py install is deprecated', '-W', 'ignore:easy_install command is deprecated', 'setup.py', 'egg_info', '--egg-base', '../../build/ppo_racing', 'build', '--build-base', '/home/f1tenth/f1tenth_mrc_ws/build/ppo_racing/build', 'install', '--record', '/home/f1tenth/f1tenth_mrc_ws/build/ppo_racing/install.log', '--install-scripts', '$base/lib/ppo_racing', '--single-version-externally-managed', 'install_data'], 'cwd': '/home/f1tenth/f1tenth_mrc_ws/src/ppo_racing', 'env': {'GJS_DEBUG_TOPICS': 'JS ERROR;JS LOG', 'LESSOPEN': '| /usr/bin/lesspipe %s', 'USER': 'f1tenth', 'LC_TIME': 'bs_BA.UTF-8', 'SSH_AGENT_PID': '2722', 'XDG_SESSION_TYPE': 'x11', 'SHLVL': '1', 'LD_LIBRARY_PATH': '/opt/ros/foxy/opt/yaml_cpp_vendor/lib:/opt/ros/foxy/opt/rviz_ogre_vendor/lib:/opt/ros/foxy/lib/aarch64-linux-gnu:/opt/ros/foxy/lib', 'HOME': '/home/f1tenth', 'OLDPWD': '/home/f1tenth/f1tenth_mrc_ws/src', 'DESKTOP_SESSION': 'ubuntu', 'JETSON_L4T': '35.1.0', 'GIO_LAUNCHED_DESKTOP_FILE': '/usr/share/applications/terminator.desktop', 'ROS_PYTHON_VERSION': '3', 'GNOME_SHELL_SESSION_MODE': 'ubuntu', 'GTK_MODULES': 'gail:atk-bridge', 'JETSON_MODEL': 'NVIDIA Jetson Xavier NX Developer Kit', 'LC_MONETARY': 'bs_BA.UTF-8', 'MANAGERPID': '2456', 'DBUS_SESSION_BUS_ADDRESS': 'unix:path=/run/user/1000/bus', 'COLORTERM': 'truecolor', 'TERMINATOR_DBUS_NAME': 'net.tenshu.Terminator21a9d5db22c73a993ff0b42f64b396873', 'GIO_LAUNCHED_DESKTOP_FILE_PID': '3398', '_colcon_cd_root': '/opt/ros/foxy/', 'IM_CONFIG_PHASE': '1', 'ROS_DISTRO': 'foxy', 'LOGNAME': 'f1tenth', 'JETSON_MODULE': 'NVIDIA Jetson Xavier NX (Developer kit)', 'JETSON_SERIAL_NUMBER': '1422420033521', 'JOURNAL_STREAM': '7:52952', '_': '/usr/bin/colcon', 'ROS_VERSION': '2', 'JETSON_CODENAME': 'Jakku', 'XDG_SESSION_CLASS': 'user', 'USERNAME': 'f1tenth', 'TERM': 'xterm-256color', 'GNOME_DESKTOP_SESSION_ID': 'this-is-deprecated', 'ROS_LOCALHOST_ONLY': '0', 'WINDOWPATH': '2', 'PATH': '/opt/ros/foxy/bin:/home/f1tenth/.local/bin:/usr/local/sbin:/usr/local/bin:/usr/sbin:/usr/bin:/sbin:/bin:/usr/games:/usr/local/games:/snap/bin', 'SESSION_MANAGER': 'local/f1tenth-desktop:@/tmp/.ICE-unix/2757,unix/f1tenth-desktop:/tmp/.ICE-unix/2757', 'INVOCATION_ID': 'bd1f5b7138a241e9935586b351aafc78', 'XDG_MENU_PREFIX': 'gnome-', 'LC_ADDRESS': 'bs_BA.UTF-8', 'XDG_RUNTIME_DIR': '/run/user/1000', 'DISPLAY': ':0', 'TERMINATOR_DBUS_PATH': '/net/tenshu/Terminator2', 'LANG': 'en_US.UTF-8', 'XDG_CURRENT_DESKTOP': 'ubuntu:GNOME', 'LC_TELEPHONE': 'bs_BA.UTF-8', 'XMODIFIERS': '@im=ibus', 'XDG_SESSION_DESKTOP': 'ubuntu', 'XAUTHORITY': '/run/user/1000/gdm/Xauthority', 'LS_COLORS': 'rs=0:di=01;34:ln=01;36:mh=00:pi=40;33:so=01;35:do=01;35:bd=40;33;01:cd=40;33;01:or=40;31;01:mi=00:su=37;41:sg=30;43:ca=30;41:tw=30;42:ow=34;42:st=37;44:ex=01;32:*.tar=01;31:*.tgz=01;31:*.arc=01;31:*.arj=01;31:*.taz=01;31:*.lha=01;31:*.lz4=01;31:*.lzh=01;31:*.lzma=01;31:*.tlz=01;31:*.txz=01;31:*.tzo=01;31:*.t7z=01;31:*.zip=01;31:*.z=01;31:*.dz=01;31:*.gz=01;31:*.lrz=01;31:*.lz=01;31:*.lzo=01;31:*.xz=01;31:*.zst=01;31:*.tzst=01;31:*.bz2=01;31:*.bz=01;31:*.tbz=01;31:*.tbz2=01;31:*.tz=01;31:*.deb=01;31:*.rpm=01;31:*.jar=01;31:*.war=01;31:*.ear=01;31:*.sar=01;31:*.rar=01;31:*.alz=01;31:*.ace=01;31:*.zoo=01;31:*.cpio=01;31:*.7z=01;31:*.rz=01;31:*.cab=01;31:*.wim=01;31:*.swm=01;31:*.dwm=01;31:*.esd=01;31:*.jpg=01;35:*.jpeg=01;35:*.mjpg=01;35:*.mjpeg=01;35:*.gif=01;35:*.bmp=01;35:*.pbm=01;35:*.pgm=01;35:*.ppm=01;35:*.tga=01;35:*.xbm=01;35:*.xpm=01;35:*.tif=01;35:*.tiff=01;35:*.png=01;35:*.svg=01;35:*.svgz=01;35:*.mng=01;35:*.pcx=01;35:*.mov=01;35:*.mpg=01;35:*.mpeg=01;35:*.m2v=01;35:*.mkv=01;35:*.webm=01;35:*.ogm=01;35:*.mp4=01;35:*.m4v=01;35:*.mp4v=01;35:*.vob=01;35:*.qt=01;35:*.nuv=01;35:*.wmv=01;35:*.asf=01;35:*.rm=01;35:*.rmvb=01;35:*.flc=01;35:*.avi=01;35:*.fli=01;35:*.flv=01;35:*.gl=01;35:*.dl=01;35:*.xcf=01;35:*.xwd=01;35:*.yuv=01;35:*.cgm=01;35:*.emf=01;35:*.ogv=01;35:*.ogx=01;35:*.aac=00;36:*.au=00;36:*.flac=00;36:*.m4a=00;36:*.mid=00;36:*.midi=00;36:*.mka=00;36:*.mp3=00;36:*.mpc=00;36:*.ogg=00;36:*.ra=00;36:*.wav=00;36:*.oga=00;36:*.opus=00;36:*.spx=00;36:*.xspf=00;36:', 'JETSON_SOC': 'tegra194', 'SSH_AUTH_SOCK': '/run/user/1000/keyring/ssh', 'ROS_DOMAIN_ID': '6', 'AMENT_PREFIX_PATH': '/opt/ros/foxy', 'SHELL': '/bin/bash', 'CMAKE_ARGS': '-DBUILD_WITH_OPENMP=OFF', 'LC_NAME': 'bs_BA.UTF-8', 'TERMINATOR_UUID': 'urn:uuid:0a99abc2-9966-4d5d-a08b-faa1cb518880', 'QT_ACCESSIBILITY': '1', 'GDMSESSION': 'ubuntu', 'LESSCLOSE': '/usr/bin/lesspipe %s %s', 'LC_MEASUREMENT': 'bs_BA.UTF-8', 'GPG_AGENT_INFO': '/run/user/1000/gnupg/S.gpg-agent:0:1', 'GJS_DEBUG_OUTPUT': 'stderr', 'LC_IDENTIFICATION': 'bs_BA.UTF-8', 'QT_IM_MODULE': 'ibus', 'JETSON_CUDA_ARCH_BIN': '7.2', 'PWD': '/home/f1tenth/f1tenth_mrc_ws/build/ppo_racing', 'LC_ALL': 'en_US.UTF-8', 'XDG_CONFIG_DIRS': '/etc/xdg/xdg-ubuntu:/etc/xdg', 'XDG_DATA_DIRS': '/usr/share/ubuntu:/usr/local/share/:/usr/share/:/var/lib/snapd/desktop', 'PYTHONPATH': '/home/f1tenth/f1tenth_mrc_ws/build/ppo_racing/prefix_override:/usr/lib/python3/dist-packages/colcon_core/task/python/colcon_distutils_commands:/home/f1tenth/f1tenth_mrc_ws/install/ppo_racing/lib/python3.8/site-packages:/opt/ros/foxy/lib/python3.8/site-packages', 'LC_NUMERIC': 'bs_BA.UTF-8', 'LC_PAPER': 'bs_BA.UTF-8', 'COLCON': '1', 'VTE_VERSION': '6003', 'JETSON_JETPACK': '5.0.2 GA', 'JETSON_P_NUMBER': 'p3668-0000'}, 'shell': False}
[8.574311] (safety_node) JobStarted: {'identifier': 'safety_node'}
[8.606010] (-) TimerEvent: {}
[8.610912] (wall_follow) JobStarted: {'identifier': 'wall_follow'}
[8.687482] (safety_node) JobProgress: {'identifier': 'safety_node', 'progress': 'cmake'}
[8.692919] (safety_node) JobProgress: {'identifier': 'safety_node', 'progress': 'build'}
[8.694470] (safety_node) Command: {'cmd': ['/usr/bin/cmake', '--build', '/home/f1tenth/f1tenth_mrc_ws/build/safety_node', '--', '-j4', '-l4'], 'cwd': '/home/f1tenth/f1tenth_mrc_ws/build/safety_node', 'env': OrderedDict([('GJS_DEBUG_TOPICS', 'JS ERROR;JS LOG'), ('LESSOPEN', '| /usr/bin/lesspipe %s'), ('USER', 'f1tenth'), ('LC_TIME', 'bs_BA.UTF-8'), ('SSH_AGENT_PID', '2722'), ('XDG_SESSION_TYPE', 'x11'), ('SHLVL', '1'), ('LD_LIBRARY_PATH', '/opt/ros/foxy/opt/yaml_cpp_vendor/lib:/opt/ros/foxy/opt/rviz_ogre_vendor/lib:/opt/ros/foxy/lib/aarch64-linux-gnu:/opt/ros/foxy/lib'), ('HOME', '/home/f1tenth'), ('OLDPWD', '/home/f1tenth/f1tenth_mrc_ws/src'), ('DESKTOP_SESSION', 'ubuntu'), ('JETSON_L4T', '35.1.0'), ('GIO_LAUNCHED_DESKTOP_FILE', '/usr/share/applications/terminator.desktop'), ('ROS_PYTHON_VERSION', '3'), ('GNOME_SHELL_SESSION_MODE', 'ubuntu'), ('GTK_MODULES', 'gail:atk-bridge'), ('JETSON_MODEL', 'NVIDIA Jetson Xavier NX Developer Kit'), ('LC_MONETARY', 'bs_BA.UTF-8'), ('MANAGERPID', '2456'), ('DBUS_SESSION_BUS_ADDRESS', 'unix:path=/run/user/1000/bus'), ('COLORTERM', 'truecolor'), ('TERMINATOR_DBUS_NAME', 'net.tenshu.Terminator21a9d5db22c73a993ff0b42f64b396873'), ('GIO_LAUNCHED_DESKTOP_FILE_PID', '3398'), ('_colcon_cd_root', '/opt/ros/foxy/'), ('IM_CONFIG_PHASE', '1'), ('ROS_DISTRO', 'foxy'), ('LOGNAME', 'f1tenth'), ('JETSON_MODULE', 'NVIDIA Jetson Xavier NX (Developer kit)'), ('JETSON_SERIAL_NUMBER', '1422420033521'), ('JOURNAL_STREAM', '7:52952'), ('_', '/usr/bin/colcon'), ('ROS_VERSION', '2'), ('JETSON_CODENAME', 'Jakku'), ('XDG_SESSION_CLASS', 'user'), ('USERNAME', 'f1tenth'), ('TERM', 'xterm-256color'), ('GNOME_DESKTOP_SESSION_ID', 'this-is-deprecated'), ('ROS_LOCALHOST_ONLY', '0'), ('WINDOWPATH', '2'), ('PATH', '/opt/ros/foxy/bin:/home/f1tenth/.local/bin:/usr/local/sbin:/usr/local/bin:/usr/sbin:/usr/bin:/sbin:/bin:/usr/games:/usr/local/games:/snap/bin'), ('SESSION_MANAGER', 'local/f1tenth-desktop:@/tmp/.ICE-unix/2757,unix/f1tenth-desktop:/tmp/.ICE-unix/2757'), ('INVOCATION_ID', 'bd1f5b7138a241e9935586b351aafc78'), ('XDG_MENU_PREFIX', 'gnome-'), ('LC_ADDRESS', 'bs_BA.UTF-8'), ('XDG_RUNTIME_DIR', '/run/user/1000'), ('DISPLAY', ':0'), ('TERMINATOR_DBUS_PATH', '/net/tenshu/Terminator2'), ('LANG', 'en_US.UTF-8'), ('XDG_CURRENT_DESKTOP', 'ubuntu:GNOME'), ('LC_TELEPHONE', 'bs_BA.UTF-8'), ('XMODIFIERS', '@im=ibus'), ('XDG_SESSION_DESKTOP', 'ubuntu'), ('XAUTHORITY', '/run/user/1000/gdm/Xauthority'), ('LS_COLORS', 'rs=0:di=01;34:ln=01;36:mh=00:pi=40;33:so=01;35:do=01;35:bd=40;33;01:cd=40;33;01:or=40;31;01:mi=00:su=37;41:sg=30;43:ca=30;41:tw=30;42:ow=34;42:st=37;44:ex=01;32:*.tar=01;31:*.tgz=01;31:*.arc=01;31:*.arj=01;31:*.taz=01;31:*.lha=01;31:*.lz4=01;31:*.lzh=01;31:*.lzma=01;31:*.tlz=01;31:*.txz=01;31:*.tzo=01;31:*.t7z=01;31:*.zip=01;31:*.z=01;31:*.dz=01;31:*.gz=01;31:*.lrz=01;31:*.lz=01;31:*.lzo=01;31:*.xz=01;31:*.zst=01;31:*.tzst=01;31:*.bz2=01;31:*.bz=01;31:*.tbz=01;31:*.tbz2=01;31:*.tz=01;31:*.deb=01;31:*.rpm=01;31:*.jar=01;31:*.war=01;31:*.ear=01;31:*.sar=01;31:*.rar=01;31:*.alz=01;31:*.ace=01;31:*.zoo=01;31:*.cpio=01;31:*.7z=01;31:*.rz=01;31:*.cab=01;31:*.wim=01;31:*.swm=01;31:*.dwm=01;31:*.esd=01;31:*.jpg=01;35:*.jpeg=01;35:*.mjpg=01;35:*.mjpeg=01;35:*.gif=01;35:*.bmp=01;35:*.pbm=01;35:*.pgm=01;35:*.ppm=01;35:*.tga=01;35:*.xbm=01;35:*.xpm=01;35:*.tif=01;35:*.tiff=01;35:*.png=01;35:*.svg=01;35:*.svgz=01;35:*.mng=01;35:*.pcx=01;35:*.mov=01;35:*.mpg=01;35:*.mpeg=01;35:*.m2v=01;35:*.mkv=01;35:*.webm=01;35:*.ogm=01;35:*.mp4=01;35:*.m4v=01;35:*.mp4v=01;35:*.vob=01;35:*.qt=01;35:*.nuv=01;35:*.wmv=01;35:*.asf=01;35:*.rm=01;35:*.rmvb=01;35:*.flc=01;35:*.avi=01;35:*.fli=01;35:*.flv=01;35:*.gl=01;35:*.dl=01;35:*.xcf=01;35:*.xwd=01;35:*.yuv=01;35:*.cgm=01;35:*.emf=01;35:*.ogv=01;35:*.ogx=01;35:*.aac=00;36:*.au=00;36:*.flac=00;36:*.m4a=00;36:*.mid=00;36:*.midi=00;36:*.mka=00;36:*.mp3=00;36:*.mpc=00;36:*.ogg=00;36:*.ra=00;36:*.wav=00;36:*.oga=00;36:*.opus=00;36:*.spx=00;36:*.xspf=00;36:'), ('JETSON_SOC', 'tegra194'), ('SSH_AUTH_SOCK', '/run/user/1000/keyring/ssh'), ('ROS_DOMAIN_ID', '6'), ('AMENT_PREFIX_PATH', '/opt/ros/foxy'), ('SHELL', '/bin/bash'), ('CMAKE_ARGS', '-DBUILD_WITH_OPENMP=OFF'), ('LC_NAME', 'bs_BA.UTF-8'), ('TERMINATOR_UUID', 'urn:uuid:0a99abc2-9966-4d5d-a08b-faa1cb518880'), ('QT_ACCESSIBILITY', '1'), ('GDMSESSION', 'ubuntu'), ('LESSCLOSE', '/usr/bin/lesspipe %s %s'), ('LC_MEASUREMENT', 'bs_BA.UTF-8'), ('GPG_AGENT_INFO', '/run/user/1000/gnupg/S.gpg-agent:0:1'), ('GJS_DEBUG_OUTPUT', 'stderr'), ('LC_IDENTIFICATION', 'bs_BA.UTF-8'), ('QT_IM_MODULE', 'ibus'), ('JETSON_CUDA_ARCH_BIN', '7.2'), ('PWD', '/home/f1tenth/f1tenth_mrc_ws/build/safety_node'), ('LC_ALL', 'en_US.UTF-8'), ('XDG_CONFIG_DIRS', '/etc/xdg/xdg-ubuntu:/etc/xdg'), ('XDG_DATA_DIRS', '/usr/share/ubuntu:/usr/local/share/:/usr/share/:/var/lib/snapd/desktop'), ('PYTHONPATH', '/opt/ros/foxy/lib/python3.8/site-packages'), ('LC_NUMERIC', 'bs_BA.UTF-8'), ('LC_PAPER', 'bs_BA.UTF-8'), ('COLCON', '1'), ('VTE_VERSION', '6003'), ('JETSON_JETPACK', '5.0.2 GA'), ('JETSON_P_NUMBER', 'p3668-0000'), ('CMAKE_PREFIX_PATH', '/opt/ros/foxy')]), 'shell': False}
[8.707073] (-) TimerEvent: {}
[8.727372] (wall_follow) JobProgress: {'identifier': 'wall_follow', 'progress': 'cmake'}
[8.731964] (wall_follow) JobProgress: {'identifier': 'wall_follow', 'progress': 'build'}
[8.733558] (wall_follow) Command: {'cmd': ['/usr/bin/cmake', '--build', '/home/f1tenth/f1tenth_mrc_ws/build/wall_follow', '--', '-j4', '-l4'], 'cwd': '/home/f1tenth/f1tenth_mrc_ws/build/wall_follow', 'env': OrderedDict([('GJS_DEBUG_TOPICS', 'JS ERROR;JS LOG'), ('LESSOPEN', '| /usr/bin/lesspipe %s'), ('USER', 'f1tenth'), ('LC_TIME', 'bs_BA.UTF-8'), ('SSH_AGENT_PID', '2722'), ('XDG_SESSION_TYPE', 'x11'), ('SHLVL', '1'), ('LD_LIBRARY_PATH', '/opt/ros/foxy/opt/yaml_cpp_vendor/lib:/opt/ros/foxy/opt/rviz_ogre_vendor/lib:/opt/ros/foxy/lib/aarch64-linux-gnu:/opt/ros/foxy/lib'), ('HOME', '/home/f1tenth'), ('OLDPWD', '/home/f1tenth/f1tenth_mrc_ws/src'), ('DESKTOP_SESSION', 'ubuntu'), ('JETSON_L4T', '35.1.0'), ('GIO_LAUNCHED_DESKTOP_FILE', '/usr/share/applications/terminator.desktop'), ('ROS_PYTHON_VERSION', '3'), ('GNOME_SHELL_SESSION_MODE', 'ubuntu'), ('GTK_MODULES', 'gail:atk-bridge'), ('JETSON_MODEL', 'NVIDIA Jetson Xavier NX Developer Kit'), ('LC_MONETARY', 'bs_BA.UTF-8'), ('MANAGERPID', '2456'), ('DBUS_SESSION_BUS_ADDRESS', 'unix:path=/run/user/1000/bus'), ('COLORTERM', 'truecolor'), ('TERMINATOR_DBUS_NAME', 'net.tenshu.Terminator21a9d5db22c73a993ff0b42f64b396873'), ('GIO_LAUNCHED_DESKTOP_FILE_PID', '3398'), ('_colcon_cd_root', '/opt/ros/foxy/'), ('IM_CONFIG_PHASE', '1'), ('ROS_DISTRO', 'foxy'), ('LOGNAME', 'f1tenth'), ('JETSON_MODULE', 'NVIDIA Jetson Xavier NX (Developer kit)'), ('JETSON_SERIAL_NUMBER', '1422420033521'), ('JOURNAL_STREAM', '7:52952'), ('_', '/usr/bin/colcon'), ('ROS_VERSION', '2'), ('JETSON_CODENAME', 'Jakku'), ('XDG_SESSION_CLASS', 'user'), ('USERNAME', 'f1tenth'), ('TERM', 'xterm-256color'), ('GNOME_DESKTOP_SESSION_ID', 'this-is-deprecated'), ('ROS_LOCALHOST_ONLY', '0'), ('WINDOWPATH', '2'), ('PATH', '/opt/ros/foxy/bin:/home/f1tenth/.local/bin:/usr/local/sbin:/usr/local/bin:/usr/sbin:/usr/bin:/sbin:/bin:/usr/games:/usr/local/games:/snap/bin'), ('SESSION_MANAGER', 'local/f1tenth-desktop:@/tmp/.ICE-unix/2757,unix/f1tenth-desktop:/tmp/.ICE-unix/2757'), ('INVOCATION_ID', 'bd1f5b7138a241e9935586b351aafc78'), ('XDG_MENU_PREFIX', 'gnome-'), ('LC_ADDRESS', 'bs_BA.UTF-8'), ('XDG_RUNTIME_DIR', '/run/user/1000'), ('DISPLAY', ':0'), ('TERMINATOR_DBUS_PATH', '/net/tenshu/Terminator2'), ('LANG', 'en_US.UTF-8'), ('XDG_CURRENT_DESKTOP', 'ubuntu:GNOME'), ('LC_TELEPHONE', 'bs_BA.UTF-8'), ('XMODIFIERS', '@im=ibus'), ('XDG_SESSION_DESKTOP', 'ubuntu'), ('XAUTHORITY', '/run/user/1000/gdm/Xauthority'), ('LS_COLORS', 'rs=0:di=01;34:ln=01;36:mh=00:pi=40;33:so=01;35:do=01;35:bd=40;33;01:cd=40;33;01:or=40;31;01:mi=00:su=37;41:sg=30;43:ca=30;41:tw=30;42:ow=34;42:st=37;44:ex=01;32:*.tar=01;31:*.tgz=01;31:*.arc=01;31:*.arj=01;31:*.taz=01;31:*.lha=01;31:*.lz4=01;31:*.lzh=01;31:*.lzma=01;31:*.tlz=01;31:*.txz=01;31:*.tzo=01;31:*.t7z=01;31:*.zip=01;31:*.z=01;31:*.dz=01;31:*.gz=01;31:*.lrz=01;31:*.lz=01;31:*.lzo=01;31:*.xz=01;31:*.zst=01;31:*.tzst=01;31:*.bz2=01;31:*.bz=01;31:*.tbz=01;31:*.tbz2=01;31:*.tz=01;31:*.deb=01;31:*.rpm=01;31:*.jar=01;31:*.war=01;31:*.ear=01;31:*.sar=01;31:*.rar=01;31:*.alz=01;31:*.ace=01;31:*.zoo=01;31:*.cpio=01;31:*.7z=01;31:*.rz=01;31:*.cab=01;31:*.wim=01;31:*.swm=01;31:*.dwm=01;31:*.esd=01;31:*.jpg=01;35:*.jpeg=01;35:*.mjpg=01;35:*.mjpeg=01;35:*.gif=01;35:*.bmp=01;35:*.pbm=01;35:*.pgm=01;35:*.ppm=01;35:*.tga=01;35:*.xbm=01;35:*.xpm=01;35:*.tif=01;35:*.tiff=01;35:*.png=01;35:*.svg=01;35:*.svgz=01;35:*.mng=01;35:*.pcx=01;35:*.mov=01;35:*.mpg=01;35:*.mpeg=01;35:*.m2v=01;35:*.mkv=01;35:*.webm=01;35:*.ogm=01;35:*.mp4=01;35:*.m4v=01;35:*.mp4v=01;35:*.vob=01;35:*.qt=01;35:*.nuv=01;35:*.wmv=01;35:*.asf=01;35:*.rm=01;35:*.rmvb=01;35:*.flc=01;35:*.avi=01;35:*.fli=01;35:*.flv=01;35:*.gl=01;35:*.dl=01;35:*.xcf=01;35:*.xwd=01;35:*.yuv=01;35:*.cgm=01;35:*.emf=01;35:*.ogv=01;35:*.ogx=01;35:*.aac=00;36:*.au=00;36:*.flac=00;36:*.m4a=00;36:*.mid=00;36:*.midi=00;36:*.mka=00;36:*.mp3=00;36:*.mpc=00;36:*.ogg=00;36:*.ra=00;36:*.wav=00;36:*.oga=00;36:*.opus=00;36:*.spx=00;36:*.xspf=00;36:'), ('JETSON_SOC', 'tegra194'), ('SSH_AUTH_SOCK', '/run/user/1000/keyring/ssh'), ('ROS_DOMAIN_ID', '6'), ('AMENT_PREFIX_PATH', '/opt/ros/foxy'), ('SHELL', '/bin/bash'), ('CMAKE_ARGS', '-DBUILD_WITH_OPENMP=OFF'), ('LC_NAME', 'bs_BA.UTF-8'), ('TERMINATOR_UUID', 'urn:uuid:0a99abc2-9966-4d5d-a08b-faa1cb518880'), ('QT_ACCESSIBILITY', '1'), ('GDMSESSION', 'ubuntu'), ('LESSCLOSE', '/usr/bin/lesspipe %s %s'), ('LC_MEASUREMENT', 'bs_BA.UTF-8'), ('GPG_AGENT_INFO', '/run/user/1000/gnupg/S.gpg-agent:0:1'), ('GJS_DEBUG_OUTPUT', 'stderr'), ('LC_IDENTIFICATION', 'bs_BA.UTF-8'), ('QT_IM_MODULE', 'ibus'), ('JETSON_CUDA_ARCH_BIN', '7.2'), ('PWD', '/home/f1tenth/f1tenth_mrc_ws/build/wall_follow'), ('LC_ALL', 'en_US.UTF-8'), ('XDG_CONFIG_DIRS', '/etc/xdg/xdg-ubuntu:/etc/xdg'), ('XDG_DATA_DIRS', '/usr/share/ubuntu:/usr/local/share/:/usr/share/:/var/lib/snapd/desktop'), ('PYTHONPATH', '/opt/ros/foxy/lib/python3.8/site-packages'), ('LC_NUMERIC', 'bs_BA.UTF-8'), ('LC_PAPER', 'bs_BA.UTF-8'), ('COLCON', '1'), ('VTE_VERSION', '6003'), ('JETSON_JETPACK', '5.0.2 GA'), ('JETSON_P_NUMBER', 'p3668-0000'), ('CMAKE_PREFIX_PATH', '/opt/ros/foxy')]), 'shell': False}
[8.807242] (-) TimerEvent: {}
[8.909057] (-) TimerEvent: {}
[8.925019] (safety_node) CommandEnded: {'returncode': 0}
[8.930126] (safety_node) JobProgress: {'identifier': 'safety_node', 'progress': 'install'}
[8.932401] (safety_node) Command: {'cmd': ['/usr/bin/cmake', '--install', '/home/f1tenth/f1tenth_mrc_ws/build/safety_node'], 'cwd': '/home/f1tenth/f1tenth_mrc_ws/build/safety_node', 'env': OrderedDict([('GJS_DEBUG_TOPICS', 'JS ERROR;JS LOG'), ('LESSOPEN', '| /usr/bin/lesspipe %s'), ('USER', 'f1tenth'), ('LC_TIME', 'bs_BA.UTF-8'), ('SSH_AGENT_PID', '2722'), ('XDG_SESSION_TYPE', 'x11'), ('SHLVL', '1'), ('LD_LIBRARY_PATH', '/opt/ros/foxy/opt/yaml_cpp_vendor/lib:/opt/ros/foxy/opt/rviz_ogre_vendor/lib:/opt/ros/foxy/lib/aarch64-linux-gnu:/opt/ros/foxy/lib'), ('HOME', '/home/f1tenth'), ('OLDPWD', '/home/f1tenth/f1tenth_mrc_ws/src'), ('DESKTOP_SESSION', 'ubuntu'), ('JETSON_L4T', '35.1.0'), ('GIO_LAUNCHED_DESKTOP_FILE', '/usr/share/applications/terminator.desktop'), ('ROS_PYTHON_VERSION', '3'), ('GNOME_SHELL_SESSION_MODE', 'ubuntu'), ('GTK_MODULES', 'gail:atk-bridge'), ('JETSON_MODEL', 'NVIDIA Jetson Xavier NX Developer Kit'), ('LC_MONETARY', 'bs_BA.UTF-8'), ('MANAGERPID', '2456'), ('DBUS_SESSION_BUS_ADDRESS', 'unix:path=/run/user/1000/bus'), ('COLORTERM', 'truecolor'), ('TERMINATOR_DBUS_NAME', 'net.tenshu.Terminator21a9d5db22c73a993ff0b42f64b396873'), ('GIO_LAUNCHED_DESKTOP_FILE_PID', '3398'), ('_colcon_cd_root', '/opt/ros/foxy/'), ('IM_CONFIG_PHASE', '1'), ('ROS_DISTRO', 'foxy'), ('LOGNAME', 'f1tenth'), ('JETSON_MODULE', 'NVIDIA Jetson Xavier NX (Developer kit)'), ('JETSON_SERIAL_NUMBER', '1422420033521'), ('JOURNAL_STREAM', '7:52952'), ('_', '/usr/bin/colcon'), ('ROS_VERSION', '2'), ('JETSON_CODENAME', 'Jakku'), ('XDG_SESSION_CLASS', 'user'), ('USERNAME', 'f1tenth'), ('TERM', 'xterm-256color'), ('GNOME_DESKTOP_SESSION_ID', 'this-is-deprecated'), ('ROS_LOCALHOST_ONLY', '0'), ('WINDOWPATH', '2'), ('PATH', '/opt/ros/foxy/bin:/home/f1tenth/.local/bin:/usr/local/sbin:/usr/local/bin:/usr/sbin:/usr/bin:/sbin:/bin:/usr/games:/usr/local/games:/snap/bin'), ('SESSION_MANAGER', 'local/f1tenth-desktop:@/tmp/.ICE-unix/2757,unix/f1tenth-desktop:/tmp/.ICE-unix/2757'), ('INVOCATION_ID', 'bd1f5b7138a241e9935586b351aafc78'), ('XDG_MENU_PREFIX', 'gnome-'), ('LC_ADDRESS', 'bs_BA.UTF-8'), ('XDG_RUNTIME_DIR', '/run/user/1000'), ('DISPLAY', ':0'), ('TERMINATOR_DBUS_PATH', '/net/tenshu/Terminator2'), ('LANG', 'en_US.UTF-8'), ('XDG_CURRENT_DESKTOP', 'ubuntu:GNOME'), ('LC_TELEPHONE', 'bs_BA.UTF-8'), ('XMODIFIERS', '@im=ibus'), ('XDG_SESSION_DESKTOP', 'ubuntu'), ('XAUTHORITY', '/run/user/1000/gdm/Xauthority'), ('LS_COLORS', 'rs=0:di=01;34:ln=01;36:mh=00:pi=40;33:so=01;35:do=01;35:bd=40;33;01:cd=40;33;01:or=40;31;01:mi=00:su=37;41:sg=30;43:ca=30;41:tw=30;42:ow=34;42:st=37;44:ex=01;32:*.tar=01;31:*.tgz=01;31:*.arc=01;31:*.arj=01;31:*.taz=01;31:*.lha=01;31:*.lz4=01;31:*.lzh=01;31:*.lzma=01;31:*.tlz=01;31:*.txz=01;31:*.tzo=01;31:*.t7z=01;31:*.zip=01;31:*.z=01;31:*.dz=01;31:*.gz=01;31:*.lrz=01;31:*.lz=01;31:*.lzo=01;31:*.xz=01;31:*.zst=01;31:*.tzst=01;31:*.bz2=01;31:*.bz=01;31:*.tbz=01;31:*.tbz2=01;31:*.tz=01;31:*.deb=01;31:*.rpm=01;31:*.jar=01;31:*.war=01;31:*.ear=01;31:*.sar=01;31:*.rar=01;31:*.alz=01;31:*.ace=01;31:*.zoo=01;31:*.cpio=01;31:*.7z=01;31:*.rz=01;31:*.cab=01;31:*.wim=01;31:*.swm=01;31:*.dwm=01;31:*.esd=01;31:*.jpg=01;35:*.jpeg=01;35:*.mjpg=01;35:*.mjpeg=01;35:*.gif=01;35:*.bmp=01;35:*.pbm=01;35:*.pgm=01;35:*.ppm=01;35:*.tga=01;35:*.xbm=01;35:*.xpm=01;35:*.tif=01;35:*.tiff=01;35:*.png=01;35:*.svg=01;35:*.svgz=01;35:*.mng=01;35:*.pcx=01;35:*.mov=01;35:*.mpg=01;35:*.mpeg=01;35:*.m2v=01;35:*.mkv=01;35:*.webm=01;35:*.ogm=01;35:*.mp4=01;35:*.m4v=01;35:*.mp4v=01;35:*.vob=01;35:*.qt=01;35:*.nuv=01;35:*.wmv=01;35:*.asf=01;35:*.rm=01;35:*.rmvb=01;35:*.flc=01;35:*.avi=01;35:*.fli=01;35:*.flv=01;35:*.gl=01;35:*.dl=01;35:*.xcf=01;35:*.xwd=01;35:*.yuv=01;35:*.cgm=01;35:*.emf=01;35:*.ogv=01;35:*.ogx=01;35:*.aac=00;36:*.au=00;36:*.flac=00;36:*.m4a=00;36:*.mid=00;36:*.midi=00;36:*.mka=00;36:*.mp3=00;36:*.mpc=00;36:*.ogg=00;36:*.ra=00;36:*.wav=00;36:*.oga=00;36:*.opus=00;36:*.spx=00;36:*.xspf=00;36:'), ('JETSON_SOC', 'tegra194'), ('SSH_AUTH_SOCK', '/run/user/1000/keyring/ssh'), ('ROS_DOMAIN_ID', '6'), ('AMENT_PREFIX_PATH', '/opt/ros/foxy'), ('SHELL', '/bin/bash'), ('CMAKE_ARGS', '-DBUILD_WITH_OPENMP=OFF'), ('LC_NAME', 'bs_BA.UTF-8'), ('TERMINATOR_UUID', 'urn:uuid:0a99abc2-9966-4d5d-a08b-faa1cb518880'), ('QT_ACCESSIBILITY', '1'), ('GDMSESSION', 'ubuntu'), ('LESSCLOSE', '/usr/bin/lesspipe %s %s'), ('LC_MEASUREMENT', 'bs_BA.UTF-8'), ('GPG_AGENT_INFO', '/run/user/1000/gnupg/S.gpg-agent:0:1'), ('GJS_DEBUG_OUTPUT', 'stderr'), ('LC_IDENTIFICATION', 'bs_BA.UTF-8'), ('QT_IM_MODULE', 'ibus'), ('JETSON_CUDA_ARCH_BIN', '7.2'), ('PWD', '/home/f1tenth/f1tenth_mrc_ws/build/safety_node'), ('LC_ALL', 'en_US.UTF-8'), ('XDG_CONFIG_DIRS', '/etc/xdg/xdg-ubuntu:/etc/xdg'), ('XDG_DATA_DIRS', '/usr/share/ubuntu:/usr/local/share/:/usr/share/:/var/lib/snapd/desktop'), ('PYTHONPATH', '/opt/ros/foxy/lib/python3.8/site-packages'), ('LC_NUMERIC', 'bs_BA.UTF-8'), ('LC_PAPER', 'bs_BA.UTF-8'), ('COLCON', '1'), ('VTE_VERSION', '6003'), ('JETSON_JETPACK', '5.0.2 GA'), ('JETSON_P_NUMBER', 'p3668-0000'), ('CMAKE_PREFIX_PATH', '/opt/ros/foxy')]), 'shell': False}
[8.997476] (safety_node) StdoutLine: {'line': b'-- Install configuration: ""\n'}
[8.999404] (safety_node) StdoutLine: {'line': b'-- Up-to-date: /home/f1tenth/f1tenth_mrc_ws/install/safety_node/share/safety_node/environment/pythonpath.sh\n'}
[9.000001] (safety_node) StdoutLine: {'line': b'-- Up-to-date: /home/f1tenth/f1tenth_mrc_ws/install/safety_node/share/safety_node/environment/pythonpath.dsv\n'}
[9.001108] (safety_node) StdoutLine: {'line': b'-- Up-to-date: /home/f1tenth/f1tenth_mrc_ws/install/safety_node/lib/python3.8/site-packages/safety_node\n'}
[9.001990] (safety_node) StdoutLine: {'line': b'-- Up-to-date: /home/f1tenth/f1tenth_mrc_ws/install/safety_node/lib/python3.8/site-packages/safety_node/__init__.py\n'}
[9.009285] (-) TimerEvent: {}
[9.017432] (wall_follow) CommandEnded: {'returncode': 0}
[9.021451] (wall_follow) JobProgress: {'identifier': 'wall_follow', 'progress': 'install'}
[9.030065] (wall_follow) Command: {'cmd': ['/usr/bin/cmake', '--install', '/home/f1tenth/f1tenth_mrc_ws/build/wall_follow'], 'cwd': '/home/f1tenth/f1tenth_mrc_ws/build/wall_follow', 'env': OrderedDict([('GJS_DEBUG_TOPICS', 'JS ERROR;JS LOG'), ('LESSOPEN', '| /usr/bin/lesspipe %s'), ('USER', 'f1tenth'), ('LC_TIME', 'bs_BA.UTF-8'), ('SSH_AGENT_PID', '2722'), ('XDG_SESSION_TYPE', 'x11'), ('SHLVL', '1'), ('LD_LIBRARY_PATH', '/opt/ros/foxy/opt/yaml_cpp_vendor/lib:/opt/ros/foxy/opt/rviz_ogre_vendor/lib:/opt/ros/foxy/lib/aarch64-linux-gnu:/opt/ros/foxy/lib'), ('HOME', '/home/f1tenth'), ('OLDPWD', '/home/f1tenth/f1tenth_mrc_ws/src'), ('DESKTOP_SESSION', 'ubuntu'), ('JETSON_L4T', '35.1.0'), ('GIO_LAUNCHED_DESKTOP_FILE', '/usr/share/applications/terminator.desktop'), ('ROS_PYTHON_VERSION', '3'), ('GNOME_SHELL_SESSION_MODE', 'ubuntu'), ('GTK_MODULES', 'gail:atk-bridge'), ('JETSON_MODEL', 'NVIDIA Jetson Xavier NX Developer Kit'), ('LC_MONETARY', 'bs_BA.UTF-8'), ('MANAGERPID', '2456'), ('DBUS_SESSION_BUS_ADDRESS', 'unix:path=/run/user/1000/bus'), ('COLORTERM', 'truecolor'), ('TERMINATOR_DBUS_NAME', 'net.tenshu.Terminator21a9d5db22c73a993ff0b42f64b396873'), ('GIO_LAUNCHED_DESKTOP_FILE_PID', '3398'), ('_colcon_cd_root', '/opt/ros/foxy/'), ('IM_CONFIG_PHASE', '1'), ('ROS_DISTRO', 'foxy'), ('LOGNAME', 'f1tenth'), ('JETSON_MODULE', 'NVIDIA Jetson Xavier NX (Developer kit)'), ('JETSON_SERIAL_NUMBER', '1422420033521'), ('JOURNAL_STREAM', '7:52952'), ('_', '/usr/bin/colcon'), ('ROS_VERSION', '2'), ('JETSON_CODENAME', 'Jakku'), ('XDG_SESSION_CLASS', 'user'), ('USERNAME', 'f1tenth'), ('TERM', 'xterm-256color'), ('GNOME_DESKTOP_SESSION_ID', 'this-is-deprecated'), ('ROS_LOCALHOST_ONLY', '0'), ('WINDOWPATH', '2'), ('PATH', '/opt/ros/foxy/bin:/home/f1tenth/.local/bin:/usr/local/sbin:/usr/local/bin:/usr/sbin:/usr/bin:/sbin:/bin:/usr/games:/usr/local/games:/snap/bin'), ('SESSION_MANAGER', 'local/f1tenth-desktop:@/tmp/.ICE-unix/2757,unix/f1tenth-desktop:/tmp/.ICE-unix/2757'), ('INVOCATION_ID', 'bd1f5b7138a241e9935586b351aafc78'), ('XDG_MENU_PREFIX', 'gnome-'), ('LC_ADDRESS', 'bs_BA.UTF-8'), ('XDG_RUNTIME_DIR', '/run/user/1000'), ('DISPLAY', ':0'), ('TERMINATOR_DBUS_PATH', '/net/tenshu/Terminator2'), ('LANG', 'en_US.UTF-8'), ('XDG_CURRENT_DESKTOP', 'ubuntu:GNOME'), ('LC_TELEPHONE', 'bs_BA.UTF-8'), ('XMODIFIERS', '@im=ibus'), ('XDG_SESSION_DESKTOP', 'ubuntu'), ('XAUTHORITY', '/run/user/1000/gdm/Xauthority'), ('LS_COLORS', 'rs=0:di=01;34:ln=01;36:mh=00:pi=40;33:so=01;35:do=01;35:bd=40;33;01:cd=40;33;01:or=40;31;01:mi=00:su=37;41:sg=30;43:ca=30;41:tw=30;42:ow=34;42:st=37;44:ex=01;32:*.tar=01;31:*.tgz=01;31:*.arc=01;31:*.arj=01;31:*.taz=01;31:*.lha=01;31:*.lz4=01;31:*.lzh=01;31:*.lzma=01;31:*.tlz=01;31:*.txz=01;31:*.tzo=01;31:*.t7z=01;31:*.zip=01;31:*.z=01;31:*.dz=01;31:*.gz=01;31:*.lrz=01;31:*.lz=01;31:*.lzo=01;31:*.xz=01;31:*.zst=01;31:*.tzst=01;31:*.bz2=01;31:*.bz=01;31:*.tbz=01;31:*.tbz2=01;31:*.tz=01;31:*.deb=01;31:*.rpm=01;31:*.jar=01;31:*.war=01;31:*.ear=01;31:*.sar=01;31:*.rar=01;31:*.alz=01;31:*.ace=01;31:*.zoo=01;31:*.cpio=01;31:*.7z=01;31:*.rz=01;31:*.cab=01;31:*.wim=01;31:*.swm=01;31:*.dwm=01;31:*.esd=01;31:*.jpg=01;35:*.jpeg=01;35:*.mjpg=01;35:*.mjpeg=01;35:*.gif=01;35:*.bmp=01;35:*.pbm=01;35:*.pgm=01;35:*.ppm=01;35:*.tga=01;35:*.xbm=01;35:*.xpm=01;35:*.tif=01;35:*.tiff=01;35:*.png=01;35:*.svg=01;35:*.svgz=01;35:*.mng=01;35:*.pcx=01;35:*.mov=01;35:*.mpg=01;35:*.mpeg=01;35:*.m2v=01;35:*.mkv=01;35:*.webm=01;35:*.ogm=01;35:*.mp4=01;35:*.m4v=01;35:*.mp4v=01;35:*.vob=01;35:*.qt=01;35:*.nuv=01;35:*.wmv=01;35:*.asf=01;35:*.rm=01;35:*.rmvb=01;35:*.flc=01;35:*.avi=01;35:*.fli=01;35:*.flv=01;35:*.gl=01;35:*.dl=01;35:*.xcf=01;35:*.xwd=01;35:*.yuv=01;35:*.cgm=01;35:*.emf=01;35:*.ogv=01;35:*.ogx=01;35:*.aac=00;36:*.au=00;36:*.flac=00;36:*.m4a=00;36:*.mid=00;36:*.midi=00;36:*.mka=00;36:*.mp3=00;36:*.mpc=00;36:*.ogg=00;36:*.ra=00;36:*.wav=00;36:*.oga=00;36:*.opus=00;36:*.spx=00;36:*.xspf=00;36:'), ('JETSON_SOC', 'tegra194'), ('SSH_AUTH_SOCK', '/run/user/1000/keyring/ssh'), ('ROS_DOMAIN_ID', '6'), ('AMENT_PREFIX_PATH', '/opt/ros/foxy'), ('SHELL', '/bin/bash'), ('CMAKE_ARGS', '-DBUILD_WITH_OPENMP=OFF'), ('LC_NAME', 'bs_BA.UTF-8'), ('TERMINATOR_UUID', 'urn:uuid:0a99abc2-9966-4d5d-a08b-faa1cb518880'), ('QT_ACCESSIBILITY', '1'), ('GDMSESSION', 'ubuntu'), ('LESSCLOSE', '/usr/bin/lesspipe %s %s'), ('LC_MEASUREMENT', 'bs_BA.UTF-8'), ('GPG_AGENT_INFO', '/run/user/1000/gnupg/S.gpg-agent:0:1'), ('GJS_DEBUG_OUTPUT', 'stderr'), ('LC_IDENTIFICATION', 'bs_BA.UTF-8'), ('QT_IM_MODULE', 'ibus'), ('JETSON_CUDA_ARCH_BIN', '7.2'), ('PWD', '/home/f1tenth/f1tenth_mrc_ws/build/wall_follow'), ('LC_ALL', 'en_US.UTF-8'), ('XDG_CONFIG_DIRS', '/etc/xdg/xdg-ubuntu:/etc/xdg'), ('XDG_DATA_DIRS', '/usr/share/ubuntu:/usr/local/share/:/usr/share/:/var/lib/snapd/desktop'), ('PYTHONPATH', '/opt/ros/foxy/lib/python3.8/site-packages'), ('LC_NUMERIC', 'bs_BA.UTF-8'), ('LC_PAPER', 'bs_BA.UTF-8'), ('COLCON', '1'), ('VTE_VERSION', '6003'), ('JETSON_JETPACK', '5.0.2 GA'), ('JETSON_P_NUMBER', 'p3668-0000'), ('CMAKE_PREFIX_PATH', '/opt/ros/foxy')]), 'shell': False}
[9.109502] (-) TimerEvent: {}
[9.124452] (wall_follow) StdoutLine: {'line': b'-- Install configuration: ""\n'}
[9.125509] (wall_follow) StdoutLine: {'line': b'-- Up-to-date: /home/f1tenth/f1tenth_mrc_ws/install/wall_follow/share/wall_follow/environment/pythonpath.sh\n'}
[9.125974] (wall_follow) StdoutLine: {'line': b'-- Up-to-date: /home/f1tenth/f1tenth_mrc_ws/install/wall_follow/share/wall_follow/environment/pythonpath.dsv\n'}
[9.126264] (wall_follow) StdoutLine: {'line': b'-- Up-to-date: /home/f1tenth/f1tenth_mrc_ws/install/wall_follow/lib/python3.8/site-packages/wall_follow\n'}
[9.126794] (wall_follow) StdoutLine: {'line': b'-- Up-to-date: /home/f1tenth/f1tenth_mrc_ws/install/wall_follow/lib/python3.8/site-packages/wall_follow/__init__.py\n'}
[9.144378] (safety_node) StdoutLine: {'line': b"Listing '/home/f1tenth/f1tenth_mrc_ws/install/safety_node/lib/python3.8/site-packages/safety_node'...\n"}
[9.163893] (safety_node) StdoutLine: {'line': b'-- Up-to-date: /home/f1tenth/f1tenth_mrc_ws/install/safety_node/lib/safety_node/safety_node.py\n'}
[9.164497] (safety_node) StdoutLine: {'line': b'-- Up-to-date: /home/f1tenth/f1tenth_mrc_ws/install/safety_node/share/ament_index/resource_index/package_run_dependencies/safety_node\n'}
[9.164819] (safety_node) StdoutLine: {'line': b'-- Up-to-date: /home/f1tenth/f1tenth_mrc_ws/install/safety_node/share/ament_index/resource_index/parent_prefix_path/safety_node\n'}
[9.165089] (safety_node) StdoutLine: {'line': b'-- Up-to-date: /home/f1tenth/f1tenth_mrc_ws/install/safety_node/share/safety_node/environment/ament_prefix_path.sh\n'}
[9.165342] (safety_node) StdoutLine: {'line': b'-- Up-to-date: /home/f1tenth/f1tenth_mrc_ws/install/safety_node/share/safety_node/environment/ament_prefix_path.dsv\n'}
[9.165891] (safety_node) StdoutLine: {'line': b'-- Up-to-date: /home/f1tenth/f1tenth_mrc_ws/install/safety_node/share/safety_node/environment/path.sh\n'}
[9.166150] (safety_node) StdoutLine: {'line': b'-- Up-to-date: /home/f1tenth/f1tenth_mrc_ws/install/safety_node/share/safety_node/environment/path.dsv\n'}
[9.166391] (safety_node) StdoutLine: {'line': b'-- Up-to-date: /home/f1tenth/f1tenth_mrc_ws/install/safety_node/share/safety_node/local_setup.bash\n'}
[9.167464] (safety_node) StdoutLine: {'line': b'-- Up-to-date: /home/f1tenth/f1tenth_mrc_ws/install/safety_node/share/safety_node/local_setup.sh\n'}
[9.168547] (safety_node) StdoutLine: {'line': b'-- Up-to-date: /home/f1tenth/f1tenth_mrc_ws/install/safety_node/share/safety_node/local_setup.zsh\n'}
[9.169741] (safety_node) StdoutLine: {'line': b'-- Up-to-date: /home/f1tenth/f1tenth_mrc_ws/install/safety_node/share/safety_node/local_setup.dsv\n'}
[9.170807] (safety_node) StdoutLine: {'line': b'-- Installing: /home/f1tenth/f1tenth_mrc_ws/install/safety_node/share/safety_node/package.dsv\n'}
[9.173027] (safety_node) StdoutLine: {'line': b'-- Up-to-date: /home/f1tenth/f1tenth_mrc_ws/install/safety_node/share/ament_index/resource_index/packages/safety_node\n'}
[9.175729] (safety_node) StdoutLine: {'line': b'-- Up-to-date: /home/f1tenth/f1tenth_mrc_ws/install/safety_node/share/safety_node/cmake/safety_nodeConfig.cmake\n'}
[9.176380] (safety_node) StdoutLine: {'line': b'-- Up-to-date: /home/f1tenth/f1tenth_mrc_ws/install/safety_node/share/safety_node/cmake/safety_nodeConfig-version.cmake\n'}
[9.176802] (safety_node) StdoutLine: {'line': b'-- Up-to-date: /home/f1tenth/f1tenth_mrc_ws/install/safety_node/share/safety_node/package.xml\n'}
[9.194610] (safety_node) CommandEnded: {'returncode': 0}
[9.209970] (-) TimerEvent: {}
[9.272241] (safety_node) JobEnded: {'identifier': 'safety_node', 'rc': 0}
[9.275270] (waypoint_logger) JobStarted: {'identifier': 'waypoint_logger'}
[9.310753] (-) TimerEvent: {}
[9.411664] (wall_follow) StdoutLine: {'line': b"Listing '/home/f1tenth/f1tenth_mrc_ws/install/wall_follow/lib/python3.8/site-packages/wall_follow'...\n"}
[9.413420] (-) TimerEvent: {}
[9.437457] (wall_follow) StdoutLine: {'line': b'-- Up-to-date: /home/f1tenth/f1tenth_mrc_ws/install/wall_follow/lib/wall_follow/wall_follow_node.py\n'}
[9.439030] (wall_follow) StdoutLine: {'line': b'-- Up-to-date: /home/f1tenth/f1tenth_mrc_ws/install/wall_follow/share/ament_index/resource_index/package_run_dependencies/wall_follow\n'}
[9.439673] (wall_follow) StdoutLine: {'line': b'-- Up-to-date: /home/f1tenth/f1tenth_mrc_ws/install/wall_follow/share/ament_index/resource_index/parent_prefix_path/wall_follow\n'}
[9.440249] (wall_follow) StdoutLine: {'line': b'-- Up-to-date: /home/f1tenth/f1tenth_mrc_ws/install/wall_follow/share/wall_follow/environment/ament_prefix_path.sh\n'}
[9.440635] (wall_follow) StdoutLine: {'line': b'-- Up-to-date: /home/f1tenth/f1tenth_mrc_ws/install/wall_follow/share/wall_follow/environment/ament_prefix_path.dsv\n'}
[9.441173] (wall_follow) StdoutLine: {'line': b'-- Up-to-date: /home/f1tenth/f1tenth_mrc_ws/install/wall_follow/share/wall_follow/environment/path.sh\n'}
[9.441531] (wall_follow) StdoutLine: {'line': b'-- Up-to-date: /home/f1tenth/f1tenth_mrc_ws/install/wall_follow/share/wall_follow/environment/path.dsv\n'}
[9.441846] (wall_follow) StdoutLine: {'line': b'-- Up-to-date: /home/f1tenth/f1tenth_mrc_ws/install/wall_follow/share/wall_follow/local_setup.bash\n'}
[9.442281] (wall_follow) StdoutLine: {'line': b'-- Up-to-date: /home/f1tenth/f1tenth_mrc_ws/install/wall_follow/share/wall_follow/local_setup.sh\n'}
[9.442590] (wall_follow) StdoutLine: {'line': b'-- Up-to-date: /home/f1tenth/f1tenth_mrc_ws/install/wall_follow/share/wall_follow/local_setup.zsh\n'}
[9.443303] (wall_follow) StdoutLine: {'line': b'-- Up-to-date: /home/f1tenth/f1tenth_mrc_ws/install/wall_follow/share/wall_follow/local_setup.dsv\n'}
[9.443795] (wall_follow) StdoutLine: {'line': b'-- Installing: /home/f1tenth/f1tenth_mrc_ws/install/wall_follow/share/wall_follow/package.dsv\n'}
[9.445541] (wall_follow) StdoutLine: {'line': b'-- Up-to-date: /home/f1tenth/f1tenth_mrc_ws/install/wall_follow/share/ament_index/resource_index/packages/wall_follow\n'}
[9.446149] (wall_follow) StdoutLine: {'line': b'-- Up-to-date: /home/f1tenth/f1tenth_mrc_ws/install/wall_follow/share/wall_follow/cmake/wall_followConfig.cmake\n'}
[9.446647] (wall_follow) StdoutLine: {'line': b'-- Up-to-date: /home/f1tenth/f1tenth_mrc_ws/install/wall_follow/share/wall_follow/cmake/wall_followConfig-version.cmake\n'}
[9.447018] (wall_follow) StdoutLine: {'line': b'-- Up-to-date: /home/f1tenth/f1tenth_mrc_ws/install/wall_follow/share/wall_follow/package.xml\n'}
[9.513597] (-) TimerEvent: {}
[9.614906] (-) TimerEvent: {}
[9.717456] (-) TimerEvent: {}
[9.734131] (ppo_racing) StderrLine: {'line': b"/home/f1tenth/.local/lib/python3.8/site-packages/setuptools/dist.py:717: UserWarning: Usage of dash-separated 'script-dir' will not be supported in future versions. Please use the underscore name 'script_dir' instead\n"}
[9.735091] (ppo_racing) StderrLine: {'line': b'  warnings.warn(\n'}
[9.817663] (-) TimerEvent: {}
[9.892347] (ppo_racing) StdoutLine: {'line': b'running egg_info\n'}
[9.894600] (ppo_racing) StdoutLine: {'line': b'writing ../../build/ppo_racing/ppo_racing.egg-info/PKG-INFO\n'}
[9.895558] (ppo_racing) StdoutLine: {'line': b'writing dependency_links to ../../build/ppo_racing/ppo_racing.egg-info/dependency_links.txt\n'}
[9.896349] (ppo_racing) StdoutLine: {'line': b'writing entry points to ../../build/ppo_racing/ppo_racing.egg-info/entry_points.txt\n'}
[9.897349] (ppo_racing) StdoutLine: {'line': b'writing requirements to ../../build/ppo_racing/ppo_racing.egg-info/requires.txt\n'}
[9.897687] (ppo_racing) StdoutLine: {'line': b'writing top-level names to ../../build/ppo_racing/ppo_racing.egg-info/top_level.txt\n'}
[9.913112] (ppo_racing) StdoutLine: {'line': b"reading manifest file '../../build/ppo_racing/ppo_racing.egg-info/SOURCES.txt'\n"}
[9.917626] (ppo_racing) StdoutLine: {'line': b"writing manifest file '../../build/ppo_racing/ppo_racing.egg-info/SOURCES.txt'\n"}
[9.918145] (-) TimerEvent: {}
[9.919381] (ppo_racing) StdoutLine: {'line': b'running build\n'}
[9.919828] (ppo_racing) StdoutLine: {'line': b'running build_py\n'}
[9.923528] (ppo_racing) StdoutLine: {'line': b'running install\n'}
[9.926373] (ppo_racing) StdoutLine: {'line': b'running install_lib\n'}
[9.937167] (ppo_racing) StdoutLine: {'line': b'running install_data\n'}
[9.937957] (ppo_racing) StdoutLine: {'line': b'running install_egg_info\n'}
[9.944874] (ppo_racing) StdoutLine: {'line': b"removing '/home/f1tenth/f1tenth_mrc_ws/install/ppo_racing/lib/python3.8/site-packages/ppo_racing-0.0.0-py3.8.egg-info' (and everything under it)\n"}
[9.946386] (ppo_racing) StdoutLine: {'line': b'Copying ../../build/ppo_racing/ppo_racing.egg-info to /home/f1tenth/f1tenth_mrc_ws/install/ppo_racing/lib/python3.8/site-packages/ppo_racing-0.0.0-py3.8.egg-info\n'}
[9.951071] (ppo_racing) StdoutLine: {'line': b'running install_scripts\n'}
[10.018374] (-) TimerEvent: {}
[10.041873] (ppo_racing) StdoutLine: {'line': b'Installing opp_pose_to_odom script to /home/f1tenth/f1tenth_mrc_ws/install/ppo_racing/lib/ppo_racing\n'}
[10.043023] (ppo_racing) StdoutLine: {'line': b'Installing policy_node script to /home/f1tenth/f1tenth_mrc_ws/install/ppo_racing/lib/ppo_racing\n'}
[10.043662] (ppo_racing) StdoutLine: {'line': b'Installing policy_node_local_obs script to /home/f1tenth/f1tenth_mrc_ws/install/ppo_racing/lib/ppo_racing\n'}
[10.044156] (ppo_racing) StdoutLine: {'line': b'Installing test_logger script to /home/f1tenth/f1tenth_mrc_ws/install/ppo_racing/lib/ppo_racing\n'}
[10.049186] (ppo_racing) StdoutLine: {'line': b"writing list of installed files to '/home/f1tenth/f1tenth_mrc_ws/build/ppo_racing/install.log'\n"}
[10.119485] (-) TimerEvent: {}
[10.220832] (-) TimerEvent: {}
[10.322116] (-) TimerEvent: {}
[10.423565] (-) TimerEvent: {}
[10.525686] (-) TimerEvent: {}
[10.537451] (ppo_racing) CommandEnded: {'returncode': 0}
[10.579688] (ppo_racing) JobEnded: {'identifier': 'ppo_racing', 'rc': 0}
[10.583448] (wall_follow) CommandEnded: {'returncode': 0}
[10.626640] (-) TimerEvent: {}
[10.663811] (wall_follow) JobEnded: {'identifier': 'wall_follow', 'rc': 0}
[10.685747] (realsense2_camera) JobStarted: {'identifier': 'realsense2_camera'}
[10.725662] (realsense2_description) JobStarted: {'identifier': 'realsense2_description'}
[10.735252] (-) TimerEvent: {}
[10.790453] (rrt_package) Command: {'cmd': ['/usr/bin/python3', '-W', 'ignore:setup.py install is deprecated', '-W', 'ignore:easy_install command is deprecated', 'setup.py', 'egg_info', '--egg-base', '../../build/rrt_package', 'build', '--build-base', '/home/f1tenth/f1tenth_mrc_ws/build/rrt_package/build', 'install', '--record', '/home/f1tenth/f1tenth_mrc_ws/build/rrt_package/install.log', '--install-scripts', '$base/lib/rrt_package', '--single-version-externally-managed', 'install_data'], 'cwd': '/home/f1tenth/f1tenth_mrc_ws/src/rrt_package', 'env': {'GJS_DEBUG_TOPICS': 'JS ERROR;JS LOG', 'LESSOPEN': '| /usr/bin/lesspipe %s', 'USER': 'f1tenth', 'LC_TIME': 'bs_BA.UTF-8', 'SSH_AGENT_PID': '2722', 'XDG_SESSION_TYPE': 'x11', 'SHLVL': '1', 'LD_LIBRARY_PATH': '/opt/ros/foxy/opt/yaml_cpp_vendor/lib:/opt/ros/foxy/opt/rviz_ogre_vendor/lib:/opt/ros/foxy/lib/aarch64-linux-gnu:/opt/ros/foxy/lib', 'HOME': '/home/f1tenth', 'OLDPWD': '/home/f1tenth/f1tenth_mrc_ws/src', 'DESKTOP_SESSION': 'ubuntu', 'JETSON_L4T': '35.1.0', 'GIO_LAUNCHED_DESKTOP_FILE': '/usr/share/applications/terminator.desktop', 'ROS_PYTHON_VERSION': '3', 'GNOME_SHELL_SESSION_MODE': 'ubuntu', 'GTK_MODULES': 'gail:atk-bridge', 'JETSON_MODEL': 'NVIDIA Jetson Xavier NX Developer Kit', 'LC_MONETARY': 'bs_BA.UTF-8', 'MANAGERPID': '2456', 'DBUS_SESSION_BUS_ADDRESS': 'unix:path=/run/user/1000/bus', 'COLORTERM': 'truecolor', 'TERMINATOR_DBUS_NAME': 'net.tenshu.Terminator21a9d5db22c73a993ff0b42f64b396873', 'GIO_LAUNCHED_DESKTOP_FILE_PID': '3398', '_colcon_cd_root': '/opt/ros/foxy/', 'IM_CONFIG_PHASE': '1', 'ROS_DISTRO': 'foxy', 'LOGNAME': 'f1tenth', 'JETSON_MODULE': 'NVIDIA Jetson Xavier NX (Developer kit)', 'JETSON_SERIAL_NUMBER': '1422420033521', 'JOURNAL_STREAM': '7:52952', '_': '/usr/bin/colcon', 'ROS_VERSION': '2', 'JETSON_CODENAME': 'Jakku', 'XDG_SESSION_CLASS': 'user', 'USERNAME': 'f1tenth', 'TERM': 'xterm-256color', 'GNOME_DESKTOP_SESSION_ID': 'this-is-deprecated', 'ROS_LOCALHOST_ONLY': '0', 'WINDOWPATH': '2', 'PATH': '/opt/ros/foxy/bin:/home/f1tenth/.local/bin:/usr/local/sbin:/usr/local/bin:/usr/sbin:/usr/bin:/sbin:/bin:/usr/games:/usr/local/games:/snap/bin', 'SESSION_MANAGER': 'local/f1tenth-desktop:@/tmp/.ICE-unix/2757,unix/f1tenth-desktop:/tmp/.ICE-unix/2757', 'INVOCATION_ID': 'bd1f5b7138a241e9935586b351aafc78', 'XDG_MENU_PREFIX': 'gnome-', 'LC_ADDRESS': 'bs_BA.UTF-8', 'XDG_RUNTIME_DIR': '/run/user/1000', 'DISPLAY': ':0', 'TERMINATOR_DBUS_PATH': '/net/tenshu/Terminator2', 'LANG': 'en_US.UTF-8', 'XDG_CURRENT_DESKTOP': 'ubuntu:GNOME', 'LC_TELEPHONE': 'bs_BA.UTF-8', 'XMODIFIERS': '@im=ibus', 'XDG_SESSION_DESKTOP': 'ubuntu', 'XAUTHORITY': '/run/user/1000/gdm/Xauthority', 'LS_COLORS': 'rs=0:di=01;34:ln=01;36:mh=00:pi=40;33:so=01;35:do=01;35:bd=40;33;01:cd=40;33;01:or=40;31;01:mi=00:su=37;41:sg=30;43:ca=30;41:tw=30;42:ow=34;42:st=37;44:ex=01;32:*.tar=01;31:*.tgz=01;31:*.arc=01;31:*.arj=01;31:*.taz=01;31:*.lha=01;31:*.lz4=01;31:*.lzh=01;31:*.lzma=01;31:*.tlz=01;31:*.txz=01;31:*.tzo=01;31:*.t7z=01;31:*.zip=01;31:*.z=01;31:*.dz=01;31:*.gz=01;31:*.lrz=01;31:*.lz=01;31:*.lzo=01;31:*.xz=01;31:*.zst=01;31:*.tzst=01;31:*.bz2=01;31:*.bz=01;31:*.tbz=01;31:*.tbz2=01;31:*.tz=01;31:*.deb=01;31:*.rpm=01;31:*.jar=01;31:*.war=01;31:*.ear=01;31:*.sar=01;31:*.rar=01;31:*.alz=01;31:*.ace=01;31:*.zoo=01;31:*.cpio=01;31:*.7z=01;31:*.rz=01;31:*.cab=01;31:*.wim=01;31:*.swm=01;31:*.dwm=01;31:*.esd=01;31:*.jpg=01;35:*.jpeg=01;35:*.mjpg=01;35:*.mjpeg=01;35:*.gif=01;35:*.bmp=01;35:*.pbm=01;35:*.pgm=01;35:*.ppm=01;35:*.tga=01;35:*.xbm=01;35:*.xpm=01;35:*.tif=01;35:*.tiff=01;35:*.png=01;35:*.svg=01;35:*.svgz=01;35:*.mng=01;35:*.pcx=01;35:*.mov=01;35:*.mpg=01;35:*.mpeg=01;35:*.m2v=01;35:*.mkv=01;35:*.webm=01;35:*.ogm=01;35:*.mp4=01;35:*.m4v=01;35:*.mp4v=01;35:*.vob=01;35:*.qt=01;35:*.nuv=01;35:*.wmv=01;35:*.asf=01;35:*.rm=01;35:*.rmvb=01;35:*.flc=01;35:*.avi=01;35:*.fli=01;35:*.flv=01;35:*.gl=01;35:*.dl=01;35:*.xcf=01;35:*.xwd=01;35:*.yuv=01;35:*.cgm=01;35:*.emf=01;35:*.ogv=01;35:*.ogx=01;35:*.aac=00;36:*.au=00;36:*.flac=00;36:*.m4a=00;36:*.mid=00;36:*.midi=00;36:*.mka=00;36:*.mp3=00;36:*.mpc=00;36:*.ogg=00;36:*.ra=00;36:*.wav=00;36:*.oga=00;36:*.opus=00;36:*.spx=00;36:*.xspf=00;36:', 'JETSON_SOC': 'tegra194', 'SSH_AUTH_SOCK': '/run/user/1000/keyring/ssh', 'ROS_DOMAIN_ID': '6', 'AMENT_PREFIX_PATH': '/opt/ros/foxy', 'SHELL': '/bin/bash', 'CMAKE_ARGS': '-DBUILD_WITH_OPENMP=OFF', 'LC_NAME': 'bs_BA.UTF-8', 'TERMINATOR_UUID': 'urn:uuid:0a99abc2-9966-4d5d-a08b-faa1cb518880', 'QT_ACCESSIBILITY': '1', 'GDMSESSION': 'ubuntu', 'LESSCLOSE': '/usr/bin/lesspipe %s %s', 'LC_MEASUREMENT': 'bs_BA.UTF-8', 'GPG_AGENT_INFO': '/run/user/1000/gnupg/S.gpg-agent:0:1', 'GJS_DEBUG_OUTPUT': 'stderr', 'LC_IDENTIFICATION': 'bs_BA.UTF-8', 'QT_IM_MODULE': 'ibus', 'JETSON_CUDA_ARCH_BIN': '7.2', 'PWD': '/home/f1tenth/f1tenth_mrc_ws/build/rrt_package', 'LC_ALL': 'en_US.UTF-8', 'XDG_CONFIG_DIRS': '/etc/xdg/xdg-ubuntu:/etc/xdg', 'XDG_DATA_DIRS': '/usr/share/ubuntu:/usr/local/share/:/usr/share/:/var/lib/snapd/desktop', 'PYTHONPATH': '/home/f1tenth/f1tenth_mrc_ws/build/rrt_package/prefix_override:/usr/lib/python3/dist-packages/colcon_core/task/python/colcon_distutils_commands:/home/f1tenth/f1tenth_mrc_ws/install/rrt_package/lib/python3.8/site-packages:/opt/ros/foxy/lib/python3.8/site-packages', 'LC_NUMERIC': 'bs_BA.UTF-8', 'LC_PAPER': 'bs_BA.UTF-8', 'COLCON': '1', 'VTE_VERSION': '6003', 'JETSON_JETPACK': '5.0.2 GA', 'JETSON_P_NUMBER': 'p3668-0000'}, 'shell': False}
[10.833031] (realsense2_camera) JobProgress: {'identifier': 'realsense2_camera', 'progress': 'cmake'}
[10.834183] (realsense2_camera) Command: {'cmd': ['/usr/bin/cmake', '/home/f1tenth/f1tenth_mrc_ws/src/realsense-ros/realsense2_camera', '-DCMAKE_INSTALL_PREFIX=/home/f1tenth/f1tenth_mrc_ws/install/realsense2_camera'], 'cwd': '/home/f1tenth/f1tenth_mrc_ws/build/realsense2_camera', 'env': OrderedDict([('GJS_DEBUG_TOPICS', 'JS ERROR;JS LOG'), ('LESSOPEN', '| /usr/bin/lesspipe %s'), ('USER', 'f1tenth'), ('LC_TIME', 'bs_BA.UTF-8'), ('SSH_AGENT_PID', '2722'), ('XDG_SESSION_TYPE', 'x11'), ('SHLVL', '1'), ('LD_LIBRARY_PATH', '/home/f1tenth/f1tenth_mrc_ws/install/realsense2_camera_msgs/lib:/opt/ros/foxy/opt/yaml_cpp_vendor/lib:/opt/ros/foxy/opt/rviz_ogre_vendor/lib:/opt/ros/foxy/lib/aarch64-linux-gnu:/opt/ros/foxy/lib'), ('HOME', '/home/f1tenth'), ('OLDPWD', '/home/f1tenth/f1tenth_mrc_ws/src'), ('DESKTOP_SESSION', 'ubuntu'), ('JETSON_L4T', '35.1.0'), ('GIO_LAUNCHED_DESKTOP_FILE', '/usr/share/applications/terminator.desktop'), ('ROS_PYTHON_VERSION', '3'), ('GNOME_SHELL_SESSION_MODE', 'ubuntu'), ('GTK_MODULES', 'gail:atk-bridge'), ('JETSON_MODEL', 'NVIDIA Jetson Xavier NX Developer Kit'), ('LC_MONETARY', 'bs_BA.UTF-8'), ('MANAGERPID', '2456'), ('DBUS_SESSION_BUS_ADDRESS', 'unix:path=/run/user/1000/bus'), ('COLORTERM', 'truecolor'), ('TERMINATOR_DBUS_NAME', 'net.tenshu.Terminator21a9d5db22c73a993ff0b42f64b396873'), ('GIO_LAUNCHED_DESKTOP_FILE_PID', '3398'), ('_colcon_cd_root', '/opt/ros/foxy/'), ('IM_CONFIG_PHASE', '1'), ('ROS_DISTRO', 'foxy'), ('LOGNAME', 'f1tenth'), ('JETSON_MODULE', 'NVIDIA Jetson Xavier NX (Developer kit)'), ('JETSON_SERIAL_NUMBER', '1422420033521'), ('JOURNAL_STREAM', '7:52952'), ('_', '/usr/bin/colcon'), ('ROS_VERSION', '2'), ('JETSON_CODENAME', 'Jakku'), ('XDG_SESSION_CLASS', 'user'), ('USERNAME', 'f1tenth'), ('TERM', 'xterm-256color'), ('GNOME_DESKTOP_SESSION_ID', 'this-is-deprecated'), ('ROS_LOCALHOST_ONLY', '0'), ('WINDOWPATH', '2'), ('PATH', '/opt/ros/foxy/bin:/home/f1tenth/.local/bin:/usr/local/sbin:/usr/local/bin:/usr/sbin:/usr/bin:/sbin:/bin:/usr/games:/usr/local/games:/snap/bin'), ('SESSION_MANAGER', 'local/f1tenth-desktop:@/tmp/.ICE-unix/2757,unix/f1tenth-desktop:/tmp/.ICE-unix/2757'), ('INVOCATION_ID', 'bd1f5b7138a241e9935586b351aafc78'), ('XDG_MENU_PREFIX', 'gnome-'), ('LC_ADDRESS', 'bs_BA.UTF-8'), ('XDG_RUNTIME_DIR', '/run/user/1000'), ('DISPLAY', ':0'), ('TERMINATOR_DBUS_PATH', '/net/tenshu/Terminator2'), ('LANG', 'en_US.UTF-8'), ('XDG_CURRENT_DESKTOP', 'ubuntu:GNOME'), ('LC_TELEPHONE', 'bs_BA.UTF-8'), ('XMODIFIERS', '@im=ibus'), ('XDG_SESSION_DESKTOP', 'ubuntu'), ('XAUTHORITY', '/run/user/1000/gdm/Xauthority'), ('LS_COLORS', 'rs=0:di=01;34:ln=01;36:mh=00:pi=40;33:so=01;35:do=01;35:bd=40;33;01:cd=40;33;01:or=40;31;01:mi=00:su=37;41:sg=30;43:ca=30;41:tw=30;42:ow=34;42:st=37;44:ex=01;32:*.tar=01;31:*.tgz=01;31:*.arc=01;31:*.arj=01;31:*.taz=01;31:*.lha=01;31:*.lz4=01;31:*.lzh=01;31:*.lzma=01;31:*.tlz=01;31:*.txz=01;31:*.tzo=01;31:*.t7z=01;31:*.zip=01;31:*.z=01;31:*.dz=01;31:*.gz=01;31:*.lrz=01;31:*.lz=01;31:*.lzo=01;31:*.xz=01;31:*.zst=01;31:*.tzst=01;31:*.bz2=01;31:*.bz=01;31:*.tbz=01;31:*.tbz2=01;31:*.tz=01;31:*.deb=01;31:*.rpm=01;31:*.jar=01;31:*.war=01;31:*.ear=01;31:*.sar=01;31:*.rar=01;31:*.alz=01;31:*.ace=01;31:*.zoo=01;31:*.cpio=01;31:*.7z=01;31:*.rz=01;31:*.cab=01;31:*.wim=01;31:*.swm=01;31:*.dwm=01;31:*.esd=01;31:*.jpg=01;35:*.jpeg=01;35:*.mjpg=01;35:*.mjpeg=01;35:*.gif=01;35:*.bmp=01;35:*.pbm=01;35:*.pgm=01;35:*.ppm=01;35:*.tga=01;35:*.xbm=01;35:*.xpm=01;35:*.tif=01;35:*.tiff=01;35:*.png=01;35:*.svg=01;35:*.svgz=01;35:*.mng=01;35:*.pcx=01;35:*.mov=01;35:*.mpg=01;35:*.mpeg=01;35:*.m2v=01;35:*.mkv=01;35:*.webm=01;35:*.ogm=01;35:*.mp4=01;35:*.m4v=01;35:*.mp4v=01;35:*.vob=01;35:*.qt=01;35:*.nuv=01;35:*.wmv=01;35:*.asf=01;35:*.rm=01;35:*.rmvb=01;35:*.flc=01;35:*.avi=01;35:*.fli=01;35:*.flv=01;35:*.gl=01;35:*.dl=01;35:*.xcf=01;35:*.xwd=01;35:*.yuv=01;35:*.cgm=01;35:*.emf=01;35:*.ogv=01;35:*.ogx=01;35:*.aac=00;36:*.au=00;36:*.flac=00;36:*.m4a=00;36:*.mid=00;36:*.midi=00;36:*.mka=00;36:*.mp3=00;36:*.mpc=00;36:*.ogg=00;36:*.ra=00;36:*.wav=00;36:*.oga=00;36:*.opus=00;36:*.spx=00;36:*.xspf=00;36:'), ('JETSON_SOC', 'tegra194'), ('SSH_AUTH_SOCK', '/run/user/1000/keyring/ssh'), ('ROS_DOMAIN_ID', '6'), ('AMENT_PREFIX_PATH', '/home/f1tenth/f1tenth_mrc_ws/install/realsense2_camera_msgs:/opt/ros/foxy'), ('SHELL', '/bin/bash'), ('CMAKE_ARGS', '-DBUILD_WITH_OPENMP=OFF'), ('LC_NAME', 'bs_BA.UTF-8'), ('TERMINATOR_UUID', 'urn:uuid:0a99abc2-9966-4d5d-a08b-faa1cb518880'), ('QT_ACCESSIBILITY', '1'), ('GDMSESSION', 'ubuntu'), ('LESSCLOSE', '/usr/bin/lesspipe %s %s'), ('LC_MEASUREMENT', 'bs_BA.UTF-8'), ('GPG_AGENT_INFO', '/run/user/1000/gnupg/S.gpg-agent:0:1'), ('GJS_DEBUG_OUTPUT', 'stderr'), ('LC_IDENTIFICATION', 'bs_BA.UTF-8'), ('QT_IM_MODULE', 'ibus'), ('JETSON_CUDA_ARCH_BIN', '7.2'), ('PWD', '/home/f1tenth/f1tenth_mrc_ws/build/realsense2_camera'), ('LC_ALL', 'en_US.UTF-8'), ('XDG_CONFIG_DIRS', '/etc/xdg/xdg-ubuntu:/etc/xdg'), ('XDG_DATA_DIRS', '/usr/share/ubuntu:/usr/local/share/:/usr/share/:/var/lib/snapd/desktop'), ('PYTHONPATH', '/home/f1tenth/f1tenth_mrc_ws/install/realsense2_camera_msgs/lib/python3.8/site-packages:/opt/ros/foxy/lib/python3.8/site-packages'), ('LC_NUMERIC', 'bs_BA.UTF-8'), ('LC_PAPER', 'bs_BA.UTF-8'), ('COLCON', '1'), ('VTE_VERSION', '6003'), ('JETSON_JETPACK', '5.0.2 GA'), ('JETSON_P_NUMBER', 'p3668-0000'), ('CMAKE_PREFIX_PATH', '/home/f1tenth/f1tenth_mrc_ws/install/realsense2_camera_msgs:/opt/ros/foxy')]), 'shell': False}
[10.842015] (-) TimerEvent: {}
[10.863627] (realsense2_description) JobProgress: {'identifier': 'realsense2_description', 'progress': 'cmake'}
[10.867270] (realsense2_description) JobProgress: {'identifier': 'realsense2_description', 'progress': 'build'}
[10.868473] (realsense2_description) Command: {'cmd': ['/usr/bin/cmake', '--build', '/home/f1tenth/f1tenth_mrc_ws/build/realsense2_description', '--', '-j4', '-l4'], 'cwd': '/home/f1tenth/f1tenth_mrc_ws/build/realsense2_description', 'env': OrderedDict([('GJS_DEBUG_TOPICS', 'JS ERROR;JS LOG'), ('LESSOPEN', '| /usr/bin/lesspipe %s'), ('USER', 'f1tenth'), ('LC_TIME', 'bs_BA.UTF-8'), ('SSH_AGENT_PID', '2722'), ('XDG_SESSION_TYPE', 'x11'), ('SHLVL', '1'), ('LD_LIBRARY_PATH', '/home/f1tenth/f1tenth_mrc_ws/install/realsense2_camera_msgs/lib:/opt/ros/foxy/opt/yaml_cpp_vendor/lib:/opt/ros/foxy/opt/rviz_ogre_vendor/lib:/opt/ros/foxy/lib/aarch64-linux-gnu:/opt/ros/foxy/lib'), ('HOME', '/home/f1tenth'), ('OLDPWD', '/home/f1tenth/f1tenth_mrc_ws/src'), ('DESKTOP_SESSION', 'ubuntu'), ('JETSON_L4T', '35.1.0'), ('GIO_LAUNCHED_DESKTOP_FILE', '/usr/share/applications/terminator.desktop'), ('ROS_PYTHON_VERSION', '3'), ('GNOME_SHELL_SESSION_MODE', 'ubuntu'), ('GTK_MODULES', 'gail:atk-bridge'), ('JETSON_MODEL', 'NVIDIA Jetson Xavier NX Developer Kit'), ('LC_MONETARY', 'bs_BA.UTF-8'), ('MANAGERPID', '2456'), ('DBUS_SESSION_BUS_ADDRESS', 'unix:path=/run/user/1000/bus'), ('COLORTERM', 'truecolor'), ('TERMINATOR_DBUS_NAME', 'net.tenshu.Terminator21a9d5db22c73a993ff0b42f64b396873'), ('GIO_LAUNCHED_DESKTOP_FILE_PID', '3398'), ('_colcon_cd_root', '/opt/ros/foxy/'), ('IM_CONFIG_PHASE', '1'), ('ROS_DISTRO', 'foxy'), ('LOGNAME', 'f1tenth'), ('JETSON_MODULE', 'NVIDIA Jetson Xavier NX (Developer kit)'), ('JETSON_SERIAL_NUMBER', '1422420033521'), ('JOURNAL_STREAM', '7:52952'), ('_', '/usr/bin/colcon'), ('ROS_VERSION', '2'), ('JETSON_CODENAME', 'Jakku'), ('XDG_SESSION_CLASS', 'user'), ('USERNAME', 'f1tenth'), ('TERM', 'xterm-256color'), ('GNOME_DESKTOP_SESSION_ID', 'this-is-deprecated'), ('ROS_LOCALHOST_ONLY', '0'), ('WINDOWPATH', '2'), ('PATH', '/opt/ros/foxy/bin:/home/f1tenth/.local/bin:/usr/local/sbin:/usr/local/bin:/usr/sbin:/usr/bin:/sbin:/bin:/usr/games:/usr/local/games:/snap/bin'), ('SESSION_MANAGER', 'local/f1tenth-desktop:@/tmp/.ICE-unix/2757,unix/f1tenth-desktop:/tmp/.ICE-unix/2757'), ('INVOCATION_ID', 'bd1f5b7138a241e9935586b351aafc78'), ('XDG_MENU_PREFIX', 'gnome-'), ('LC_ADDRESS', 'bs_BA.UTF-8'), ('XDG_RUNTIME_DIR', '/run/user/1000'), ('DISPLAY', ':0'), ('TERMINATOR_DBUS_PATH', '/net/tenshu/Terminator2'), ('LANG', 'en_US.UTF-8'), ('XDG_CURRENT_DESKTOP', 'ubuntu:GNOME'), ('LC_TELEPHONE', 'bs_BA.UTF-8'), ('XMODIFIERS', '@im=ibus'), ('XDG_SESSION_DESKTOP', 'ubuntu'), ('XAUTHORITY', '/run/user/1000/gdm/Xauthority'), ('LS_COLORS', 'rs=0:di=01;34:ln=01;36:mh=00:pi=40;33:so=01;35:do=01;35:bd=40;33;01:cd=40;33;01:or=40;31;01:mi=00:su=37;41:sg=30;43:ca=30;41:tw=30;42:ow=34;42:st=37;44:ex=01;32:*.tar=01;31:*.tgz=01;31:*.arc=01;31:*.arj=01;31:*.taz=01;31:*.lha=01;31:*.lz4=01;31:*.lzh=01;31:*.lzma=01;31:*.tlz=01;31:*.txz=01;31:*.tzo=01;31:*.t7z=01;31:*.zip=01;31:*.z=01;31:*.dz=01;31:*.gz=01;31:*.lrz=01;31:*.lz=01;31:*.lzo=01;31:*.xz=01;31:*.zst=01;31:*.tzst=01;31:*.bz2=01;31:*.bz=01;31:*.tbz=01;31:*.tbz2=01;31:*.tz=01;31:*.deb=01;31:*.rpm=01;31:*.jar=01;31:*.war=01;31:*.ear=01;31:*.sar=01;31:*.rar=01;31:*.alz=01;31:*.ace=01;31:*.zoo=01;31:*.cpio=01;31:*.7z=01;31:*.rz=01;31:*.cab=01;31:*.wim=01;31:*.swm=01;31:*.dwm=01;31:*.esd=01;31:*.jpg=01;35:*.jpeg=01;35:*.mjpg=01;35:*.mjpeg=01;35:*.gif=01;35:*.bmp=01;35:*.pbm=01;35:*.pgm=01;35:*.ppm=01;35:*.tga=01;35:*.xbm=01;35:*.xpm=01;35:*.tif=01;35:*.tiff=01;35:*.png=01;35:*.svg=01;35:*.svgz=01;35:*.mng=01;35:*.pcx=01;35:*.mov=01;35:*.mpg=01;35:*.mpeg=01;35:*.m2v=01;35:*.mkv=01;35:*.webm=01;35:*.ogm=01;35:*.mp4=01;35:*.m4v=01;35:*.mp4v=01;35:*.vob=01;35:*.qt=01;35:*.nuv=01;35:*.wmv=01;35:*.asf=01;35:*.rm=01;35:*.rmvb=01;35:*.flc=01;35:*.avi=01;35:*.fli=01;35:*.flv=01;35:*.gl=01;35:*.dl=01;35:*.xcf=01;35:*.xwd=01;35:*.yuv=01;35:*.cgm=01;35:*.emf=01;35:*.ogv=01;35:*.ogx=01;35:*.aac=00;36:*.au=00;36:*.flac=00;36:*.m4a=00;36:*.mid=00;36:*.midi=00;36:*.mka=00;36:*.mp3=00;36:*.mpc=00;36:*.ogg=00;36:*.ra=00;36:*.wav=00;36:*.oga=00;36:*.opus=00;36:*.spx=00;36:*.xspf=00;36:'), ('JETSON_SOC', 'tegra194'), ('SSH_AUTH_SOCK', '/run/user/1000/keyring/ssh'), ('ROS_DOMAIN_ID', '6'), ('AMENT_PREFIX_PATH', '/home/f1tenth/f1tenth_mrc_ws/install/realsense2_camera_msgs:/opt/ros/foxy'), ('SHELL', '/bin/bash'), ('CMAKE_ARGS', '-DBUILD_WITH_OPENMP=OFF'), ('LC_NAME', 'bs_BA.UTF-8'), ('TERMINATOR_UUID', 'urn:uuid:0a99abc2-9966-4d5d-a08b-faa1cb518880'), ('QT_ACCESSIBILITY', '1'), ('GDMSESSION', 'ubuntu'), ('LESSCLOSE', '/usr/bin/lesspipe %s %s'), ('LC_MEASUREMENT', 'bs_BA.UTF-8'), ('GPG_AGENT_INFO', '/run/user/1000/gnupg/S.gpg-agent:0:1'), ('GJS_DEBUG_OUTPUT', 'stderr'), ('LC_IDENTIFICATION', 'bs_BA.UTF-8'), ('QT_IM_MODULE', 'ibus'), ('JETSON_CUDA_ARCH_BIN', '7.2'), ('PWD', '/home/f1tenth/f1tenth_mrc_ws/build/realsense2_description'), ('LC_ALL', 'en_US.UTF-8'), ('XDG_CONFIG_DIRS', '/etc/xdg/xdg-ubuntu:/etc/xdg'), ('XDG_DATA_DIRS', '/usr/share/ubuntu:/usr/local/share/:/usr/share/:/var/lib/snapd/desktop'), ('PYTHONPATH', '/home/f1tenth/f1tenth_mrc_ws/install/realsense2_camera_msgs/lib/python3.8/site-packages:/opt/ros/foxy/lib/python3.8/site-packages'), ('LC_NUMERIC', 'bs_BA.UTF-8'), ('LC_PAPER', 'bs_BA.UTF-8'), ('COLCON', '1'), ('VTE_VERSION', '6003'), ('JETSON_JETPACK', '5.0.2 GA'), ('JETSON_P_NUMBER', 'p3668-0000'), ('CMAKE_PREFIX_PATH', '/home/f1tenth/f1tenth_mrc_ws/install/realsense2_camera_msgs:/opt/ros/foxy')]), 'shell': False}
[10.937613] (realsense2_camera) StdoutLine: {'line': b'-- Create Release Build.\n'}
[10.941504] (realsense2_camera) StdoutLine: {'line': b'-- Found ament_cmake: 0.9.12 (/opt/ros/foxy/share/ament_cmake/cmake)\n'}
[10.942085] (-) TimerEvent: {}
[11.044269] (-) TimerEvent: {}
[11.047303] (realsense2_camera) StdoutLine: {'line': b'-- Using PYTHON_EXECUTABLE: /usr/bin/python3\n'}
[11.144493] (-) TimerEvent: {}
[11.245366] (-) TimerEvent: {}
[11.262997] (realsense2_description) CommandEnded: {'returncode': 0}
[11.268383] (realsense2_description) JobProgress: {'identifier': 'realsense2_description', 'progress': 'install'}
[11.276867] (realsense2_description) Command: {'cmd': ['/usr/bin/cmake', '--install', '/home/f1tenth/f1tenth_mrc_ws/build/realsense2_description'], 'cwd': '/home/f1tenth/f1tenth_mrc_ws/build/realsense2_description', 'env': OrderedDict([('GJS_DEBUG_TOPICS', 'JS ERROR;JS LOG'), ('LESSOPEN', '| /usr/bin/lesspipe %s'), ('USER', 'f1tenth'), ('LC_TIME', 'bs_BA.UTF-8'), ('SSH_AGENT_PID', '2722'), ('XDG_SESSION_TYPE', 'x11'), ('SHLVL', '1'), ('LD_LIBRARY_PATH', '/home/f1tenth/f1tenth_mrc_ws/install/realsense2_camera_msgs/lib:/opt/ros/foxy/opt/yaml_cpp_vendor/lib:/opt/ros/foxy/opt/rviz_ogre_vendor/lib:/opt/ros/foxy/lib/aarch64-linux-gnu:/opt/ros/foxy/lib'), ('HOME', '/home/f1tenth'), ('OLDPWD', '/home/f1tenth/f1tenth_mrc_ws/src'), ('DESKTOP_SESSION', 'ubuntu'), ('JETSON_L4T', '35.1.0'), ('GIO_LAUNCHED_DESKTOP_FILE', '/usr/share/applications/terminator.desktop'), ('ROS_PYTHON_VERSION', '3'), ('GNOME_SHELL_SESSION_MODE', 'ubuntu'), ('GTK_MODULES', 'gail:atk-bridge'), ('JETSON_MODEL', 'NVIDIA Jetson Xavier NX Developer Kit'), ('LC_MONETARY', 'bs_BA.UTF-8'), ('MANAGERPID', '2456'), ('DBUS_SESSION_BUS_ADDRESS', 'unix:path=/run/user/1000/bus'), ('COLORTERM', 'truecolor'), ('TERMINATOR_DBUS_NAME', 'net.tenshu.Terminator21a9d5db22c73a993ff0b42f64b396873'), ('GIO_LAUNCHED_DESKTOP_FILE_PID', '3398'), ('_colcon_cd_root', '/opt/ros/foxy/'), ('IM_CONFIG_PHASE', '1'), ('ROS_DISTRO', 'foxy'), ('LOGNAME', 'f1tenth'), ('JETSON_MODULE', 'NVIDIA Jetson Xavier NX (Developer kit)'), ('JETSON_SERIAL_NUMBER', '1422420033521'), ('JOURNAL_STREAM', '7:52952'), ('_', '/usr/bin/colcon'), ('ROS_VERSION', '2'), ('JETSON_CODENAME', 'Jakku'), ('XDG_SESSION_CLASS', 'user'), ('USERNAME', 'f1tenth'), ('TERM', 'xterm-256color'), ('GNOME_DESKTOP_SESSION_ID', 'this-is-deprecated'), ('ROS_LOCALHOST_ONLY', '0'), ('WINDOWPATH', '2'), ('PATH', '/opt/ros/foxy/bin:/home/f1tenth/.local/bin:/usr/local/sbin:/usr/local/bin:/usr/sbin:/usr/bin:/sbin:/bin:/usr/games:/usr/local/games:/snap/bin'), ('SESSION_MANAGER', 'local/f1tenth-desktop:@/tmp/.ICE-unix/2757,unix/f1tenth-desktop:/tmp/.ICE-unix/2757'), ('INVOCATION_ID', 'bd1f5b7138a241e9935586b351aafc78'), ('XDG_MENU_PREFIX', 'gnome-'), ('LC_ADDRESS', 'bs_BA.UTF-8'), ('XDG_RUNTIME_DIR', '/run/user/1000'), ('DISPLAY', ':0'), ('TERMINATOR_DBUS_PATH', '/net/tenshu/Terminator2'), ('LANG', 'en_US.UTF-8'), ('XDG_CURRENT_DESKTOP', 'ubuntu:GNOME'), ('LC_TELEPHONE', 'bs_BA.UTF-8'), ('XMODIFIERS', '@im=ibus'), ('XDG_SESSION_DESKTOP', 'ubuntu'), ('XAUTHORITY', '/run/user/1000/gdm/Xauthority'), ('LS_COLORS', 'rs=0:di=01;34:ln=01;36:mh=00:pi=40;33:so=01;35:do=01;35:bd=40;33;01:cd=40;33;01:or=40;31;01:mi=00:su=37;41:sg=30;43:ca=30;41:tw=30;42:ow=34;42:st=37;44:ex=01;32:*.tar=01;31:*.tgz=01;31:*.arc=01;31:*.arj=01;31:*.taz=01;31:*.lha=01;31:*.lz4=01;31:*.lzh=01;31:*.lzma=01;31:*.tlz=01;31:*.txz=01;31:*.tzo=01;31:*.t7z=01;31:*.zip=01;31:*.z=01;31:*.dz=01;31:*.gz=01;31:*.lrz=01;31:*.lz=01;31:*.lzo=01;31:*.xz=01;31:*.zst=01;31:*.tzst=01;31:*.bz2=01;31:*.bz=01;31:*.tbz=01;31:*.tbz2=01;31:*.tz=01;31:*.deb=01;31:*.rpm=01;31:*.jar=01;31:*.war=01;31:*.ear=01;31:*.sar=01;31:*.rar=01;31:*.alz=01;31:*.ace=01;31:*.zoo=01;31:*.cpio=01;31:*.7z=01;31:*.rz=01;31:*.cab=01;31:*.wim=01;31:*.swm=01;31:*.dwm=01;31:*.esd=01;31:*.jpg=01;35:*.jpeg=01;35:*.mjpg=01;35:*.mjpeg=01;35:*.gif=01;35:*.bmp=01;35:*.pbm=01;35:*.pgm=01;35:*.ppm=01;35:*.tga=01;35:*.xbm=01;35:*.xpm=01;35:*.tif=01;35:*.tiff=01;35:*.png=01;35:*.svg=01;35:*.svgz=01;35:*.mng=01;35:*.pcx=01;35:*.mov=01;35:*.mpg=01;35:*.mpeg=01;35:*.m2v=01;35:*.mkv=01;35:*.webm=01;35:*.ogm=01;35:*.mp4=01;35:*.m4v=01;35:*.mp4v=01;35:*.vob=01;35:*.qt=01;35:*.nuv=01;35:*.wmv=01;35:*.asf=01;35:*.rm=01;35:*.rmvb=01;35:*.flc=01;35:*.avi=01;35:*.fli=01;35:*.flv=01;35:*.gl=01;35:*.dl=01;35:*.xcf=01;35:*.xwd=01;35:*.yuv=01;35:*.cgm=01;35:*.emf=01;35:*.ogv=01;35:*.ogx=01;35:*.aac=00;36:*.au=00;36:*.flac=00;36:*.m4a=00;36:*.mid=00;36:*.midi=00;36:*.mka=00;36:*.mp3=00;36:*.mpc=00;36:*.ogg=00;36:*.ra=00;36:*.wav=00;36:*.oga=00;36:*.opus=00;36:*.spx=00;36:*.xspf=00;36:'), ('JETSON_SOC', 'tegra194'), ('SSH_AUTH_SOCK', '/run/user/1000/keyring/ssh'), ('ROS_DOMAIN_ID', '6'), ('AMENT_PREFIX_PATH', '/home/f1tenth/f1tenth_mrc_ws/install/realsense2_camera_msgs:/opt/ros/foxy'), ('SHELL', '/bin/bash'), ('CMAKE_ARGS', '-DBUILD_WITH_OPENMP=OFF'), ('LC_NAME', 'bs_BA.UTF-8'), ('TERMINATOR_UUID', 'urn:uuid:0a99abc2-9966-4d5d-a08b-faa1cb518880'), ('QT_ACCESSIBILITY', '1'), ('GDMSESSION', 'ubuntu'), ('LESSCLOSE', '/usr/bin/lesspipe %s %s'), ('LC_MEASUREMENT', 'bs_BA.UTF-8'), ('GPG_AGENT_INFO', '/run/user/1000/gnupg/S.gpg-agent:0:1'), ('GJS_DEBUG_OUTPUT', 'stderr'), ('LC_IDENTIFICATION', 'bs_BA.UTF-8'), ('QT_IM_MODULE', 'ibus'), ('JETSON_CUDA_ARCH_BIN', '7.2'), ('PWD', '/home/f1tenth/f1tenth_mrc_ws/build/realsense2_description'), ('LC_ALL', 'en_US.UTF-8'), ('XDG_CONFIG_DIRS', '/etc/xdg/xdg-ubuntu:/etc/xdg'), ('XDG_DATA_DIRS', '/usr/share/ubuntu:/usr/local/share/:/usr/share/:/var/lib/snapd/desktop'), ('PYTHONPATH', '/home/f1tenth/f1tenth_mrc_ws/install/realsense2_camera_msgs/lib/python3.8/site-packages:/opt/ros/foxy/lib/python3.8/site-packages'), ('LC_NUMERIC', 'bs_BA.UTF-8'), ('LC_PAPER', 'bs_BA.UTF-8'), ('COLCON', '1'), ('VTE_VERSION', '6003'), ('JETSON_JETPACK', '5.0.2 GA'), ('JETSON_P_NUMBER', 'p3668-0000'), ('CMAKE_PREFIX_PATH', '/home/f1tenth/f1tenth_mrc_ws/install/realsense2_camera_msgs:/opt/ros/foxy')]), 'shell': False}
[11.335693] (realsense2_description) StdoutLine: {'line': b'-- Install configuration: ""\n'}
[11.337999] (realsense2_description) StdoutLine: {'line': b'-- Up-to-date: /home/f1tenth/f1tenth_mrc_ws/install/realsense2_description/share/realsense2_description/launch\n'}
[11.339983] (realsense2_description) StdoutLine: {'line': b'-- Up-to-date: /home/f1tenth/f1tenth_mrc_ws/install/realsense2_description/share/realsense2_description/launch/view_model.launch.py\n'}
[11.340496] (realsense2_description) StdoutLine: {'line': b'-- Up-to-date: /home/f1tenth/f1tenth_mrc_ws/install/realsense2_description/share/realsense2_description/launch/launch_utils.py\n'}
[11.341524] (realsense2_description) StdoutLine: {'line': b'-- Up-to-date: /home/f1tenth/f1tenth_mrc_ws/install/realsense2_description/share/realsense2_description/meshes\n'}
[11.342020] (realsense2_description) StdoutLine: {'line': b'-- Up-to-date: /home/f1tenth/f1tenth_mrc_ws/install/realsense2_description/share/realsense2_description/meshes/d435.dae\n'}
[11.342458] (realsense2_description) StdoutLine: {'line': b'-- Up-to-date: /home/f1tenth/f1tenth_mrc_ws/install/realsense2_description/share/realsense2_description/meshes/d405.stl\n'}
[11.343041] (realsense2_description) StdoutLine: {'line': b'-- Up-to-date: /home/f1tenth/f1tenth_mrc_ws/install/realsense2_description/share/realsense2_description/meshes/l515.dae\n'}
[11.343512] (realsense2_description) StdoutLine: {'line': b'-- Up-to-date: /home/f1tenth/f1tenth_mrc_ws/install/realsense2_description/share/realsense2_description/meshes/d455.stl\n'}
[11.344189] (realsense2_description) StdoutLine: {'line': b'-- Up-to-date: /home/f1tenth/f1tenth_mrc_ws/install/realsense2_description/share/realsense2_description/meshes/plug_collision.stl\n'}
[11.344492] (realsense2_description) StdoutLine: {'line': b'-- Up-to-date: /home/f1tenth/f1tenth_mrc_ws/install/realsense2_description/share/realsense2_description/meshes/d415.stl\n'}
[11.347822] (-) TimerEvent: {}
[11.350165] (realsense2_description) StdoutLine: {'line': b'-- Up-to-date: /home/f1tenth/f1tenth_mrc_ws/install/realsense2_description/share/realsense2_description/meshes/plug.stl\n'}
[11.350621] (realsense2_description) StdoutLine: {'line': b'-- Up-to-date: /home/f1tenth/f1tenth_mrc_ws/install/realsense2_description/share/realsense2_description/rviz\n'}
[11.363627] (realsense2_description) StdoutLine: {'line': b'-- Up-to-date: /home/f1tenth/f1tenth_mrc_ws/install/realsense2_description/share/realsense2_description/rviz/urdf.rviz\n'}
[11.364053] (realsense2_description) StdoutLine: {'line': b'-- Up-to-date: /home/f1tenth/f1tenth_mrc_ws/install/realsense2_description/share/realsense2_description/urdf\n'}
[11.364342] (realsense2_description) StdoutLine: {'line': b'-- Up-to-date: /home/f1tenth/f1tenth_mrc_ws/install/realsense2_description/share/realsense2_description/urdf/test_r410_camera.urdf.xacro\n'}
[11.364615] (realsense2_description) StdoutLine: {'line': b'-- Up-to-date: /home/f1tenth/f1tenth_mrc_ws/install/realsense2_description/share/realsense2_description/urdf/_d435.urdf.xacro\n'}
[11.364857] (realsense2_description) StdoutLine: {'line': b'-- Up-to-date: /home/f1tenth/f1tenth_mrc_ws/install/realsense2_description/share/realsense2_description/urdf/test_d405_camera.urdf.xacro\n'}
[11.365122] (realsense2_description) StdoutLine: {'line': b'-- Up-to-date: /home/f1tenth/f1tenth_mrc_ws/install/realsense2_description/share/realsense2_description/urdf/_r430.urdf.xacro\n'}
[11.365418] (realsense2_description) StdoutLine: {'line': b'-- Up-to-date: /home/f1tenth/f1tenth_mrc_ws/install/realsense2_description/share/realsense2_description/urdf/test_d455_camera.urdf.xacro\n'}
[11.365673] (realsense2_description) StdoutLine: {'line': b'-- Up-to-date: /home/f1tenth/f1tenth_mrc_ws/install/realsense2_description/share/realsense2_description/urdf/_d405.urdf.xacro\n'}
[11.365922] (realsense2_description) StdoutLine: {'line': b'-- Up-to-date: /home/f1tenth/f1tenth_mrc_ws/install/realsense2_description/share/realsense2_description/urdf/_d435i_imu_modules.urdf.xacro\n'}
[11.366158] (realsense2_description) StdoutLine: {'line': b'-- Up-to-date: /home/f1tenth/f1tenth_mrc_ws/install/realsense2_description/share/realsense2_description/urdf/_usb_plug.urdf.xacro\n'}
[11.366389] (realsense2_description) StdoutLine: {'line': b'-- Up-to-date: /home/f1tenth/f1tenth_mrc_ws/install/realsense2_description/share/realsense2_description/urdf/_d435i.urdf.xacro\n'}
[11.366643] (realsense2_description) StdoutLine: {'line': b'-- Up-to-date: /home/f1tenth/f1tenth_mrc_ws/install/realsense2_description/share/realsense2_description/urdf/test_d415_camera.urdf.xacro\n'}
[11.367107] (realsense2_description) StdoutLine: {'line': b'-- Up-to-date: /home/f1tenth/f1tenth_mrc_ws/install/realsense2_description/share/realsense2_description/urdf/test_d435_camera.urdf.xacro\n'}
[11.367413] (realsense2_description) StdoutLine: {'line': b'-- Up-to-date: /home/f1tenth/f1tenth_mrc_ws/install/realsense2_description/share/realsense2_description/urdf/_materials.urdf.xacro\n'}
[11.368802] (realsense2_description) StdoutLine: {'line': b'-- Up-to-date: /home/f1tenth/f1tenth_mrc_ws/install/realsense2_description/share/realsense2_description/urdf/test_d435i_camera.urdf.xacro\n'}
[11.369230] (realsense2_description) StdoutLine: {'line': b'-- Up-to-date: /home/f1tenth/f1tenth_mrc_ws/install/realsense2_description/share/realsense2_description/urdf/test_d435_multiple_cameras.urdf.xacro\n'}
[11.369538] (realsense2_description) StdoutLine: {'line': b'-- Up-to-date: /home/f1tenth/f1tenth_mrc_ws/install/realsense2_description/share/realsense2_description/urdf/_d455.urdf.xacro\n'}
[11.371502] (realsense2_description) StdoutLine: {'line': b'-- Up-to-date: /home/f1tenth/f1tenth_mrc_ws/install/realsense2_description/share/realsense2_description/urdf/_d415.urdf.xacro\n'}
[11.371902] (realsense2_description) StdoutLine: {'line': b'-- Up-to-date: /home/f1tenth/f1tenth_mrc_ws/install/realsense2_description/share/realsense2_description/urdf/test_r430_camera.urdf.xacro\n'}
[11.372291] (realsense2_description) StdoutLine: {'line': b'-- Up-to-date: /home/f1tenth/f1tenth_mrc_ws/install/realsense2_description/share/realsense2_description/urdf/_r410.urdf.xacro\n'}
[11.372589] (realsense2_description) StdoutLine: {'line': b'-- Up-to-date: /home/f1tenth/f1tenth_mrc_ws/install/realsense2_description/share/ament_index/resource_index/package_run_dependencies/realsense2_description\n'}
[11.380617] (realsense2_description) StdoutLine: {'line': b'-- Up-to-date: /home/f1tenth/f1tenth_mrc_ws/install/realsense2_description/share/ament_index/resource_index/parent_prefix_path/realsense2_description\n'}
[11.381120] (realsense2_description) StdoutLine: {'line': b'-- Up-to-date: /home/f1tenth/f1tenth_mrc_ws/install/realsense2_description/share/realsense2_description/environment/ament_prefix_path.sh\n'}
[11.381472] (realsense2_description) StdoutLine: {'line': b'-- Up-to-date: /home/f1tenth/f1tenth_mrc_ws/install/realsense2_description/share/realsense2_description/environment/ament_prefix_path.dsv\n'}
[11.381757] (realsense2_description) StdoutLine: {'line': b'-- Up-to-date: /home/f1tenth/f1tenth_mrc_ws/install/realsense2_description/share/realsense2_description/environment/path.sh\n'}
[11.382231] (realsense2_description) StdoutLine: {'line': b'-- Up-to-date: /home/f1tenth/f1tenth_mrc_ws/install/realsense2_description/share/realsense2_description/environment/path.dsv\n'}
[11.382505] (realsense2_description) StdoutLine: {'line': b'-- Up-to-date: /home/f1tenth/f1tenth_mrc_ws/install/realsense2_description/share/realsense2_description/local_setup.bash\n'}
[11.383061] (realsense2_description) StdoutLine: {'line': b'-- Up-to-date: /home/f1tenth/f1tenth_mrc_ws/install/realsense2_description/share/realsense2_description/local_setup.sh\n'}
[11.383366] (realsense2_description) StdoutLine: {'line': b'-- Up-to-date: /home/f1tenth/f1tenth_mrc_ws/install/realsense2_description/share/realsense2_description/local_setup.zsh\n'}
[11.383619] (realsense2_description) StdoutLine: {'line': b'-- Up-to-date: /home/f1tenth/f1tenth_mrc_ws/install/realsense2_description/share/realsense2_description/local_setup.dsv\n'}
[11.383861] (realsense2_description) StdoutLine: {'line': b'-- Up-to-date: /home/f1tenth/f1tenth_mrc_ws/install/realsense2_description/share/realsense2_description/package.dsv\n'}
[11.384211] (realsense2_description) StdoutLine: {'line': b'-- Up-to-date: /home/f1tenth/f1tenth_mrc_ws/install/realsense2_description/share/ament_index/resource_index/packages/realsense2_description\n'}
[11.384482] (realsense2_description) StdoutLine: {'line': b'-- Up-to-date: /home/f1tenth/f1tenth_mrc_ws/install/realsense2_description/share/realsense2_description/cmake/realsense2_descriptionConfig.cmake\n'}
[11.384750] (realsense2_description) StdoutLine: {'line': b'-- Up-to-date: /home/f1tenth/f1tenth_mrc_ws/install/realsense2_description/share/realsense2_description/cmake/realsense2_descriptionConfig-version.cmake\n'}
[11.385331] (realsense2_description) StdoutLine: {'line': b'-- Up-to-date: /home/f1tenth/f1tenth_mrc_ws/install/realsense2_description/share/realsense2_description/package.xml\n'}
[11.387881] (realsense2_description) CommandEnded: {'returncode': 0}
[11.448965] (-) TimerEvent: {}
[11.462504] (realsense2_description) JobEnded: {'identifier': 'realsense2_description', 'rc': 0}
[11.549194] (-) TimerEvent: {}
[11.650074] (-) TimerEvent: {}
[11.750982] (-) TimerEvent: {}
[11.851825] (-) TimerEvent: {}
[11.952688] (-) TimerEvent: {}
[11.980248] (realsense2_camera) StdoutLine: {'line': b'-- Found builtin_interfaces: 1.0.0 (/opt/ros/foxy/share/builtin_interfaces/cmake)\n'}
[12.052946] (-) TimerEvent: {}
[12.061407] (rrt_package) StderrLine: {'line': b"/home/f1tenth/.local/lib/python3.8/site-packages/setuptools/dist.py:717: UserWarning: Usage of dash-separated 'script-dir' will not be supported in future versions. Please use the underscore name 'script_dir' instead\n"}
[12.062177] (rrt_package) StderrLine: {'line': b'  warnings.warn(\n'}
[12.063871] (realsense2_camera) StdoutLine: {'line': b'-- Using all available rosidl_typesupport_c: rosidl_typesupport_fastrtps_c;rosidl_typesupport_introspection_c\n'}
[12.078338] (realsense2_camera) StdoutLine: {'line': b'-- Found rosidl_adapter: 1.3.1 (/opt/ros/foxy/share/rosidl_adapter/cmake)\n'}
[12.153184] (-) TimerEvent: {}
[12.186029] (rrt_package) StdoutLine: {'line': b'running egg_info\n'}
[12.189180] (rrt_package) StdoutLine: {'line': b'writing ../../build/rrt_package/rrt_package.egg-info/PKG-INFO\n'}
[12.190119] (rrt_package) StdoutLine: {'line': b'writing dependency_links to ../../build/rrt_package/rrt_package.egg-info/dependency_links.txt\n'}
[12.190988] (rrt_package) StdoutLine: {'line': b'writing entry points to ../../build/rrt_package/rrt_package.egg-info/entry_points.txt\n'}
[12.191559] (rrt_package) StdoutLine: {'line': b'writing requirements to ../../build/rrt_package/rrt_package.egg-info/requires.txt\n'}
[12.192138] (rrt_package) StdoutLine: {'line': b'writing top-level names to ../../build/rrt_package/rrt_package.egg-info/top_level.txt\n'}
[12.205576] (rrt_package) StdoutLine: {'line': b"reading manifest file '../../build/rrt_package/rrt_package.egg-info/SOURCES.txt'\n"}
[12.209485] (rrt_package) StdoutLine: {'line': b"writing manifest file '../../build/rrt_package/rrt_package.egg-info/SOURCES.txt'\n"}
[12.210956] (rrt_package) StdoutLine: {'line': b'running build\n'}
[12.211600] (rrt_package) StdoutLine: {'line': b'running build_py\n'}
[12.212430] (rrt_package) StdoutLine: {'line': b'running install\n'}
[12.215673] (rrt_package) StdoutLine: {'line': b'running install_lib\n'}
[12.222183] (rrt_package) StdoutLine: {'line': b'running install_data\n'}
[12.223684] (rrt_package) StdoutLine: {'line': b'running install_egg_info\n'}
[12.230221] (rrt_package) StdoutLine: {'line': b"removing '/home/f1tenth/f1tenth_mrc_ws/install/rrt_package/lib/python3.8/site-packages/rrt_package-0.0.0-py3.8.egg-info' (and everything under it)\n"}
[12.231923] (rrt_package) StdoutLine: {'line': b'Copying ../../build/rrt_package/rrt_package.egg-info to /home/f1tenth/f1tenth_mrc_ws/install/rrt_package/lib/python3.8/site-packages/rrt_package-0.0.0-py3.8.egg-info\n'}
[12.237323] (rrt_package) StdoutLine: {'line': b'running install_scripts\n'}
[12.253421] (-) TimerEvent: {}
[12.329807] (rrt_package) StdoutLine: {'line': b'Installing RRT_node script to /home/f1tenth/f1tenth_mrc_ws/install/rrt_package/lib/rrt_package\n'}
[12.330916] (rrt_package) StdoutLine: {'line': b'Installing rrt_pure_pursuit script to /home/f1tenth/f1tenth_mrc_ws/install/rrt_package/lib/rrt_package\n'}
[12.332888] (rrt_package) StdoutLine: {'line': b"writing list of installed files to '/home/f1tenth/f1tenth_mrc_ws/build/rrt_package/install.log'\n"}
[12.353631] (-) TimerEvent: {}
[12.435164] (rrt_package) CommandEnded: {'returncode': 0}
[12.453890] (-) TimerEvent: {}
[12.471370] (rrt_package) JobEnded: {'identifier': 'rrt_package', 'rc': 0}
[12.554124] (-) TimerEvent: {}
[12.655366] (-) TimerEvent: {}
[12.662111] (realsense2_camera) StdoutLine: {'line': b'-- Using all available rosidl_typesupport_cpp: rosidl_typesupport_fastrtps_cpp;rosidl_typesupport_introspection_cpp\n'}
[12.715652] (waypoint_logger) Command: {'cmd': ['/usr/bin/python3', '-W', 'ignore:setup.py install is deprecated', '-W', 'ignore:easy_install command is deprecated', 'setup.py', 'egg_info', '--egg-base', '../../build/waypoint_logger', 'build', '--build-base', '/home/f1tenth/f1tenth_mrc_ws/build/waypoint_logger/build', 'install', '--record', '/home/f1tenth/f1tenth_mrc_ws/build/waypoint_logger/install.log', '--install-scripts', '$base/lib/waypoint_logger', '--single-version-externally-managed', 'install_data'], 'cwd': '/home/f1tenth/f1tenth_mrc_ws/src/waypoint_logger', 'env': {'GJS_DEBUG_TOPICS': 'JS ERROR;JS LOG', 'LESSOPEN': '| /usr/bin/lesspipe %s', 'USER': 'f1tenth', 'LC_TIME': 'bs_BA.UTF-8', 'SSH_AGENT_PID': '2722', 'XDG_SESSION_TYPE': 'x11', 'SHLVL': '1', 'LD_LIBRARY_PATH': '/opt/ros/foxy/opt/yaml_cpp_vendor/lib:/opt/ros/foxy/opt/rviz_ogre_vendor/lib:/opt/ros/foxy/lib/aarch64-linux-gnu:/opt/ros/foxy/lib', 'HOME': '/home/f1tenth', 'OLDPWD': '/home/f1tenth/f1tenth_mrc_ws/src', 'DESKTOP_SESSION': 'ubuntu', 'JETSON_L4T': '35.1.0', 'GIO_LAUNCHED_DESKTOP_FILE': '/usr/share/applications/terminator.desktop', 'ROS_PYTHON_VERSION': '3', 'GNOME_SHELL_SESSION_MODE': 'ubuntu', 'GTK_MODULES': 'gail:atk-bridge', 'JETSON_MODEL': 'NVIDIA Jetson Xavier NX Developer Kit', 'LC_MONETARY': 'bs_BA.UTF-8', 'MANAGERPID': '2456', 'DBUS_SESSION_BUS_ADDRESS': 'unix:path=/run/user/1000/bus', 'COLORTERM': 'truecolor', 'TERMINATOR_DBUS_NAME': 'net.tenshu.Terminator21a9d5db22c73a993ff0b42f64b396873', 'GIO_LAUNCHED_DESKTOP_FILE_PID': '3398', '_colcon_cd_root': '/opt/ros/foxy/', 'IM_CONFIG_PHASE': '1', 'ROS_DISTRO': 'foxy', 'LOGNAME': 'f1tenth', 'JETSON_MODULE': 'NVIDIA Jetson Xavier NX (Developer kit)', 'JETSON_SERIAL_NUMBER': '1422420033521', 'JOURNAL_STREAM': '7:52952', '_': '/usr/bin/colcon', 'ROS_VERSION': '2', 'JETSON_CODENAME': 'Jakku', 'XDG_SESSION_CLASS': 'user', 'USERNAME': 'f1tenth', 'TERM': 'xterm-256color', 'GNOME_DESKTOP_SESSION_ID': 'this-is-deprecated', 'ROS_LOCALHOST_ONLY': '0', 'WINDOWPATH': '2', 'PATH': '/opt/ros/foxy/bin:/home/f1tenth/.local/bin:/usr/local/sbin:/usr/local/bin:/usr/sbin:/usr/bin:/sbin:/bin:/usr/games:/usr/local/games:/snap/bin', 'SESSION_MANAGER': 'local/f1tenth-desktop:@/tmp/.ICE-unix/2757,unix/f1tenth-desktop:/tmp/.ICE-unix/2757', 'INVOCATION_ID': 'bd1f5b7138a241e9935586b351aafc78', 'XDG_MENU_PREFIX': 'gnome-', 'LC_ADDRESS': 'bs_BA.UTF-8', 'XDG_RUNTIME_DIR': '/run/user/1000', 'DISPLAY': ':0', 'TERMINATOR_DBUS_PATH': '/net/tenshu/Terminator2', 'LANG': 'en_US.UTF-8', 'XDG_CURRENT_DESKTOP': 'ubuntu:GNOME', 'LC_TELEPHONE': 'bs_BA.UTF-8', 'XMODIFIERS': '@im=ibus', 'XDG_SESSION_DESKTOP': 'ubuntu', 'XAUTHORITY': '/run/user/1000/gdm/Xauthority', 'LS_COLORS': 'rs=0:di=01;34:ln=01;36:mh=00:pi=40;33:so=01;35:do=01;35:bd=40;33;01:cd=40;33;01:or=40;31;01:mi=00:su=37;41:sg=30;43:ca=30;41:tw=30;42:ow=34;42:st=37;44:ex=01;32:*.tar=01;31:*.tgz=01;31:*.arc=01;31:*.arj=01;31:*.taz=01;31:*.lha=01;31:*.lz4=01;31:*.lzh=01;31:*.lzma=01;31:*.tlz=01;31:*.txz=01;31:*.tzo=01;31:*.t7z=01;31:*.zip=01;31:*.z=01;31:*.dz=01;31:*.gz=01;31:*.lrz=01;31:*.lz=01;31:*.lzo=01;31:*.xz=01;31:*.zst=01;31:*.tzst=01;31:*.bz2=01;31:*.bz=01;31:*.tbz=01;31:*.tbz2=01;31:*.tz=01;31:*.deb=01;31:*.rpm=01;31:*.jar=01;31:*.war=01;31:*.ear=01;31:*.sar=01;31:*.rar=01;31:*.alz=01;31:*.ace=01;31:*.zoo=01;31:*.cpio=01;31:*.7z=01;31:*.rz=01;31:*.cab=01;31:*.wim=01;31:*.swm=01;31:*.dwm=01;31:*.esd=01;31:*.jpg=01;35:*.jpeg=01;35:*.mjpg=01;35:*.mjpeg=01;35:*.gif=01;35:*.bmp=01;35:*.pbm=01;35:*.pgm=01;35:*.ppm=01;35:*.tga=01;35:*.xbm=01;35:*.xpm=01;35:*.tif=01;35:*.tiff=01;35:*.png=01;35:*.svg=01;35:*.svgz=01;35:*.mng=01;35:*.pcx=01;35:*.mov=01;35:*.mpg=01;35:*.mpeg=01;35:*.m2v=01;35:*.mkv=01;35:*.webm=01;35:*.ogm=01;35:*.mp4=01;35:*.m4v=01;35:*.mp4v=01;35:*.vob=01;35:*.qt=01;35:*.nuv=01;35:*.wmv=01;35:*.asf=01;35:*.rm=01;35:*.rmvb=01;35:*.flc=01;35:*.avi=01;35:*.fli=01;35:*.flv=01;35:*.gl=01;35:*.dl=01;35:*.xcf=01;35:*.xwd=01;35:*.yuv=01;35:*.cgm=01;35:*.emf=01;35:*.ogv=01;35:*.ogx=01;35:*.aac=00;36:*.au=00;36:*.flac=00;36:*.m4a=00;36:*.mid=00;36:*.midi=00;36:*.mka=00;36:*.mp3=00;36:*.mpc=00;36:*.ogg=00;36:*.ra=00;36:*.wav=00;36:*.oga=00;36:*.opus=00;36:*.spx=00;36:*.xspf=00;36:', 'JETSON_SOC': 'tegra194', 'SSH_AUTH_SOCK': '/run/user/1000/keyring/ssh', 'ROS_DOMAIN_ID': '6', 'AMENT_PREFIX_PATH': '/opt/ros/foxy', 'SHELL': '/bin/bash', 'CMAKE_ARGS': '-DBUILD_WITH_OPENMP=OFF', 'LC_NAME': 'bs_BA.UTF-8', 'TERMINATOR_UUID': 'urn:uuid:0a99abc2-9966-4d5d-a08b-faa1cb518880', 'QT_ACCESSIBILITY': '1', 'GDMSESSION': 'ubuntu', 'LESSCLOSE': '/usr/bin/lesspipe %s %s', 'LC_MEASUREMENT': 'bs_BA.UTF-8', 'GPG_AGENT_INFO': '/run/user/1000/gnupg/S.gpg-agent:0:1', 'GJS_DEBUG_OUTPUT': 'stderr', 'LC_IDENTIFICATION': 'bs_BA.UTF-8', 'QT_IM_MODULE': 'ibus', 'JETSON_CUDA_ARCH_BIN': '7.2', 'PWD': '/home/f1tenth/f1tenth_mrc_ws/build/waypoint_logger', 'LC_ALL': 'en_US.UTF-8', 'XDG_CONFIG_DIRS': '/etc/xdg/xdg-ubuntu:/etc/xdg', 'XDG_DATA_DIRS': '/usr/share/ubuntu:/usr/local/share/:/usr/share/:/var/lib/snapd/desktop', 'PYTHONPATH': '/home/f1tenth/f1tenth_mrc_ws/build/waypoint_logger/prefix_override:/usr/lib/python3/dist-packages/colcon_core/task/python/colcon_distutils_commands:/home/f1tenth/f1tenth_mrc_ws/install/waypoint_logger/lib/python3.8/site-packages:/opt/ros/foxy/lib/python3.8/site-packages', 'LC_NUMERIC': 'bs_BA.UTF-8', 'LC_PAPER': 'bs_BA.UTF-8', 'COLCON': '1', 'VTE_VERSION': '6003', 'JETSON_JETPACK': '5.0.2 GA', 'JETSON_P_NUMBER': 'p3668-0000'}, 'shell': False}
[12.755791] (-) TimerEvent: {}
[12.766909] (realsense2_camera) StdoutLine: {'line': b'-- Found cv_bridge: 3.0.7 (/opt/ros/foxy/share/cv_bridge/cmake)\n'}
[12.855922] (-) TimerEvent: {}
[12.957150] (-) TimerEvent: {}
[13.058460] (-) TimerEvent: {}
[13.159755] (-) TimerEvent: {}
[13.260568] (-) TimerEvent: {}
[13.315663] (realsense2_camera) StdoutLine: {'line': b'-- Found image_transport: 2.4.0 (/opt/ros/foxy/share/image_transport/cmake)\n'}
[13.360927] (-) TimerEvent: {}
[13.462502] (-) TimerEvent: {}
[13.474951] (realsense2_camera) StdoutLine: {'line': b'-- Found rmw_implementation_cmake: 1.0.4 (/opt/ros/foxy/share/rmw_implementation_cmake/cmake)\n'}
[13.478765] (realsense2_camera) StdoutLine: {'line': b"-- Using RMW implementation 'rmw_fastrtps_cpp' as default\n"}
[13.562784] (-) TimerEvent: {}
[13.598481] (waypoint_logger) StderrLine: {'line': b"/home/f1tenth/.local/lib/python3.8/site-packages/setuptools/dist.py:717: UserWarning: Usage of dash-separated 'script-dir' will not be supported in future versions. Please use the underscore name 'script_dir' instead\n"}
[13.599288] (waypoint_logger) StderrLine: {'line': b'  warnings.warn(\n'}
[13.667484] (-) TimerEvent: {}
[13.772597] (-) TimerEvent: {}
[13.782612] (waypoint_logger) StdoutLine: {'line': b'running egg_info\n'}
[13.785765] (waypoint_logger) StdoutLine: {'line': b'writing ../../build/waypoint_logger/waypoint_logger.egg-info/PKG-INFO\n'}
[13.786297] (waypoint_logger) StdoutLine: {'line': b'writing dependency_links to ../../build/waypoint_logger/waypoint_logger.egg-info/dependency_links.txt\n'}
[13.786815] (waypoint_logger) StdoutLine: {'line': b'writing entry points to ../../build/waypoint_logger/waypoint_logger.egg-info/entry_points.txt\n'}
[13.788590] (waypoint_logger) StdoutLine: {'line': b'writing requirements to ../../build/waypoint_logger/waypoint_logger.egg-info/requires.txt\n'}
[13.788988] (waypoint_logger) StdoutLine: {'line': b'writing top-level names to ../../build/waypoint_logger/waypoint_logger.egg-info/top_level.txt\n'}
[13.802413] (waypoint_logger) StdoutLine: {'line': b"reading manifest file '../../build/waypoint_logger/waypoint_logger.egg-info/SOURCES.txt'\n"}
[13.808009] (waypoint_logger) StdoutLine: {'line': b"writing manifest file '../../build/waypoint_logger/waypoint_logger.egg-info/SOURCES.txt'\n"}
[13.808600] (waypoint_logger) StdoutLine: {'line': b'running build\n'}
[13.808915] (waypoint_logger) StdoutLine: {'line': b'running build_py\n'}
[13.813784] (waypoint_logger) StdoutLine: {'line': b'running install\n'}
[13.819247] (waypoint_logger) StdoutLine: {'line': b'running install_lib\n'}
[13.827051] (waypoint_logger) StdoutLine: {'line': b'running install_data\n'}
[13.828667] (waypoint_logger) StdoutLine: {'line': b'running install_egg_info\n'}
[13.841775] (waypoint_logger) StdoutLine: {'line': b"removing '/home/f1tenth/f1tenth_mrc_ws/install/waypoint_logger/lib/python3.8/site-packages/waypoint_logger-0.0.0-py3.8.egg-info' (and everything under it)\n"}
[13.842336] (waypoint_logger) StdoutLine: {'line': b'Copying ../../build/waypoint_logger/waypoint_logger.egg-info to /home/f1tenth/f1tenth_mrc_ws/install/waypoint_logger/lib/python3.8/site-packages/waypoint_logger-0.0.0-py3.8.egg-info\n'}
[13.847200] (waypoint_logger) StdoutLine: {'line': b'running install_scripts\n'}
[13.874007] (-) TimerEvent: {}
[13.926247] (waypoint_logger) StdoutLine: {'line': b'Installing mpc_logger script to /home/f1tenth/f1tenth_mrc_ws/install/waypoint_logger/lib/waypoint_logger\n'}
[13.927471] (waypoint_logger) StdoutLine: {'line': b'Installing optitrack_logger script to /home/f1tenth/f1tenth_mrc_ws/install/waypoint_logger/lib/waypoint_logger\n'}
[13.928123] (waypoint_logger) StdoutLine: {'line': b'Installing waypoint_logger script to /home/f1tenth/f1tenth_mrc_ws/install/waypoint_logger/lib/waypoint_logger\n'}
[13.929814] (waypoint_logger) StdoutLine: {'line': b"writing list of installed files to '/home/f1tenth/f1tenth_mrc_ws/build/waypoint_logger/install.log'\n"}
[13.975589] (-) TimerEvent: {}
[14.031205] (waypoint_logger) CommandEnded: {'returncode': 0}
[14.073141] (waypoint_logger) JobEnded: {'identifier': 'waypoint_logger', 'rc': 0}
[14.075705] (-) TimerEvent: {}
[14.176429] (-) TimerEvent: {}
[14.255027] (realsense2_camera) StdoutLine: {'line': b'-- Found rclcpp_action: 2.4.3 (/opt/ros/foxy/share/rclcpp_action/cmake)\n'}
[14.276635] (-) TimerEvent: {}
[14.377586] (-) TimerEvent: {}
[14.478592] (-) TimerEvent: {}
[14.502568] (realsense2_camera) StdoutLine: {'line': b'-- Found rclcpp_components: 2.4.3 (/opt/ros/foxy/share/rclcpp_components/cmake)\n'}
[14.578894] (-) TimerEvent: {}
[14.669212] (realsense2_camera) StdoutLine: {'line': b'-- Found realsense2_camera_msgs: 4.56.4 (/home/f1tenth/f1tenth_mrc_ws/install/realsense2_camera_msgs/share/realsense2_camera_msgs/cmake)\n'}
[14.679348] (-) TimerEvent: {}
[14.781533] (-) TimerEvent: {}
[14.882479] (-) TimerEvent: {}
[14.983560] (-) TimerEvent: {}
[15.084485] (-) TimerEvent: {}
[15.186101] (-) TimerEvent: {}
[15.258814] (realsense2_camera) StdoutLine: {'line': b'-- Found std_srvs: 2.0.5 (/opt/ros/foxy/share/std_srvs/cmake)\n'}
[15.286375] (-) TimerEvent: {}
[15.293063] (realsense2_camera) StdoutLine: {'line': b'-- Found nav_msgs: 2.0.5 (/opt/ros/foxy/share/nav_msgs/cmake)\n'}
[15.386633] (-) TimerEvent: {}
[15.488112] (-) TimerEvent: {}
[15.521724] (realsense2_camera) StdoutLine: {'line': b'-- Found tf2_ros: 0.13.14 (/opt/ros/foxy/share/tf2_ros/cmake)\n'}
[15.588334] (-) TimerEvent: {}
[15.689799] (-) TimerEvent: {}
[15.790831] (-) TimerEvent: {}
[15.892157] (-) TimerEvent: {}
[15.993126] (-) TimerEvent: {}
[16.094229] (-) TimerEvent: {}
[16.136938] (realsense2_camera) StdoutLine: {'line': b'-- Found diagnostic_updater: 3.1.2 (/opt/ros/foxy/share/diagnostic_updater/cmake)\n'}
[16.194478] (-) TimerEvent: {}
[16.295492] (-) TimerEvent: {}
[16.359155] (realsense2_camera) StdoutLine: {'line': b'-- Build for ROS2 Foxy\n'}
[16.366780] (realsense2_camera) StdoutLine: {'line': b'-- Found ament_cmake_gtest: 0.9.12 (/opt/ros/foxy/share/ament_cmake_gtest/cmake)\n'}
[16.369781] (realsense2_camera) StdoutLine: {'line': b"-- Found gtest sources under '/opt/ros/foxy/src/gtest_vendor': C++ tests using 'Google Test' will be built\n"}
[16.381867] (realsense2_camera) StdoutLine: {'line': b'-- Found ament_cmake_pytest: 0.9.12 (/opt/ros/foxy/share/ament_cmake_pytest/cmake)\n'}
[16.395698] (-) TimerEvent: {}
[16.496658] (-) TimerEvent: {}
[16.597466] (-) TimerEvent: {}
[16.698374] (-) TimerEvent: {}
[16.799382] (-) TimerEvent: {}
[16.900217] (-) TimerEvent: {}
[17.001072] (-) TimerEvent: {}
[17.101945] (-) TimerEvent: {}
[17.204112] (-) TimerEvent: {}
[17.305179] (-) TimerEvent: {}
[17.406116] (-) TimerEvent: {}
[17.507046] (-) TimerEvent: {}
[17.607865] (-) TimerEvent: {}
[17.708828] (-) TimerEvent: {}
[17.809686] (-) TimerEvent: {}
[17.910652] (-) TimerEvent: {}
[18.011544] (-) TimerEvent: {}
[18.112459] (-) TimerEvent: {}
[18.213428] (-) TimerEvent: {}
[18.314469] (-) TimerEvent: {}
[18.415828] (-) TimerEvent: {}
[18.517216] (-) TimerEvent: {}
[18.618495] (-) TimerEvent: {}
[18.719317] (-) TimerEvent: {}
[18.820150] (-) TimerEvent: {}
[18.921095] (-) TimerEvent: {}
[19.022075] (-) TimerEvent: {}
[19.123077] (-) TimerEvent: {}
[19.223935] (-) TimerEvent: {}
[19.324771] (-) TimerEvent: {}
[19.425573] (-) TimerEvent: {}
[19.526418] (-) TimerEvent: {}
[19.627271] (-) TimerEvent: {}
[19.728773] (-) TimerEvent: {}
[19.829581] (-) TimerEvent: {}
[19.930428] (-) TimerEvent: {}
[20.031283] (-) TimerEvent: {}
[20.132141] (-) TimerEvent: {}
[20.233108] (-) TimerEvent: {}
[20.334071] (-) TimerEvent: {}
[20.435033] (-) TimerEvent: {}
[20.535900] (-) TimerEvent: {}
[20.637275] (-) TimerEvent: {}
[20.738296] (-) TimerEvent: {}
[20.839202] (-) TimerEvent: {}
[20.940072] (-) TimerEvent: {}
[21.041091] (-) TimerEvent: {}
[21.142087] (-) TimerEvent: {}
[21.242971] (-) TimerEvent: {}
[21.343838] (-) TimerEvent: {}
[21.444724] (-) TimerEvent: {}
[21.545624] (-) TimerEvent: {}
[21.647201] (-) TimerEvent: {}
[21.749034] (-) TimerEvent: {}
[21.849895] (-) TimerEvent: {}
[21.950898] (-) TimerEvent: {}
[22.051852] (-) TimerEvent: {}
[22.153287] (-) TimerEvent: {}
[22.254857] (-) TimerEvent: {}
[22.356140] (-) TimerEvent: {}
[22.457528] (-) TimerEvent: {}
[22.558847] (-) TimerEvent: {}
[22.660085] (-) TimerEvent: {}
[22.761462] (-) TimerEvent: {}
[22.862799] (-) TimerEvent: {}
[22.963617] (-) TimerEvent: {}
[23.064633] (-) TimerEvent: {}
[23.165374] (-) TimerEvent: {}
[23.266272] (-) TimerEvent: {}
[23.367080] (-) TimerEvent: {}
[23.467857] (-) TimerEvent: {}
[23.568689] (-) TimerEvent: {}
[23.669680] (-) TimerEvent: {}
[23.770961] (-) TimerEvent: {}
[23.871726] (-) TimerEvent: {}
[23.972568] (-) TimerEvent: {}
[24.073465] (-) TimerEvent: {}
[24.174436] (-) TimerEvent: {}
[24.275490] (-) TimerEvent: {}
[24.376285] (-) TimerEvent: {}
[24.477534] (-) TimerEvent: {}
[24.578335] (-) TimerEvent: {}
[24.679217] (-) TimerEvent: {}
[24.780072] (-) TimerEvent: {}
[24.880997] (-) TimerEvent: {}
[24.981859] (-) TimerEvent: {}
[25.082655] (-) TimerEvent: {}
[25.183644] (-) TimerEvent: {}
[25.284487] (-) TimerEvent: {}
[25.385377] (-) TimerEvent: {}
[25.487718] (-) TimerEvent: {}
[25.588795] (-) TimerEvent: {}
[25.689719] (-) TimerEvent: {}
[25.790519] (-) TimerEvent: {}
[25.892071] (-) TimerEvent: {}
[25.993425] (-) TimerEvent: {}
[26.094345] (-) TimerEvent: {}
[26.195205] (-) TimerEvent: {}
[26.296702] (-) TimerEvent: {}
[26.397998] (-) TimerEvent: {}
[26.499188] (-) TimerEvent: {}
[26.599953] (-) TimerEvent: {}
[26.700729] (-) TimerEvent: {}
[26.802110] (-) TimerEvent: {}
[26.903153] (-) TimerEvent: {}
[27.004177] (-) TimerEvent: {}
[27.105144] (-) TimerEvent: {}
[27.205983] (-) TimerEvent: {}
[27.306881] (-) TimerEvent: {}
[27.407890] (-) TimerEvent: {}
[27.509204] (-) TimerEvent: {}
[27.610011] (-) TimerEvent: {}
[27.710864] (-) TimerEvent: {}
[27.811777] (-) TimerEvent: {}
[27.912600] (-) TimerEvent: {}
[28.014884] (-) TimerEvent: {}
[28.115867] (-) TimerEvent: {}
[28.216723] (-) TimerEvent: {}
[28.318042] (-) TimerEvent: {}
[28.419504] (-) TimerEvent: {}
[28.520737] (-) TimerEvent: {}
[28.622128] (-) TimerEvent: {}
[28.723058] (-) TimerEvent: {}
[28.823961] (-) TimerEvent: {}
[28.924757] (-) TimerEvent: {}
[29.025612] (-) TimerEvent: {}
[29.126513] (-) TimerEvent: {}
[29.227652] (-) TimerEvent: {}
[29.329038] (-) TimerEvent: {}
[29.430336] (-) TimerEvent: {}
[29.531781] (-) TimerEvent: {}
[29.633129] (-) TimerEvent: {}
[29.734481] (-) TimerEvent: {}
[29.835388] (-) TimerEvent: {}
[29.937534] (-) TimerEvent: {}
[30.038511] (-) TimerEvent: {}
[30.139443] (-) TimerEvent: {}
[30.240516] (-) TimerEvent: {}
[30.341285] (-) TimerEvent: {}
[30.442137] (-) TimerEvent: {}
[30.543088] (-) TimerEvent: {}
[30.643907] (-) TimerEvent: {}
[30.744660] (-) TimerEvent: {}
[30.845469] (-) TimerEvent: {}
[30.946308] (-) TimerEvent: {}
[31.047201] (-) TimerEvent: {}
[31.148240] (-) TimerEvent: {}
[31.249106] (-) TimerEvent: {}
[31.350011] (-) TimerEvent: {}
[31.451392] (-) TimerEvent: {}
[31.552214] (-) TimerEvent: {}
[31.653147] (-) TimerEvent: {}
[31.753982] (-) TimerEvent: {}
[31.855081] (-) TimerEvent: {}
[31.956177] (-) TimerEvent: {}
[32.056974] (-) TimerEvent: {}
[32.157723] (-) TimerEvent: {}
[32.258575] (-) TimerEvent: {}
[32.359443] (-) TimerEvent: {}
[32.460391] (-) TimerEvent: {}
[32.561890] (-) TimerEvent: {}
[32.663147] (-) TimerEvent: {}
[32.764044] (-) TimerEvent: {}
[32.864858] (-) TimerEvent: {}
[32.965977] (-) TimerEvent: {}
[33.067159] (-) TimerEvent: {}
[33.168367] (-) TimerEvent: {}
[33.269223] (-) TimerEvent: {}
[33.370400] (-) TimerEvent: {}
[33.471337] (-) TimerEvent: {}
[33.572225] (-) TimerEvent: {}
[33.673012] (-) TimerEvent: {}
[33.773921] (-) TimerEvent: {}
[33.875324] (-) TimerEvent: {}
[33.930544] (realsense2_camera) StdoutLine: {'line': b'-- rs_device_info:\n'}
[33.931550] (realsense2_camera) StdoutLine: {'line': b'-- No device detected. Is it plugged in?\n'}
[33.932007] (realsense2_camera) StdoutLine: {'line': b'\n'}
[33.975549] (-) TimerEvent: {}
[34.076384] (-) TimerEvent: {}
[34.177283] (-) TimerEvent: {}
[34.209550] (realsense2_camera) StdoutLine: {'line': b'-- Configuring done\n'}
[34.236323] (realsense2_camera) StderrLine: {'line': b'CMake Error at CMakeLists.txt:236 (add_library):\n'}
[34.237050] (realsense2_camera) StderrLine: {'line': b'  Target "realsense2_camera" links to target "cv_bridge::cv_bridge" but the\n'}
[34.237366] (realsense2_camera) StderrLine: {'line': b'  target was not found.  Perhaps a find_package() call is missing for an\n'}
[34.237660] (realsense2_camera) StderrLine: {'line': b'  IMPORTED target, or an ALIAS target is missing?\n'}
[34.237953] (realsense2_camera) StderrLine: {'line': b'\n'}
[34.238245] (realsense2_camera) StderrLine: {'line': b'\n'}
[34.238527] (realsense2_camera) StderrLine: {'line': b'CMake Error at CMakeLists.txt:236 (add_library):\n'}
[34.239144] (realsense2_camera) StderrLine: {'line': b'  Target "realsense2_camera" links to target\n'}
[34.239439] (realsense2_camera) StderrLine: {'line': b'  "image_transport::image_transport" but the target was not found.  Perhaps a\n'}
[34.239729] (realsense2_camera) StderrLine: {'line': b'  find_package() call is missing for an IMPORTED target, or an ALIAS target\n'}
[34.240043] (realsense2_camera) StderrLine: {'line': b'  is missing?\n'}
[34.240275] (realsense2_camera) StderrLine: {'line': b'\n'}
[34.240498] (realsense2_camera) StderrLine: {'line': b'\n'}
[34.240735] (realsense2_camera) StderrLine: {'line': b'CMake Error at CMakeLists.txt:236 (add_library):\n'}
[34.240993] (realsense2_camera) StderrLine: {'line': b'  Target "realsense2_camera" links to target "rclcpp_components::component"\n'}
[34.241288] (realsense2_camera) StderrLine: {'line': b'  but the target was not found.  Perhaps a find_package() call is missing for\n'}
[34.241548] (realsense2_camera) StderrLine: {'line': b'  an IMPORTED target, or an ALIAS target is missing?\n'}
[34.241775] (realsense2_camera) StderrLine: {'line': b'\n'}
[34.242008] (realsense2_camera) StderrLine: {'line': b'\n'}
[34.242224] (realsense2_camera) StderrLine: {'line': b'CMake Error at CMakeLists.txt:236 (add_library):\n'}
[34.242444] (realsense2_camera) StderrLine: {'line': b'  Target "realsense2_camera" links to target\n'}
[34.242744] (realsense2_camera) StderrLine: {'line': b'  "sensor_msgs::sensor_msgs_library" but the target was not found.  Perhaps a\n'}
[34.243001] (realsense2_camera) StderrLine: {'line': b'  find_package() call is missing for an IMPORTED target, or an ALIAS target\n'}
[34.243263] (realsense2_camera) StderrLine: {'line': b'  is missing?\n'}
[34.243507] (realsense2_camera) StderrLine: {'line': b'\n'}
[34.243748] (realsense2_camera) StderrLine: {'line': b'\n'}
[34.277532] (-) TimerEvent: {}
[34.346571] (realsense2_camera) StdoutLine: {'line': b'-- Generating done\n'}
[34.357100] (realsense2_camera) StderrLine: {'line': b'CMake Generate step failed.  Build files cannot be regenerated correctly.\n'}
[34.377719] (-) TimerEvent: {}
[34.395567] (realsense2_camera) CommandEnded: {'returncode': 1}
[34.478409] (realsense2_camera) JobEnded: {'identifier': 'realsense2_camera', 'rc': 1}
[34.481377] (-) TimerEvent: {}
[34.490865] (-) EventReactorShutdown: {}
