[0.726s] DEBUG:colcon:Command line arguments: ['/usr/bin/colcon', 'build']
[0.726s] DEBUG:colcon:Parsed command line arguments: Namespace(allow_overriding=[], ament_cmake_args=None, base_paths=['.'], build_base='build', catkin_cmake_args=None, catkin_skip_building_tests=False, cmake_args=None, cmake_clean_cache=False, cmake_clean_first=False, cmake_force_configure=False, cmake_target=None, cmake_target_skip_unavailable=False, continue_on_error=False, event_handlers=None, executor='parallel', ignore_user_meta=False, install_base='install', log_base=None, log_level=None, main=<bound method BuildVerb.main of <colcon_core.verb.build.BuildVerb object at 0xffffb2354d60>>, merge_install=False, metas=['./colcon.meta'], mixin=None, mixin_files=None, mixin_verb=('build',), packages_above=None, packages_above_and_dependencies=None, packages_above_depth=None, packages_end=None, packages_ignore=None, packages_ignore_regex=None, packages_select=None, packages_select_build_failed=False, packages_select_by_dep=None, packages_select_regex=None, packages_select_test_failures=False, packages_skip=None, packages_skip_build_finished=False, packages_skip_by_dep=None, packages_skip_regex=None, packages_skip_test_passed=False, packages_skip_up_to=None, packages_start=None, packages_up_to=None, packages_up_to_regex=None, parallel_workers=4, paths=None, symlink_install=False, test_result_base=None, verb_extension=<colcon_core.verb.build.BuildVerb object at 0xffffb2354d60>, verb_name='build', verb_parser=<colcon_mixin.mixin.mixin_argument.MixinArgumentDecorator object at 0xffffb22e1400>)
[1.386s] Level 1:colcon.colcon_core.package_discovery:discover_packages(colcon_meta) check parameters
[1.386s] Level 1:colcon.colcon_core.package_discovery:discover_packages(recursive) check parameters
[1.386s] Level 1:colcon.colcon_core.package_discovery:discover_packages(ignore) check parameters
[1.386s] Level 1:colcon.colcon_core.package_discovery:discover_packages(path) check parameters
[1.387s] Level 1:colcon.colcon_core.package_discovery:discover_packages(colcon_meta) discover
[1.387s] Level 1:colcon.colcon_core.package_discovery:discover_packages(recursive) discover
[1.387s] INFO:colcon.colcon_core.package_discovery:Crawling recursively for packages in '/home/f1tenth/f1tenth_mrc_ws'
[1.387s] Level 1:colcon.colcon_core.package_identification:_identify(.) by extensions ['ignore', 'ignore_ament_install']
[1.388s] Level 1:colcon.colcon_core.package_identification:_identify(.) by extension 'ignore'
[1.388s] Level 1:colcon.colcon_core.package_identification:_identify(.) by extension 'ignore_ament_install'
[1.388s] Level 1:colcon.colcon_core.package_identification:_identify(.) by extensions ['colcon_pkg']
[1.388s] Level 1:colcon.colcon_core.package_identification:_identify(.) by extension 'colcon_pkg'
[1.389s] Level 1:colcon.colcon_core.package_identification:_identify(.) by extensions ['colcon_meta']
[1.389s] Level 1:colcon.colcon_core.package_identification:_identify(.) by extension 'colcon_meta'
[1.389s] Level 1:colcon.colcon_core.package_identification:_identify(.) by extensions ['ros']
[1.389s] Level 1:colcon.colcon_core.package_identification:_identify(.) by extension 'ros'
[1.463s] Level 1:colcon.colcon_core.package_identification:_identify(.) by extensions ['cmake', 'python']
[1.464s] Level 1:colcon.colcon_core.package_identification:_identify(.) by extension 'cmake'
[1.464s] Level 1:colcon.colcon_core.package_identification:_identify(.) by extension 'python'
[1.464s] Level 1:colcon.colcon_core.package_identification:_identify(.) by extensions ['python_setup_py']
[1.464s] Level 1:colcon.colcon_core.package_identification:_identify(.) by extension 'python_setup_py'
[1.465s] Level 1:colcon.colcon_core.package_identification:_identify(build) by extensions ['ignore', 'ignore_ament_install']
[1.465s] Level 1:colcon.colcon_core.package_identification:_identify(build) by extension 'ignore'
[1.465s] Level 1:colcon.colcon_core.package_identification:_identify(build) ignored
[1.466s] Level 1:colcon.colcon_core.package_identification:_identify(install) by extensions ['ignore', 'ignore_ament_install']
[1.466s] Level 1:colcon.colcon_core.package_identification:_identify(install) by extension 'ignore'
[1.467s] Level 1:colcon.colcon_core.package_identification:_identify(install) ignored
[1.467s] Level 1:colcon.colcon_core.package_identification:_identify(log) by extensions ['ignore', 'ignore_ament_install']
[1.467s] Level 1:colcon.colcon_core.package_identification:_identify(log) by extension 'ignore'
[1.467s] Level 1:colcon.colcon_core.package_identification:_identify(log) ignored
[1.468s] Level 1:colcon.colcon_core.package_identification:_identify(plots) by extensions ['ignore', 'ignore_ament_install']
[1.468s] Level 1:colcon.colcon_core.package_identification:_identify(plots) by extension 'ignore'
[1.468s] Level 1:colcon.colcon_core.package_identification:_identify(plots) by extension 'ignore_ament_install'
[1.468s] Level 1:colcon.colcon_core.package_identification:_identify(plots) by extensions ['colcon_pkg']
[1.468s] Level 1:colcon.colcon_core.package_identification:_identify(plots) by extension 'colcon_pkg'
[1.469s] Level 1:colcon.colcon_core.package_identification:_identify(plots) by extensions ['colcon_meta']
[1.469s] Level 1:colcon.colcon_core.package_identification:_identify(plots) by extension 'colcon_meta'
[1.469s] Level 1:colcon.colcon_core.package_identification:_identify(plots) by extensions ['ros']
[1.469s] Level 1:colcon.colcon_core.package_identification:_identify(plots) by extension 'ros'
[1.469s] Level 1:colcon.colcon_core.package_identification:_identify(plots) by extensions ['cmake', 'python']
[1.470s] Level 1:colcon.colcon_core.package_identification:_identify(plots) by extension 'cmake'
[1.470s] Level 1:colcon.colcon_core.package_identification:_identify(plots) by extension 'python'
[1.470s] Level 1:colcon.colcon_core.package_identification:_identify(plots) by extensions ['python_setup_py']
[1.470s] Level 1:colcon.colcon_core.package_identification:_identify(plots) by extension 'python_setup_py'
[1.470s] Level 1:colcon.colcon_core.package_identification:_identify(src) by extensions ['ignore', 'ignore_ament_install']
[1.471s] Level 1:colcon.colcon_core.package_identification:_identify(src) by extension 'ignore'
[1.471s] Level 1:colcon.colcon_core.package_identification:_identify(src) by extension 'ignore_ament_install'
[1.471s] Level 1:colcon.colcon_core.package_identification:_identify(src) by extensions ['colcon_pkg']
[1.471s] Level 1:colcon.colcon_core.package_identification:_identify(src) by extension 'colcon_pkg'
[1.471s] Level 1:colcon.colcon_core.package_identification:_identify(src) by extensions ['colcon_meta']
[1.472s] Level 1:colcon.colcon_core.package_identification:_identify(src) by extension 'colcon_meta'
[1.472s] Level 1:colcon.colcon_core.package_identification:_identify(src) by extensions ['ros']
[1.472s] Level 1:colcon.colcon_core.package_identification:_identify(src) by extension 'ros'
[1.472s] Level 1:colcon.colcon_core.package_identification:_identify(src) by extensions ['cmake', 'python']
[1.472s] Level 1:colcon.colcon_core.package_identification:_identify(src) by extension 'cmake'
[1.472s] Level 1:colcon.colcon_core.package_identification:_identify(src) by extension 'python'
[1.473s] Level 1:colcon.colcon_core.package_identification:_identify(src) by extensions ['python_setup_py']
[1.473s] Level 1:colcon.colcon_core.package_identification:_identify(src) by extension 'python_setup_py'
[1.473s] Level 1:colcon.colcon_core.package_identification:_identify(src/RRT_package) by extensions ['ignore', 'ignore_ament_install']
[1.474s] Level 1:colcon.colcon_core.package_identification:_identify(src/RRT_package) by extension 'ignore'
[1.474s] Level 1:colcon.colcon_core.package_identification:_identify(src/RRT_package) by extension 'ignore_ament_install'
[1.474s] Level 1:colcon.colcon_core.package_identification:_identify(src/RRT_package) by extensions ['colcon_pkg']
[1.474s] Level 1:colcon.colcon_core.package_identification:_identify(src/RRT_package) by extension 'colcon_pkg'
[1.474s] Level 1:colcon.colcon_core.package_identification:_identify(src/RRT_package) by extensions ['colcon_meta']
[1.474s] Level 1:colcon.colcon_core.package_identification:_identify(src/RRT_package) by extension 'colcon_meta'
[1.475s] Level 1:colcon.colcon_core.package_identification:_identify(src/RRT_package) by extensions ['ros']
[1.475s] Level 1:colcon.colcon_core.package_identification:_identify(src/RRT_package) by extension 'ros'
[1.475s] Level 1:colcon.colcon_core.package_identification:_identify(src/RRT_package) by extensions ['cmake', 'python']
[1.475s] Level 1:colcon.colcon_core.package_identification:_identify(src/RRT_package) by extension 'cmake'
[1.475s] Level 1:colcon.colcon_core.package_identification:_identify(src/RRT_package) by extension 'python'
[1.475s] Level 1:colcon.colcon_core.package_identification:_identify(src/RRT_package) by extensions ['python_setup_py']
[1.475s] Level 1:colcon.colcon_core.package_identification:_identify(src/RRT_package) by extension 'python_setup_py'
[1.476s] Level 1:colcon.colcon_core.package_identification:_identify(src/RRT_package/RRT_package) by extensions ['ignore', 'ignore_ament_install']
[1.476s] Level 1:colcon.colcon_core.package_identification:_identify(src/RRT_package/RRT_package) by extension 'ignore'
[1.476s] Level 1:colcon.colcon_core.package_identification:_identify(src/RRT_package/RRT_package) by extension 'ignore_ament_install'
[1.477s] Level 1:colcon.colcon_core.package_identification:_identify(src/RRT_package/RRT_package) by extensions ['colcon_pkg']
[1.477s] Level 1:colcon.colcon_core.package_identification:_identify(src/RRT_package/RRT_package) by extension 'colcon_pkg'
[1.477s] Level 1:colcon.colcon_core.package_identification:_identify(src/RRT_package/RRT_package) by extensions ['colcon_meta']
[1.477s] Level 1:colcon.colcon_core.package_identification:_identify(src/RRT_package/RRT_package) by extension 'colcon_meta'
[1.477s] Level 1:colcon.colcon_core.package_identification:_identify(src/RRT_package/RRT_package) by extensions ['ros']
[1.477s] Level 1:colcon.colcon_core.package_identification:_identify(src/RRT_package/RRT_package) by extension 'ros'
[1.478s] Level 1:colcon.colcon_core.package_identification:_identify(src/RRT_package/RRT_package) by extensions ['cmake', 'python']
[1.479s] Level 1:colcon.colcon_core.package_identification:_identify(src/RRT_package/RRT_package) by extension 'cmake'
[1.479s] Level 1:colcon.colcon_core.package_identification:_identify(src/RRT_package/RRT_package) by extension 'python'
[1.479s] Level 1:colcon.colcon_core.package_identification:_identify(src/RRT_package/RRT_package) by extensions ['python_setup_py']
[1.479s] Level 1:colcon.colcon_core.package_identification:_identify(src/RRT_package/RRT_package) by extension 'python_setup_py'
[1.479s] Level 1:colcon.colcon_core.package_identification:_identify(src/camera_pkg) by extensions ['ignore', 'ignore_ament_install']
[1.480s] Level 1:colcon.colcon_core.package_identification:_identify(src/camera_pkg) by extension 'ignore'
[1.480s] Level 1:colcon.colcon_core.package_identification:_identify(src/camera_pkg) by extension 'ignore_ament_install'
[1.480s] Level 1:colcon.colcon_core.package_identification:_identify(src/camera_pkg) by extensions ['colcon_pkg']
[1.480s] Level 1:colcon.colcon_core.package_identification:_identify(src/camera_pkg) by extension 'colcon_pkg'
[1.481s] Level 1:colcon.colcon_core.package_identification:_identify(src/camera_pkg) by extensions ['colcon_meta']
[1.481s] Level 1:colcon.colcon_core.package_identification:_identify(src/camera_pkg) by extension 'colcon_meta'
[1.481s] Level 1:colcon.colcon_core.package_identification:_identify(src/camera_pkg) by extensions ['ros']
[1.481s] Level 1:colcon.colcon_core.package_identification:_identify(src/camera_pkg) by extension 'ros'
[1.494s] DEBUG:colcon.colcon_core.package_identification:Package 'src/camera_pkg' with type 'ros.ament_python' and name 'camera_pkg'
[1.495s] Level 1:colcon.colcon_core.package_identification:_identify(src/f1tenth_gym_ros) by extensions ['ignore', 'ignore_ament_install']
[1.495s] Level 1:colcon.colcon_core.package_identification:_identify(src/f1tenth_gym_ros) by extension 'ignore'
[1.495s] Level 1:colcon.colcon_core.package_identification:_identify(src/f1tenth_gym_ros) by extension 'ignore_ament_install'
[1.496s] Level 1:colcon.colcon_core.package_identification:_identify(src/f1tenth_gym_ros) by extensions ['colcon_pkg']
[1.496s] Level 1:colcon.colcon_core.package_identification:_identify(src/f1tenth_gym_ros) by extension 'colcon_pkg'
[1.496s] Level 1:colcon.colcon_core.package_identification:_identify(src/f1tenth_gym_ros) by extensions ['colcon_meta']
[1.496s] Level 1:colcon.colcon_core.package_identification:_identify(src/f1tenth_gym_ros) by extension 'colcon_meta'
[1.496s] Level 1:colcon.colcon_core.package_identification:_identify(src/f1tenth_gym_ros) by extensions ['ros']
[1.496s] Level 1:colcon.colcon_core.package_identification:_identify(src/f1tenth_gym_ros) by extension 'ros'
[1.500s] DEBUG:colcon.colcon_core.package_identification:Package 'src/f1tenth_gym_ros' with type 'ros.ament_python' and name 'f1tenth_gym_ros'
[1.501s] Level 1:colcon.colcon_core.package_identification:_identify(src/f1tenth_lab2_template) by extensions ['ignore', 'ignore_ament_install']
[1.501s] Level 1:colcon.colcon_core.package_identification:_identify(src/f1tenth_lab2_template) by extension 'ignore'
[1.501s] Level 1:colcon.colcon_core.package_identification:_identify(src/f1tenth_lab2_template) by extension 'ignore_ament_install'
[1.502s] Level 1:colcon.colcon_core.package_identification:_identify(src/f1tenth_lab2_template) by extensions ['colcon_pkg']
[1.502s] Level 1:colcon.colcon_core.package_identification:_identify(src/f1tenth_lab2_template) by extension 'colcon_pkg'
[1.502s] Level 1:colcon.colcon_core.package_identification:_identify(src/f1tenth_lab2_template) by extensions ['colcon_meta']
[1.502s] Level 1:colcon.colcon_core.package_identification:_identify(src/f1tenth_lab2_template) by extension 'colcon_meta'
[1.502s] Level 1:colcon.colcon_core.package_identification:_identify(src/f1tenth_lab2_template) by extensions ['ros']
[1.502s] Level 1:colcon.colcon_core.package_identification:_identify(src/f1tenth_lab2_template) by extension 'ros'
[1.503s] Level 1:colcon.colcon_core.package_identification:_identify(src/f1tenth_lab2_template) by extensions ['cmake', 'python']
[1.503s] Level 1:colcon.colcon_core.package_identification:_identify(src/f1tenth_lab2_template) by extension 'cmake'
[1.503s] Level 1:colcon.colcon_core.package_identification:_identify(src/f1tenth_lab2_template) by extension 'python'
[1.503s] Level 1:colcon.colcon_core.package_identification:_identify(src/f1tenth_lab2_template) by extensions ['python_setup_py']
[1.503s] Level 1:colcon.colcon_core.package_identification:_identify(src/f1tenth_lab2_template) by extension 'python_setup_py'
[1.504s] Level 1:colcon.colcon_core.package_identification:_identify(src/f1tenth_lab2_template/safety_node) by extensions ['ignore', 'ignore_ament_install']
[1.504s] Level 1:colcon.colcon_core.package_identification:_identify(src/f1tenth_lab2_template/safety_node) by extension 'ignore'
[1.504s] Level 1:colcon.colcon_core.package_identification:_identify(src/f1tenth_lab2_template/safety_node) by extension 'ignore_ament_install'
[1.505s] Level 1:colcon.colcon_core.package_identification:_identify(src/f1tenth_lab2_template/safety_node) by extensions ['colcon_pkg']
[1.505s] Level 1:colcon.colcon_core.package_identification:_identify(src/f1tenth_lab2_template/safety_node) by extension 'colcon_pkg'
[1.505s] Level 1:colcon.colcon_core.package_identification:_identify(src/f1tenth_lab2_template/safety_node) by extensions ['colcon_meta']
[1.505s] Level 1:colcon.colcon_core.package_identification:_identify(src/f1tenth_lab2_template/safety_node) by extension 'colcon_meta'
[1.505s] Level 1:colcon.colcon_core.package_identification:_identify(src/f1tenth_lab2_template/safety_node) by extensions ['ros']
[1.505s] Level 1:colcon.colcon_core.package_identification:_identify(src/f1tenth_lab2_template/safety_node) by extension 'ros'
[1.509s] DEBUG:colcon.colcon_core.package_identification:Package 'src/f1tenth_lab2_template/safety_node' with type 'ros.ament_cmake' and name 'safety_node'
[1.510s] Level 1:colcon.colcon_core.package_identification:_identify(src/f1tenth_lab3_template) by extensions ['ignore', 'ignore_ament_install']
[1.510s] Level 1:colcon.colcon_core.package_identification:_identify(src/f1tenth_lab3_template) by extension 'ignore'
[1.511s] Level 1:colcon.colcon_core.package_identification:_identify(src/f1tenth_lab3_template) by extension 'ignore_ament_install'
[1.511s] Level 1:colcon.colcon_core.package_identification:_identify(src/f1tenth_lab3_template) by extensions ['colcon_pkg']
[1.511s] Level 1:colcon.colcon_core.package_identification:_identify(src/f1tenth_lab3_template) by extension 'colcon_pkg'
[1.511s] Level 1:colcon.colcon_core.package_identification:_identify(src/f1tenth_lab3_template) by extensions ['colcon_meta']
[1.511s] Level 1:colcon.colcon_core.package_identification:_identify(src/f1tenth_lab3_template) by extension 'colcon_meta'
[1.511s] Level 1:colcon.colcon_core.package_identification:_identify(src/f1tenth_lab3_template) by extensions ['ros']
[1.512s] Level 1:colcon.colcon_core.package_identification:_identify(src/f1tenth_lab3_template) by extension 'ros'
[1.512s] Level 1:colcon.colcon_core.package_identification:_identify(src/f1tenth_lab3_template) by extensions ['cmake', 'python']
[1.512s] Level 1:colcon.colcon_core.package_identification:_identify(src/f1tenth_lab3_template) by extension 'cmake'
[1.512s] Level 1:colcon.colcon_core.package_identification:_identify(src/f1tenth_lab3_template) by extension 'python'
[1.512s] Level 1:colcon.colcon_core.package_identification:_identify(src/f1tenth_lab3_template) by extensions ['python_setup_py']
[1.512s] Level 1:colcon.colcon_core.package_identification:_identify(src/f1tenth_lab3_template) by extension 'python_setup_py'
[1.513s] Level 1:colcon.colcon_core.package_identification:_identify(src/f1tenth_lab3_template/img) by extensions ['ignore', 'ignore_ament_install']
[1.513s] Level 1:colcon.colcon_core.package_identification:_identify(src/f1tenth_lab3_template/img) by extension 'ignore'
[1.514s] Level 1:colcon.colcon_core.package_identification:_identify(src/f1tenth_lab3_template/img) by extension 'ignore_ament_install'
[1.514s] Level 1:colcon.colcon_core.package_identification:_identify(src/f1tenth_lab3_template/img) by extensions ['colcon_pkg']
[1.514s] Level 1:colcon.colcon_core.package_identification:_identify(src/f1tenth_lab3_template/img) by extension 'colcon_pkg'
[1.515s] Level 1:colcon.colcon_core.package_identification:_identify(src/f1tenth_lab3_template/img) by extensions ['colcon_meta']
[1.515s] Level 1:colcon.colcon_core.package_identification:_identify(src/f1tenth_lab3_template/img) by extension 'colcon_meta'
[1.516s] Level 1:colcon.colcon_core.package_identification:_identify(src/f1tenth_lab3_template/img) by extensions ['ros']
[1.516s] Level 1:colcon.colcon_core.package_identification:_identify(src/f1tenth_lab3_template/img) by extension 'ros'
[1.516s] Level 1:colcon.colcon_core.package_identification:_identify(src/f1tenth_lab3_template/img) by extensions ['cmake', 'python']
[1.516s] Level 1:colcon.colcon_core.package_identification:_identify(src/f1tenth_lab3_template/img) by extension 'cmake'
[1.516s] Level 1:colcon.colcon_core.package_identification:_identify(src/f1tenth_lab3_template/img) by extension 'python'
[1.517s] Level 1:colcon.colcon_core.package_identification:_identify(src/f1tenth_lab3_template/img) by extensions ['python_setup_py']
[1.517s] Level 1:colcon.colcon_core.package_identification:_identify(src/f1tenth_lab3_template/img) by extension 'python_setup_py'
[1.520s] Level 1:colcon.colcon_core.package_identification:_identify(src/f1tenth_lab3_template/wall_follow) by extensions ['ignore', 'ignore_ament_install']
[1.520s] Level 1:colcon.colcon_core.package_identification:_identify(src/f1tenth_lab3_template/wall_follow) by extension 'ignore'
[1.520s] Level 1:colcon.colcon_core.package_identification:_identify(src/f1tenth_lab3_template/wall_follow) by extension 'ignore_ament_install'
[1.521s] Level 1:colcon.colcon_core.package_identification:_identify(src/f1tenth_lab3_template/wall_follow) by extensions ['colcon_pkg']
[1.521s] Level 1:colcon.colcon_core.package_identification:_identify(src/f1tenth_lab3_template/wall_follow) by extension 'colcon_pkg'
[1.521s] Level 1:colcon.colcon_core.package_identification:_identify(src/f1tenth_lab3_template/wall_follow) by extensions ['colcon_meta']
[1.521s] Level 1:colcon.colcon_core.package_identification:_identify(src/f1tenth_lab3_template/wall_follow) by extension 'colcon_meta'
[1.521s] Level 1:colcon.colcon_core.package_identification:_identify(src/f1tenth_lab3_template/wall_follow) by extensions ['ros']
[1.522s] Level 1:colcon.colcon_core.package_identification:_identify(src/f1tenth_lab3_template/wall_follow) by extension 'ros'
[1.527s] DEBUG:colcon.colcon_core.package_identification:Package 'src/f1tenth_lab3_template/wall_follow' with type 'ros.ament_cmake' and name 'wall_follow'
[1.527s] Level 1:colcon.colcon_core.package_identification:_identify(src/f1tenth_lab4_template) by extensions ['ignore', 'ignore_ament_install']
[1.528s] Level 1:colcon.colcon_core.package_identification:_identify(src/f1tenth_lab4_template) by extension 'ignore'
[1.528s] Level 1:colcon.colcon_core.package_identification:_identify(src/f1tenth_lab4_template) by extension 'ignore_ament_install'
[1.528s] Level 1:colcon.colcon_core.package_identification:_identify(src/f1tenth_lab4_template) by extensions ['colcon_pkg']
[1.529s] Level 1:colcon.colcon_core.package_identification:_identify(src/f1tenth_lab4_template) by extension 'colcon_pkg'
[1.529s] Level 1:colcon.colcon_core.package_identification:_identify(src/f1tenth_lab4_template) by extensions ['colcon_meta']
[1.529s] Level 1:colcon.colcon_core.package_identification:_identify(src/f1tenth_lab4_template) by extension 'colcon_meta'
[1.529s] Level 1:colcon.colcon_core.package_identification:_identify(src/f1tenth_lab4_template) by extensions ['ros']
[1.529s] Level 1:colcon.colcon_core.package_identification:_identify(src/f1tenth_lab4_template) by extension 'ros'
[1.530s] Level 1:colcon.colcon_core.package_identification:_identify(src/f1tenth_lab4_template) by extensions ['cmake', 'python']
[1.530s] Level 1:colcon.colcon_core.package_identification:_identify(src/f1tenth_lab4_template) by extension 'cmake'
[1.530s] Level 1:colcon.colcon_core.package_identification:_identify(src/f1tenth_lab4_template) by extension 'python'
[1.530s] Level 1:colcon.colcon_core.package_identification:_identify(src/f1tenth_lab4_template) by extensions ['python_setup_py']
[1.530s] Level 1:colcon.colcon_core.package_identification:_identify(src/f1tenth_lab4_template) by extension 'python_setup_py'
[1.531s] Level 1:colcon.colcon_core.package_identification:_identify(src/f1tenth_lab4_template/gap_follow) by extensions ['ignore', 'ignore_ament_install']
[1.531s] Level 1:colcon.colcon_core.package_identification:_identify(src/f1tenth_lab4_template/gap_follow) by extension 'ignore'
[1.531s] Level 1:colcon.colcon_core.package_identification:_identify(src/f1tenth_lab4_template/gap_follow) by extension 'ignore_ament_install'
[1.532s] Level 1:colcon.colcon_core.package_identification:_identify(src/f1tenth_lab4_template/gap_follow) by extensions ['colcon_pkg']
[1.532s] Level 1:colcon.colcon_core.package_identification:_identify(src/f1tenth_lab4_template/gap_follow) by extension 'colcon_pkg'
[1.532s] Level 1:colcon.colcon_core.package_identification:_identify(src/f1tenth_lab4_template/gap_follow) by extensions ['colcon_meta']
[1.532s] Level 1:colcon.colcon_core.package_identification:_identify(src/f1tenth_lab4_template/gap_follow) by extension 'colcon_meta'
[1.532s] Level 1:colcon.colcon_core.package_identification:_identify(src/f1tenth_lab4_template/gap_follow) by extensions ['ros']
[1.532s] Level 1:colcon.colcon_core.package_identification:_identify(src/f1tenth_lab4_template/gap_follow) by extension 'ros'
[1.537s] DEBUG:colcon.colcon_core.package_identification:Package 'src/f1tenth_lab4_template/gap_follow' with type 'ros.ament_cmake' and name 'gap_follow'
[1.538s] Level 1:colcon.colcon_core.package_identification:_identify(src/f1tenth_lab6_template) by extensions ['ignore', 'ignore_ament_install']
[1.539s] Level 1:colcon.colcon_core.package_identification:_identify(src/f1tenth_lab6_template) by extension 'ignore'
[1.539s] Level 1:colcon.colcon_core.package_identification:_identify(src/f1tenth_lab6_template) by extension 'ignore_ament_install'
[1.539s] Level 1:colcon.colcon_core.package_identification:_identify(src/f1tenth_lab6_template) by extensions ['colcon_pkg']
[1.539s] Level 1:colcon.colcon_core.package_identification:_identify(src/f1tenth_lab6_template) by extension 'colcon_pkg'
[1.540s] Level 1:colcon.colcon_core.package_identification:_identify(src/f1tenth_lab6_template) by extensions ['colcon_meta']
[1.540s] Level 1:colcon.colcon_core.package_identification:_identify(src/f1tenth_lab6_template) by extension 'colcon_meta'
[1.540s] Level 1:colcon.colcon_core.package_identification:_identify(src/f1tenth_lab6_template) by extensions ['ros']
[1.540s] Level 1:colcon.colcon_core.package_identification:_identify(src/f1tenth_lab6_template) by extension 'ros'
[1.541s] Level 1:colcon.colcon_core.package_identification:_identify(src/f1tenth_lab6_template) by extensions ['cmake', 'python']
[1.541s] Level 1:colcon.colcon_core.package_identification:_identify(src/f1tenth_lab6_template) by extension 'cmake'
[1.541s] Level 1:colcon.colcon_core.package_identification:_identify(src/f1tenth_lab6_template) by extension 'python'
[1.541s] Level 1:colcon.colcon_core.package_identification:_identify(src/f1tenth_lab6_template) by extensions ['python_setup_py']
[1.541s] Level 1:colcon.colcon_core.package_identification:_identify(src/f1tenth_lab6_template) by extension 'python_setup_py'
[1.542s] Level 1:colcon.colcon_core.package_identification:_identify(src/f1tenth_lab6_template/pure_pursuit) by extensions ['ignore', 'ignore_ament_install']
[1.542s] Level 1:colcon.colcon_core.package_identification:_identify(src/f1tenth_lab6_template/pure_pursuit) by extension 'ignore'
[1.542s] Level 1:colcon.colcon_core.package_identification:_identify(src/f1tenth_lab6_template/pure_pursuit) by extension 'ignore_ament_install'
[1.543s] Level 1:colcon.colcon_core.package_identification:_identify(src/f1tenth_lab6_template/pure_pursuit) by extensions ['colcon_pkg']
[1.543s] Level 1:colcon.colcon_core.package_identification:_identify(src/f1tenth_lab6_template/pure_pursuit) by extension 'colcon_pkg'
[1.543s] Level 1:colcon.colcon_core.package_identification:_identify(src/f1tenth_lab6_template/pure_pursuit) by extensions ['colcon_meta']
[1.543s] Level 1:colcon.colcon_core.package_identification:_identify(src/f1tenth_lab6_template/pure_pursuit) by extension 'colcon_meta'
[1.543s] Level 1:colcon.colcon_core.package_identification:_identify(src/f1tenth_lab6_template/pure_pursuit) by extensions ['ros']
[1.543s] Level 1:colcon.colcon_core.package_identification:_identify(src/f1tenth_lab6_template/pure_pursuit) by extension 'ros'
[1.549s] DEBUG:colcon.colcon_core.package_identification:Package 'src/f1tenth_lab6_template/pure_pursuit' with type 'ros.ament_cmake' and name 'pure_pursuit'
[1.549s] Level 1:colcon.colcon_core.package_identification:_identify(src/particle_filter) by extensions ['ignore', 'ignore_ament_install']
[1.550s] Level 1:colcon.colcon_core.package_identification:_identify(src/particle_filter) by extension 'ignore'
[1.550s] Level 1:colcon.colcon_core.package_identification:_identify(src/particle_filter) by extension 'ignore_ament_install'
[1.550s] Level 1:colcon.colcon_core.package_identification:_identify(src/particle_filter) by extensions ['colcon_pkg']
[1.550s] Level 1:colcon.colcon_core.package_identification:_identify(src/particle_filter) by extension 'colcon_pkg'
[1.550s] Level 1:colcon.colcon_core.package_identification:_identify(src/particle_filter) by extensions ['colcon_meta']
[1.551s] Level 1:colcon.colcon_core.package_identification:_identify(src/particle_filter) by extension 'colcon_meta'
[1.551s] Level 1:colcon.colcon_core.package_identification:_identify(src/particle_filter) by extensions ['ros']
[1.551s] Level 1:colcon.colcon_core.package_identification:_identify(src/particle_filter) by extension 'ros'
[1.556s] DEBUG:colcon.colcon_core.package_identification:Package 'src/particle_filter' with type 'ros.ament_python' and name 'particle_filter'
[1.556s] Level 1:colcon.colcon_core.package_identification:_identify(src/ppo_racing) by extensions ['ignore', 'ignore_ament_install']
[1.556s] Level 1:colcon.colcon_core.package_identification:_identify(src/ppo_racing) by extension 'ignore'
[1.557s] Level 1:colcon.colcon_core.package_identification:_identify(src/ppo_racing) by extension 'ignore_ament_install'
[1.557s] Level 1:colcon.colcon_core.package_identification:_identify(src/ppo_racing) by extensions ['colcon_pkg']
[1.557s] Level 1:colcon.colcon_core.package_identification:_identify(src/ppo_racing) by extension 'colcon_pkg'
[1.557s] Level 1:colcon.colcon_core.package_identification:_identify(src/ppo_racing) by extensions ['colcon_meta']
[1.557s] Level 1:colcon.colcon_core.package_identification:_identify(src/ppo_racing) by extension 'colcon_meta'
[1.558s] Level 1:colcon.colcon_core.package_identification:_identify(src/ppo_racing) by extensions ['ros']
[1.558s] Level 1:colcon.colcon_core.package_identification:_identify(src/ppo_racing) by extension 'ros'
[1.560s] DEBUG:colcon.colcon_core.package_identification:Package 'src/ppo_racing' with type 'ros.ament_python' and name 'ppo_racing'
[1.561s] Level 1:colcon.colcon_core.package_identification:_identify(src/realsense-ros) by extensions ['ignore', 'ignore_ament_install']
[1.561s] Level 1:colcon.colcon_core.package_identification:_identify(src/realsense-ros) by extension 'ignore'
[1.561s] Level 1:colcon.colcon_core.package_identification:_identify(src/realsense-ros) by extension 'ignore_ament_install'
[1.562s] Level 1:colcon.colcon_core.package_identification:_identify(src/realsense-ros) by extensions ['colcon_pkg']
[1.562s] Level 1:colcon.colcon_core.package_identification:_identify(src/realsense-ros) by extension 'colcon_pkg'
[1.562s] Level 1:colcon.colcon_core.package_identification:_identify(src/realsense-ros) by extensions ['colcon_meta']
[1.562s] Level 1:colcon.colcon_core.package_identification:_identify(src/realsense-ros) by extension 'colcon_meta'
[1.562s] Level 1:colcon.colcon_core.package_identification:_identify(src/realsense-ros) by extensions ['ros']
[1.562s] Level 1:colcon.colcon_core.package_identification:_identify(src/realsense-ros) by extension 'ros'
[1.563s] Level 1:colcon.colcon_core.package_identification:_identify(src/realsense-ros) by extensions ['cmake', 'python']
[1.563s] Level 1:colcon.colcon_core.package_identification:_identify(src/realsense-ros) by extension 'cmake'
[1.563s] Level 1:colcon.colcon_core.package_identification:_identify(src/realsense-ros) by extension 'python'
[1.563s] Level 1:colcon.colcon_core.package_identification:_identify(src/realsense-ros) by extensions ['python_setup_py']
[1.563s] Level 1:colcon.colcon_core.package_identification:_identify(src/realsense-ros) by extension 'python_setup_py'
[1.564s] Level 1:colcon.colcon_core.package_identification:_identify(src/realsense-ros/realsense2_camera) by extensions ['ignore', 'ignore_ament_install']
[1.564s] Level 1:colcon.colcon_core.package_identification:_identify(src/realsense-ros/realsense2_camera) by extension 'ignore'
[1.564s] Level 1:colcon.colcon_core.package_identification:_identify(src/realsense-ros/realsense2_camera) by extension 'ignore_ament_install'
[1.564s] Level 1:colcon.colcon_core.package_identification:_identify(src/realsense-ros/realsense2_camera) by extensions ['colcon_pkg']
[1.564s] Level 1:colcon.colcon_core.package_identification:_identify(src/realsense-ros/realsense2_camera) by extension 'colcon_pkg'
[1.565s] Level 1:colcon.colcon_core.package_identification:_identify(src/realsense-ros/realsense2_camera) by extensions ['colcon_meta']
[1.565s] Level 1:colcon.colcon_core.package_identification:_identify(src/realsense-ros/realsense2_camera) by extension 'colcon_meta'
[1.565s] Level 1:colcon.colcon_core.package_identification:_identify(src/realsense-ros/realsense2_camera) by extensions ['ros']
[1.565s] Level 1:colcon.colcon_core.package_identification:_identify(src/realsense-ros/realsense2_camera) by extension 'ros'
[1.587s] DEBUG:colcon.colcon_core.package_identification:Package 'src/realsense-ros/realsense2_camera' with type 'ros.ament_cmake' and name 'realsense2_camera'
[1.587s] Level 1:colcon.colcon_core.package_identification:_identify(src/realsense-ros/realsense2_camera_msgs) by extensions ['ignore', 'ignore_ament_install']
[1.588s] Level 1:colcon.colcon_core.package_identification:_identify(src/realsense-ros/realsense2_camera_msgs) by extension 'ignore'
[1.588s] Level 1:colcon.colcon_core.package_identification:_identify(src/realsense-ros/realsense2_camera_msgs) by extension 'ignore_ament_install'
[1.588s] Level 1:colcon.colcon_core.package_identification:_identify(src/realsense-ros/realsense2_camera_msgs) by extensions ['colcon_pkg']
[1.588s] Level 1:colcon.colcon_core.package_identification:_identify(src/realsense-ros/realsense2_camera_msgs) by extension 'colcon_pkg'
[1.589s] Level 1:colcon.colcon_core.package_identification:_identify(src/realsense-ros/realsense2_camera_msgs) by extensions ['colcon_meta']
[1.589s] Level 1:colcon.colcon_core.package_identification:_identify(src/realsense-ros/realsense2_camera_msgs) by extension 'colcon_meta'
[1.589s] Level 1:colcon.colcon_core.package_identification:_identify(src/realsense-ros/realsense2_camera_msgs) by extensions ['ros']
[1.589s] Level 1:colcon.colcon_core.package_identification:_identify(src/realsense-ros/realsense2_camera_msgs) by extension 'ros'
[1.592s] DEBUG:colcon.colcon_core.package_identification:Package 'src/realsense-ros/realsense2_camera_msgs' with type 'ros.ament_cmake' and name 'realsense2_camera_msgs'
[1.592s] Level 1:colcon.colcon_core.package_identification:_identify(src/realsense-ros/realsense2_description) by extensions ['ignore', 'ignore_ament_install']
[1.592s] Level 1:colcon.colcon_core.package_identification:_identify(src/realsense-ros/realsense2_description) by extension 'ignore'
[1.593s] Level 1:colcon.colcon_core.package_identification:_identify(src/realsense-ros/realsense2_description) by extension 'ignore_ament_install'
[1.593s] Level 1:colcon.colcon_core.package_identification:_identify(src/realsense-ros/realsense2_description) by extensions ['colcon_pkg']
[1.593s] Level 1:colcon.colcon_core.package_identification:_identify(src/realsense-ros/realsense2_description) by extension 'colcon_pkg'
[1.593s] Level 1:colcon.colcon_core.package_identification:_identify(src/realsense-ros/realsense2_description) by extensions ['colcon_meta']
[1.593s] Level 1:colcon.colcon_core.package_identification:_identify(src/realsense-ros/realsense2_description) by extension 'colcon_meta'
[1.593s] Level 1:colcon.colcon_core.package_identification:_identify(src/realsense-ros/realsense2_description) by extensions ['ros']
[1.594s] Level 1:colcon.colcon_core.package_identification:_identify(src/realsense-ros/realsense2_description) by extension 'ros'
[1.597s] DEBUG:colcon.colcon_core.package_identification:Package 'src/realsense-ros/realsense2_description' with type 'ros.ament_cmake' and name 'realsense2_description'
[1.597s] Level 1:colcon.colcon_core.package_identification:_identify(src/realsense-ros/scripts) by extensions ['ignore', 'ignore_ament_install']
[1.597s] Level 1:colcon.colcon_core.package_identification:_identify(src/realsense-ros/scripts) by extension 'ignore'
[1.598s] Level 1:colcon.colcon_core.package_identification:_identify(src/realsense-ros/scripts) by extension 'ignore_ament_install'
[1.598s] Level 1:colcon.colcon_core.package_identification:_identify(src/realsense-ros/scripts) by extensions ['colcon_pkg']
[1.598s] Level 1:colcon.colcon_core.package_identification:_identify(src/realsense-ros/scripts) by extension 'colcon_pkg'
[1.598s] Level 1:colcon.colcon_core.package_identification:_identify(src/realsense-ros/scripts) by extensions ['colcon_meta']
[1.598s] Level 1:colcon.colcon_core.package_identification:_identify(src/realsense-ros/scripts) by extension 'colcon_meta'
[1.598s] Level 1:colcon.colcon_core.package_identification:_identify(src/realsense-ros/scripts) by extensions ['ros']
[1.598s] Level 1:colcon.colcon_core.package_identification:_identify(src/realsense-ros/scripts) by extension 'ros'
[1.599s] Level 1:colcon.colcon_core.package_identification:_identify(src/realsense-ros/scripts) by extensions ['cmake', 'python']
[1.599s] Level 1:colcon.colcon_core.package_identification:_identify(src/realsense-ros/scripts) by extension 'cmake'
[1.599s] Level 1:colcon.colcon_core.package_identification:_identify(src/realsense-ros/scripts) by extension 'python'
[1.599s] Level 1:colcon.colcon_core.package_identification:_identify(src/realsense-ros/scripts) by extensions ['python_setup_py']
[1.599s] Level 1:colcon.colcon_core.package_identification:_identify(src/realsense-ros/scripts) by extension 'python_setup_py'
[1.600s] Level 1:colcon.colcon_core.package_identification:_identify(src/rrt_package) by extensions ['ignore', 'ignore_ament_install']
[1.600s] Level 1:colcon.colcon_core.package_identification:_identify(src/rrt_package) by extension 'ignore'
[1.600s] Level 1:colcon.colcon_core.package_identification:_identify(src/rrt_package) by extension 'ignore_ament_install'
[1.600s] Level 1:colcon.colcon_core.package_identification:_identify(src/rrt_package) by extensions ['colcon_pkg']
[1.600s] Level 1:colcon.colcon_core.package_identification:_identify(src/rrt_package) by extension 'colcon_pkg'
[1.601s] Level 1:colcon.colcon_core.package_identification:_identify(src/rrt_package) by extensions ['colcon_meta']
[1.601s] Level 1:colcon.colcon_core.package_identification:_identify(src/rrt_package) by extension 'colcon_meta'
[1.601s] Level 1:colcon.colcon_core.package_identification:_identify(src/rrt_package) by extensions ['ros']
[1.601s] Level 1:colcon.colcon_core.package_identification:_identify(src/rrt_package) by extension 'ros'
[1.603s] DEBUG:colcon.colcon_core.package_identification:Package 'src/rrt_package' with type 'ros.ament_python' and name 'rrt_package'
[1.604s] Level 1:colcon.colcon_core.package_identification:_identify(src/waypoint_logger) by extensions ['ignore', 'ignore_ament_install']
[1.604s] Level 1:colcon.colcon_core.package_identification:_identify(src/waypoint_logger) by extension 'ignore'
[1.604s] Level 1:colcon.colcon_core.package_identification:_identify(src/waypoint_logger) by extension 'ignore_ament_install'
[1.605s] Level 1:colcon.colcon_core.package_identification:_identify(src/waypoint_logger) by extensions ['colcon_pkg']
[1.605s] Level 1:colcon.colcon_core.package_identification:_identify(src/waypoint_logger) by extension 'colcon_pkg'
[1.605s] Level 1:colcon.colcon_core.package_identification:_identify(src/waypoint_logger) by extensions ['colcon_meta']
[1.605s] Level 1:colcon.colcon_core.package_identification:_identify(src/waypoint_logger) by extension 'colcon_meta'
[1.605s] Level 1:colcon.colcon_core.package_identification:_identify(src/waypoint_logger) by extensions ['ros']
[1.605s] Level 1:colcon.colcon_core.package_identification:_identify(src/waypoint_logger) by extension 'ros'
[1.609s] DEBUG:colcon.colcon_core.package_identification:Package 'src/waypoint_logger' with type 'ros.ament_python' and name 'waypoint_logger'
[1.609s] Level 1:colcon.colcon_core.package_discovery:discover_packages(recursive) using defaults
[1.609s] Level 1:colcon.colcon_core.package_discovery:discover_packages(ignore) discover
[1.609s] Level 1:colcon.colcon_core.package_discovery:discover_packages(ignore) using defaults
[1.609s] Level 1:colcon.colcon_core.package_discovery:discover_packages(path) discover
[1.609s] Level 1:colcon.colcon_core.package_discovery:discover_packages(path) using defaults
[1.687s] Level 1:colcon.colcon_core.package_discovery:discover_packages(prefix_path) check parameters
[1.687s] Level 1:colcon.colcon_core.package_discovery:discover_packages(prefix_path) discover
[1.697s] DEBUG:colcon.colcon_installed_package_information.package_discovery:Found 306 installed packages in /opt/ros/foxy
[1.704s] Level 1:colcon.colcon_core.package_discovery:discover_packages(prefix_path) using defaults
[1.941s] Level 5:colcon.colcon_core.verb:set package 'camera_pkg' build argument 'cmake_args' from command line to 'None'
[1.941s] Level 5:colcon.colcon_core.verb:set package 'camera_pkg' build argument 'cmake_target' from command line to 'None'
[1.942s] Level 5:colcon.colcon_core.verb:set package 'camera_pkg' build argument 'cmake_target_skip_unavailable' from command line to 'False'
[1.942s] Level 5:colcon.colcon_core.verb:set package 'camera_pkg' build argument 'cmake_clean_cache' from command line to 'False'
[1.942s] Level 5:colcon.colcon_core.verb:set package 'camera_pkg' build argument 'cmake_clean_first' from command line to 'False'
[1.942s] Level 5:colcon.colcon_core.verb:set package 'camera_pkg' build argument 'cmake_force_configure' from command line to 'False'
[1.942s] Level 5:colcon.colcon_core.verb:set package 'camera_pkg' build argument 'ament_cmake_args' from command line to 'None'
[1.942s] Level 5:colcon.colcon_core.verb:set package 'camera_pkg' build argument 'catkin_cmake_args' from command line to 'None'
[1.942s] Level 5:colcon.colcon_core.verb:set package 'camera_pkg' build argument 'catkin_skip_building_tests' from command line to 'False'
[1.943s] DEBUG:colcon.colcon_core.verb:Building package 'camera_pkg' with the following arguments: {'ament_cmake_args': None, 'build_base': '/home/f1tenth/f1tenth_mrc_ws/build/camera_pkg', 'catkin_cmake_args': None, 'catkin_skip_building_tests': False, 'cmake_args': None, 'cmake_clean_cache': False, 'cmake_clean_first': False, 'cmake_force_configure': False, 'cmake_target': None, 'cmake_target_skip_unavailable': False, 'install_base': '/home/f1tenth/f1tenth_mrc_ws/install/camera_pkg', 'merge_install': False, 'path': '/home/f1tenth/f1tenth_mrc_ws/src/camera_pkg', 'symlink_install': False, 'test_result_base': None}
[1.944s] Level 5:colcon.colcon_core.verb:set package 'f1tenth_gym_ros' build argument 'cmake_args' from command line to 'None'
[1.944s] Level 5:colcon.colcon_core.verb:set package 'f1tenth_gym_ros' build argument 'cmake_target' from command line to 'None'
[1.944s] Level 5:colcon.colcon_core.verb:set package 'f1tenth_gym_ros' build argument 'cmake_target_skip_unavailable' from command line to 'False'
[1.944s] Level 5:colcon.colcon_core.verb:set package 'f1tenth_gym_ros' build argument 'cmake_clean_cache' from command line to 'False'
[1.944s] Level 5:colcon.colcon_core.verb:set package 'f1tenth_gym_ros' build argument 'cmake_clean_first' from command line to 'False'
[1.944s] Level 5:colcon.colcon_core.verb:set package 'f1tenth_gym_ros' build argument 'cmake_force_configure' from command line to 'False'
[1.945s] Level 5:colcon.colcon_core.verb:set package 'f1tenth_gym_ros' build argument 'ament_cmake_args' from command line to 'None'
[1.945s] Level 5:colcon.colcon_core.verb:set package 'f1tenth_gym_ros' build argument 'catkin_cmake_args' from command line to 'None'
[1.945s] Level 5:colcon.colcon_core.verb:set package 'f1tenth_gym_ros' build argument 'catkin_skip_building_tests' from command line to 'False'
[1.945s] DEBUG:colcon.colcon_core.verb:Building package 'f1tenth_gym_ros' with the following arguments: {'ament_cmake_args': None, 'build_base': '/home/f1tenth/f1tenth_mrc_ws/build/f1tenth_gym_ros', 'catkin_cmake_args': None, 'catkin_skip_building_tests': False, 'cmake_args': None, 'cmake_clean_cache': False, 'cmake_clean_first': False, 'cmake_force_configure': False, 'cmake_target': None, 'cmake_target_skip_unavailable': False, 'install_base': '/home/f1tenth/f1tenth_mrc_ws/install/f1tenth_gym_ros', 'merge_install': False, 'path': '/home/f1tenth/f1tenth_mrc_ws/src/f1tenth_gym_ros', 'symlink_install': False, 'test_result_base': None}
[1.946s] Level 5:colcon.colcon_core.verb:set package 'gap_follow' build argument 'cmake_args' from command line to 'None'
[1.946s] Level 5:colcon.colcon_core.verb:set package 'gap_follow' build argument 'cmake_target' from command line to 'None'
[1.947s] Level 5:colcon.colcon_core.verb:set package 'gap_follow' build argument 'cmake_target_skip_unavailable' from command line to 'False'
[1.947s] Level 5:colcon.colcon_core.verb:set package 'gap_follow' build argument 'cmake_clean_cache' from command line to 'False'
[1.947s] Level 5:colcon.colcon_core.verb:set package 'gap_follow' build argument 'cmake_clean_first' from command line to 'False'
[1.947s] Level 5:colcon.colcon_core.verb:set package 'gap_follow' build argument 'cmake_force_configure' from command line to 'False'
[1.947s] Level 5:colcon.colcon_core.verb:set package 'gap_follow' build argument 'ament_cmake_args' from command line to 'None'
[1.947s] Level 5:colcon.colcon_core.verb:set package 'gap_follow' build argument 'catkin_cmake_args' from command line to 'None'
[1.947s] Level 5:colcon.colcon_core.verb:set package 'gap_follow' build argument 'catkin_skip_building_tests' from command line to 'False'
[1.947s] DEBUG:colcon.colcon_core.verb:Building package 'gap_follow' with the following arguments: {'ament_cmake_args': None, 'build_base': '/home/f1tenth/f1tenth_mrc_ws/build/gap_follow', 'catkin_cmake_args': None, 'catkin_skip_building_tests': False, 'cmake_args': None, 'cmake_clean_cache': False, 'cmake_clean_first': False, 'cmake_force_configure': False, 'cmake_target': None, 'cmake_target_skip_unavailable': False, 'install_base': '/home/f1tenth/f1tenth_mrc_ws/install/gap_follow', 'merge_install': False, 'path': '/home/f1tenth/f1tenth_mrc_ws/src/f1tenth_lab4_template/gap_follow', 'symlink_install': False, 'test_result_base': None}
[1.949s] Level 5:colcon.colcon_core.verb:set package 'particle_filter' build argument 'cmake_args' from command line to 'None'
[1.949s] Level 5:colcon.colcon_core.verb:set package 'particle_filter' build argument 'cmake_target' from command line to 'None'
[1.949s] Level 5:colcon.colcon_core.verb:set package 'particle_filter' build argument 'cmake_target_skip_unavailable' from command line to 'False'
[1.949s] Level 5:colcon.colcon_core.verb:set package 'particle_filter' build argument 'cmake_clean_cache' from command line to 'False'
[1.949s] Level 5:colcon.colcon_core.verb:set package 'particle_filter' build argument 'cmake_clean_first' from command line to 'False'
[1.950s] Level 5:colcon.colcon_core.verb:set package 'particle_filter' build argument 'cmake_force_configure' from command line to 'False'
[1.950s] Level 5:colcon.colcon_core.verb:set package 'particle_filter' build argument 'ament_cmake_args' from command line to 'None'
[1.950s] Level 5:colcon.colcon_core.verb:set package 'particle_filter' build argument 'catkin_cmake_args' from command line to 'None'
[1.950s] Level 5:colcon.colcon_core.verb:set package 'particle_filter' build argument 'catkin_skip_building_tests' from command line to 'False'
[1.950s] DEBUG:colcon.colcon_core.verb:Building package 'particle_filter' with the following arguments: {'ament_cmake_args': None, 'build_base': '/home/f1tenth/f1tenth_mrc_ws/build/particle_filter', 'catkin_cmake_args': None, 'catkin_skip_building_tests': False, 'cmake_args': None, 'cmake_clean_cache': False, 'cmake_clean_first': False, 'cmake_force_configure': False, 'cmake_target': None, 'cmake_target_skip_unavailable': False, 'install_base': '/home/f1tenth/f1tenth_mrc_ws/install/particle_filter', 'merge_install': False, 'path': '/home/f1tenth/f1tenth_mrc_ws/src/particle_filter', 'symlink_install': False, 'test_result_base': None}
[1.951s] Level 5:colcon.colcon_core.verb:set package 'ppo_racing' build argument 'cmake_args' from command line to 'None'
[1.951s] Level 5:colcon.colcon_core.verb:set package 'ppo_racing' build argument 'cmake_target' from command line to 'None'
[1.952s] Level 5:colcon.colcon_core.verb:set package 'ppo_racing' build argument 'cmake_target_skip_unavailable' from command line to 'False'
[1.952s] Level 5:colcon.colcon_core.verb:set package 'ppo_racing' build argument 'cmake_clean_cache' from command line to 'False'
[1.952s] Level 5:colcon.colcon_core.verb:set package 'ppo_racing' build argument 'cmake_clean_first' from command line to 'False'
[1.952s] Level 5:colcon.colcon_core.verb:set package 'ppo_racing' build argument 'cmake_force_configure' from command line to 'False'
[1.952s] Level 5:colcon.colcon_core.verb:set package 'ppo_racing' build argument 'ament_cmake_args' from command line to 'None'
[1.952s] Level 5:colcon.colcon_core.verb:set package 'ppo_racing' build argument 'catkin_cmake_args' from command line to 'None'
[1.952s] Level 5:colcon.colcon_core.verb:set package 'ppo_racing' build argument 'catkin_skip_building_tests' from command line to 'False'
[1.952s] DEBUG:colcon.colcon_core.verb:Building package 'ppo_racing' with the following arguments: {'ament_cmake_args': None, 'build_base': '/home/f1tenth/f1tenth_mrc_ws/build/ppo_racing', 'catkin_cmake_args': None, 'catkin_skip_building_tests': False, 'cmake_args': None, 'cmake_clean_cache': False, 'cmake_clean_first': False, 'cmake_force_configure': False, 'cmake_target': None, 'cmake_target_skip_unavailable': False, 'install_base': '/home/f1tenth/f1tenth_mrc_ws/install/ppo_racing', 'merge_install': False, 'path': '/home/f1tenth/f1tenth_mrc_ws/src/ppo_racing', 'symlink_install': False, 'test_result_base': None}
[1.954s] Level 5:colcon.colcon_core.verb:set package 'pure_pursuit' build argument 'cmake_args' from command line to 'None'
[1.954s] Level 5:colcon.colcon_core.verb:set package 'pure_pursuit' build argument 'cmake_target' from command line to 'None'
[1.954s] Level 5:colcon.colcon_core.verb:set package 'pure_pursuit' build argument 'cmake_target_skip_unavailable' from command line to 'False'
[1.954s] Level 5:colcon.colcon_core.verb:set package 'pure_pursuit' build argument 'cmake_clean_cache' from command line to 'False'
[1.954s] Level 5:colcon.colcon_core.verb:set package 'pure_pursuit' build argument 'cmake_clean_first' from command line to 'False'
[1.954s] Level 5:colcon.colcon_core.verb:set package 'pure_pursuit' build argument 'cmake_force_configure' from command line to 'False'
[1.954s] Level 5:colcon.colcon_core.verb:set package 'pure_pursuit' build argument 'ament_cmake_args' from command line to 'None'
[1.954s] Level 5:colcon.colcon_core.verb:set package 'pure_pursuit' build argument 'catkin_cmake_args' from command line to 'None'
[1.954s] Level 5:colcon.colcon_core.verb:set package 'pure_pursuit' build argument 'catkin_skip_building_tests' from command line to 'False'
[1.955s] DEBUG:colcon.colcon_core.verb:Building package 'pure_pursuit' with the following arguments: {'ament_cmake_args': None, 'build_base': '/home/f1tenth/f1tenth_mrc_ws/build/pure_pursuit', 'catkin_cmake_args': None, 'catkin_skip_building_tests': False, 'cmake_args': None, 'cmake_clean_cache': False, 'cmake_clean_first': False, 'cmake_force_configure': False, 'cmake_target': None, 'cmake_target_skip_unavailable': False, 'install_base': '/home/f1tenth/f1tenth_mrc_ws/install/pure_pursuit', 'merge_install': False, 'path': '/home/f1tenth/f1tenth_mrc_ws/src/f1tenth_lab6_template/pure_pursuit', 'symlink_install': False, 'test_result_base': None}
[1.956s] Level 5:colcon.colcon_core.verb:set package 'realsense2_camera_msgs' build argument 'cmake_args' from command line to 'None'
[1.956s] Level 5:colcon.colcon_core.verb:set package 'realsense2_camera_msgs' build argument 'cmake_target' from command line to 'None'
[1.956s] Level 5:colcon.colcon_core.verb:set package 'realsense2_camera_msgs' build argument 'cmake_target_skip_unavailable' from command line to 'False'
[1.956s] Level 5:colcon.colcon_core.verb:set package 'realsense2_camera_msgs' build argument 'cmake_clean_cache' from command line to 'False'
[1.956s] Level 5:colcon.colcon_core.verb:set package 'realsense2_camera_msgs' build argument 'cmake_clean_first' from command line to 'False'
[1.956s] Level 5:colcon.colcon_core.verb:set package 'realsense2_camera_msgs' build argument 'cmake_force_configure' from command line to 'False'
[1.956s] Level 5:colcon.colcon_core.verb:set package 'realsense2_camera_msgs' build argument 'ament_cmake_args' from command line to 'None'
[1.957s] Level 5:colcon.colcon_core.verb:set package 'realsense2_camera_msgs' build argument 'catkin_cmake_args' from command line to 'None'
[1.957s] Level 5:colcon.colcon_core.verb:set package 'realsense2_camera_msgs' build argument 'catkin_skip_building_tests' from command line to 'False'
[1.957s] DEBUG:colcon.colcon_core.verb:Building package 'realsense2_camera_msgs' with the following arguments: {'ament_cmake_args': None, 'build_base': '/home/f1tenth/f1tenth_mrc_ws/build/realsense2_camera_msgs', 'catkin_cmake_args': None, 'catkin_skip_building_tests': False, 'cmake_args': None, 'cmake_clean_cache': False, 'cmake_clean_first': False, 'cmake_force_configure': False, 'cmake_target': None, 'cmake_target_skip_unavailable': False, 'install_base': '/home/f1tenth/f1tenth_mrc_ws/install/realsense2_camera_msgs', 'merge_install': False, 'path': '/home/f1tenth/f1tenth_mrc_ws/src/realsense-ros/realsense2_camera_msgs', 'symlink_install': False, 'test_result_base': None}
[1.958s] Level 5:colcon.colcon_core.verb:set package 'rrt_package' build argument 'cmake_args' from command line to 'None'
[1.958s] Level 5:colcon.colcon_core.verb:set package 'rrt_package' build argument 'cmake_target' from command line to 'None'
[1.958s] Level 5:colcon.colcon_core.verb:set package 'rrt_package' build argument 'cmake_target_skip_unavailable' from command line to 'False'
[1.959s] Level 5:colcon.colcon_core.verb:set package 'rrt_package' build argument 'cmake_clean_cache' from command line to 'False'
[1.959s] Level 5:colcon.colcon_core.verb:set package 'rrt_package' build argument 'cmake_clean_first' from command line to 'False'
[1.959s] Level 5:colcon.colcon_core.verb:set package 'rrt_package' build argument 'cmake_force_configure' from command line to 'False'
[1.959s] Level 5:colcon.colcon_core.verb:set package 'rrt_package' build argument 'ament_cmake_args' from command line to 'None'
[1.959s] Level 5:colcon.colcon_core.verb:set package 'rrt_package' build argument 'catkin_cmake_args' from command line to 'None'
[1.959s] Level 5:colcon.colcon_core.verb:set package 'rrt_package' build argument 'catkin_skip_building_tests' from command line to 'False'
[1.959s] DEBUG:colcon.colcon_core.verb:Building package 'rrt_package' with the following arguments: {'ament_cmake_args': None, 'build_base': '/home/f1tenth/f1tenth_mrc_ws/build/rrt_package', 'catkin_cmake_args': None, 'catkin_skip_building_tests': False, 'cmake_args': None, 'cmake_clean_cache': False, 'cmake_clean_first': False, 'cmake_force_configure': False, 'cmake_target': None, 'cmake_target_skip_unavailable': False, 'install_base': '/home/f1tenth/f1tenth_mrc_ws/install/rrt_package', 'merge_install': False, 'path': '/home/f1tenth/f1tenth_mrc_ws/src/rrt_package', 'symlink_install': False, 'test_result_base': None}
[1.960s] Level 5:colcon.colcon_core.verb:set package 'safety_node' build argument 'cmake_args' from command line to 'None'
[1.961s] Level 5:colcon.colcon_core.verb:set package 'safety_node' build argument 'cmake_target' from command line to 'None'
[1.961s] Level 5:colcon.colcon_core.verb:set package 'safety_node' build argument 'cmake_target_skip_unavailable' from command line to 'False'
[1.961s] Level 5:colcon.colcon_core.verb:set package 'safety_node' build argument 'cmake_clean_cache' from command line to 'False'
[1.961s] Level 5:colcon.colcon_core.verb:set package 'safety_node' build argument 'cmake_clean_first' from command line to 'False'
[1.961s] Level 5:colcon.colcon_core.verb:set package 'safety_node' build argument 'cmake_force_configure' from command line to 'False'
[1.961s] Level 5:colcon.colcon_core.verb:set package 'safety_node' build argument 'ament_cmake_args' from command line to 'None'
[1.961s] Level 5:colcon.colcon_core.verb:set package 'safety_node' build argument 'catkin_cmake_args' from command line to 'None'
[1.961s] Level 5:colcon.colcon_core.verb:set package 'safety_node' build argument 'catkin_skip_building_tests' from command line to 'False'
[1.961s] DEBUG:colcon.colcon_core.verb:Building package 'safety_node' with the following arguments: {'ament_cmake_args': None, 'build_base': '/home/f1tenth/f1tenth_mrc_ws/build/safety_node', 'catkin_cmake_args': None, 'catkin_skip_building_tests': False, 'cmake_args': None, 'cmake_clean_cache': False, 'cmake_clean_first': False, 'cmake_force_configure': False, 'cmake_target': None, 'cmake_target_skip_unavailable': False, 'install_base': '/home/f1tenth/f1tenth_mrc_ws/install/safety_node', 'merge_install': False, 'path': '/home/f1tenth/f1tenth_mrc_ws/src/f1tenth_lab2_template/safety_node', 'symlink_install': False, 'test_result_base': None}
[1.963s] Level 5:colcon.colcon_core.verb:set package 'wall_follow' build argument 'cmake_args' from command line to 'None'
[1.963s] Level 5:colcon.colcon_core.verb:set package 'wall_follow' build argument 'cmake_target' from command line to 'None'
[1.963s] Level 5:colcon.colcon_core.verb:set package 'wall_follow' build argument 'cmake_target_skip_unavailable' from command line to 'False'
[1.963s] Level 5:colcon.colcon_core.verb:set package 'wall_follow' build argument 'cmake_clean_cache' from command line to 'False'
[1.963s] Level 5:colcon.colcon_core.verb:set package 'wall_follow' build argument 'cmake_clean_first' from command line to 'False'
[1.963s] Level 5:colcon.colcon_core.verb:set package 'wall_follow' build argument 'cmake_force_configure' from command line to 'False'
[1.963s] Level 5:colcon.colcon_core.verb:set package 'wall_follow' build argument 'ament_cmake_args' from command line to 'None'
[1.963s] Level 5:colcon.colcon_core.verb:set package 'wall_follow' build argument 'catkin_cmake_args' from command line to 'None'
[1.964s] Level 5:colcon.colcon_core.verb:set package 'wall_follow' build argument 'catkin_skip_building_tests' from command line to 'False'
[1.964s] DEBUG:colcon.colcon_core.verb:Building package 'wall_follow' with the following arguments: {'ament_cmake_args': None, 'build_base': '/home/f1tenth/f1tenth_mrc_ws/build/wall_follow', 'catkin_cmake_args': None, 'catkin_skip_building_tests': False, 'cmake_args': None, 'cmake_clean_cache': False, 'cmake_clean_first': False, 'cmake_force_configure': False, 'cmake_target': None, 'cmake_target_skip_unavailable': False, 'install_base': '/home/f1tenth/f1tenth_mrc_ws/install/wall_follow', 'merge_install': False, 'path': '/home/f1tenth/f1tenth_mrc_ws/src/f1tenth_lab3_template/wall_follow', 'symlink_install': False, 'test_result_base': None}
[1.965s] Level 5:colcon.colcon_core.verb:set package 'waypoint_logger' build argument 'cmake_args' from command line to 'None'
[1.965s] Level 5:colcon.colcon_core.verb:set package 'waypoint_logger' build argument 'cmake_target' from command line to 'None'
[1.965s] Level 5:colcon.colcon_core.verb:set package 'waypoint_logger' build argument 'cmake_target_skip_unavailable' from command line to 'False'
[1.965s] Level 5:colcon.colcon_core.verb:set package 'waypoint_logger' build argument 'cmake_clean_cache' from command line to 'False'
[1.965s] Level 5:colcon.colcon_core.verb:set package 'waypoint_logger' build argument 'cmake_clean_first' from command line to 'False'
[1.965s] Level 5:colcon.colcon_core.verb:set package 'waypoint_logger' build argument 'cmake_force_configure' from command line to 'False'
[1.966s] Level 5:colcon.colcon_core.verb:set package 'waypoint_logger' build argument 'ament_cmake_args' from command line to 'None'
[1.966s] Level 5:colcon.colcon_core.verb:set package 'waypoint_logger' build argument 'catkin_cmake_args' from command line to 'None'
[1.966s] Level 5:colcon.colcon_core.verb:set package 'waypoint_logger' build argument 'catkin_skip_building_tests' from command line to 'False'
[1.966s] DEBUG:colcon.colcon_core.verb:Building package 'waypoint_logger' with the following arguments: {'ament_cmake_args': None, 'build_base': '/home/f1tenth/f1tenth_mrc_ws/build/waypoint_logger', 'catkin_cmake_args': None, 'catkin_skip_building_tests': False, 'cmake_args': None, 'cmake_clean_cache': False, 'cmake_clean_first': False, 'cmake_force_configure': False, 'cmake_target': None, 'cmake_target_skip_unavailable': False, 'install_base': '/home/f1tenth/f1tenth_mrc_ws/install/waypoint_logger', 'merge_install': False, 'path': '/home/f1tenth/f1tenth_mrc_ws/src/waypoint_logger', 'symlink_install': False, 'test_result_base': None}
[1.967s] Level 5:colcon.colcon_core.verb:set package 'realsense2_camera' build argument 'cmake_args' from command line to 'None'
[1.967s] Level 5:colcon.colcon_core.verb:set package 'realsense2_camera' build argument 'cmake_target' from command line to 'None'
[1.967s] Level 5:colcon.colcon_core.verb:set package 'realsense2_camera' build argument 'cmake_target_skip_unavailable' from command line to 'False'
[1.967s] Level 5:colcon.colcon_core.verb:set package 'realsense2_camera' build argument 'cmake_clean_cache' from command line to 'False'
[1.968s] Level 5:colcon.colcon_core.verb:set package 'realsense2_camera' build argument 'cmake_clean_first' from command line to 'False'
[1.968s] Level 5:colcon.colcon_core.verb:set package 'realsense2_camera' build argument 'cmake_force_configure' from command line to 'False'
[1.968s] Level 5:colcon.colcon_core.verb:set package 'realsense2_camera' build argument 'ament_cmake_args' from command line to 'None'
[1.968s] Level 5:colcon.colcon_core.verb:set package 'realsense2_camera' build argument 'catkin_cmake_args' from command line to 'None'
[1.968s] Level 5:colcon.colcon_core.verb:set package 'realsense2_camera' build argument 'catkin_skip_building_tests' from command line to 'False'
[1.968s] DEBUG:colcon.colcon_core.verb:Building package 'realsense2_camera' with the following arguments: {'ament_cmake_args': None, 'build_base': '/home/f1tenth/f1tenth_mrc_ws/build/realsense2_camera', 'catkin_cmake_args': None, 'catkin_skip_building_tests': False, 'cmake_args': None, 'cmake_clean_cache': False, 'cmake_clean_first': False, 'cmake_force_configure': False, 'cmake_target': None, 'cmake_target_skip_unavailable': False, 'install_base': '/home/f1tenth/f1tenth_mrc_ws/install/realsense2_camera', 'merge_install': False, 'path': '/home/f1tenth/f1tenth_mrc_ws/src/realsense-ros/realsense2_camera', 'symlink_install': False, 'test_result_base': None}
[1.969s] Level 5:colcon.colcon_core.verb:set package 'realsense2_description' build argument 'cmake_args' from command line to 'None'
[1.969s] Level 5:colcon.colcon_core.verb:set package 'realsense2_description' build argument 'cmake_target' from command line to 'None'
[1.970s] Level 5:colcon.colcon_core.verb:set package 'realsense2_description' build argument 'cmake_target_skip_unavailable' from command line to 'False'
[1.970s] Level 5:colcon.colcon_core.verb:set package 'realsense2_description' build argument 'cmake_clean_cache' from command line to 'False'
[1.970s] Level 5:colcon.colcon_core.verb:set package 'realsense2_description' build argument 'cmake_clean_first' from command line to 'False'
[1.970s] Level 5:colcon.colcon_core.verb:set package 'realsense2_description' build argument 'cmake_force_configure' from command line to 'False'
[1.970s] Level 5:colcon.colcon_core.verb:set package 'realsense2_description' build argument 'ament_cmake_args' from command line to 'None'
[1.970s] Level 5:colcon.colcon_core.verb:set package 'realsense2_description' build argument 'catkin_cmake_args' from command line to 'None'
[1.970s] Level 5:colcon.colcon_core.verb:set package 'realsense2_description' build argument 'catkin_skip_building_tests' from command line to 'False'
[1.970s] DEBUG:colcon.colcon_core.verb:Building package 'realsense2_description' with the following arguments: {'ament_cmake_args': None, 'build_base': '/home/f1tenth/f1tenth_mrc_ws/build/realsense2_description', 'catkin_cmake_args': None, 'catkin_skip_building_tests': False, 'cmake_args': None, 'cmake_clean_cache': False, 'cmake_clean_first': False, 'cmake_force_configure': False, 'cmake_target': None, 'cmake_target_skip_unavailable': False, 'install_base': '/home/f1tenth/f1tenth_mrc_ws/install/realsense2_description', 'merge_install': False, 'path': '/home/f1tenth/f1tenth_mrc_ws/src/realsense-ros/realsense2_description', 'symlink_install': False, 'test_result_base': None}
[1.971s] INFO:colcon.colcon_core.executor:Executing jobs using 'parallel' executor
[1.975s] DEBUG:colcon.colcon_parallel_executor.executor.parallel:run_until_complete
[1.976s] INFO:colcon.colcon_ros.task.ament_cmake.build:Building ROS package in '/home/f1tenth/f1tenth_mrc_ws/src/realsense-ros/realsense2_camera_msgs' with build type 'ament_cmake'
[1.977s] INFO:colcon.colcon_cmake.task.cmake.build:Building CMake package in '/home/f1tenth/f1tenth_mrc_ws/src/realsense-ros/realsense2_camera_msgs'
[1.985s] INFO:colcon.colcon_core.plugin_system:Skipping extension 'colcon_core.shell.bat': Not used on non-Windows systems
[1.985s] INFO:colcon.colcon_core.shell:Skip shell extension 'powershell' for command environment: Not usable outside of PowerShell
[1.986s] DEBUG:colcon.colcon_core.shell:Skip shell extension 'dsv' for command environment
[2.004s] INFO:colcon.colcon_ros.task.ament_python.build:Building ROS package in '/home/f1tenth/f1tenth_mrc_ws/src/camera_pkg' with build type 'ament_python'
[2.007s] Level 1:colcon.colcon_core.shell:create_environment_hook('camera_pkg', 'ament_prefix_path')
[2.010s] INFO:colcon.colcon_core.shell:Creating environment hook '/home/f1tenth/f1tenth_mrc_ws/install/camera_pkg/share/camera_pkg/hook/ament_prefix_path.ps1'
[2.016s] INFO:colcon.colcon_core.shell:Creating environment descriptor '/home/f1tenth/f1tenth_mrc_ws/install/camera_pkg/share/camera_pkg/hook/ament_prefix_path.dsv'
[2.018s] INFO:colcon.colcon_core.shell:Creating environment hook '/home/f1tenth/f1tenth_mrc_ws/install/camera_pkg/share/camera_pkg/hook/ament_prefix_path.sh'
[2.021s] INFO:colcon.colcon_core.shell:Skip shell extension 'powershell' for command environment: Not usable outside of PowerShell
[2.021s] DEBUG:colcon.colcon_core.shell:Skip shell extension 'dsv' for command environment
[2.040s] INFO:colcon.colcon_ros.task.ament_python.build:Building ROS package in '/home/f1tenth/f1tenth_mrc_ws/src/f1tenth_gym_ros' with build type 'ament_python'
[2.044s] Level 1:colcon.colcon_core.shell:create_environment_hook('f1tenth_gym_ros', 'ament_prefix_path')
[2.050s] INFO:colcon.colcon_core.shell:Creating environment hook '/home/f1tenth/f1tenth_mrc_ws/install/f1tenth_gym_ros/share/f1tenth_gym_ros/hook/ament_prefix_path.ps1'
[2.054s] INFO:colcon.colcon_core.shell:Creating environment descriptor '/home/f1tenth/f1tenth_mrc_ws/install/f1tenth_gym_ros/share/f1tenth_gym_ros/hook/ament_prefix_path.dsv'
[2.057s] INFO:colcon.colcon_core.shell:Creating environment hook '/home/f1tenth/f1tenth_mrc_ws/install/f1tenth_gym_ros/share/f1tenth_gym_ros/hook/ament_prefix_path.sh'
[2.060s] INFO:colcon.colcon_core.shell:Skip shell extension 'powershell' for command environment: Not usable outside of PowerShell
[2.060s] DEBUG:colcon.colcon_core.shell:Skip shell extension 'dsv' for command environment
[2.084s] INFO:colcon.colcon_ros.task.ament_cmake.build:Building ROS package in '/home/f1tenth/f1tenth_mrc_ws/src/f1tenth_lab4_template/gap_follow' with build type 'ament_cmake'
[2.086s] INFO:colcon.colcon_cmake.task.cmake.build:Building CMake package in '/home/f1tenth/f1tenth_mrc_ws/src/f1tenth_lab4_template/gap_follow'
[2.089s] INFO:colcon.colcon_core.shell:Skip shell extension 'powershell' for command environment: Not usable outside of PowerShell
[2.091s] DEBUG:colcon.colcon_core.shell:Skip shell extension 'dsv' for command environment
[2.151s] DEBUG:colcon.colcon_core.event_handler.log_command:Invoking command in '/home/f1tenth/f1tenth_mrc_ws/build/realsense2_camera_msgs': CMAKE_PREFIX_PATH=/opt/ros/foxy /usr/bin/cmake --build /home/f1tenth/f1tenth_mrc_ws/build/realsense2_camera_msgs -- -j4 -l4
[3.392s] INFO:colcon.colcon_core.task.python.build:Building Python package in '/home/f1tenth/f1tenth_mrc_ws/src/camera_pkg'
[3.396s] INFO:colcon.colcon_core.shell:Skip shell extension 'powershell' for command environment: Not usable outside of PowerShell
[3.398s] DEBUG:colcon.colcon_core.shell:Skip shell extension 'dsv' for command environment
[4.477s] INFO:colcon.colcon_core.task.python.build:Building Python package in '/home/f1tenth/f1tenth_mrc_ws/src/f1tenth_gym_ros'
[4.480s] INFO:colcon.colcon_core.shell:Skip shell extension 'powershell' for command environment: Not usable outside of PowerShell
[4.481s] DEBUG:colcon.colcon_core.shell:Skip shell extension 'dsv' for command environment
[4.532s] DEBUG:colcon.colcon_core.event_handler.log_command:Invoked command in '/home/f1tenth/f1tenth_mrc_ws/build/realsense2_camera_msgs' returned '0': CMAKE_PREFIX_PATH=/opt/ros/foxy /usr/bin/cmake --build /home/f1tenth/f1tenth_mrc_ws/build/realsense2_camera_msgs -- -j4 -l4
[4.577s] DEBUG:colcon.colcon_core.event_handler.log_command:Invoking command in '/home/f1tenth/f1tenth_mrc_ws/build/realsense2_camera_msgs': CMAKE_PREFIX_PATH=/opt/ros/foxy /usr/bin/cmake --install /home/f1tenth/f1tenth_mrc_ws/build/realsense2_camera_msgs
[4.596s] DEBUG:colcon.colcon_core.event_handler.log_command:Invoking command in '/home/f1tenth/f1tenth_mrc_ws/build/gap_follow': CMAKE_PREFIX_PATH=/opt/ros/foxy /usr/bin/cmake --build /home/f1tenth/f1tenth_mrc_ws/build/gap_follow -- -j4 -l4
[4.914s] DEBUG:colcon.colcon_core.event_handler.log_command:Invoked command in '/home/f1tenth/f1tenth_mrc_ws/build/gap_follow' returned '0': CMAKE_PREFIX_PATH=/opt/ros/foxy /usr/bin/cmake --build /home/f1tenth/f1tenth_mrc_ws/build/gap_follow -- -j4 -l4
[4.940s] DEBUG:colcon.colcon_core.event_handler.log_command:Invoking command in '/home/f1tenth/f1tenth_mrc_ws/build/gap_follow': CMAKE_PREFIX_PATH=/opt/ros/foxy /usr/bin/cmake --install /home/f1tenth/f1tenth_mrc_ws/build/gap_follow
[4.947s] Level 1:colcon.colcon_core.environment:create_environment_scripts_only(realsense2_camera_msgs)
[4.948s] DEBUG:colcon.colcon_core.event_handler.log_command:Invoked command in '/home/f1tenth/f1tenth_mrc_ws/build/realsense2_camera_msgs' returned '0': CMAKE_PREFIX_PATH=/opt/ros/foxy /usr/bin/cmake --install /home/f1tenth/f1tenth_mrc_ws/build/realsense2_camera_msgs
[4.978s] Level 1:colcon.colcon_core.environment:checking '/home/f1tenth/f1tenth_mrc_ws/install/realsense2_camera_msgs' for CMake module files
[4.982s] Level 1:colcon.colcon_core.environment:checking '/home/f1tenth/f1tenth_mrc_ws/install/realsense2_camera_msgs' for CMake config files
[4.986s] Level 1:colcon.colcon_core.shell:create_environment_hook('realsense2_camera_msgs', 'cmake_prefix_path')
[4.988s] INFO:colcon.colcon_core.shell:Creating environment hook '/home/f1tenth/f1tenth_mrc_ws/install/realsense2_camera_msgs/share/realsense2_camera_msgs/hook/cmake_prefix_path.ps1'
[4.991s] INFO:colcon.colcon_core.shell:Creating environment descriptor '/home/f1tenth/f1tenth_mrc_ws/install/realsense2_camera_msgs/share/realsense2_camera_msgs/hook/cmake_prefix_path.dsv'
[5.003s] INFO:colcon.colcon_core.shell:Creating environment hook '/home/f1tenth/f1tenth_mrc_ws/install/realsense2_camera_msgs/share/realsense2_camera_msgs/hook/cmake_prefix_path.sh'
[5.008s] Level 1:colcon.colcon_core.environment:checking '/home/f1tenth/f1tenth_mrc_ws/install/realsense2_camera_msgs/lib'
[5.008s] Level 1:colcon.colcon_core.shell:create_environment_hook('realsense2_camera_msgs', 'ld_library_path_lib')
[5.009s] INFO:colcon.colcon_core.shell:Creating environment hook '/home/f1tenth/f1tenth_mrc_ws/install/realsense2_camera_msgs/share/realsense2_camera_msgs/hook/ld_library_path_lib.ps1'
[5.011s] INFO:colcon.colcon_core.shell:Creating environment descriptor '/home/f1tenth/f1tenth_mrc_ws/install/realsense2_camera_msgs/share/realsense2_camera_msgs/hook/ld_library_path_lib.dsv'
[5.013s] INFO:colcon.colcon_core.shell:Creating environment hook '/home/f1tenth/f1tenth_mrc_ws/install/realsense2_camera_msgs/share/realsense2_camera_msgs/hook/ld_library_path_lib.sh'
[5.015s] Level 1:colcon.colcon_core.environment:checking '/home/f1tenth/f1tenth_mrc_ws/install/realsense2_camera_msgs/bin'
[5.016s] Level 1:colcon.colcon_core.environment:checking '/home/f1tenth/f1tenth_mrc_ws/install/realsense2_camera_msgs/lib/pkgconfig/realsense2_camera_msgs.pc'
[5.017s] Level 1:colcon.colcon_core.environment:checking '/home/f1tenth/f1tenth_mrc_ws/install/realsense2_camera_msgs/lib/python3.8/site-packages'
[5.018s] Level 1:colcon.colcon_core.shell:create_environment_hook('realsense2_camera_msgs', 'pythonpath')
[5.018s] INFO:colcon.colcon_core.shell:Creating environment hook '/home/f1tenth/f1tenth_mrc_ws/install/realsense2_camera_msgs/share/realsense2_camera_msgs/hook/pythonpath.ps1'
[5.022s] INFO:colcon.colcon_core.shell:Creating environment descriptor '/home/f1tenth/f1tenth_mrc_ws/install/realsense2_camera_msgs/share/realsense2_camera_msgs/hook/pythonpath.dsv'
[5.025s] INFO:colcon.colcon_core.shell:Creating environment hook '/home/f1tenth/f1tenth_mrc_ws/install/realsense2_camera_msgs/share/realsense2_camera_msgs/hook/pythonpath.sh'
[5.028s] Level 1:colcon.colcon_core.environment:checking '/home/f1tenth/f1tenth_mrc_ws/install/realsense2_camera_msgs/bin'
[5.030s] INFO:colcon.colcon_core.shell:Creating package script '/home/f1tenth/f1tenth_mrc_ws/install/realsense2_camera_msgs/share/realsense2_camera_msgs/package.ps1'
[5.035s] INFO:colcon.colcon_core.shell:Creating package descriptor '/home/f1tenth/f1tenth_mrc_ws/install/realsense2_camera_msgs/share/realsense2_camera_msgs/package.dsv'
[5.038s] INFO:colcon.colcon_core.shell:Creating package script '/home/f1tenth/f1tenth_mrc_ws/install/realsense2_camera_msgs/share/realsense2_camera_msgs/package.sh'
[5.042s] INFO:colcon.colcon_core.shell:Creating package script '/home/f1tenth/f1tenth_mrc_ws/install/realsense2_camera_msgs/share/realsense2_camera_msgs/package.bash'
[5.046s] INFO:colcon.colcon_core.shell:Creating package script '/home/f1tenth/f1tenth_mrc_ws/install/realsense2_camera_msgs/share/realsense2_camera_msgs/package.zsh'
[5.049s] Level 1:colcon.colcon_core.environment:create_file_with_runtime_dependencies(/home/f1tenth/f1tenth_mrc_ws/install/realsense2_camera_msgs/share/colcon-core/packages/realsense2_camera_msgs)
[5.055s] Level 1:colcon.colcon_core.environment:create_environment_scripts_only(realsense2_camera_msgs)
[5.057s] Level 1:colcon.colcon_core.environment:checking '/home/f1tenth/f1tenth_mrc_ws/install/realsense2_camera_msgs' for CMake module files
[5.060s] Level 1:colcon.colcon_core.environment:checking '/home/f1tenth/f1tenth_mrc_ws/install/realsense2_camera_msgs' for CMake config files
[5.063s] Level 1:colcon.colcon_core.shell:create_environment_hook('realsense2_camera_msgs', 'cmake_prefix_path')
[5.064s] INFO:colcon.colcon_core.shell:Creating environment hook '/home/f1tenth/f1tenth_mrc_ws/install/realsense2_camera_msgs/share/realsense2_camera_msgs/hook/cmake_prefix_path.ps1'
[5.066s] INFO:colcon.colcon_core.shell:Creating environment descriptor '/home/f1tenth/f1tenth_mrc_ws/install/realsense2_camera_msgs/share/realsense2_camera_msgs/hook/cmake_prefix_path.dsv'
[5.068s] INFO:colcon.colcon_core.shell:Creating environment hook '/home/f1tenth/f1tenth_mrc_ws/install/realsense2_camera_msgs/share/realsense2_camera_msgs/hook/cmake_prefix_path.sh'
[5.072s] Level 1:colcon.colcon_core.environment:checking '/home/f1tenth/f1tenth_mrc_ws/install/realsense2_camera_msgs/lib'
[5.072s] Level 1:colcon.colcon_core.shell:create_environment_hook('realsense2_camera_msgs', 'ld_library_path_lib')
[5.074s] INFO:colcon.colcon_core.shell:Creating environment hook '/home/f1tenth/f1tenth_mrc_ws/install/realsense2_camera_msgs/share/realsense2_camera_msgs/hook/ld_library_path_lib.ps1'
[5.076s] INFO:colcon.colcon_core.shell:Creating environment descriptor '/home/f1tenth/f1tenth_mrc_ws/install/realsense2_camera_msgs/share/realsense2_camera_msgs/hook/ld_library_path_lib.dsv'
[5.077s] INFO:colcon.colcon_core.shell:Creating environment hook '/home/f1tenth/f1tenth_mrc_ws/install/realsense2_camera_msgs/share/realsense2_camera_msgs/hook/ld_library_path_lib.sh'
[5.079s] Level 1:colcon.colcon_core.environment:checking '/home/f1tenth/f1tenth_mrc_ws/install/realsense2_camera_msgs/bin'
[5.079s] Level 1:colcon.colcon_core.environment:checking '/home/f1tenth/f1tenth_mrc_ws/install/realsense2_camera_msgs/lib/pkgconfig/realsense2_camera_msgs.pc'
[5.080s] Level 1:colcon.colcon_core.environment:checking '/home/f1tenth/f1tenth_mrc_ws/install/realsense2_camera_msgs/lib/python3.8/site-packages'
[5.080s] Level 1:colcon.colcon_core.shell:create_environment_hook('realsense2_camera_msgs', 'pythonpath')
[5.081s] INFO:colcon.colcon_core.shell:Creating environment hook '/home/f1tenth/f1tenth_mrc_ws/install/realsense2_camera_msgs/share/realsense2_camera_msgs/hook/pythonpath.ps1'
[5.083s] INFO:colcon.colcon_core.shell:Creating environment descriptor '/home/f1tenth/f1tenth_mrc_ws/install/realsense2_camera_msgs/share/realsense2_camera_msgs/hook/pythonpath.dsv'
[5.085s] INFO:colcon.colcon_core.shell:Creating environment hook '/home/f1tenth/f1tenth_mrc_ws/install/realsense2_camera_msgs/share/realsense2_camera_msgs/hook/pythonpath.sh'
[5.088s] Level 1:colcon.colcon_core.environment:checking '/home/f1tenth/f1tenth_mrc_ws/install/realsense2_camera_msgs/bin'
[5.089s] INFO:colcon.colcon_core.shell:Creating package script '/home/f1tenth/f1tenth_mrc_ws/install/realsense2_camera_msgs/share/realsense2_camera_msgs/package.ps1'
[5.092s] INFO:colcon.colcon_core.shell:Creating package descriptor '/home/f1tenth/f1tenth_mrc_ws/install/realsense2_camera_msgs/share/realsense2_camera_msgs/package.dsv'
[5.095s] INFO:colcon.colcon_core.shell:Creating package script '/home/f1tenth/f1tenth_mrc_ws/install/realsense2_camera_msgs/share/realsense2_camera_msgs/package.sh'
[5.098s] INFO:colcon.colcon_core.shell:Creating package script '/home/f1tenth/f1tenth_mrc_ws/install/realsense2_camera_msgs/share/realsense2_camera_msgs/package.bash'
[5.100s] INFO:colcon.colcon_core.shell:Creating package script '/home/f1tenth/f1tenth_mrc_ws/install/realsense2_camera_msgs/share/realsense2_camera_msgs/package.zsh'
[5.102s] Level 1:colcon.colcon_core.environment:create_file_with_runtime_dependencies(/home/f1tenth/f1tenth_mrc_ws/install/realsense2_camera_msgs/share/colcon-core/packages/realsense2_camera_msgs)
[5.106s] INFO:colcon.colcon_ros.task.ament_python.build:Building ROS package in '/home/f1tenth/f1tenth_mrc_ws/src/particle_filter' with build type 'ament_python'
[5.107s] Level 1:colcon.colcon_core.shell:create_environment_hook('particle_filter', 'ament_prefix_path')
[5.108s] INFO:colcon.colcon_core.shell:Creating environment hook '/home/f1tenth/f1tenth_mrc_ws/install/particle_filter/share/particle_filter/hook/ament_prefix_path.ps1'
[5.110s] INFO:colcon.colcon_core.shell:Creating environment descriptor '/home/f1tenth/f1tenth_mrc_ws/install/particle_filter/share/particle_filter/hook/ament_prefix_path.dsv'
[5.113s] INFO:colcon.colcon_core.shell:Creating environment hook '/home/f1tenth/f1tenth_mrc_ws/install/particle_filter/share/particle_filter/hook/ament_prefix_path.sh'
[5.123s] INFO:colcon.colcon_core.shell:Skip shell extension 'powershell' for command environment: Not usable outside of PowerShell
[5.125s] DEBUG:colcon.colcon_core.shell:Skip shell extension 'dsv' for command environment
[6.372s] INFO:colcon.colcon_core.task.python.build:Building Python package in '/home/f1tenth/f1tenth_mrc_ws/src/particle_filter'
[6.375s] INFO:colcon.colcon_core.shell:Skip shell extension 'powershell' for command environment: Not usable outside of PowerShell
[6.376s] DEBUG:colcon.colcon_core.shell:Skip shell extension 'dsv' for command environment
[6.404s] Level 1:colcon.colcon_core.environment:create_environment_scripts_only(gap_follow)
[6.407s] DEBUG:colcon.colcon_core.event_handler.log_command:Invoked command in '/home/f1tenth/f1tenth_mrc_ws/build/gap_follow' returned '0': CMAKE_PREFIX_PATH=/opt/ros/foxy /usr/bin/cmake --install /home/f1tenth/f1tenth_mrc_ws/build/gap_follow
[6.409s] Level 1:colcon.colcon_core.environment:checking '/home/f1tenth/f1tenth_mrc_ws/install/gap_follow' for CMake module files
[6.412s] Level 1:colcon.colcon_core.environment:checking '/home/f1tenth/f1tenth_mrc_ws/install/gap_follow' for CMake config files
[6.414s] Level 1:colcon.colcon_core.shell:create_environment_hook('gap_follow', 'cmake_prefix_path')
[6.416s] INFO:colcon.colcon_core.shell:Creating environment hook '/home/f1tenth/f1tenth_mrc_ws/install/gap_follow/share/gap_follow/hook/cmake_prefix_path.ps1'
[6.420s] INFO:colcon.colcon_core.shell:Creating environment descriptor '/home/f1tenth/f1tenth_mrc_ws/install/gap_follow/share/gap_follow/hook/cmake_prefix_path.dsv'
[6.422s] INFO:colcon.colcon_core.shell:Creating environment hook '/home/f1tenth/f1tenth_mrc_ws/install/gap_follow/share/gap_follow/hook/cmake_prefix_path.sh'
[6.429s] Level 1:colcon.colcon_core.environment:checking '/home/f1tenth/f1tenth_mrc_ws/install/gap_follow/lib'
[6.430s] Level 1:colcon.colcon_core.environment:checking '/home/f1tenth/f1tenth_mrc_ws/install/gap_follow/bin'
[6.430s] Level 1:colcon.colcon_core.environment:checking '/home/f1tenth/f1tenth_mrc_ws/install/gap_follow/lib/pkgconfig/gap_follow.pc'
[6.431s] Level 1:colcon.colcon_core.environment:checking '/home/f1tenth/f1tenth_mrc_ws/install/gap_follow/lib/python3.8/site-packages'
[6.431s] Level 1:colcon.colcon_core.shell:create_environment_hook('gap_follow', 'pythonpath')
[6.432s] INFO:colcon.colcon_core.shell:Creating environment hook '/home/f1tenth/f1tenth_mrc_ws/install/gap_follow/share/gap_follow/hook/pythonpath.ps1'
[6.434s] INFO:colcon.colcon_core.shell:Creating environment descriptor '/home/f1tenth/f1tenth_mrc_ws/install/gap_follow/share/gap_follow/hook/pythonpath.dsv'
[6.438s] INFO:colcon.colcon_core.shell:Creating environment hook '/home/f1tenth/f1tenth_mrc_ws/install/gap_follow/share/gap_follow/hook/pythonpath.sh'
[6.441s] Level 1:colcon.colcon_core.environment:checking '/home/f1tenth/f1tenth_mrc_ws/install/gap_follow/bin'
[6.442s] INFO:colcon.colcon_core.shell:Creating package script '/home/f1tenth/f1tenth_mrc_ws/install/gap_follow/share/gap_follow/package.ps1'
[6.445s] INFO:colcon.colcon_core.shell:Creating package descriptor '/home/f1tenth/f1tenth_mrc_ws/install/gap_follow/share/gap_follow/package.dsv'
[6.448s] INFO:colcon.colcon_core.shell:Creating package script '/home/f1tenth/f1tenth_mrc_ws/install/gap_follow/share/gap_follow/package.sh'
[6.451s] INFO:colcon.colcon_core.shell:Creating package script '/home/f1tenth/f1tenth_mrc_ws/install/gap_follow/share/gap_follow/package.bash'
[6.453s] INFO:colcon.colcon_core.shell:Creating package script '/home/f1tenth/f1tenth_mrc_ws/install/gap_follow/share/gap_follow/package.zsh'
[6.455s] Level 1:colcon.colcon_core.environment:create_file_with_runtime_dependencies(/home/f1tenth/f1tenth_mrc_ws/install/gap_follow/share/colcon-core/packages/gap_follow)
[6.458s] Level 1:colcon.colcon_core.environment:create_environment_scripts_only(gap_follow)
[6.459s] Level 1:colcon.colcon_core.environment:checking '/home/f1tenth/f1tenth_mrc_ws/install/gap_follow' for CMake module files
[6.461s] Level 1:colcon.colcon_core.environment:checking '/home/f1tenth/f1tenth_mrc_ws/install/gap_follow' for CMake config files
[6.462s] Level 1:colcon.colcon_core.shell:create_environment_hook('gap_follow', 'cmake_prefix_path')
[6.463s] INFO:colcon.colcon_core.shell:Creating environment hook '/home/f1tenth/f1tenth_mrc_ws/install/gap_follow/share/gap_follow/hook/cmake_prefix_path.ps1'
[6.465s] INFO:colcon.colcon_core.shell:Creating environment descriptor '/home/f1tenth/f1tenth_mrc_ws/install/gap_follow/share/gap_follow/hook/cmake_prefix_path.dsv'
[6.467s] INFO:colcon.colcon_core.shell:Creating environment hook '/home/f1tenth/f1tenth_mrc_ws/install/gap_follow/share/gap_follow/hook/cmake_prefix_path.sh'
[6.470s] Level 1:colcon.colcon_core.environment:checking '/home/f1tenth/f1tenth_mrc_ws/install/gap_follow/lib'
[6.470s] Level 1:colcon.colcon_core.environment:checking '/home/f1tenth/f1tenth_mrc_ws/install/gap_follow/bin'
[6.470s] Level 1:colcon.colcon_core.environment:checking '/home/f1tenth/f1tenth_mrc_ws/install/gap_follow/lib/pkgconfig/gap_follow.pc'
[6.472s] Level 1:colcon.colcon_core.environment:checking '/home/f1tenth/f1tenth_mrc_ws/install/gap_follow/lib/python3.8/site-packages'
[6.473s] Level 1:colcon.colcon_core.shell:create_environment_hook('gap_follow', 'pythonpath')
[6.474s] INFO:colcon.colcon_core.shell:Creating environment hook '/home/f1tenth/f1tenth_mrc_ws/install/gap_follow/share/gap_follow/hook/pythonpath.ps1'
[6.476s] INFO:colcon.colcon_core.shell:Creating environment descriptor '/home/f1tenth/f1tenth_mrc_ws/install/gap_follow/share/gap_follow/hook/pythonpath.dsv'
[6.478s] INFO:colcon.colcon_core.shell:Creating environment hook '/home/f1tenth/f1tenth_mrc_ws/install/gap_follow/share/gap_follow/hook/pythonpath.sh'
[6.480s] Level 1:colcon.colcon_core.environment:checking '/home/f1tenth/f1tenth_mrc_ws/install/gap_follow/bin'
[6.482s] INFO:colcon.colcon_core.shell:Creating package script '/home/f1tenth/f1tenth_mrc_ws/install/gap_follow/share/gap_follow/package.ps1'
[6.485s] INFO:colcon.colcon_core.shell:Creating package descriptor '/home/f1tenth/f1tenth_mrc_ws/install/gap_follow/share/gap_follow/package.dsv'
[6.487s] INFO:colcon.colcon_core.shell:Creating package script '/home/f1tenth/f1tenth_mrc_ws/install/gap_follow/share/gap_follow/package.sh'
[6.490s] INFO:colcon.colcon_core.shell:Creating package script '/home/f1tenth/f1tenth_mrc_ws/install/gap_follow/share/gap_follow/package.bash'
[6.492s] INFO:colcon.colcon_core.shell:Creating package script '/home/f1tenth/f1tenth_mrc_ws/install/gap_follow/share/gap_follow/package.zsh'
[6.495s] Level 1:colcon.colcon_core.environment:create_file_with_runtime_dependencies(/home/f1tenth/f1tenth_mrc_ws/install/gap_follow/share/colcon-core/packages/gap_follow)
[6.502s] INFO:colcon.colcon_ros.task.ament_python.build:Building ROS package in '/home/f1tenth/f1tenth_mrc_ws/src/ppo_racing' with build type 'ament_python'
[6.503s] Level 1:colcon.colcon_core.shell:create_environment_hook('ppo_racing', 'ament_prefix_path')
[6.504s] INFO:colcon.colcon_core.shell:Creating environment hook '/home/f1tenth/f1tenth_mrc_ws/install/ppo_racing/share/ppo_racing/hook/ament_prefix_path.ps1'
[6.507s] INFO:colcon.colcon_core.shell:Creating environment descriptor '/home/f1tenth/f1tenth_mrc_ws/install/ppo_racing/share/ppo_racing/hook/ament_prefix_path.dsv'
[6.509s] INFO:colcon.colcon_core.shell:Creating environment hook '/home/f1tenth/f1tenth_mrc_ws/install/ppo_racing/share/ppo_racing/hook/ament_prefix_path.sh'
[6.511s] INFO:colcon.colcon_core.shell:Skip shell extension 'powershell' for command environment: Not usable outside of PowerShell
[6.511s] DEBUG:colcon.colcon_core.shell:Skip shell extension 'dsv' for command environment
[6.585s] DEBUG:colcon.colcon_core.event_handler.log_command:Invoking command in '/home/f1tenth/f1tenth_mrc_ws/src/f1tenth_gym_ros': PYTHONPATH=/home/f1tenth/f1tenth_mrc_ws/build/f1tenth_gym_ros/prefix_override:/usr/lib/python3/dist-packages/colcon_core/task/python/colcon_distutils_commands:/home/f1tenth/f1tenth_mrc_ws/install/f1tenth_gym_ros/lib/python3.8/site-packages:${PYTHONPATH} /usr/bin/python3 -W ignore:setup.py install is deprecated -W ignore:easy_install command is deprecated setup.py egg_info --egg-base ../../build/f1tenth_gym_ros build --build-base /home/f1tenth/f1tenth_mrc_ws/build/f1tenth_gym_ros/build install --record /home/f1tenth/f1tenth_mrc_ws/build/f1tenth_gym_ros/install.log --single-version-externally-managed install_data
[7.843s] INFO:colcon.colcon_core.task.python.build:Building Python package in '/home/f1tenth/f1tenth_mrc_ws/src/ppo_racing'
[7.846s] INFO:colcon.colcon_core.shell:Skip shell extension 'powershell' for command environment: Not usable outside of PowerShell
[7.847s] DEBUG:colcon.colcon_core.shell:Skip shell extension 'dsv' for command environment
[7.916s] DEBUG:colcon.colcon_core.event_handler.log_command:Invoking command in '/home/f1tenth/f1tenth_mrc_ws/src/camera_pkg': PYTHONPATH=/home/f1tenth/f1tenth_mrc_ws/build/camera_pkg/prefix_override:/usr/lib/python3/dist-packages/colcon_core/task/python/colcon_distutils_commands:/home/f1tenth/f1tenth_mrc_ws/install/camera_pkg/lib/python3.8/site-packages:${PYTHONPATH} /usr/bin/python3 -W ignore:setup.py install is deprecated -W ignore:easy_install command is deprecated setup.py egg_info --egg-base ../../build/camera_pkg build --build-base /home/f1tenth/f1tenth_mrc_ws/build/camera_pkg/build install --record /home/f1tenth/f1tenth_mrc_ws/build/camera_pkg/install.log --install-scripts $base/lib/camera_pkg --single-version-externally-managed install_data
[7.985s] DEBUG:colcon.colcon_core.event_handler.log_command:Invoked command in '/home/f1tenth/f1tenth_mrc_ws/src/f1tenth_gym_ros' returned '0': PYTHONPATH=/home/f1tenth/f1tenth_mrc_ws/build/f1tenth_gym_ros/prefix_override:/usr/lib/python3/dist-packages/colcon_core/task/python/colcon_distutils_commands:/home/f1tenth/f1tenth_mrc_ws/install/f1tenth_gym_ros/lib/python3.8/site-packages:${PYTHONPATH} /usr/bin/python3 -W ignore:setup.py install is deprecated -W ignore:easy_install command is deprecated setup.py egg_info --egg-base ../../build/f1tenth_gym_ros build --build-base /home/f1tenth/f1tenth_mrc_ws/build/f1tenth_gym_ros/build install --record /home/f1tenth/f1tenth_mrc_ws/build/f1tenth_gym_ros/install.log --single-version-externally-managed install_data
[7.997s] Level 1:colcon.colcon_core.environment:checking '/home/f1tenth/f1tenth_mrc_ws/install/f1tenth_gym_ros' for CMake module files
[7.999s] Level 1:colcon.colcon_core.environment:checking '/home/f1tenth/f1tenth_mrc_ws/install/f1tenth_gym_ros' for CMake config files
[8.003s] Level 1:colcon.colcon_core.environment:checking '/home/f1tenth/f1tenth_mrc_ws/install/f1tenth_gym_ros/lib'
[8.003s] Level 1:colcon.colcon_core.environment:checking '/home/f1tenth/f1tenth_mrc_ws/install/f1tenth_gym_ros/bin'
[8.003s] Level 1:colcon.colcon_core.environment:checking '/home/f1tenth/f1tenth_mrc_ws/install/f1tenth_gym_ros/lib/pkgconfig/f1tenth_gym_ros.pc'
[8.017s] Level 1:colcon.colcon_core.environment:checking '/home/f1tenth/f1tenth_mrc_ws/install/f1tenth_gym_ros/lib/python3.8/site-packages'
[8.018s] Level 1:colcon.colcon_core.shell:create_environment_hook('f1tenth_gym_ros', 'pythonpath')
[8.019s] INFO:colcon.colcon_core.shell:Creating environment hook '/home/f1tenth/f1tenth_mrc_ws/install/f1tenth_gym_ros/share/f1tenth_gym_ros/hook/pythonpath.ps1'
[8.027s] INFO:colcon.colcon_core.shell:Creating environment descriptor '/home/f1tenth/f1tenth_mrc_ws/install/f1tenth_gym_ros/share/f1tenth_gym_ros/hook/pythonpath.dsv'
[8.030s] INFO:colcon.colcon_core.shell:Creating environment hook '/home/f1tenth/f1tenth_mrc_ws/install/f1tenth_gym_ros/share/f1tenth_gym_ros/hook/pythonpath.sh'
[8.042s] Level 1:colcon.colcon_core.environment:checking '/home/f1tenth/f1tenth_mrc_ws/install/f1tenth_gym_ros/bin'
[8.042s] Level 1:colcon.colcon_core.environment:create_environment_scripts_only(f1tenth_gym_ros)
[8.048s] INFO:colcon.colcon_core.shell:Creating package script '/home/f1tenth/f1tenth_mrc_ws/install/f1tenth_gym_ros/share/f1tenth_gym_ros/package.ps1'
[8.053s] INFO:colcon.colcon_core.shell:Creating package descriptor '/home/f1tenth/f1tenth_mrc_ws/install/f1tenth_gym_ros/share/f1tenth_gym_ros/package.dsv'
[8.055s] INFO:colcon.colcon_core.shell:Creating package script '/home/f1tenth/f1tenth_mrc_ws/install/f1tenth_gym_ros/share/f1tenth_gym_ros/package.sh'
[8.059s] INFO:colcon.colcon_core.shell:Creating package script '/home/f1tenth/f1tenth_mrc_ws/install/f1tenth_gym_ros/share/f1tenth_gym_ros/package.bash'
[8.061s] INFO:colcon.colcon_core.shell:Creating package script '/home/f1tenth/f1tenth_mrc_ws/install/f1tenth_gym_ros/share/f1tenth_gym_ros/package.zsh'
[8.063s] Level 1:colcon.colcon_core.environment:create_file_with_runtime_dependencies(/home/f1tenth/f1tenth_mrc_ws/install/f1tenth_gym_ros/share/colcon-core/packages/f1tenth_gym_ros)
[8.083s] INFO:colcon.colcon_ros.task.ament_cmake.build:Building ROS package in '/home/f1tenth/f1tenth_mrc_ws/src/f1tenth_lab6_template/pure_pursuit' with build type 'ament_cmake'
[8.084s] INFO:colcon.colcon_cmake.task.cmake.build:Building CMake package in '/home/f1tenth/f1tenth_mrc_ws/src/f1tenth_lab6_template/pure_pursuit'
[8.085s] INFO:colcon.colcon_core.shell:Skip shell extension 'powershell' for command environment: Not usable outside of PowerShell
[8.086s] DEBUG:colcon.colcon_core.shell:Skip shell extension 'dsv' for command environment
[8.203s] DEBUG:colcon.colcon_core.event_handler.log_command:Invoking command in '/home/f1tenth/f1tenth_mrc_ws/build/pure_pursuit': CMAKE_PREFIX_PATH=/opt/ros/foxy /usr/bin/cmake --build /home/f1tenth/f1tenth_mrc_ws/build/pure_pursuit -- -j4 -l4
[8.408s] DEBUG:colcon.colcon_core.event_handler.log_command:Invoking command in '/home/f1tenth/f1tenth_mrc_ws/src/particle_filter': PYTHONPATH=/home/f1tenth/f1tenth_mrc_ws/build/particle_filter/prefix_override:/usr/lib/python3/dist-packages/colcon_core/task/python/colcon_distutils_commands:/home/f1tenth/f1tenth_mrc_ws/install/particle_filter/lib/python3.8/site-packages:${PYTHONPATH} /usr/bin/python3 -W ignore:setup.py install is deprecated -W ignore:easy_install command is deprecated setup.py egg_info --egg-base ../../build/particle_filter build --build-base /home/f1tenth/f1tenth_mrc_ws/build/particle_filter/build install --record /home/f1tenth/f1tenth_mrc_ws/build/particle_filter/install.log --install-scripts $base/lib/particle_filter --single-version-externally-managed install_data
[8.537s] DEBUG:colcon.colcon_core.event_handler.log_command:Invoked command in '/home/f1tenth/f1tenth_mrc_ws/build/pure_pursuit' returned '0': CMAKE_PREFIX_PATH=/opt/ros/foxy /usr/bin/cmake --build /home/f1tenth/f1tenth_mrc_ws/build/pure_pursuit -- -j4 -l4
[8.557s] DEBUG:colcon.colcon_core.event_handler.log_command:Invoking command in '/home/f1tenth/f1tenth_mrc_ws/build/pure_pursuit': CMAKE_PREFIX_PATH=/opt/ros/foxy /usr/bin/cmake --install /home/f1tenth/f1tenth_mrc_ws/build/pure_pursuit
[8.823s] Level 1:colcon.colcon_core.environment:create_environment_scripts_only(pure_pursuit)
[8.825s] Level 1:colcon.colcon_core.environment:checking '/home/f1tenth/f1tenth_mrc_ws/install/pure_pursuit' for CMake module files
[8.829s] DEBUG:colcon.colcon_core.event_handler.log_command:Invoked command in '/home/f1tenth/f1tenth_mrc_ws/build/pure_pursuit' returned '0': CMAKE_PREFIX_PATH=/opt/ros/foxy /usr/bin/cmake --install /home/f1tenth/f1tenth_mrc_ws/build/pure_pursuit
[8.830s] Level 1:colcon.colcon_core.environment:checking '/home/f1tenth/f1tenth_mrc_ws/install/pure_pursuit' for CMake config files
[8.840s] Level 1:colcon.colcon_core.shell:create_environment_hook('pure_pursuit', 'cmake_prefix_path')
[8.844s] INFO:colcon.colcon_core.shell:Creating environment hook '/home/f1tenth/f1tenth_mrc_ws/install/pure_pursuit/share/pure_pursuit/hook/cmake_prefix_path.ps1'
[8.847s] INFO:colcon.colcon_core.shell:Creating environment descriptor '/home/f1tenth/f1tenth_mrc_ws/install/pure_pursuit/share/pure_pursuit/hook/cmake_prefix_path.dsv'
[8.849s] INFO:colcon.colcon_core.shell:Creating environment hook '/home/f1tenth/f1tenth_mrc_ws/install/pure_pursuit/share/pure_pursuit/hook/cmake_prefix_path.sh'
[8.852s] Level 1:colcon.colcon_core.environment:checking '/home/f1tenth/f1tenth_mrc_ws/install/pure_pursuit/lib'
[8.852s] Level 1:colcon.colcon_core.environment:checking '/home/f1tenth/f1tenth_mrc_ws/install/pure_pursuit/bin'
[8.852s] Level 1:colcon.colcon_core.environment:checking '/home/f1tenth/f1tenth_mrc_ws/install/pure_pursuit/lib/pkgconfig/pure_pursuit.pc'
[8.854s] Level 1:colcon.colcon_core.environment:checking '/home/f1tenth/f1tenth_mrc_ws/install/pure_pursuit/lib/python3.8/site-packages'
[8.854s] Level 1:colcon.colcon_core.shell:create_environment_hook('pure_pursuit', 'pythonpath')
[8.855s] INFO:colcon.colcon_core.shell:Creating environment hook '/home/f1tenth/f1tenth_mrc_ws/install/pure_pursuit/share/pure_pursuit/hook/pythonpath.ps1'
[8.859s] INFO:colcon.colcon_core.shell:Creating environment descriptor '/home/f1tenth/f1tenth_mrc_ws/install/pure_pursuit/share/pure_pursuit/hook/pythonpath.dsv'
[8.861s] INFO:colcon.colcon_core.shell:Creating environment hook '/home/f1tenth/f1tenth_mrc_ws/install/pure_pursuit/share/pure_pursuit/hook/pythonpath.sh'
[8.874s] Level 1:colcon.colcon_core.environment:checking '/home/f1tenth/f1tenth_mrc_ws/install/pure_pursuit/bin'
[8.876s] INFO:colcon.colcon_core.shell:Creating package script '/home/f1tenth/f1tenth_mrc_ws/install/pure_pursuit/share/pure_pursuit/package.ps1'
[8.878s] INFO:colcon.colcon_core.shell:Creating package descriptor '/home/f1tenth/f1tenth_mrc_ws/install/pure_pursuit/share/pure_pursuit/package.dsv'
[8.885s] INFO:colcon.colcon_core.shell:Creating package script '/home/f1tenth/f1tenth_mrc_ws/install/pure_pursuit/share/pure_pursuit/package.sh'
[8.887s] INFO:colcon.colcon_core.shell:Creating package script '/home/f1tenth/f1tenth_mrc_ws/install/pure_pursuit/share/pure_pursuit/package.bash'
[8.890s] INFO:colcon.colcon_core.shell:Creating package script '/home/f1tenth/f1tenth_mrc_ws/install/pure_pursuit/share/pure_pursuit/package.zsh'
[8.894s] Level 1:colcon.colcon_core.environment:create_file_with_runtime_dependencies(/home/f1tenth/f1tenth_mrc_ws/install/pure_pursuit/share/colcon-core/packages/pure_pursuit)
[8.904s] Level 1:colcon.colcon_core.environment:create_environment_scripts_only(pure_pursuit)
[8.905s] Level 1:colcon.colcon_core.environment:checking '/home/f1tenth/f1tenth_mrc_ws/install/pure_pursuit' for CMake module files
[8.908s] Level 1:colcon.colcon_core.environment:checking '/home/f1tenth/f1tenth_mrc_ws/install/pure_pursuit' for CMake config files
[8.910s] Level 1:colcon.colcon_core.shell:create_environment_hook('pure_pursuit', 'cmake_prefix_path')
[8.912s] INFO:colcon.colcon_core.shell:Creating environment hook '/home/f1tenth/f1tenth_mrc_ws/install/pure_pursuit/share/pure_pursuit/hook/cmake_prefix_path.ps1'
[8.914s] INFO:colcon.colcon_core.shell:Creating environment descriptor '/home/f1tenth/f1tenth_mrc_ws/install/pure_pursuit/share/pure_pursuit/hook/cmake_prefix_path.dsv'
[8.917s] INFO:colcon.colcon_core.shell:Creating environment hook '/home/f1tenth/f1tenth_mrc_ws/install/pure_pursuit/share/pure_pursuit/hook/cmake_prefix_path.sh'
[8.921s] Level 1:colcon.colcon_core.environment:checking '/home/f1tenth/f1tenth_mrc_ws/install/pure_pursuit/lib'
[8.921s] Level 1:colcon.colcon_core.environment:checking '/home/f1tenth/f1tenth_mrc_ws/install/pure_pursuit/bin'
[8.921s] Level 1:colcon.colcon_core.environment:checking '/home/f1tenth/f1tenth_mrc_ws/install/pure_pursuit/lib/pkgconfig/pure_pursuit.pc'
[8.922s] Level 1:colcon.colcon_core.environment:checking '/home/f1tenth/f1tenth_mrc_ws/install/pure_pursuit/lib/python3.8/site-packages'
[8.922s] Level 1:colcon.colcon_core.shell:create_environment_hook('pure_pursuit', 'pythonpath')
[8.923s] INFO:colcon.colcon_core.shell:Creating environment hook '/home/f1tenth/f1tenth_mrc_ws/install/pure_pursuit/share/pure_pursuit/hook/pythonpath.ps1'
[8.925s] INFO:colcon.colcon_core.shell:Creating environment descriptor '/home/f1tenth/f1tenth_mrc_ws/install/pure_pursuit/share/pure_pursuit/hook/pythonpath.dsv'
[8.926s] INFO:colcon.colcon_core.shell:Creating environment hook '/home/f1tenth/f1tenth_mrc_ws/install/pure_pursuit/share/pure_pursuit/hook/pythonpath.sh'
[8.937s] Level 1:colcon.colcon_core.environment:checking '/home/f1tenth/f1tenth_mrc_ws/install/pure_pursuit/bin'
[8.940s] INFO:colcon.colcon_core.shell:Creating package script '/home/f1tenth/f1tenth_mrc_ws/install/pure_pursuit/share/pure_pursuit/package.ps1'
[8.944s] INFO:colcon.colcon_core.shell:Creating package descriptor '/home/f1tenth/f1tenth_mrc_ws/install/pure_pursuit/share/pure_pursuit/package.dsv'
[8.946s] INFO:colcon.colcon_core.shell:Creating package script '/home/f1tenth/f1tenth_mrc_ws/install/pure_pursuit/share/pure_pursuit/package.sh'
[8.950s] INFO:colcon.colcon_core.shell:Creating package script '/home/f1tenth/f1tenth_mrc_ws/install/pure_pursuit/share/pure_pursuit/package.bash'
[8.952s] INFO:colcon.colcon_core.shell:Creating package script '/home/f1tenth/f1tenth_mrc_ws/install/pure_pursuit/share/pure_pursuit/package.zsh'
[8.954s] Level 1:colcon.colcon_core.environment:create_file_with_runtime_dependencies(/home/f1tenth/f1tenth_mrc_ws/install/pure_pursuit/share/colcon-core/packages/pure_pursuit)
[8.958s] INFO:colcon.colcon_ros.task.ament_python.build:Building ROS package in '/home/f1tenth/f1tenth_mrc_ws/src/rrt_package' with build type 'ament_python'
[8.968s] Level 1:colcon.colcon_core.shell:create_environment_hook('rrt_package', 'ament_prefix_path')
[8.970s] INFO:colcon.colcon_core.shell:Creating environment hook '/home/f1tenth/f1tenth_mrc_ws/install/rrt_package/share/rrt_package/hook/ament_prefix_path.ps1'
[8.975s] INFO:colcon.colcon_core.shell:Creating environment descriptor '/home/f1tenth/f1tenth_mrc_ws/install/rrt_package/share/rrt_package/hook/ament_prefix_path.dsv'
[8.977s] INFO:colcon.colcon_core.shell:Creating environment hook '/home/f1tenth/f1tenth_mrc_ws/install/rrt_package/share/rrt_package/hook/ament_prefix_path.sh'
[8.981s] INFO:colcon.colcon_core.shell:Skip shell extension 'powershell' for command environment: Not usable outside of PowerShell
[8.981s] DEBUG:colcon.colcon_core.shell:Skip shell extension 'dsv' for command environment
[10.398s] INFO:colcon.colcon_core.task.python.build:Building Python package in '/home/f1tenth/f1tenth_mrc_ws/src/rrt_package'
[10.400s] INFO:colcon.colcon_core.shell:Skip shell extension 'powershell' for command environment: Not usable outside of PowerShell
[10.401s] DEBUG:colcon.colcon_core.shell:Skip shell extension 'dsv' for command environment
[10.434s] Level 1:colcon.colcon_core.environment:checking '/home/f1tenth/f1tenth_mrc_ws/install/camera_pkg' for CMake module files
[10.440s] DEBUG:colcon.colcon_core.event_handler.log_command:Invoked command in '/home/f1tenth/f1tenth_mrc_ws/src/camera_pkg' returned '0': PYTHONPATH=/home/f1tenth/f1tenth_mrc_ws/build/camera_pkg/prefix_override:/usr/lib/python3/dist-packages/colcon_core/task/python/colcon_distutils_commands:/home/f1tenth/f1tenth_mrc_ws/install/camera_pkg/lib/python3.8/site-packages:${PYTHONPATH} /usr/bin/python3 -W ignore:setup.py install is deprecated -W ignore:easy_install command is deprecated setup.py egg_info --egg-base ../../build/camera_pkg build --build-base /home/f1tenth/f1tenth_mrc_ws/build/camera_pkg/build install --record /home/f1tenth/f1tenth_mrc_ws/build/camera_pkg/install.log --install-scripts $base/lib/camera_pkg --single-version-externally-managed install_data
[10.441s] Level 1:colcon.colcon_core.environment:checking '/home/f1tenth/f1tenth_mrc_ws/install/camera_pkg' for CMake config files
[10.444s] Level 1:colcon.colcon_core.environment:checking '/home/f1tenth/f1tenth_mrc_ws/install/camera_pkg/lib'
[10.445s] Level 1:colcon.colcon_core.environment:checking '/home/f1tenth/f1tenth_mrc_ws/install/camera_pkg/bin'
[10.445s] Level 1:colcon.colcon_core.environment:checking '/home/f1tenth/f1tenth_mrc_ws/install/camera_pkg/lib/pkgconfig/camera_pkg.pc'
[10.446s] Level 1:colcon.colcon_core.environment:checking '/home/f1tenth/f1tenth_mrc_ws/install/camera_pkg/lib/python3.8/site-packages'
[10.447s] Level 1:colcon.colcon_core.shell:create_environment_hook('camera_pkg', 'pythonpath')
[10.448s] INFO:colcon.colcon_core.shell:Creating environment hook '/home/f1tenth/f1tenth_mrc_ws/install/camera_pkg/share/camera_pkg/hook/pythonpath.ps1'
[10.451s] INFO:colcon.colcon_core.shell:Creating environment descriptor '/home/f1tenth/f1tenth_mrc_ws/install/camera_pkg/share/camera_pkg/hook/pythonpath.dsv'
[10.453s] INFO:colcon.colcon_core.shell:Creating environment hook '/home/f1tenth/f1tenth_mrc_ws/install/camera_pkg/share/camera_pkg/hook/pythonpath.sh'
[10.456s] Level 1:colcon.colcon_core.environment:checking '/home/f1tenth/f1tenth_mrc_ws/install/camera_pkg/bin'
[10.456s] Level 1:colcon.colcon_core.environment:create_environment_scripts_only(camera_pkg)
[10.458s] INFO:colcon.colcon_core.shell:Creating package script '/home/f1tenth/f1tenth_mrc_ws/install/camera_pkg/share/camera_pkg/package.ps1'
[10.460s] INFO:colcon.colcon_core.shell:Creating package descriptor '/home/f1tenth/f1tenth_mrc_ws/install/camera_pkg/share/camera_pkg/package.dsv'
[10.462s] INFO:colcon.colcon_core.shell:Creating package script '/home/f1tenth/f1tenth_mrc_ws/install/camera_pkg/share/camera_pkg/package.sh'
[10.465s] INFO:colcon.colcon_core.shell:Creating package script '/home/f1tenth/f1tenth_mrc_ws/install/camera_pkg/share/camera_pkg/package.bash'
[10.467s] INFO:colcon.colcon_core.shell:Creating package script '/home/f1tenth/f1tenth_mrc_ws/install/camera_pkg/share/camera_pkg/package.zsh'
[10.468s] Level 1:colcon.colcon_core.environment:create_file_with_runtime_dependencies(/home/f1tenth/f1tenth_mrc_ws/install/camera_pkg/share/colcon-core/packages/camera_pkg)
[10.471s] Level 1:colcon.colcon_core.environment:checking '/home/f1tenth/f1tenth_mrc_ws/install/particle_filter' for CMake module files
[10.476s] Level 1:colcon.colcon_core.environment:checking '/home/f1tenth/f1tenth_mrc_ws/install/particle_filter' for CMake config files
[10.478s] DEBUG:colcon.colcon_core.event_handler.log_command:Invoked command in '/home/f1tenth/f1tenth_mrc_ws/src/particle_filter' returned '0': PYTHONPATH=/home/f1tenth/f1tenth_mrc_ws/build/particle_filter/prefix_override:/usr/lib/python3/dist-packages/colcon_core/task/python/colcon_distutils_commands:/home/f1tenth/f1tenth_mrc_ws/install/particle_filter/lib/python3.8/site-packages:${PYTHONPATH} /usr/bin/python3 -W ignore:setup.py install is deprecated -W ignore:easy_install command is deprecated setup.py egg_info --egg-base ../../build/particle_filter build --build-base /home/f1tenth/f1tenth_mrc_ws/build/particle_filter/build install --record /home/f1tenth/f1tenth_mrc_ws/build/particle_filter/install.log --install-scripts $base/lib/particle_filter --single-version-externally-managed install_data
[10.482s] Level 1:colcon.colcon_core.environment:checking '/home/f1tenth/f1tenth_mrc_ws/install/particle_filter/lib'
[10.482s] Level 1:colcon.colcon_core.environment:checking '/home/f1tenth/f1tenth_mrc_ws/install/particle_filter/bin'
[10.482s] Level 1:colcon.colcon_core.environment:checking '/home/f1tenth/f1tenth_mrc_ws/install/particle_filter/lib/pkgconfig/particle_filter.pc'
[10.483s] Level 1:colcon.colcon_core.environment:checking '/home/f1tenth/f1tenth_mrc_ws/install/particle_filter/lib/python3.8/site-packages'
[10.483s] Level 1:colcon.colcon_core.shell:create_environment_hook('particle_filter', 'pythonpath')
[10.484s] INFO:colcon.colcon_core.shell:Creating environment hook '/home/f1tenth/f1tenth_mrc_ws/install/particle_filter/share/particle_filter/hook/pythonpath.ps1'
[10.488s] INFO:colcon.colcon_core.shell:Creating environment descriptor '/home/f1tenth/f1tenth_mrc_ws/install/particle_filter/share/particle_filter/hook/pythonpath.dsv'
[10.491s] INFO:colcon.colcon_core.shell:Creating environment hook '/home/f1tenth/f1tenth_mrc_ws/install/particle_filter/share/particle_filter/hook/pythonpath.sh'
[10.494s] Level 1:colcon.colcon_core.environment:checking '/home/f1tenth/f1tenth_mrc_ws/install/particle_filter/bin'
[10.495s] Level 1:colcon.colcon_core.environment:create_environment_scripts_only(particle_filter)
[10.496s] INFO:colcon.colcon_core.shell:Creating package script '/home/f1tenth/f1tenth_mrc_ws/install/particle_filter/share/particle_filter/package.ps1'
[10.499s] INFO:colcon.colcon_core.shell:Creating package descriptor '/home/f1tenth/f1tenth_mrc_ws/install/particle_filter/share/particle_filter/package.dsv'
[10.503s] INFO:colcon.colcon_core.shell:Creating package script '/home/f1tenth/f1tenth_mrc_ws/install/particle_filter/share/particle_filter/package.sh'
[10.506s] INFO:colcon.colcon_core.shell:Creating package script '/home/f1tenth/f1tenth_mrc_ws/install/particle_filter/share/particle_filter/package.bash'
[10.509s] INFO:colcon.colcon_core.shell:Creating package script '/home/f1tenth/f1tenth_mrc_ws/install/particle_filter/share/particle_filter/package.zsh'
[10.512s] Level 1:colcon.colcon_core.environment:create_file_with_runtime_dependencies(/home/f1tenth/f1tenth_mrc_ws/install/particle_filter/share/colcon-core/packages/particle_filter)
[10.536s] DEBUG:colcon.colcon_core.event_handler.log_command:Invoking command in '/home/f1tenth/f1tenth_mrc_ws/src/ppo_racing': PYTHONPATH=/home/f1tenth/f1tenth_mrc_ws/build/ppo_racing/prefix_override:/usr/lib/python3/dist-packages/colcon_core/task/python/colcon_distutils_commands:/home/f1tenth/f1tenth_mrc_ws/install/ppo_racing/lib/python3.8/site-packages:${PYTHONPATH} /usr/bin/python3 -W ignore:setup.py install is deprecated -W ignore:easy_install command is deprecated setup.py egg_info --egg-base ../../build/ppo_racing build --build-base /home/f1tenth/f1tenth_mrc_ws/build/ppo_racing/build install --record /home/f1tenth/f1tenth_mrc_ws/build/ppo_racing/install.log --install-scripts $base/lib/ppo_racing --single-version-externally-managed install_data
[10.543s] INFO:colcon.colcon_ros.task.ament_cmake.build:Building ROS package in '/home/f1tenth/f1tenth_mrc_ws/src/f1tenth_lab2_template/safety_node' with build type 'ament_cmake'
[10.544s] INFO:colcon.colcon_cmake.task.cmake.build:Building CMake package in '/home/f1tenth/f1tenth_mrc_ws/src/f1tenth_lab2_template/safety_node'
[10.547s] INFO:colcon.colcon_core.shell:Skip shell extension 'powershell' for command environment: Not usable outside of PowerShell
[10.547s] DEBUG:colcon.colcon_core.shell:Skip shell extension 'dsv' for command environment
[10.584s] INFO:colcon.colcon_ros.task.ament_cmake.build:Building ROS package in '/home/f1tenth/f1tenth_mrc_ws/src/f1tenth_lab3_template/wall_follow' with build type 'ament_cmake'
[10.587s] INFO:colcon.colcon_cmake.task.cmake.build:Building CMake package in '/home/f1tenth/f1tenth_mrc_ws/src/f1tenth_lab3_template/wall_follow'
[10.590s] INFO:colcon.colcon_core.shell:Skip shell extension 'powershell' for command environment: Not usable outside of PowerShell
[10.591s] DEBUG:colcon.colcon_core.shell:Skip shell extension 'dsv' for command environment
[10.673s] DEBUG:colcon.colcon_core.event_handler.log_command:Invoking command in '/home/f1tenth/f1tenth_mrc_ws/build/safety_node': CMAKE_PREFIX_PATH=/opt/ros/foxy /usr/bin/cmake --build /home/f1tenth/f1tenth_mrc_ws/build/safety_node -- -j4 -l4
[10.712s] DEBUG:colcon.colcon_core.event_handler.log_command:Invoking command in '/home/f1tenth/f1tenth_mrc_ws/build/wall_follow': CMAKE_PREFIX_PATH=/opt/ros/foxy /usr/bin/cmake --build /home/f1tenth/f1tenth_mrc_ws/build/wall_follow -- -j4 -l4
[10.902s] DEBUG:colcon.colcon_core.event_handler.log_command:Invoked command in '/home/f1tenth/f1tenth_mrc_ws/build/safety_node' returned '0': CMAKE_PREFIX_PATH=/opt/ros/foxy /usr/bin/cmake --build /home/f1tenth/f1tenth_mrc_ws/build/safety_node -- -j4 -l4
[10.917s] DEBUG:colcon.colcon_core.event_handler.log_command:Invoking command in '/home/f1tenth/f1tenth_mrc_ws/build/safety_node': CMAKE_PREFIX_PATH=/opt/ros/foxy /usr/bin/cmake --install /home/f1tenth/f1tenth_mrc_ws/build/safety_node
[10.993s] DEBUG:colcon.colcon_core.event_handler.log_command:Invoked command in '/home/f1tenth/f1tenth_mrc_ws/build/wall_follow' returned '0': CMAKE_PREFIX_PATH=/opt/ros/foxy /usr/bin/cmake --build /home/f1tenth/f1tenth_mrc_ws/build/wall_follow -- -j4 -l4
[11.010s] DEBUG:colcon.colcon_core.event_handler.log_command:Invoking command in '/home/f1tenth/f1tenth_mrc_ws/build/wall_follow': CMAKE_PREFIX_PATH=/opt/ros/foxy /usr/bin/cmake --install /home/f1tenth/f1tenth_mrc_ws/build/wall_follow
[11.158s] Level 1:colcon.colcon_core.environment:create_environment_scripts_only(safety_node)
[11.161s] Level 1:colcon.colcon_core.environment:checking '/home/f1tenth/f1tenth_mrc_ws/install/safety_node' for CMake module files
[11.163s] Level 1:colcon.colcon_core.environment:checking '/home/f1tenth/f1tenth_mrc_ws/install/safety_node' for CMake config files
[11.164s] Level 1:colcon.colcon_core.shell:create_environment_hook('safety_node', 'cmake_prefix_path')
[11.166s] INFO:colcon.colcon_core.shell:Creating environment hook '/home/f1tenth/f1tenth_mrc_ws/install/safety_node/share/safety_node/hook/cmake_prefix_path.ps1'
[11.169s] INFO:colcon.colcon_core.shell:Creating environment descriptor '/home/f1tenth/f1tenth_mrc_ws/install/safety_node/share/safety_node/hook/cmake_prefix_path.dsv'
[11.170s] DEBUG:colcon.colcon_core.event_handler.log_command:Invoked command in '/home/f1tenth/f1tenth_mrc_ws/build/safety_node' returned '0': CMAKE_PREFIX_PATH=/opt/ros/foxy /usr/bin/cmake --install /home/f1tenth/f1tenth_mrc_ws/build/safety_node
[11.174s] INFO:colcon.colcon_core.shell:Creating environment hook '/home/f1tenth/f1tenth_mrc_ws/install/safety_node/share/safety_node/hook/cmake_prefix_path.sh'
[11.181s] Level 1:colcon.colcon_core.environment:checking '/home/f1tenth/f1tenth_mrc_ws/install/safety_node/lib'
[11.182s] Level 1:colcon.colcon_core.environment:checking '/home/f1tenth/f1tenth_mrc_ws/install/safety_node/bin'
[11.182s] Level 1:colcon.colcon_core.environment:checking '/home/f1tenth/f1tenth_mrc_ws/install/safety_node/lib/pkgconfig/safety_node.pc'
[11.184s] Level 1:colcon.colcon_core.environment:checking '/home/f1tenth/f1tenth_mrc_ws/install/safety_node/lib/python3.8/site-packages'
[11.185s] Level 1:colcon.colcon_core.shell:create_environment_hook('safety_node', 'pythonpath')
[11.186s] INFO:colcon.colcon_core.shell:Creating environment hook '/home/f1tenth/f1tenth_mrc_ws/install/safety_node/share/safety_node/hook/pythonpath.ps1'
[11.188s] INFO:colcon.colcon_core.shell:Creating environment descriptor '/home/f1tenth/f1tenth_mrc_ws/install/safety_node/share/safety_node/hook/pythonpath.dsv'
[11.190s] INFO:colcon.colcon_core.shell:Creating environment hook '/home/f1tenth/f1tenth_mrc_ws/install/safety_node/share/safety_node/hook/pythonpath.sh'
[11.192s] Level 1:colcon.colcon_core.environment:checking '/home/f1tenth/f1tenth_mrc_ws/install/safety_node/bin'
[11.194s] INFO:colcon.colcon_core.shell:Creating package script '/home/f1tenth/f1tenth_mrc_ws/install/safety_node/share/safety_node/package.ps1'
[11.196s] INFO:colcon.colcon_core.shell:Creating package descriptor '/home/f1tenth/f1tenth_mrc_ws/install/safety_node/share/safety_node/package.dsv'
[11.200s] INFO:colcon.colcon_core.shell:Creating package script '/home/f1tenth/f1tenth_mrc_ws/install/safety_node/share/safety_node/package.sh'
[11.202s] INFO:colcon.colcon_core.shell:Creating package script '/home/f1tenth/f1tenth_mrc_ws/install/safety_node/share/safety_node/package.bash'
[11.204s] INFO:colcon.colcon_core.shell:Creating package script '/home/f1tenth/f1tenth_mrc_ws/install/safety_node/share/safety_node/package.zsh'
[11.206s] Level 1:colcon.colcon_core.environment:create_file_with_runtime_dependencies(/home/f1tenth/f1tenth_mrc_ws/install/safety_node/share/colcon-core/packages/safety_node)
[11.210s] Level 1:colcon.colcon_core.environment:create_environment_scripts_only(safety_node)
[11.211s] Level 1:colcon.colcon_core.environment:checking '/home/f1tenth/f1tenth_mrc_ws/install/safety_node' for CMake module files
[11.213s] Level 1:colcon.colcon_core.environment:checking '/home/f1tenth/f1tenth_mrc_ws/install/safety_node' for CMake config files
[11.214s] Level 1:colcon.colcon_core.shell:create_environment_hook('safety_node', 'cmake_prefix_path')
[11.215s] INFO:colcon.colcon_core.shell:Creating environment hook '/home/f1tenth/f1tenth_mrc_ws/install/safety_node/share/safety_node/hook/cmake_prefix_path.ps1'
[11.217s] INFO:colcon.colcon_core.shell:Creating environment descriptor '/home/f1tenth/f1tenth_mrc_ws/install/safety_node/share/safety_node/hook/cmake_prefix_path.dsv'
[11.218s] INFO:colcon.colcon_core.shell:Creating environment hook '/home/f1tenth/f1tenth_mrc_ws/install/safety_node/share/safety_node/hook/cmake_prefix_path.sh'
[11.222s] Level 1:colcon.colcon_core.environment:checking '/home/f1tenth/f1tenth_mrc_ws/install/safety_node/lib'
[11.222s] Level 1:colcon.colcon_core.environment:checking '/home/f1tenth/f1tenth_mrc_ws/install/safety_node/bin'
[11.223s] Level 1:colcon.colcon_core.environment:checking '/home/f1tenth/f1tenth_mrc_ws/install/safety_node/lib/pkgconfig/safety_node.pc'
[11.224s] Level 1:colcon.colcon_core.environment:checking '/home/f1tenth/f1tenth_mrc_ws/install/safety_node/lib/python3.8/site-packages'
[11.224s] Level 1:colcon.colcon_core.shell:create_environment_hook('safety_node', 'pythonpath')
[11.225s] INFO:colcon.colcon_core.shell:Creating environment hook '/home/f1tenth/f1tenth_mrc_ws/install/safety_node/share/safety_node/hook/pythonpath.ps1'
[11.227s] INFO:colcon.colcon_core.shell:Creating environment descriptor '/home/f1tenth/f1tenth_mrc_ws/install/safety_node/share/safety_node/hook/pythonpath.dsv'
[11.228s] INFO:colcon.colcon_core.shell:Creating environment hook '/home/f1tenth/f1tenth_mrc_ws/install/safety_node/share/safety_node/hook/pythonpath.sh'
[11.231s] Level 1:colcon.colcon_core.environment:checking '/home/f1tenth/f1tenth_mrc_ws/install/safety_node/bin'
[11.233s] INFO:colcon.colcon_core.shell:Creating package script '/home/f1tenth/f1tenth_mrc_ws/install/safety_node/share/safety_node/package.ps1'
[11.235s] INFO:colcon.colcon_core.shell:Creating package descriptor '/home/f1tenth/f1tenth_mrc_ws/install/safety_node/share/safety_node/package.dsv'
[11.238s] INFO:colcon.colcon_core.shell:Creating package script '/home/f1tenth/f1tenth_mrc_ws/install/safety_node/share/safety_node/package.sh'
[11.240s] INFO:colcon.colcon_core.shell:Creating package script '/home/f1tenth/f1tenth_mrc_ws/install/safety_node/share/safety_node/package.bash'
[11.243s] INFO:colcon.colcon_core.shell:Creating package script '/home/f1tenth/f1tenth_mrc_ws/install/safety_node/share/safety_node/package.zsh'
[11.245s] Level 1:colcon.colcon_core.environment:create_file_with_runtime_dependencies(/home/f1tenth/f1tenth_mrc_ws/install/safety_node/share/colcon-core/packages/safety_node)
[11.249s] INFO:colcon.colcon_ros.task.ament_python.build:Building ROS package in '/home/f1tenth/f1tenth_mrc_ws/src/waypoint_logger' with build type 'ament_python'
[11.251s] Level 1:colcon.colcon_core.shell:create_environment_hook('waypoint_logger', 'ament_prefix_path')
[11.252s] INFO:colcon.colcon_core.shell:Creating environment hook '/home/f1tenth/f1tenth_mrc_ws/install/waypoint_logger/share/waypoint_logger/hook/ament_prefix_path.ps1'
[11.254s] INFO:colcon.colcon_core.shell:Creating environment descriptor '/home/f1tenth/f1tenth_mrc_ws/install/waypoint_logger/share/waypoint_logger/hook/ament_prefix_path.dsv'
[11.257s] INFO:colcon.colcon_core.shell:Creating environment hook '/home/f1tenth/f1tenth_mrc_ws/install/waypoint_logger/share/waypoint_logger/hook/ament_prefix_path.sh'
[11.259s] INFO:colcon.colcon_core.shell:Skip shell extension 'powershell' for command environment: Not usable outside of PowerShell
[11.260s] DEBUG:colcon.colcon_core.shell:Skip shell extension 'dsv' for command environment
[12.469s] INFO:colcon.colcon_core.task.python.build:Building Python package in '/home/f1tenth/f1tenth_mrc_ws/src/waypoint_logger'
[12.472s] INFO:colcon.colcon_core.shell:Skip shell extension 'powershell' for command environment: Not usable outside of PowerShell
[12.472s] DEBUG:colcon.colcon_core.shell:Skip shell extension 'dsv' for command environment
[12.511s] Level 1:colcon.colcon_core.environment:checking '/home/f1tenth/f1tenth_mrc_ws/install/ppo_racing' for CMake module files
[12.516s] Level 1:colcon.colcon_core.environment:checking '/home/f1tenth/f1tenth_mrc_ws/install/ppo_racing' for CMake config files
[12.518s] DEBUG:colcon.colcon_core.event_handler.log_command:Invoked command in '/home/f1tenth/f1tenth_mrc_ws/src/ppo_racing' returned '0': PYTHONPATH=/home/f1tenth/f1tenth_mrc_ws/build/ppo_racing/prefix_override:/usr/lib/python3/dist-packages/colcon_core/task/python/colcon_distutils_commands:/home/f1tenth/f1tenth_mrc_ws/install/ppo_racing/lib/python3.8/site-packages:${PYTHONPATH} /usr/bin/python3 -W ignore:setup.py install is deprecated -W ignore:easy_install command is deprecated setup.py egg_info --egg-base ../../build/ppo_racing build --build-base /home/f1tenth/f1tenth_mrc_ws/build/ppo_racing/build install --record /home/f1tenth/f1tenth_mrc_ws/build/ppo_racing/install.log --install-scripts $base/lib/ppo_racing --single-version-externally-managed install_data
[12.523s] Level 1:colcon.colcon_core.environment:checking '/home/f1tenth/f1tenth_mrc_ws/install/ppo_racing/lib'
[12.524s] Level 1:colcon.colcon_core.environment:checking '/home/f1tenth/f1tenth_mrc_ws/install/ppo_racing/bin'
[12.524s] Level 1:colcon.colcon_core.environment:checking '/home/f1tenth/f1tenth_mrc_ws/install/ppo_racing/lib/pkgconfig/ppo_racing.pc'
[12.525s] Level 1:colcon.colcon_core.environment:checking '/home/f1tenth/f1tenth_mrc_ws/install/ppo_racing/lib/python3.8/site-packages'
[12.525s] Level 1:colcon.colcon_core.shell:create_environment_hook('ppo_racing', 'pythonpath')
[12.527s] INFO:colcon.colcon_core.shell:Creating environment hook '/home/f1tenth/f1tenth_mrc_ws/install/ppo_racing/share/ppo_racing/hook/pythonpath.ps1'
[12.530s] INFO:colcon.colcon_core.shell:Creating environment descriptor '/home/f1tenth/f1tenth_mrc_ws/install/ppo_racing/share/ppo_racing/hook/pythonpath.dsv'
[12.532s] INFO:colcon.colcon_core.shell:Creating environment hook '/home/f1tenth/f1tenth_mrc_ws/install/ppo_racing/share/ppo_racing/hook/pythonpath.sh'
[12.535s] Level 1:colcon.colcon_core.environment:checking '/home/f1tenth/f1tenth_mrc_ws/install/ppo_racing/bin'
[12.535s] Level 1:colcon.colcon_core.environment:create_environment_scripts_only(ppo_racing)
[12.537s] INFO:colcon.colcon_core.shell:Creating package script '/home/f1tenth/f1tenth_mrc_ws/install/ppo_racing/share/ppo_racing/package.ps1'
[12.540s] INFO:colcon.colcon_core.shell:Creating package descriptor '/home/f1tenth/f1tenth_mrc_ws/install/ppo_racing/share/ppo_racing/package.dsv'
[12.542s] INFO:colcon.colcon_core.shell:Creating package script '/home/f1tenth/f1tenth_mrc_ws/install/ppo_racing/share/ppo_racing/package.sh'
[12.545s] INFO:colcon.colcon_core.shell:Creating package script '/home/f1tenth/f1tenth_mrc_ws/install/ppo_racing/share/ppo_racing/package.bash'
[12.547s] INFO:colcon.colcon_core.shell:Creating package script '/home/f1tenth/f1tenth_mrc_ws/install/ppo_racing/share/ppo_racing/package.zsh'
[12.550s] Level 1:colcon.colcon_core.environment:create_file_with_runtime_dependencies(/home/f1tenth/f1tenth_mrc_ws/install/ppo_racing/share/colcon-core/packages/ppo_racing)
[12.552s] Level 1:colcon.colcon_core.environment:create_environment_scripts_only(wall_follow)
[12.553s] Level 1:colcon.colcon_core.environment:checking '/home/f1tenth/f1tenth_mrc_ws/install/wall_follow' for CMake module files
[12.557s] Level 1:colcon.colcon_core.environment:checking '/home/f1tenth/f1tenth_mrc_ws/install/wall_follow' for CMake config files
[12.559s] DEBUG:colcon.colcon_core.event_handler.log_command:Invoked command in '/home/f1tenth/f1tenth_mrc_ws/build/wall_follow' returned '0': CMAKE_PREFIX_PATH=/opt/ros/foxy /usr/bin/cmake --install /home/f1tenth/f1tenth_mrc_ws/build/wall_follow
[12.561s] Level 1:colcon.colcon_core.shell:create_environment_hook('wall_follow', 'cmake_prefix_path')
[12.562s] INFO:colcon.colcon_core.shell:Creating environment hook '/home/f1tenth/f1tenth_mrc_ws/install/wall_follow/share/wall_follow/hook/cmake_prefix_path.ps1'
[12.564s] INFO:colcon.colcon_core.shell:Creating environment descriptor '/home/f1tenth/f1tenth_mrc_ws/install/wall_follow/share/wall_follow/hook/cmake_prefix_path.dsv'
[12.566s] INFO:colcon.colcon_core.shell:Creating environment hook '/home/f1tenth/f1tenth_mrc_ws/install/wall_follow/share/wall_follow/hook/cmake_prefix_path.sh'
[12.569s] Level 1:colcon.colcon_core.environment:checking '/home/f1tenth/f1tenth_mrc_ws/install/wall_follow/lib'
[12.570s] Level 1:colcon.colcon_core.environment:checking '/home/f1tenth/f1tenth_mrc_ws/install/wall_follow/bin'
[12.570s] Level 1:colcon.colcon_core.environment:checking '/home/f1tenth/f1tenth_mrc_ws/install/wall_follow/lib/pkgconfig/wall_follow.pc'
[12.572s] Level 1:colcon.colcon_core.environment:checking '/home/f1tenth/f1tenth_mrc_ws/install/wall_follow/lib/python3.8/site-packages'
[12.572s] Level 1:colcon.colcon_core.shell:create_environment_hook('wall_follow', 'pythonpath')
[12.573s] INFO:colcon.colcon_core.shell:Creating environment hook '/home/f1tenth/f1tenth_mrc_ws/install/wall_follow/share/wall_follow/hook/pythonpath.ps1'
[12.575s] INFO:colcon.colcon_core.shell:Creating environment descriptor '/home/f1tenth/f1tenth_mrc_ws/install/wall_follow/share/wall_follow/hook/pythonpath.dsv'
[12.577s] INFO:colcon.colcon_core.shell:Creating environment hook '/home/f1tenth/f1tenth_mrc_ws/install/wall_follow/share/wall_follow/hook/pythonpath.sh'
[12.580s] Level 1:colcon.colcon_core.environment:checking '/home/f1tenth/f1tenth_mrc_ws/install/wall_follow/bin'
[12.582s] INFO:colcon.colcon_core.shell:Creating package script '/home/f1tenth/f1tenth_mrc_ws/install/wall_follow/share/wall_follow/package.ps1'
[12.584s] INFO:colcon.colcon_core.shell:Creating package descriptor '/home/f1tenth/f1tenth_mrc_ws/install/wall_follow/share/wall_follow/package.dsv'
[12.587s] INFO:colcon.colcon_core.shell:Creating package script '/home/f1tenth/f1tenth_mrc_ws/install/wall_follow/share/wall_follow/package.sh'
[12.589s] INFO:colcon.colcon_core.shell:Creating package script '/home/f1tenth/f1tenth_mrc_ws/install/wall_follow/share/wall_follow/package.bash'
[12.591s] INFO:colcon.colcon_core.shell:Creating package script '/home/f1tenth/f1tenth_mrc_ws/install/wall_follow/share/wall_follow/package.zsh'
[12.592s] Level 1:colcon.colcon_core.environment:create_file_with_runtime_dependencies(/home/f1tenth/f1tenth_mrc_ws/install/wall_follow/share/colcon-core/packages/wall_follow)
[12.595s] Level 1:colcon.colcon_core.environment:create_environment_scripts_only(wall_follow)
[12.596s] Level 1:colcon.colcon_core.environment:checking '/home/f1tenth/f1tenth_mrc_ws/install/wall_follow' for CMake module files
[12.599s] Level 1:colcon.colcon_core.environment:checking '/home/f1tenth/f1tenth_mrc_ws/install/wall_follow' for CMake config files
[12.600s] Level 1:colcon.colcon_core.shell:create_environment_hook('wall_follow', 'cmake_prefix_path')
[12.601s] INFO:colcon.colcon_core.shell:Creating environment hook '/home/f1tenth/f1tenth_mrc_ws/install/wall_follow/share/wall_follow/hook/cmake_prefix_path.ps1'
[12.604s] INFO:colcon.colcon_core.shell:Creating environment descriptor '/home/f1tenth/f1tenth_mrc_ws/install/wall_follow/share/wall_follow/hook/cmake_prefix_path.dsv'
[12.605s] INFO:colcon.colcon_core.shell:Creating environment hook '/home/f1tenth/f1tenth_mrc_ws/install/wall_follow/share/wall_follow/hook/cmake_prefix_path.sh'
[12.608s] Level 1:colcon.colcon_core.environment:checking '/home/f1tenth/f1tenth_mrc_ws/install/wall_follow/lib'
[12.608s] Level 1:colcon.colcon_core.environment:checking '/home/f1tenth/f1tenth_mrc_ws/install/wall_follow/bin'
[12.608s] Level 1:colcon.colcon_core.environment:checking '/home/f1tenth/f1tenth_mrc_ws/install/wall_follow/lib/pkgconfig/wall_follow.pc'
[12.609s] Level 1:colcon.colcon_core.environment:checking '/home/f1tenth/f1tenth_mrc_ws/install/wall_follow/lib/python3.8/site-packages'
[12.609s] Level 1:colcon.colcon_core.shell:create_environment_hook('wall_follow', 'pythonpath')
[12.610s] INFO:colcon.colcon_core.shell:Creating environment hook '/home/f1tenth/f1tenth_mrc_ws/install/wall_follow/share/wall_follow/hook/pythonpath.ps1'
[12.613s] INFO:colcon.colcon_core.shell:Creating environment descriptor '/home/f1tenth/f1tenth_mrc_ws/install/wall_follow/share/wall_follow/hook/pythonpath.dsv'
[12.615s] INFO:colcon.colcon_core.shell:Creating environment hook '/home/f1tenth/f1tenth_mrc_ws/install/wall_follow/share/wall_follow/hook/pythonpath.sh'
[12.618s] Level 1:colcon.colcon_core.environment:checking '/home/f1tenth/f1tenth_mrc_ws/install/wall_follow/bin'
[12.619s] INFO:colcon.colcon_core.shell:Creating package script '/home/f1tenth/f1tenth_mrc_ws/install/wall_follow/share/wall_follow/package.ps1'
[12.622s] INFO:colcon.colcon_core.shell:Creating package descriptor '/home/f1tenth/f1tenth_mrc_ws/install/wall_follow/share/wall_follow/package.dsv'
[12.625s] INFO:colcon.colcon_core.shell:Creating package script '/home/f1tenth/f1tenth_mrc_ws/install/wall_follow/share/wall_follow/package.sh'
[12.629s] INFO:colcon.colcon_core.shell:Creating package script '/home/f1tenth/f1tenth_mrc_ws/install/wall_follow/share/wall_follow/package.bash'
[12.631s] INFO:colcon.colcon_core.shell:Creating package script '/home/f1tenth/f1tenth_mrc_ws/install/wall_follow/share/wall_follow/package.zsh'
[12.635s] Level 1:colcon.colcon_core.environment:create_file_with_runtime_dependencies(/home/f1tenth/f1tenth_mrc_ws/install/wall_follow/share/colcon-core/packages/wall_follow)
[12.659s] INFO:colcon.colcon_ros.task.ament_cmake.build:Building ROS package in '/home/f1tenth/f1tenth_mrc_ws/src/realsense-ros/realsense2_camera' with build type 'ament_cmake'
[12.661s] INFO:colcon.colcon_cmake.task.cmake.build:Building CMake package in '/home/f1tenth/f1tenth_mrc_ws/src/realsense-ros/realsense2_camera'
[12.664s] INFO:colcon.colcon_core.shell:Skip shell extension 'powershell' for command environment: Not usable outside of PowerShell
[12.664s] DEBUG:colcon.colcon_core.shell:Skip shell extension 'dsv' for command environment
[12.699s] INFO:colcon.colcon_ros.task.ament_cmake.build:Building ROS package in '/home/f1tenth/f1tenth_mrc_ws/src/realsense-ros/realsense2_description' with build type 'ament_cmake'
[12.701s] INFO:colcon.colcon_cmake.task.cmake.build:Building CMake package in '/home/f1tenth/f1tenth_mrc_ws/src/realsense-ros/realsense2_description'
[12.707s] INFO:colcon.colcon_core.shell:Skip shell extension 'powershell' for command environment: Not usable outside of PowerShell
[12.707s] DEBUG:colcon.colcon_core.shell:Skip shell extension 'dsv' for command environment
[12.774s] DEBUG:colcon.colcon_core.event_handler.log_command:Invoking command in '/home/f1tenth/f1tenth_mrc_ws/src/rrt_package': PYTHONPATH=/home/f1tenth/f1tenth_mrc_ws/build/rrt_package/prefix_override:/usr/lib/python3/dist-packages/colcon_core/task/python/colcon_distutils_commands:/home/f1tenth/f1tenth_mrc_ws/install/rrt_package/lib/python3.8/site-packages:${PYTHONPATH} /usr/bin/python3 -W ignore:setup.py install is deprecated -W ignore:easy_install command is deprecated setup.py egg_info --egg-base ../../build/rrt_package build --build-base /home/f1tenth/f1tenth_mrc_ws/build/rrt_package/build install --record /home/f1tenth/f1tenth_mrc_ws/build/rrt_package/install.log --install-scripts $base/lib/rrt_package --single-version-externally-managed install_data
[12.815s] DEBUG:colcon.colcon_core.event_handler.log_command:Invoking command in '/home/f1tenth/f1tenth_mrc_ws/build/realsense2_camera': AMENT_PREFIX_PATH=/home/f1tenth/f1tenth_mrc_ws/install/realsense2_camera_msgs:${AMENT_PREFIX_PATH} CMAKE_PREFIX_PATH=/home/f1tenth/f1tenth_mrc_ws/install/realsense2_camera_msgs:/opt/ros/foxy LD_LIBRARY_PATH=/home/f1tenth/f1tenth_mrc_ws/install/realsense2_camera_msgs/lib:${LD_LIBRARY_PATH} PYTHONPATH=/home/f1tenth/f1tenth_mrc_ws/install/realsense2_camera_msgs/lib/python3.8/site-packages:${PYTHONPATH} /usr/bin/cmake /home/f1tenth/f1tenth_mrc_ws/src/realsense-ros/realsense2_camera -DCMAKE_INSTALL_PREFIX=/home/f1tenth/f1tenth_mrc_ws/install/realsense2_camera
[12.846s] DEBUG:colcon.colcon_core.event_handler.log_command:Invoking command in '/home/f1tenth/f1tenth_mrc_ws/build/realsense2_description': AMENT_PREFIX_PATH=/home/f1tenth/f1tenth_mrc_ws/install/realsense2_camera_msgs:${AMENT_PREFIX_PATH} CMAKE_PREFIX_PATH=/home/f1tenth/f1tenth_mrc_ws/install/realsense2_camera_msgs:/opt/ros/foxy LD_LIBRARY_PATH=/home/f1tenth/f1tenth_mrc_ws/install/realsense2_camera_msgs/lib:${LD_LIBRARY_PATH} PYTHONPATH=/home/f1tenth/f1tenth_mrc_ws/install/realsense2_camera_msgs/lib/python3.8/site-packages:${PYTHONPATH} /usr/bin/cmake --build /home/f1tenth/f1tenth_mrc_ws/build/realsense2_description -- -j4 -l4
[13.241s] DEBUG:colcon.colcon_core.event_handler.log_command:Invoked command in '/home/f1tenth/f1tenth_mrc_ws/build/realsense2_description' returned '0': AMENT_PREFIX_PATH=/home/f1tenth/f1tenth_mrc_ws/install/realsense2_camera_msgs:${AMENT_PREFIX_PATH} CMAKE_PREFIX_PATH=/home/f1tenth/f1tenth_mrc_ws/install/realsense2_camera_msgs:/opt/ros/foxy LD_LIBRARY_PATH=/home/f1tenth/f1tenth_mrc_ws/install/realsense2_camera_msgs/lib:${LD_LIBRARY_PATH} PYTHONPATH=/home/f1tenth/f1tenth_mrc_ws/install/realsense2_camera_msgs/lib/python3.8/site-packages:${PYTHONPATH} /usr/bin/cmake --build /home/f1tenth/f1tenth_mrc_ws/build/realsense2_description -- -j4 -l4
[13.272s] DEBUG:colcon.colcon_core.event_handler.log_command:Invoking command in '/home/f1tenth/f1tenth_mrc_ws/build/realsense2_description': AMENT_PREFIX_PATH=/home/f1tenth/f1tenth_mrc_ws/install/realsense2_camera_msgs:${AMENT_PREFIX_PATH} CMAKE_PREFIX_PATH=/home/f1tenth/f1tenth_mrc_ws/install/realsense2_camera_msgs:/opt/ros/foxy LD_LIBRARY_PATH=/home/f1tenth/f1tenth_mrc_ws/install/realsense2_camera_msgs/lib:${LD_LIBRARY_PATH} PYTHONPATH=/home/f1tenth/f1tenth_mrc_ws/install/realsense2_camera_msgs/lib/python3.8/site-packages:${PYTHONPATH} /usr/bin/cmake --install /home/f1tenth/f1tenth_mrc_ws/build/realsense2_description
[13.332s] Level 1:colcon.colcon_core.environment:create_environment_scripts_only(realsense2_description)
[13.337s] Level 1:colcon.colcon_core.environment:checking '/home/f1tenth/f1tenth_mrc_ws/install/realsense2_description' for CMake module files
[13.349s] Level 1:colcon.colcon_core.environment:checking '/home/f1tenth/f1tenth_mrc_ws/install/realsense2_description' for CMake config files
[13.350s] Level 1:colcon.colcon_core.shell:create_environment_hook('realsense2_description', 'cmake_prefix_path')
[13.353s] INFO:colcon.colcon_core.shell:Creating environment hook '/home/f1tenth/f1tenth_mrc_ws/install/realsense2_description/share/realsense2_description/hook/cmake_prefix_path.ps1'
[13.364s] DEBUG:colcon.colcon_core.event_handler.log_command:Invoked command in '/home/f1tenth/f1tenth_mrc_ws/build/realsense2_description' returned '0': AMENT_PREFIX_PATH=/home/f1tenth/f1tenth_mrc_ws/install/realsense2_camera_msgs:${AMENT_PREFIX_PATH} CMAKE_PREFIX_PATH=/home/f1tenth/f1tenth_mrc_ws/install/realsense2_camera_msgs:/opt/ros/foxy LD_LIBRARY_PATH=/home/f1tenth/f1tenth_mrc_ws/install/realsense2_camera_msgs/lib:${LD_LIBRARY_PATH} PYTHONPATH=/home/f1tenth/f1tenth_mrc_ws/install/realsense2_camera_msgs/lib/python3.8/site-packages:${PYTHONPATH} /usr/bin/cmake --install /home/f1tenth/f1tenth_mrc_ws/build/realsense2_description
[13.365s] INFO:colcon.colcon_core.shell:Creating environment descriptor '/home/f1tenth/f1tenth_mrc_ws/install/realsense2_description/share/realsense2_description/hook/cmake_prefix_path.dsv'
[13.367s] INFO:colcon.colcon_core.shell:Creating environment hook '/home/f1tenth/f1tenth_mrc_ws/install/realsense2_description/share/realsense2_description/hook/cmake_prefix_path.sh'
[13.373s] Level 1:colcon.colcon_core.environment:checking '/home/f1tenth/f1tenth_mrc_ws/install/realsense2_description/bin'
[13.373s] Level 1:colcon.colcon_core.environment:checking '/home/f1tenth/f1tenth_mrc_ws/install/realsense2_description/lib/pkgconfig/realsense2_description.pc'
[13.374s] Level 1:colcon.colcon_core.environment:checking '/home/f1tenth/f1tenth_mrc_ws/install/realsense2_description/lib/python3.8/site-packages'
[13.375s] Level 1:colcon.colcon_core.environment:checking '/home/f1tenth/f1tenth_mrc_ws/install/realsense2_description/bin'
[13.383s] INFO:colcon.colcon_core.shell:Creating package script '/home/f1tenth/f1tenth_mrc_ws/install/realsense2_description/share/realsense2_description/package.ps1'
[13.387s] INFO:colcon.colcon_core.shell:Creating package descriptor '/home/f1tenth/f1tenth_mrc_ws/install/realsense2_description/share/realsense2_description/package.dsv'
[13.389s] INFO:colcon.colcon_core.shell:Creating package script '/home/f1tenth/f1tenth_mrc_ws/install/realsense2_description/share/realsense2_description/package.sh'
[13.393s] INFO:colcon.colcon_core.shell:Creating package script '/home/f1tenth/f1tenth_mrc_ws/install/realsense2_description/share/realsense2_description/package.bash'
[13.395s] INFO:colcon.colcon_core.shell:Creating package script '/home/f1tenth/f1tenth_mrc_ws/install/realsense2_description/share/realsense2_description/package.zsh'
[13.396s] Level 1:colcon.colcon_core.environment:create_file_with_runtime_dependencies(/home/f1tenth/f1tenth_mrc_ws/install/realsense2_description/share/colcon-core/packages/realsense2_description)
[13.400s] Level 1:colcon.colcon_core.environment:create_environment_scripts_only(realsense2_description)
[13.401s] Level 1:colcon.colcon_core.environment:checking '/home/f1tenth/f1tenth_mrc_ws/install/realsense2_description' for CMake module files
[13.403s] Level 1:colcon.colcon_core.environment:checking '/home/f1tenth/f1tenth_mrc_ws/install/realsense2_description' for CMake config files
[13.404s] Level 1:colcon.colcon_core.shell:create_environment_hook('realsense2_description', 'cmake_prefix_path')
[13.405s] INFO:colcon.colcon_core.shell:Creating environment hook '/home/f1tenth/f1tenth_mrc_ws/install/realsense2_description/share/realsense2_description/hook/cmake_prefix_path.ps1'
[13.407s] INFO:colcon.colcon_core.shell:Creating environment descriptor '/home/f1tenth/f1tenth_mrc_ws/install/realsense2_description/share/realsense2_description/hook/cmake_prefix_path.dsv'
[13.412s] INFO:colcon.colcon_core.shell:Creating environment hook '/home/f1tenth/f1tenth_mrc_ws/install/realsense2_description/share/realsense2_description/hook/cmake_prefix_path.sh'
[13.421s] Level 1:colcon.colcon_core.environment:checking '/home/f1tenth/f1tenth_mrc_ws/install/realsense2_description/bin'
[13.421s] Level 1:colcon.colcon_core.environment:checking '/home/f1tenth/f1tenth_mrc_ws/install/realsense2_description/lib/pkgconfig/realsense2_description.pc'
[13.422s] Level 1:colcon.colcon_core.environment:checking '/home/f1tenth/f1tenth_mrc_ws/install/realsense2_description/lib/python3.8/site-packages'
[13.423s] Level 1:colcon.colcon_core.environment:checking '/home/f1tenth/f1tenth_mrc_ws/install/realsense2_description/bin'
[13.425s] INFO:colcon.colcon_core.shell:Creating package script '/home/f1tenth/f1tenth_mrc_ws/install/realsense2_description/share/realsense2_description/package.ps1'
[13.428s] INFO:colcon.colcon_core.shell:Creating package descriptor '/home/f1tenth/f1tenth_mrc_ws/install/realsense2_description/share/realsense2_description/package.dsv'
[13.430s] INFO:colcon.colcon_core.shell:Creating package script '/home/f1tenth/f1tenth_mrc_ws/install/realsense2_description/share/realsense2_description/package.sh'
[13.432s] INFO:colcon.colcon_core.shell:Creating package script '/home/f1tenth/f1tenth_mrc_ws/install/realsense2_description/share/realsense2_description/package.bash'
[13.433s] INFO:colcon.colcon_core.shell:Creating package script '/home/f1tenth/f1tenth_mrc_ws/install/realsense2_description/share/realsense2_description/package.zsh'
[13.435s] Level 1:colcon.colcon_core.environment:create_file_with_runtime_dependencies(/home/f1tenth/f1tenth_mrc_ws/install/realsense2_description/share/colcon-core/packages/realsense2_description)
[14.409s] Level 1:colcon.colcon_core.environment:checking '/home/f1tenth/f1tenth_mrc_ws/install/rrt_package' for CMake module files
[14.412s] DEBUG:colcon.colcon_core.event_handler.log_command:Invoked command in '/home/f1tenth/f1tenth_mrc_ws/src/rrt_package' returned '0': PYTHONPATH=/home/f1tenth/f1tenth_mrc_ws/build/rrt_package/prefix_override:/usr/lib/python3/dist-packages/colcon_core/task/python/colcon_distutils_commands:/home/f1tenth/f1tenth_mrc_ws/install/rrt_package/lib/python3.8/site-packages:${PYTHONPATH} /usr/bin/python3 -W ignore:setup.py install is deprecated -W ignore:easy_install command is deprecated setup.py egg_info --egg-base ../../build/rrt_package build --build-base /home/f1tenth/f1tenth_mrc_ws/build/rrt_package/build install --record /home/f1tenth/f1tenth_mrc_ws/build/rrt_package/install.log --install-scripts $base/lib/rrt_package --single-version-externally-managed install_data
[14.413s] Level 1:colcon.colcon_core.environment:checking '/home/f1tenth/f1tenth_mrc_ws/install/rrt_package' for CMake config files
[14.416s] Level 1:colcon.colcon_core.environment:checking '/home/f1tenth/f1tenth_mrc_ws/install/rrt_package/lib'
[14.416s] Level 1:colcon.colcon_core.environment:checking '/home/f1tenth/f1tenth_mrc_ws/install/rrt_package/bin'
[14.417s] Level 1:colcon.colcon_core.environment:checking '/home/f1tenth/f1tenth_mrc_ws/install/rrt_package/lib/pkgconfig/rrt_package.pc'
[14.418s] Level 1:colcon.colcon_core.environment:checking '/home/f1tenth/f1tenth_mrc_ws/install/rrt_package/lib/python3.8/site-packages'
[14.418s] Level 1:colcon.colcon_core.shell:create_environment_hook('rrt_package', 'pythonpath')
[14.419s] INFO:colcon.colcon_core.shell:Creating environment hook '/home/f1tenth/f1tenth_mrc_ws/install/rrt_package/share/rrt_package/hook/pythonpath.ps1'
[14.421s] INFO:colcon.colcon_core.shell:Creating environment descriptor '/home/f1tenth/f1tenth_mrc_ws/install/rrt_package/share/rrt_package/hook/pythonpath.dsv'
[14.423s] INFO:colcon.colcon_core.shell:Creating environment hook '/home/f1tenth/f1tenth_mrc_ws/install/rrt_package/share/rrt_package/hook/pythonpath.sh'
[14.425s] Level 1:colcon.colcon_core.environment:checking '/home/f1tenth/f1tenth_mrc_ws/install/rrt_package/bin'
[14.426s] Level 1:colcon.colcon_core.environment:create_environment_scripts_only(rrt_package)
[14.428s] INFO:colcon.colcon_core.shell:Creating package script '/home/f1tenth/f1tenth_mrc_ws/install/rrt_package/share/rrt_package/package.ps1'
[14.432s] INFO:colcon.colcon_core.shell:Creating package descriptor '/home/f1tenth/f1tenth_mrc_ws/install/rrt_package/share/rrt_package/package.dsv'
[14.435s] INFO:colcon.colcon_core.shell:Creating package script '/home/f1tenth/f1tenth_mrc_ws/install/rrt_package/share/rrt_package/package.sh'
[14.438s] INFO:colcon.colcon_core.shell:Creating package script '/home/f1tenth/f1tenth_mrc_ws/install/rrt_package/share/rrt_package/package.bash'
[14.441s] INFO:colcon.colcon_core.shell:Creating package script '/home/f1tenth/f1tenth_mrc_ws/install/rrt_package/share/rrt_package/package.zsh'
[14.443s] Level 1:colcon.colcon_core.environment:create_file_with_runtime_dependencies(/home/f1tenth/f1tenth_mrc_ws/install/rrt_package/share/colcon-core/packages/rrt_package)
[14.702s] DEBUG:colcon.colcon_core.event_handler.log_command:Invoking command in '/home/f1tenth/f1tenth_mrc_ws/src/waypoint_logger': PYTHONPATH=/home/f1tenth/f1tenth_mrc_ws/build/waypoint_logger/prefix_override:/usr/lib/python3/dist-packages/colcon_core/task/python/colcon_distutils_commands:/home/f1tenth/f1tenth_mrc_ws/install/waypoint_logger/lib/python3.8/site-packages:${PYTHONPATH} /usr/bin/python3 -W ignore:setup.py install is deprecated -W ignore:easy_install command is deprecated setup.py egg_info --egg-base ../../build/waypoint_logger build --build-base /home/f1tenth/f1tenth_mrc_ws/build/waypoint_logger/build install --record /home/f1tenth/f1tenth_mrc_ws/build/waypoint_logger/install.log --install-scripts $base/lib/waypoint_logger --single-version-externally-managed install_data
[16.005s] Level 1:colcon.colcon_core.environment:checking '/home/f1tenth/f1tenth_mrc_ws/install/waypoint_logger' for CMake module files
[16.007s] DEBUG:colcon.colcon_core.event_handler.log_command:Invoked command in '/home/f1tenth/f1tenth_mrc_ws/src/waypoint_logger' returned '0': PYTHONPATH=/home/f1tenth/f1tenth_mrc_ws/build/waypoint_logger/prefix_override:/usr/lib/python3/dist-packages/colcon_core/task/python/colcon_distutils_commands:/home/f1tenth/f1tenth_mrc_ws/install/waypoint_logger/lib/python3.8/site-packages:${PYTHONPATH} /usr/bin/python3 -W ignore:setup.py install is deprecated -W ignore:easy_install command is deprecated setup.py egg_info --egg-base ../../build/waypoint_logger build --build-base /home/f1tenth/f1tenth_mrc_ws/build/waypoint_logger/build install --record /home/f1tenth/f1tenth_mrc_ws/build/waypoint_logger/install.log --install-scripts $base/lib/waypoint_logger --single-version-externally-managed install_data
[16.012s] Level 1:colcon.colcon_core.environment:checking '/home/f1tenth/f1tenth_mrc_ws/install/waypoint_logger' for CMake config files
[16.015s] Level 1:colcon.colcon_core.environment:checking '/home/f1tenth/f1tenth_mrc_ws/install/waypoint_logger/lib'
[16.016s] Level 1:colcon.colcon_core.environment:checking '/home/f1tenth/f1tenth_mrc_ws/install/waypoint_logger/bin'
[16.016s] Level 1:colcon.colcon_core.environment:checking '/home/f1tenth/f1tenth_mrc_ws/install/waypoint_logger/lib/pkgconfig/waypoint_logger.pc'
[16.017s] Level 1:colcon.colcon_core.environment:checking '/home/f1tenth/f1tenth_mrc_ws/install/waypoint_logger/lib/python3.8/site-packages'
[16.018s] Level 1:colcon.colcon_core.shell:create_environment_hook('waypoint_logger', 'pythonpath')
[16.019s] INFO:colcon.colcon_core.shell:Creating environment hook '/home/f1tenth/f1tenth_mrc_ws/install/waypoint_logger/share/waypoint_logger/hook/pythonpath.ps1'
[16.023s] INFO:colcon.colcon_core.shell:Creating environment descriptor '/home/f1tenth/f1tenth_mrc_ws/install/waypoint_logger/share/waypoint_logger/hook/pythonpath.dsv'
[16.025s] INFO:colcon.colcon_core.shell:Creating environment hook '/home/f1tenth/f1tenth_mrc_ws/install/waypoint_logger/share/waypoint_logger/hook/pythonpath.sh'
[16.028s] Level 1:colcon.colcon_core.environment:checking '/home/f1tenth/f1tenth_mrc_ws/install/waypoint_logger/bin'
[16.028s] Level 1:colcon.colcon_core.environment:create_environment_scripts_only(waypoint_logger)
[16.030s] INFO:colcon.colcon_core.shell:Creating package script '/home/f1tenth/f1tenth_mrc_ws/install/waypoint_logger/share/waypoint_logger/package.ps1'
[16.034s] INFO:colcon.colcon_core.shell:Creating package descriptor '/home/f1tenth/f1tenth_mrc_ws/install/waypoint_logger/share/waypoint_logger/package.dsv'
[16.037s] INFO:colcon.colcon_core.shell:Creating package script '/home/f1tenth/f1tenth_mrc_ws/install/waypoint_logger/share/waypoint_logger/package.sh'
[16.040s] INFO:colcon.colcon_core.shell:Creating package script '/home/f1tenth/f1tenth_mrc_ws/install/waypoint_logger/share/waypoint_logger/package.bash'
[16.043s] INFO:colcon.colcon_core.shell:Creating package script '/home/f1tenth/f1tenth_mrc_ws/install/waypoint_logger/share/waypoint_logger/package.zsh'
[16.046s] Level 1:colcon.colcon_core.environment:create_file_with_runtime_dependencies(/home/f1tenth/f1tenth_mrc_ws/install/waypoint_logger/share/colcon-core/packages/waypoint_logger)
[36.372s] DEBUG:colcon.colcon_core.event_handler.log_command:Invoked command in '/home/f1tenth/f1tenth_mrc_ws/build/realsense2_camera' returned '1': AMENT_PREFIX_PATH=/home/f1tenth/f1tenth_mrc_ws/install/realsense2_camera_msgs:${AMENT_PREFIX_PATH} CMAKE_PREFIX_PATH=/home/f1tenth/f1tenth_mrc_ws/install/realsense2_camera_msgs:/opt/ros/foxy LD_LIBRARY_PATH=/home/f1tenth/f1tenth_mrc_ws/install/realsense2_camera_msgs/lib:${LD_LIBRARY_PATH} PYTHONPATH=/home/f1tenth/f1tenth_mrc_ws/install/realsense2_camera_msgs/lib/python3.8/site-packages:${PYTHONPATH} /usr/bin/cmake /home/f1tenth/f1tenth_mrc_ws/src/realsense-ros/realsense2_camera -DCMAKE_INSTALL_PREFIX=/home/f1tenth/f1tenth_mrc_ws/install/realsense2_camera
[36.431s] Level 1:colcon.colcon_core.environment:create_environment_scripts_only(realsense2_camera)
[36.434s] Level 1:colcon.colcon_core.environment:checking '/home/f1tenth/f1tenth_mrc_ws/install/realsense2_camera' for CMake module files
[36.436s] Level 1:colcon.colcon_core.environment:checking '/home/f1tenth/f1tenth_mrc_ws/install/realsense2_camera' for CMake config files
[36.438s] Level 1:colcon.colcon_core.environment:checking '/home/f1tenth/f1tenth_mrc_ws/install/realsense2_camera/bin'
[36.439s] Level 1:colcon.colcon_core.environment:checking '/home/f1tenth/f1tenth_mrc_ws/install/realsense2_camera/lib/pkgconfig/realsense2_camera.pc'
[36.440s] Level 1:colcon.colcon_core.environment:checking '/home/f1tenth/f1tenth_mrc_ws/install/realsense2_camera/lib/python3.8/site-packages'
[36.441s] Level 1:colcon.colcon_core.environment:checking '/home/f1tenth/f1tenth_mrc_ws/install/realsense2_camera/bin'
[36.442s] INFO:colcon.colcon_core.shell:Creating package script '/home/f1tenth/f1tenth_mrc_ws/install/realsense2_camera/share/realsense2_camera/package.ps1'
[36.445s] INFO:colcon.colcon_core.shell:Creating package descriptor '/home/f1tenth/f1tenth_mrc_ws/install/realsense2_camera/share/realsense2_camera/package.dsv'
[36.446s] INFO:colcon.colcon_core.shell:Creating package script '/home/f1tenth/f1tenth_mrc_ws/install/realsense2_camera/share/realsense2_camera/package.sh'
[36.447s] INFO:colcon.colcon_core.shell:Creating package script '/home/f1tenth/f1tenth_mrc_ws/install/realsense2_camera/share/realsense2_camera/package.bash'
[36.449s] INFO:colcon.colcon_core.shell:Creating package script '/home/f1tenth/f1tenth_mrc_ws/install/realsense2_camera/share/realsense2_camera/package.zsh'
[36.450s] Level 1:colcon.colcon_core.environment:create_file_with_runtime_dependencies(/home/f1tenth/f1tenth_mrc_ws/install/realsense2_camera/share/colcon-core/packages/realsense2_camera)
[36.463s] DEBUG:colcon.colcon_parallel_executor.executor.parallel:closing loop
[36.464s] DEBUG:colcon.colcon_parallel_executor.executor.parallel:loop closed
[36.464s] DEBUG:colcon.colcon_parallel_executor.executor.parallel:run_until_complete finished with '1'
[36.464s] DEBUG:colcon.colcon_core.event_reactor:joining thread
[36.495s] INFO:colcon.colcon_core.plugin_system:Skipping extension 'colcon_notification.desktop_notification.terminal_notifier': Not used on non-Darwin systems
[36.495s] INFO:colcon.colcon_core.plugin_system:Skipping extension 'colcon_notification.desktop_notification.win32': Not used on non-Windows systems
[36.496s] INFO:colcon.colcon_notification.desktop_notification:Sending desktop notification using 'notify2'
[36.570s] DEBUG:colcon.colcon_core.event_reactor:joined thread
[36.572s] INFO:colcon.colcon_core.shell:Creating prefix script '/home/f1tenth/f1tenth_mrc_ws/install/local_setup.ps1'
[36.576s] INFO:colcon.colcon_core.shell:Creating prefix util module '/home/f1tenth/f1tenth_mrc_ws/install/_local_setup_util_ps1.py'
[36.583s] INFO:colcon.colcon_core.shell:Creating prefix chain script '/home/f1tenth/f1tenth_mrc_ws/install/setup.ps1'
[36.588s] INFO:colcon.colcon_core.shell:Creating prefix script '/home/f1tenth/f1tenth_mrc_ws/install/local_setup.sh'
[36.591s] INFO:colcon.colcon_core.shell:Creating prefix util module '/home/f1tenth/f1tenth_mrc_ws/install/_local_setup_util_sh.py'
[36.594s] INFO:colcon.colcon_core.shell:Creating prefix chain script '/home/f1tenth/f1tenth_mrc_ws/install/setup.sh'
[36.599s] INFO:colcon.colcon_core.shell:Creating prefix script '/home/f1tenth/f1tenth_mrc_ws/install/local_setup.bash'
[36.602s] INFO:colcon.colcon_core.shell:Creating prefix chain script '/home/f1tenth/f1tenth_mrc_ws/install/setup.bash'
[36.608s] INFO:colcon.colcon_core.shell:Creating prefix script '/home/f1tenth/f1tenth_mrc_ws/install/local_setup.zsh'
[36.610s] INFO:colcon.colcon_core.shell:Creating prefix chain script '/home/f1tenth/f1tenth_mrc_ws/install/setup.zsh'
