time,x1,y1,x2,y2
1751305975.6560855,3.0982818603515625,0.954313337802887,0.9920856356620789,0.29024893045425415
1751305975.6759732,3.098294496536255,0.954306960105896,0.9920877814292908,0.2902669310569763
1751305975.6859589,3.098304033279419,0.9543265104293823,0.9920864105224609,0.2902621030807495
1751305975.706144,3.09828782081604,0.9543054103851318,0.9920905828475952,0.2902770936489105
1751305975.715907,3.0982813835144043,0.9542968273162842,0.9920847415924072,0.29025331139564514
1751305975.735921,3.098317861557007,0.954326331615448,0.9920988082885742,0.29026564955711365
1751305975.7459092,3.0982892513275146,0.9543042182922363,0.9920786619186401,0.2902645766735077
1751305975.7658844,3.0982797145843506,0.9543288350105286,0.9920895099639893,0.2902534604072571
1751305975.7759333,3.098296642303467,0.954319953918457,0.9920951128005981,0.29027798771858215
1751305975.795918,3.098282814025879,0.9543173313140869,0.9920881986618042,0.29025980830192566
1751305975.825951,3.098287582397461,0.9542996883392334,0.9920769333839417,0.2902616262435913
1751305975.8458974,3.0982730388641357,0.9543365240097046,0.9920894503593445,0.2902735471725464
1751305975.8559182,3.0983080863952637,0.9543198347091675,0.9920845031738281,0.2902563810348511
1751305975.8759086,3.098281145095825,0.9543325901031494,0.9920934438705444,0.2902924716472626
1751305975.8859603,3.0982768535614014,0.9543333053588867,0.9920802116394043,0.2902498245239258
1751305975.9058979,3.0982816219329834,0.9543392658233643,0.9920830726623535,0.2902620732784271
1751305975.9159443,3.0982789993286133,0.954303503036499,0.9921040534973145,0.2902704179286957
1751305975.9359305,3.0982718467712402,0.9543310403823853,0.9920929074287415,0.2902500033378601
1751305975.9559267,3.0982871055603027,0.9543322920799255,0.9920986890792847,0.29026997089385986
1751305975.9659412,3.09828782081604,0.9543153643608093,0.9921002984046936,0.29025110602378845
1751305975.9859216,3.0982937812805176,0.9543436765670776,0.9920857548713684,0.2902597486972809
1751305975.9959269,3.0982792377471924,0.9543263912200928,0.9921035766601562,0.2902715504169464
1751305976.015965,3.0983057022094727,0.9543432593345642,0.9920870065689087,0.2902439832687378
1751305976.0259185,3.0982913970947266,0.9543330073356628,0.9920945763587952,0.2902661859989166
1751305976.0459487,3.0983057022094727,0.9543220400810242,0.9920963644981384,0.29026004672050476
1751305976.055931,3.098302125930786,0.954329252243042,0.992087185382843,0.29026252031326294
1751305976.0759213,3.098276376724243,0.9543303847312927,0.9921039342880249,0.2902592718601227
1751305976.0959246,3.098285436630249,0.9543570280075073,0.9920847415924072,0.290261447429657
1751305976.1067913,3.098299980163574,0.9543333053588867,0.9920972585678101,0.2902572751045227
1751305976.126744,3.098283529281616,0.9543533325195312,0.9920886158943176,0.2902671694755554
1751305976.1360605,3.0982906818389893,0.9543237090110779,0.9920795559883118,0.2902540862560272
1751305976.1560352,3.0982885360717773,0.9543387293815613,0.9920998811721802,0.2902742922306061
1751305976.165995,3.0982825756073,0.9543483853340149,0.992104172706604,0.2902780771255493
1751305976.1860456,3.0982837677001953,0.9543371796607971,0.9920889139175415,0.2902598977088928
1751305976.1960266,3.098268747329712,0.9543470740318298,0.9920933246612549,0.2902834713459015
1751305976.2160842,3.0983071327209473,0.9543390274047852,0.9920781850814819,0.29026299715042114
1751305976.2359743,3.098292827606201,0.954336404800415,0.992102861404419,0.2902812659740448
1751305976.2460022,3.0982820987701416,0.9543495178222656,0.9920737147331238,0.290269136428833
1751305976.2659988,3.098299264907837,0.9543290138244629,0.9920802116394043,0.2902568280696869
1751305976.2759802,3.0982818603515625,0.9543331265449524,0.9920925498008728,0.29028886556625366
1751305976.2959268,3.09828782081604,0.9543479084968567,0.9920832514762878,0.2902643084526062
1751305976.3159046,3.0982866287231445,0.9543361067771912,0.9920697808265686,0.290269136428833
1751305976.3260002,3.0983009338378906,0.9543468356132507,0.9921020269393921,0.29026320576667786
1751305976.3459153,3.0983023643493652,0.9543281197547913,0.9920979738235474,0.2902628779411316
1751305976.3559175,3.098288059234619,0.9543332457542419,0.9920904636383057,0.2902860641479492
1751305976.3759058,3.0982840061187744,0.9543358087539673,0.9920870065689087,0.29024994373321533
1751305976.3859642,3.09830904006958,0.9543271660804749,0.9921067357063293,0.29029160737991333
1751305976.405905,3.098296880722046,0.954330563545227,0.9921053647994995,0.2902677357196808
1751305976.4259753,3.098292827606201,0.9543424248695374,0.9921076893806458,0.29027417302131653
1751305976.4359205,3.0982887744903564,0.9543405771255493,0.9921000599861145,0.2902774512767792
1751305976.455919,3.0982885360717773,0.9543391466140747,0.9921091198921204,0.29025816917419434
1751305976.465917,3.098308563232422,0.9543361067771912,0.9920926094055176,0.29027822613716125
1751305976.485902,3.0982720851898193,0.9543470144271851,0.992102324962616,0.29027992486953735
1751305976.4959326,3.0982933044433594,0.954326331615448,0.9921025633811951,0.29026612639427185
1751305976.5159225,3.0982868671417236,0.9543300867080688,0.9921141266822815,0.29028820991516113
1751305976.5359545,3.098280906677246,0.954345703125,0.99209064245224,0.2902563810348511
1751305976.545931,3.0982911586761475,0.9543150663375854,0.9921073913574219,0.29027363657951355
1751305976.5659425,3.0983080863952637,0.9543353915214539,0.9921159148216248,0.29027798771858215
1751305976.5759628,3.098283529281616,0.9543530344963074,0.9920797944068909,0.2902654707431793
1751305976.5959444,3.098299503326416,0.9543049335479736,0.9920979142189026,0.2902684807777405
1751305976.6059227,3.09830641746521,0.9543439745903015,0.992100715637207,0.2902708351612091
1751305976.625902,3.098302125930786,0.9543277621269226,0.9920778870582581,0.29026177525520325
1751305976.635918,3.0983128547668457,0.9543366432189941,0.992088258266449,0.29028424620628357
1751305976.6559246,3.098306655883789,0.9543151259422302,0.9920830726623535,0.2902587056159973
1751305976.6659129,3.098299264907837,0.954309344291687,0.99208664894104,0.29026520252227783
1751305976.6859033,3.0983102321624756,0.9543331265449524,0.9920954704284668,0.29027706384658813
1751305976.6959503,3.0983009338378906,0.9543139338493347,0.9920868277549744,0.2902541756629944
1751305976.716024,3.0982911586761475,0.9543238282203674,0.9920982122421265,0.29026085138320923
1751305976.7359414,3.09831166267395,0.9543464779853821,0.9920819997787476,0.2902609705924988
1751305976.7459383,3.0983078479766846,0.9543107748031616,0.9920951128005981,0.2902616560459137
1751305976.7659013,3.0983004570007324,0.954318106174469,0.9920775294303894,0.2902752459049225
1751305976.775993,3.0983002185821533,0.9543358087539673,0.9920692443847656,0.29025161266326904
1751305976.7959478,3.098323345184326,0.9543174505233765,0.992085874080658,0.2902767062187195
1751305976.816003,3.0983104705810547,0.9543465375900269,0.9920940399169922,0.29026150703430176
1751305976.8259482,3.0983197689056396,0.9543225765228271,0.9920910000801086,0.29025721549987793
1751305976.8459086,3.0983119010925293,0.9543446898460388,0.9920910596847534,0.29025596380233765
1751305976.8559353,3.0983269214630127,0.9543204307556152,0.9920902848243713,0.2902369201183319
1751305976.8759158,3.098325252532959,0.9543544054031372,0.9921207427978516,0.29029035568237305
1751305976.8959193,3.098322868347168,0.9543260335922241,0.9920848608016968,0.29024240374565125
1751305976.9059496,3.0983164310455322,0.9543319344520569,0.992094874382019,0.29026615619659424
1751305976.925912,3.098330020904541,0.9543202519416809,0.9921054840087891,0.2902677655220032
1751305976.9359357,3.0983211994171143,0.9543355703353882,0.9921002984046936,0.2902466952800751
1751305976.955903,3.098318099975586,0.9543331265449524,0.9920852184295654,0.29025259613990784
1751305976.96597,3.0983104705810547,0.9543454647064209,0.9920792579650879,0.2902494966983795
1751305976.9859145,3.0983405113220215,0.954312264919281,0.9921022653579712,0.2902517020702362
1751305977.0059206,3.0983288288116455,0.9543322324752808,0.9920957088470459,0.2902664840221405
1751305977.0159326,3.0983376502990723,0.9543226957321167,0.992087185382843,0.2902500033378601
1751305977.0259233,3.0982987880706787,0.9543353319168091,0.9920908212661743,0.2902674674987793
1751305977.0459025,3.0983352661132812,0.9543213844299316,0.9921011328697205,0.2902521789073944
1751305977.0659847,3.098320484161377,0.9543083310127258,0.9920892119407654,0.29027214646339417
1751305977.0759401,3.098311185836792,0.9543232321739197,0.992103099822998,0.29026177525520325
1751305977.0959058,3.098304271697998,0.9543364644050598,0.9920963048934937,0.29024791717529297
1751305977.1059425,3.098320722579956,0.9543092846870422,0.9921056032180786,0.29025912284851074
1751305977.125915,3.0983076095581055,0.9543269872665405,0.9920945763587952,0.2902594804763794
1751305977.145903,3.0983104705810547,0.9543189406394958,0.9921075701713562,0.29025474190711975
1751305977.155935,3.0983176231384277,0.9543176293373108,0.9921146631240845,0.29026252031326294
1751305977.1759183,3.098337173461914,0.9543296098709106,0.9921098351478577,0.2902494966983795
1751305977.1859224,3.098315477371216,0.9542996287345886,0.9920953512191772,0.2902575433254242
1751305977.2059197,3.0983316898345947,0.9543271064758301,0.9920932054519653,0.29025858640670776
1751305977.2259188,3.098337173461914,0.9543188214302063,0.9920870065689087,0.29024264216423035
1751305977.2359517,3.0983197689056396,0.954302966594696,0.9921241402626038,0.2902621924877167
1751305977.245953,3.09831166267395,0.9543372988700867,0.9920773506164551,0.29025617241859436
1751305977.265904,3.098325490951538,0.9543309807777405,0.9920734763145447,0.29024869203567505
1751305977.2759194,3.098327398300171,0.9543101191520691,0.9921014308929443,0.29026123881340027
1751305977.2959335,3.098346471786499,0.9543278813362122,0.9921033382415771,0.29025357961654663
1751305977.3162725,3.0983009338378906,0.954304039478302,0.9921019077301025,0.2902640104293823
1751305977.3259299,3.0982859134674072,0.9543240070343018,0.992100715637207,0.29027116298675537
1751305977.3458993,3.0983312129974365,0.9542913436889648,0.9921000003814697,0.2902461290359497
1751305977.3559754,3.098316192626953,0.954334020614624,0.9920905232429504,0.29027530550956726
1751305977.3759444,3.098318338394165,0.9543195366859436,0.992084801197052,0.29022926092147827
1751305977.3859825,3.098316192626953,0.9543165564537048,0.9921084642410278,0.29026171565055847
1751305977.4058928,3.098325252532959,0.9543391466140747,0.992091715335846,0.2902511954307556
1751305977.4259179,3.0983307361602783,0.9543228149414062,0.992089033126831,0.2902579605579376
1751305977.435917,3.0983006954193115,0.9543249607086182,0.9920899271965027,0.29027020931243896
1751305977.4559116,3.0983078479766846,0.9543282389640808,0.9920847415924072,0.2902507781982422
1751305977.465957,3.0983307361602783,0.9543195962905884,0.992110013961792,0.2902670204639435
1751305977.4859335,3.0983188152313232,0.9543377161026001,0.9921032786369324,0.29025644063949585
1751305977.5059202,3.098320245742798,0.9543218612670898,0.9920958280563354,0.2902405560016632
1751305977.515955,3.0983197689056396,0.9543228149414062,0.992094099521637,0.29026490449905396
1751305977.5259576,3.0983269214630127,0.9543396830558777,0.9921037554740906,0.29023492336273193
1751305977.5458992,3.098332405090332,0.9543206095695496,0.9920960068702698,0.2902560234069824
1751305977.565932,3.0983028411865234,0.9543254375457764,0.9921056032180786,0.29024776816368103
1751305977.577209,3.098306894302368,0.9543130993843079,0.992096483707428,0.29024335741996765
1751305977.5860353,3.098328113555908,0.954315185546875,0.9921292066574097,0.29027059674263
1751305977.6059577,3.098318338394165,0.9543308019638062,0.9921063184738159,0.29025375843048096
1751305977.6260946,3.0983150005340576,0.9543232917785645,0.9920872449874878,0.29025647044181824
1751305977.6360114,3.098323345184326,0.9543031454086304,0.9921056628227234,0.29025667905807495
1751305977.6559324,3.098327159881592,0.9543312788009644,0.9921000599861145,0.290262907743454
1751305977.6659544,3.0983216762542725,0.9543116092681885,0.9920956492424011,0.29026228189468384
1751305977.6859312,3.0983195304870605,0.9543170928955078,0.9921050071716309,0.2902703583240509
1751305977.695978,3.0983214378356934,0.9543318152427673,0.9920943379402161,0.29026341438293457
1751305977.7259305,3.0983219146728516,0.954308807849884,0.9921025037765503,0.29026052355766296
1751305977.736052,3.0983195304870605,0.954326868057251,0.9920846223831177,0.2902577221393585
1751305977.7460277,3.0983104705810547,0.9543030858039856,0.9920954704284668,0.2902638614177704
1751305977.7659824,3.098316192626953,0.9543291926383972,0.9920976758003235,0.2902751564979553
1751305977.7760174,3.0983173847198486,0.9543169736862183,0.9920888543128967,0.29025277495384216
1751305977.795933,3.0983190536499023,0.9543079137802124,0.9921088218688965,0.29026544094085693
1751305977.805937,3.0983076095581055,0.9543433785438538,0.9920980334281921,0.2902684211730957
1751305977.8259811,3.0983219146728516,0.9543063640594482,0.992117166519165,0.2902480661869049
1751305977.8460774,3.098315715789795,0.9543266892433167,0.9920903444290161,0.29028046131134033
1751305977.8559957,3.098304510116577,0.954323947429657,0.9920963048934937,0.29024574160575867
1751305977.8759775,3.098308563232422,0.9543114900588989,0.9920956492424011,0.2902783751487732
1751305977.895967,3.098320484161377,0.9543130397796631,0.9920921921730042,0.2902510166168213
1751305977.9059527,3.098297357559204,0.9543134570121765,0.9921005368232727,0.29027217626571655
1751305977.9159825,3.098314046859741,0.9543346166610718,0.9921066761016846,0.2902890145778656
1751305977.9359949,3.098316192626953,0.9543309807777405,0.9920943379402161,0.2902596592903137
1751305977.9559805,3.098301410675049,0.9543134570121765,0.9920991659164429,0.2902835011482239
1751305977.9659288,3.098315954208374,0.9543185234069824,0.9921121597290039,0.2902698516845703
1751305977.9860134,3.098315954208374,0.9543231725692749,0.9921028017997742,0.2902644872665405
1751305977.996043,3.0983026027679443,0.9543430209159851,0.9920923709869385,0.29027658700942993
1751305978.0159516,3.0983142852783203,0.9543048143386841,0.9921028017997742,0.2902489900588989
1751305978.026173,3.0983002185821533,0.954326868057251,0.9921090006828308,0.2902809977531433
1751305978.0459368,3.0983083248138428,0.9543362259864807,0.9920991659164429,0.2902523875236511
1751305978.0559514,3.098318576812744,0.9543420672416687,0.9920915365219116,0.2902590036392212
1751305978.0759165,3.098318338394165,0.9543312788009644,0.9921169281005859,0.2902810871601105
1751305978.0959156,3.098317861557007,0.9543217420578003,0.9920886754989624,0.29025670886039734
1751305978.1059847,3.098311424255371,0.9543206095695496,0.9920951128005981,0.2902730107307434
1751305978.1258957,3.0983312129974365,0.9543200731277466,0.9920949339866638,0.29024988412857056
1751305978.1459124,3.098306894302368,0.9543212652206421,0.9921057820320129,0.29026320576667786
1751305978.1559834,3.0983307361602783,0.9543213248252869,0.9921076893806458,0.2902642488479614
1751305978.1759403,3.0983221530914307,0.9543344974517822,0.992095410823822,0.29024168848991394
1751305978.1859608,3.0983059406280518,0.9543053507804871,0.9921057820320129,0.29026323556900024
1751305978.196033,3.0983166694641113,0.954340398311615,0.9921241402626038,0.2902725636959076
1751305978.2259033,3.0983200073242188,0.9543135166168213,0.9921032190322876,0.2902517020702362
1751305978.2359278,3.098313808441162,0.954300582408905,0.9921066164970398,0.29025766253471375
1751305978.2459388,3.0983312129974365,0.9543419480323792,0.9921048879623413,0.2902562618255615
1751305978.2659261,3.098315954208374,0.9543085694313049,0.9921018481254578,0.2902562618255615
1751305978.2759664,3.098314046859741,0.9543106555938721,0.9920949339866638,0.29026147723197937
1751305978.2959914,3.0983307361602783,0.9543384313583374,0.992093563079834,0.29026907682418823
1751305978.3159251,3.098301410675049,0.954319417476654,0.9920963644981384,0.29025477170944214
1751305978.3259282,3.098330497741699,0.9543344974517822,0.9920846223831177,0.29028597474098206
1751305978.3359132,3.0983166694641113,0.9543067812919617,0.9920821785926819,0.29024624824523926
1751305978.3558965,3.0983059406280518,0.9543316960334778,0.9920717477798462,0.29028913378715515
1751305978.3759243,3.0983152389526367,0.9543472528457642,0.9920912384986877,0.29025593400001526
1751305978.3960311,3.098315954208374,0.9543077945709229,0.9920868277549744,0.29027169942855835
1751305978.4059422,3.09833025932312,0.9543358087539673,0.9920918345451355,0.2902660369873047
1751305978.4259143,3.0983152389526367,0.9543222188949585,0.9920826554298401,0.29025065898895264
1751305978.4360044,3.098306655883789,0.9543189406394958,0.9920980334281921,0.2902716100215912
1751305978.4559941,3.098315715789795,0.9543342590332031,0.992082953453064,0.2902493178844452
1751305978.4659376,3.0983288288116455,0.9543159604072571,0.9921000003814697,0.29027196764945984
1751305978.4859655,3.098309278488159,0.954322338104248,0.9920876026153564,0.2902534008026123
1751305978.4959276,3.0983152389526367,0.9543224573135376,0.9920962452888489,0.2902413010597229
1751305978.5159018,3.0982980728149414,0.9543208479881287,0.9920840859413147,0.2902698218822479
1751305978.5259144,3.0982911586761475,0.9543118476867676,0.992093026638031,0.2902556359767914
1751305978.5459228,3.098328113555908,0.954308032989502,0.9920894503593445,0.2902454435825348
1751305978.5659337,3.0983073711395264,0.9543152451515198,0.9920966625213623,0.2902491092681885
1751305978.5760155,3.0983030796051025,0.9543265700340271,0.9920806288719177,0.29023438692092896
1751305978.596005,3.098308563232422,0.954310417175293,0.9921119213104248,0.2902727723121643
1751305978.6159868,3.098316192626953,0.954319953918457,0.992097795009613,0.2902394235134125
1751305978.625963,3.098323106765747,0.9543231129646301,0.9920892715454102,0.290263295173645
1751305978.6359637,3.098308563232422,0.9543130993843079,0.9920879602432251,0.2902624011039734
1751305978.6561136,3.0983145236968994,0.9543357491493225,0.9920940399169922,0.29027247428894043
1751305978.6670115,3.0983259677886963,0.9543075561523438,0.9920975565910339,0.2902657389640808
1751305978.6859417,3.098306179046631,0.9543237090110779,0.9920834302902222,0.2902712821960449
1751305978.705963,3.0983121395111084,0.954314112663269,0.9920861124992371,0.2902544438838959
1751305978.716077,3.098313570022583,0.9543092846870422,0.9921127557754517,0.2902616262435913
1751305978.7360132,3.0983049869537354,0.9543365240097046,0.9920809864997864,0.29026249051094055
1751305978.7460723,3.0982823371887207,0.9543083906173706,0.9921046495437622,0.29025256633758545
1751305978.7661886,3.098315954208374,0.9543244242668152,0.9921173453330994,0.2902608811855316
1751305978.7759783,3.098320722579956,0.9543333053588867,0.992095947265625,0.29025962948799133
1751305978.7960124,3.098315477371216,0.9543075561523438,0.9921013116836548,0.29025888442993164
1751305978.8059175,3.09830904006958,0.9543377161026001,0.992102324962616,0.29026538133621216
1751305978.8259084,3.0983123779296875,0.9543121457099915,0.9921126365661621,0.29026463627815247
1751305978.8460336,3.098315477371216,0.9543340802192688,0.9921099543571472,0.29028216004371643
1751305978.8564062,3.0983238220214844,0.9543244242668152,0.9921122193336487,0.2902534604072571
1751305978.87591,3.098315715789795,0.9543198347091675,0.9921056032180786,0.2902816832065582
1751305978.8861153,3.0983006954193115,0.9543304443359375,0.9921082854270935,0.29029273986816406
1751305978.9060376,3.098339796066284,0.9543148875236511,0.9921061396598816,0.29025107622146606
1751305978.9160705,3.098313331604004,0.9543285965919495,0.9921255707740784,0.29029199481010437
1751305978.9360266,3.098313331604004,0.954330563545227,0.9920993447303772,0.290255069732666
1751305978.9463246,3.0983121395111084,0.9543213248252869,0.9921097755432129,0.29028254747390747
1751305978.9659557,3.098311185836792,0.9543187022209167,0.9920981526374817,0.2902660369873047
1751305978.9868176,3.0983071327209473,0.9543166756629944,0.9920988082885742,0.290256530046463
1751305978.996031,3.0982985496520996,0.9543184638023376,0.9921061396598816,0.2902842164039612
1751305979.0159683,3.0983262062072754,0.9543116688728333,0.9921172261238098,0.29025909304618835
1751305979.03595,3.098317861557007,0.9543297290802002,0.9921023845672607,0.2902791202068329
1751305979.0460217,3.0983047485351562,0.9543261528015137,0.9921108484268188,0.29027605056762695
1751305979.0563555,3.098316192626953,0.9543234705924988,0.9921004772186279,0.2902565002441406
1751305979.0858998,3.098313331604004,0.9543129801750183,0.9921149611473083,0.2902735471725464
1751305979.0959187,3.0983238220214844,0.9543222188949585,0.9921189546585083,0.2902543544769287
1751305979.106054,3.0983150005340576,0.954326331615448,0.9920889139175415,0.29027196764945984
1751305979.126046,3.0983309745788574,0.954339325428009,0.992104709148407,0.2902621924877167
1751305979.135982,3.0983362197875977,0.9543343186378479,0.9921145439147949,0.29026952385902405
1751305979.1559951,3.0983362197875977,0.9543215036392212,0.992116391658783,0.2902701795101166
1751305979.1659238,3.0983176231384277,0.9543249011039734,0.9920861721038818,0.2902560234069824
1751305979.185917,3.098320484161377,0.9543094038963318,0.9920989871025085,0.2902621626853943
1751305979.205941,3.0983238220214844,0.95432049036026,0.9921211004257202,0.2902696132659912
1751305979.2259202,3.0983362197875977,0.9543278813362122,0.9921005964279175,0.29025742411613464
1751305979.2359993,3.098310708999634,0.9543251395225525,0.9920970797538757,0.29027271270751953
1751305979.255925,3.0983314514160156,0.954336941242218,0.992100715637207,0.2902716398239136
1751305979.265949,3.0983269214630127,0.954323947429657,0.9921225309371948,0.29027029871940613
1751305979.2859976,3.0983119010925293,0.9543108344078064,0.99211186170578,0.290269672870636
1751305979.2959955,3.098331928253174,0.9543269276618958,0.9920992255210876,0.2902747094631195
1751305979.3159752,3.098320245742798,0.9543102979660034,0.9920871257781982,0.2902699410915375
1751305979.3259351,3.0983376502990723,0.9543322324752808,0.9920833110809326,0.2902793288230896
1751305979.3459003,3.098331928253174,0.9543099403381348,0.9920979142189026,0.2902609407901764
1751305979.3559966,3.0983176231384277,0.9543278217315674,0.9921087622642517,0.29029759764671326
1751305979.375985,3.0983359813690186,0.9543343782424927,0.9920949339866638,0.2902657389640808
1751305979.3859537,3.0983381271362305,0.9543012976646423,0.9920945167541504,0.2902713418006897
1751305979.4059124,3.09834623336792,0.954330325126648,0.9921104907989502,0.2902803122997284
1751305979.4259326,3.098320245742798,0.9543136954307556,0.9920898675918579,0.2902657687664032
1751305979.4359272,3.09832501411438,0.9543147683143616,0.9920827746391296,0.29027339816093445
1751305979.4461234,3.098341226577759,0.9543254971504211,0.9920923113822937,0.2902721166610718
1751305979.4659276,3.0983381271362305,0.9543115496635437,0.9920945167541504,0.29027143120765686
1751305979.485905,3.0983245372772217,0.9543440937995911,0.992083728313446,0.2902875244617462
1751305979.4959896,3.0983378887176514,0.9543182849884033,0.9921039938926697,0.2902558743953705
1751305979.5161622,3.098332405090332,0.9543229341506958,0.9920984506607056,0.29028502106666565
1751305979.536019,3.0983290672302246,0.954329252243042,0.9920998215675354,0.2902596592903137
1751305979.5459533,3.0983498096466064,0.9543120861053467,0.9920992255210876,0.29025471210479736
1751305979.5659344,3.098313808441162,0.9543203115463257,0.9920976161956787,0.29028162360191345
1751305979.5759423,3.0983500480651855,0.9543251395225525,0.9921070337295532,0.29025205969810486
1751305979.5959353,3.098336935043335,0.9543309211730957,0.9921094179153442,0.2902894616127014
1751305979.605932,3.0983328819274902,0.9543240666389465,0.9921079277992249,0.2902470827102661
1751305979.625936,3.0983288288116455,0.9543138742446899,0.9920982718467712,0.29028284549713135
1751305979.6365893,3.098348379135132,0.9543277621269226,0.9921348094940186,0.2902706265449524
1751305979.6559067,3.0983235836029053,0.9543289542198181,0.9921021461486816,0.29026997089385986
1751305979.665928,3.0983216762542725,0.954317033290863,0.992098331451416,0.2902829945087433
1751305979.6859183,3.0983331203460693,0.954329788684845,0.9921129941940308,0.2902781665325165
1751305979.7059708,3.0983519554138184,0.954308032989502,0.9921053647994995,0.29026174545288086
1751305979.7159305,3.0983214378356934,0.95432049036026,0.9921115040779114,0.29027003049850464
1751305979.7359388,3.098325490951538,0.9543142318725586,0.9921008944511414,0.29026171565055847
1751305979.7459817,3.0983285903930664,0.9543164372444153,0.9921099543571472,0.2902778089046478
1751305979.7660518,3.098318576812744,0.9543030261993408,0.9921203851699829,0.2902767062187195
1751305979.7859316,3.0983245372772217,0.954316258430481,0.9920949339866638,0.29026979207992554
1751305979.7959638,3.0983197689056396,0.9542955756187439,0.992110013961792,0.29026690125465393
1751305979.8159463,3.098329782485962,0.9543405175209045,0.9921054244041443,0.2902696430683136
1751305979.825964,3.098334789276123,0.9543059468269348,0.9921185374259949,0.2902638912200928
1751305979.84594,3.098327398300171,0.9543217420578003,0.9921057224273682,0.2902716398239136
1751305979.8559396,3.0983216762542725,0.9543291926383972,0.9920943379402161,0.2902551293373108
1751305979.8759308,3.098322868347168,0.9543073177337646,0.9920990467071533,0.29026302695274353
1751305979.8960533,3.098341464996338,0.9543360471725464,0.9921135902404785,0.29026079177856445
1751305979.9059792,3.0983235836029053,0.9543050527572632,0.9920927286148071,0.29024171829223633
1751305979.9259279,3.0983219146728516,0.9543415307998657,0.9921092987060547,0.29027366638183594
1751305979.9359224,3.0983457565307617,0.9543377161026001,0.9920977354049683,0.29024538397789
1751305979.9559224,3.098325490951538,0.9543172717094421,0.9921160340309143,0.29027482867240906
1751305979.9659128,3.09833025932312,0.9543285369873047,0.9921234250068665,0.2902613580226898
1751305979.9859233,3.0983245372772217,0.954333484172821,0.9921049475669861,0.29025083780288696
1751305980.0059423,3.0983223915100098,0.9543240070343018,0.9921208024024963,0.29027092456817627
1751305980.0159235,3.098325490951538,0.9543304443359375,0.9921018481254578,0.29025524854660034
1751305980.0259252,3.098318338394165,0.9543144702911377,0.9921023845672607,0.29025956988334656
1751305980.0459433,3.0983235836029053,0.9543157815933228,0.992104172706604,0.2902906835079193
1751305980.0659657,3.0983362197875977,0.9542984366416931,0.9921063780784607,0.29026269912719727
1751305980.0759273,3.098329782485962,0.9543142914772034,0.9920993447303772,0.2902909517288208
1751305980.0959105,3.0983386039733887,0.95432049036026,0.9920859336853027,0.2902659773826599
1751305980.1059241,3.098324775695801,0.95430988073349,0.9920978546142578,0.29028022289276123
1751305980.1259177,3.098322868347168,0.9543154835700989,0.99211186170578,0.2902737855911255
1751305980.1359189,3.0983359813690186,0.9543197154998779,0.9920928478240967,0.2902812659740448
1751305980.1559048,3.0983152389526367,0.954310417175293,0.9921075701713562,0.2902957797050476
1751305980.1659331,3.098339557647705,0.9543248414993286,0.9921090602874756,0.29027462005615234
1751305980.1859033,3.09833025932312,0.9543298482894897,0.9920962452888489,0.2902812957763672
1751305980.205935,3.0983104705810547,0.9543084502220154,0.9920971393585205,0.29027751088142395
1751305980.2159398,3.0983352661132812,0.954332172870636,0.9921029210090637,0.29028141498565674
1751305980.2359304,3.098332643508911,0.9543086290359497,0.9921019077301025,0.2902764081954956
1751305980.2559137,3.098327875137329,0.9543348550796509,0.9920893311500549,0.29027464985847473
1751305980.2759504,3.0983355045318604,0.9543152451515198,0.992091715335846,0.2902778089046478
1751305980.2859259,3.0983407497406006,0.9543271064758301,0.9920914173126221,0.29027190804481506
1751305980.2959263,3.0983285903930664,0.9543331861495972,0.9920862913131714,0.29027217626571655
1751305980.3159065,3.098320245742798,0.9543048739433289,0.9921014308929443,0.2902792990207672
1751305980.325923,3.098318338394165,0.9543203711509705,0.9920924305915833,0.2902689278125763
1751305980.345891,3.098341226577759,0.9543256759643555,0.992085874080658,0.2902739346027374
1751305980.3559284,3.0983102321624756,0.9543163180351257,0.9920957684516907,0.2902701497077942
1751305980.3758864,3.098311185836792,0.9543235898017883,0.992067277431488,0.2902659475803375
1751305980.3859131,3.0983314514160156,0.9543058276176453,0.9920926094055176,0.290265828371048
1751305980.405902,3.098320245742798,0.9543271660804749,0.9921081066131592,0.29027891159057617
1751305980.4258666,3.0983102321624756,0.9543053507804871,0.9920979738235474,0.2902615964412689
1751305980.4459274,3.0983269214630127,0.9543246626853943,0.9920855760574341,0.2902851104736328
1751305980.455936,3.0983152389526367,0.9543178081512451,0.9920939803123474,0.29026293754577637
1751305980.4759066,3.0983290672302246,0.9543023705482483,0.9920923113822937,0.29025474190711975
1751305980.4859123,3.098309278488159,0.9543220400810242,0.9920874238014221,0.29027754068374634
1751305980.5059097,3.098310708999634,0.9543122053146362,0.992084801197052,0.29024121165275574
1751305980.5159395,3.0983216762542725,0.9543150067329407,0.9921056032180786,0.2902768850326538
1751305980.5259247,3.0983169078826904,0.9543264508247375,0.9921061992645264,0.29025745391845703
1751305980.5459268,3.098313331604004,0.9543053507804871,0.9921053051948547,0.29025915265083313
1751305980.5659406,3.0983054637908936,0.954329252243042,0.9921053051948547,0.2902894914150238
1751305980.5759697,3.0983173847198486,0.9543175101280212,0.9920960664749146,0.2902508080005646
1751305980.595934,3.0983314514160156,0.9543277025222778,0.9920920133590698,0.29028525948524475
1751305980.605955,3.0983049869537354,0.9543387293815613,0.9920972585678101,0.2902665138244629
1751305980.625984,3.0983121395111084,0.9543148279190063,0.9920943379402161,0.2902784049510956
1751305980.6359217,3.09831166267395,0.954321563243866,0.9921145439147949,0.29027220606803894
1751305980.6559188,3.0983049869537354,0.9543086290359497,0.992103099822998,0.29025915265083313
1751305980.665931,3.09828782081604,0.9543253779411316,0.9920918345451355,0.2902783751487732
1751305980.685945,3.0982909202575684,0.9543315172195435,0.992106556892395,0.29025769233703613
1751305980.7063649,3.098318338394165,0.9543219804763794,0.9920966029167175,0.29026666283607483
1751305980.716004,3.098308801651001,0.9543098211288452,0.9921060800552368,0.2902696430683136
1751305980.7359743,3.0983073711395264,0.954326868057251,0.99208003282547,0.2902642786502838
1751305980.745914,3.0983057022094727,0.9543187022209167,0.9921085238456726,0.2902771532535553
1751305980.7659342,3.0983195304870605,0.9543201327323914,0.9921115636825562,0.29027166962623596
1751305980.7864494,3.098311185836792,0.9543218016624451,0.9920939803123474,0.2902696132659912
1751305980.7960696,3.098280429840088,0.954318642616272,0.9921101927757263,0.2902788519859314
1751305980.815932,3.098315954208374,0.9543305039405823,0.9921118021011353,0.2902761697769165
1751305980.8259895,3.098315715789795,0.9543147683143616,0.9921146631240845,0.29027634859085083
1751305980.845978,3.098304033279419,0.9543461799621582,0.9920874238014221,0.2902708649635315
1751305980.8659098,3.098294734954834,0.9543260335922241,0.9921045899391174,0.290267676115036
1751305980.8763866,3.0983104705810547,0.954299807548523,0.9921218752861023,0.290266215801239
1751305980.886039,3.0983028411865234,0.9543394446372986,0.9921033382415771,0.29026544094085693
1751305980.9059389,3.0983123779296875,0.9543175101280212,0.9921135306358337,0.2902500331401825
1751305980.9259143,3.098285675048828,0.9542901515960693,0.99210125207901,0.2902657389640808
1751305980.9360013,3.098313331604004,0.9543357491493225,0.9921185970306396,0.2902699112892151
1751305980.9460242,3.0983145236968994,0.9543139338493347,0.9921071529388428,0.2902643084526062
1751305980.966006,3.098301649093628,0.9543234705924988,0.9921035170555115,0.2902752161026001
1751305980.9859278,3.0982885360717773,0.9543221592903137,0.9921123385429382,0.2902679443359375
1751305980.9959562,3.0983152389526367,0.9543218016624451,0.9921271800994873,0.29028835892677307
1751305981.0159497,3.098318576812744,0.95433109998703,0.9921071529388428,0.29026371240615845
1751305981.0359929,3.098294973373413,0.954323947429657,0.9920986890792847,0.2902827858924866
1751305981.0459554,3.0983152389526367,0.9543433785438538,0.992114782333374,0.2902681529521942
1751305981.0659642,3.098313808441162,0.9543159604072571,0.9921296834945679,0.2902688980102539
1751305981.0760112,3.0983080863952637,0.9543222188949585,0.992123544216156,0.290282279253006
1751305981.0959926,3.0983259677886963,0.9543156623840332,0.9921091794967651,0.29025086760520935
1751305981.10596,3.098320245742798,0.9543154239654541,0.9921154975891113,0.2902732789516449
1751305981.125956,3.098315954208374,0.9543323516845703,0.992133617401123,0.290270060300827
1751305981.136157,3.098318576812744,0.9543024897575378,0.9921067953109741,0.29025202989578247
1751305981.155953,3.0983264446258545,0.9543312788009644,0.9921217560768127,0.2902882397174835
1751305981.1662793,3.0983335971832275,0.954322874546051,0.992118239402771,0.29026567935943604
1751305981.185965,3.098318099975586,0.9543342590332031,0.9921367168426514,0.29027059674263
1751305981.1960287,3.0983197689056396,0.9543172717094421,0.9921242594718933,0.29026874899864197
1751305981.2159631,3.0983355045318604,0.9543293118476868,0.9921227097511292,0.2902642488479614
1751305981.2359755,3.0983452796936035,0.9543139338493347,0.9921339154243469,0.2902696430683136
1751305981.2459579,3.0983309745788574,0.9543296694755554,0.992120623588562,0.2902677357196808
1751305981.265928,3.098336935043335,0.9543173909187317,0.9921141266822815,0.2902719974517822
1751305981.2761412,3.0983293056488037,0.9543377757072449,0.992129921913147,0.2902747094631195
1751305981.2959504,3.0983188152313232,0.9543343782424927,0.9921247959136963,0.2902644872665405
1751305981.315931,3.0983309745788574,0.954326331615448,0.9921151399612427,0.2902816832065582
1751305981.3259432,3.0983190536499023,0.9543367624282837,0.9921220541000366,0.2902779281139374
1751305981.3460689,3.0983152389526367,0.9543263912200928,0.9921243190765381,0.29027244448661804
1751305981.3559353,3.0983331203460693,0.9543227553367615,0.9921186566352844,0.290286123752594
1751305981.3759181,3.098320960998535,0.954340934753418,0.9921090006828308,0.29028239846229553
1751305981.3860414,3.0983076095581055,0.9543138742446899,0.9921296834945679,0.2902697026729584
1751305981.4059167,3.098332166671753,0.9543138742446899,0.9921198487281799,0.29028046131134033
1751305981.425903,3.0983376502990723,0.9543513059616089,0.9921250343322754,0.2902721166610718
1751305981.4359198,3.0983214378356934,0.9543106555938721,0.9921180605888367,0.2902827858924866
1751305981.4460473,3.098336696624756,0.9543449282646179,0.9921271800994873,0.29028886556625366
1751305981.4659321,3.098329544067383,0.9543262124061584,0.9921164512634277,0.2902689278125763
1751305981.4859066,3.0983169078826904,0.9543384313583374,0.9921207427978516,0.2902970016002655
1751305981.4959478,3.0983176231384277,0.9543349146842957,0.9921085238456726,0.2902624011039734
1751305981.5159245,3.0983197689056396,0.9543214440345764,0.9921380281448364,0.2902951240539551
1751305981.5359237,3.0983474254608154,0.9543264508247375,0.9921171069145203,0.290268212556839
1751305981.5460713,3.0983240604400635,0.9543161988258362,0.9921213984489441,0.29027611017227173
1751305981.565933,3.0983214378356934,0.9543495774269104,0.9921121597290039,0.29029005765914917
1751305981.5759616,3.0983407497406006,0.9543289542198181,0.992119550704956,0.29027214646339417
1751305981.59594,3.098341703414917,0.9543177485466003,0.9921303391456604,0.2902829051017761
1751305981.6059358,3.0983309745788574,0.9543424844741821,0.9921082854270935,0.2902773916721344
1751305981.6259396,3.098332643508911,0.9543102383613586,0.9920954704284668,0.29025572538375854
1751305981.6359491,3.0983355045318604,0.9543261528015137,0.9921215772628784,0.2902858257293701
1751305981.6559882,3.0983715057373047,0.9543285965919495,0.9921205043792725,0.2902671992778778
1751305981.6659222,3.0983383655548096,0.9543250203132629,0.9921015501022339,0.29027771949768066
1751305981.6863601,3.0983262062072754,0.9543341994285583,0.9921070337295532,0.29027584195137024
1751305981.6959887,3.0983378887176514,0.9543108344078064,0.9921146631240845,0.2902595102787018
1751305981.7159622,3.0983378887176514,0.9543324112892151,0.9921108484268188,0.29028961062431335
1751305981.7368767,3.0983219146728516,0.9543201327323914,0.9920915365219116,0.29027578234672546
1751305981.745934,3.098342180252075,0.9543135166168213,0.9921213388442993,0.2902793288230896
1751305981.766034,3.0983400344848633,0.954315185546875,0.9921213388442993,0.29028749465942383
1751305981.785951,3.098353385925293,0.9543206691741943,0.9921165704727173,0.29027509689331055
1751305981.796013,3.098334550857544,0.9543005228042603,0.9921040534973145,0.29028183221817017
1751305981.8060083,3.098327159881592,0.9543417692184448,0.9921184778213501,0.29028624296188354
1751305981.8259716,3.098369836807251,0.9543123245239258,0.9921191334724426,0.2902815043926239
1751305981.846,3.0983357429504395,0.954302191734314,0.9921505451202393,0.29028576612472534
1751305981.8659253,3.0983495712280273,0.9543454647064209,0.9921087026596069,0.2902674078941345
1751305981.8759716,3.098336696624756,0.9543007016181946,0.9921346306800842,0.2902766466140747
1751305981.8959317,3.0983498096466064,0.9543359279632568,0.9921289682388306,0.29027414321899414
1751305981.906109,3.0983381271362305,0.9543331265449524,0.9921249747276306,0.2902677357196808
1751305981.9159367,3.0983378887176514,0.9542955160140991,0.9921430945396423,0.2902768552303314
1751305981.9359128,3.098355293273926,0.9543059468269348,0.9921220541000366,0.29025912284851074
1751305981.945945,3.098353624343872,0.9543001651763916,0.9921239018440247,0.2902665436267853
1751305981.96592,3.098355770111084,0.9543213844299316,0.9921289086341858,0.29029232263565063
1751305981.9859288,3.0983495712280273,0.9543030858039856,0.9921094179153442,0.2902691960334778
1751305981.9959197,3.0983500480651855,0.9543300867080688,0.9921121597290039,0.2902959883213043
1751305982.0159264,3.098341941833496,0.9543114900588989,0.9921069145202637,0.2902701795101166
1751305982.025926,3.0983359813690186,0.9543247222900391,0.9921285510063171,0.29029563069343567
1751305982.0459957,3.0983364582061768,0.9543250799179077,0.992110013961792,0.290304571390152
1751305982.0659194,3.09832763671875,0.9543112516403198,0.9921082258224487,0.29025012254714966
1751305982.075924,3.0983450412750244,0.9543259739875793,0.9921277761459351,0.29028624296188354
1751305982.0859556,3.0983517169952393,0.9543260931968689,0.992112934589386,0.29026928544044495
1751305982.1059039,3.0983335971832275,0.9543173909187317,0.9921184182167053,0.29027751088142395
1751305982.1269252,3.098348379135132,0.9543251991271973,0.9921322464942932,0.29028770327568054
1751305982.1459458,3.098348617553711,0.9543166160583496,0.9921252131462097,0.2902611494064331
1751305982.1561441,3.098325490951538,0.9543368220329285,0.9921179413795471,0.2902856469154358
1751305982.1659503,3.0983376502990723,0.9543379545211792,0.9921208024024963,0.29027026891708374
1751305982.1859486,3.0983433723449707,0.954310417175293,0.9921236634254456,0.2902754843235016
1751305982.2059407,3.09832501411438,0.9543275237083435,0.9921091794967651,0.29026755690574646
1751305982.2159564,3.0983307361602783,0.9543386697769165,0.99210125207901,0.290269136428833
1751305982.2360318,3.0983314514160156,0.954319417476654,0.9921278953552246,0.29028135538101196
1751305982.2459605,3.098353862762451,0.9543272852897644,0.9921188950538635,0.29027706384658813
1751305982.2659793,3.098342180252075,0.9543397426605225,0.9921081066131592,0.29027995467185974
1751305982.2760787,3.098330497741699,0.9543229341506958,0.9921063780784607,0.2902752757072449
1751305982.2959528,3.0983524322509766,0.954327404499054,0.9921313524246216,0.290276437997818
1751305982.3161876,3.098335027694702,0.9543286561965942,0.9921283721923828,0.29029279947280884
1751305982.3259413,3.0983383655548096,0.9543147683143616,0.9921196699142456,0.29028671979904175
1751305982.3458877,3.098329782485962,0.954315721988678,0.9921057820320129,0.29026681184768677
1751305982.3559184,3.098353385925293,0.9543322920799255,0.992144763469696,0.2902771830558777
1751305982.375912,3.0983364582061768,0.9543259739875793,0.992123007774353,0.2902795672416687
1751305982.3859189,3.0983359813690186,0.9543148279190063,0.9921218156814575,0.29027077555656433
1751305982.4059157,3.098331928253174,0.9543483257293701,0.9921146035194397,0.2902795374393463
1751305982.4261668,3.0983643531799316,0.9543431401252747,0.9921128153800964,0.29026731848716736
1751305982.435919,3.098355293273926,0.9543305039405823,0.9921278357505798,0.2902742922306061
1751305982.4559216,3.098320960998535,0.9543334245681763,0.9921234250068665,0.2902907133102417
1751305982.4659336,3.0983517169952393,0.9543213844299316,0.9921135306358337,0.2902679145336151
1751305982.4859018,3.0983457565307617,0.9543474912643433,0.9921283721923828,0.29029157757759094
1751305982.495939,3.0983541011810303,0.9543224573135376,0.992122232913971,0.29025790095329285
1751305982.5159154,3.098336696624756,0.9543153643608093,0.9921015501022339,0.29028236865997314
1751305982.5260167,3.0983541011810303,0.9543420672416687,0.9921025633811951,0.29026922583580017
1751305982.5559053,3.0983633995056152,0.954322338104248,0.9921312928199768,0.29027941823005676
1751305982.5759497,3.098327159881592,0.9543242454528809,0.9921171069145203,0.2902759909629822
1751305982.5859382,3.09834623336792,0.9543338418006897,0.9921145439147949,0.29026275873184204
1751305982.596009,3.0983381271362305,0.9543281197547913,0.9921282529830933,0.29029470682144165
1751305982.6159441,3.098337173461914,0.9543380737304688,0.9921364784240723,0.2902796268463135
1751305982.6259537,3.0983550548553467,0.9543129801750183,0.9921361207962036,0.29026779532432556
1751305982.6459122,3.0983431339263916,0.9543436765670776,0.9921120405197144,0.29029080271720886
1751305982.655927,3.098330497741699,0.9543238878250122,0.9921153783798218,0.29026007652282715
1751305982.6763554,3.098362922668457,0.9543094635009766,0.9921448826789856,0.29026955366134644
1751305982.6859555,3.09834623336792,0.9543409943580627,0.9921392202377319,0.2902871072292328
1751305982.705935,3.098336935043335,0.9543174505233765,0.9920918345451355,0.29026544094085693
1751305982.715936,3.0983545780181885,0.9543141722679138,0.9921378493309021,0.2902887165546417
1751305982.735935,3.098334789276123,0.9543282985687256,0.9921351671218872,0.29025518894195557
1751305982.7459395,3.0983424186706543,0.9543153047561646,0.9921112656593323,0.290282666683197
1751305982.76589,3.0983383655548096,0.9543235898017883,0.9921242594718933,0.29025864601135254
1751305982.7764544,3.0983405113220215,0.9543328881263733,0.9921315312385559,0.290267676115036
1751305982.7959173,3.0983409881591797,0.9543207883834839,0.9921224117279053,0.29027247428894043
1751305982.8159208,3.098341703414917,0.9543267488479614,0.9921152591705322,0.2902674376964569
1751305982.8261697,3.098336935043335,0.954312801361084,0.992124617099762,0.2902602553367615
1751305982.8459005,3.098365545272827,0.9543173313140869,0.9921385645866394,0.2902674078941345
1751305982.855946,3.098358631134033,0.9543277621269226,0.9921219348907471,0.29026633501052856
1751305982.876089,3.098330497741699,0.9543097615242004,0.9921314120292664,0.29027116298675537
1751305982.8859296,3.0983290672302246,0.954307496547699,0.992117166519165,0.29027318954467773
1751305982.9058976,3.098339796066284,0.9543254971504211,0.9921244978904724,0.29027771949768066
1751305982.9259508,3.0983505249023438,0.9543322920799255,0.9921123385429382,0.290275514125824
1751305982.9359603,3.098344564437866,0.9543440937995911,0.9920986890792847,0.2902792692184448
1751305982.9459877,3.0983362197875977,0.954319953918457,0.9921160340309143,0.2902640998363495
1751305982.9759998,3.0983450412750244,0.9543236494064331,0.9921163320541382,0.2902805805206299
1751305982.985946,3.0983469486236572,0.9543219208717346,0.9921091794967651,0.29026126861572266
1751305982.995931,3.098334789276123,0.9543249011039734,0.9921196103096008,0.2902945578098297
1751305983.0159369,3.0983266830444336,0.9543336033821106,0.9921190738677979,0.2902847230434418
1751305983.0259871,3.098335027694702,0.9543139338493347,0.9921140074729919,0.29028046131134033
1751305983.0461085,3.098336696624756,0.9543417096138,0.9921156764030457,0.2902849614620209
1751305983.0659957,3.098311185836792,0.9543368220329285,0.9920870065689087,0.29027581214904785
1751305983.076052,3.0983407497406006,0.9543256759643555,0.9921205043792725,0.29029402136802673
1751305983.0959659,3.0983340740203857,0.9543421864509583,0.9921069145202637,0.2902827262878418
1751305983.1059525,3.0983383655548096,0.954307496547699,0.9921257495880127,0.29027530550956726
1751305983.1259398,3.0983223915100098,0.9543201923370361,0.992096483707428,0.29028844833374023
1751305983.1459417,3.098339796066284,0.9543108344078064,0.9921254515647888,0.29026514291763306
1751305983.156068,3.0983221530914307,0.9543171525001526,0.9921172261238098,0.2902956008911133
1751305983.1659548,3.098335027694702,0.9543361067771912,0.9921127557754517,0.29027891159057617
1751305983.185987,3.098327398300171,0.9543247818946838,0.9920922517776489,0.2902560234069824
1751305983.2060013,3.0983476638793945,0.9543335437774658,0.9921303987503052,0.29026734828948975
1751305983.216023,3.0983424186706543,0.9543177485466003,0.9921150207519531,0.29025799036026
1751305983.2361267,3.098334312438965,0.9543265700340271,0.9921111464500427,0.29029759764671326
1751305983.2459853,3.0983505249023438,0.9543353319168091,0.9921063184738159,0.2902469038963318
1751305983.2659867,3.098336696624756,0.9543101787567139,0.9921161532402039,0.29027944803237915
1751305983.2760465,3.098355770111084,0.9543205499649048,0.99211186170578,0.29027843475341797
1751305983.2960274,3.098337173461914,0.9543336033821106,0.9921064376831055,0.2902672290802002
1751305983.315963,3.0983242988586426,0.9543118476867676,0.9921048879623413,0.29026442766189575
1751305983.325967,3.0983238220214844,0.954308271408081,0.9921072721481323,0.29027363657951355
1751305983.3459086,3.098348617553711,0.9543293118476868,0.9921064972877502,0.29027169942855835
1751305983.366109,3.0983192920684814,0.9543445706367493,0.9921117424964905,0.2902887761592865
1751305983.3760192,3.0983400344848633,0.9543138742446899,0.9920998811721802,0.29026350378990173
1751305983.3959937,3.098350763320923,0.9543184638023376,0.9921207427978516,0.29028084874153137
1751305983.4059298,3.0983433723449707,0.9543287754058838,0.9921162128448486,0.29028451442718506
1751305983.4259117,3.098345994949341,0.9543260335922241,0.9921098947525024,0.29027220606803894
1751305983.4360857,3.0983362197875977,0.954307496547699,0.9921236634254456,0.2902809679508209
1751305983.4559166,3.098348379135132,0.9543231129646301,0.9921156764030457,0.29027920961380005
1751305983.4659357,3.0983405113220215,0.9543167948722839,0.992117702960968,0.2902596592903137
1751305983.4859686,3.098327398300171,0.9543326497077942,0.992108941078186,0.29027727246284485
1751305983.495978,3.0983469486236572,0.9542982578277588,0.9921080470085144,0.29026612639427185
1751305983.5159066,3.098336696624756,0.9543210864067078,0.9921156167984009,0.2902800440788269
1751305983.5259135,3.09834623336792,0.9543161988258362,0.9921169281005859,0.290281742811203
1751305983.54591,3.0983340740203857,0.9542930722236633,0.9920951724052429,0.2902536690235138
1751305983.555917,3.09832763671875,0.9543067216873169,0.9920938611030579,0.2902894616127014
1751305983.575904,3.0983521938323975,0.9543178081512451,0.9921040534973145,0.2902555465698242
1751305983.5959156,3.098361015319824,0.9543137550354004,0.9921176433563232,0.29027777910232544
1751305983.6059253,3.098334312438965,0.954322874546051,0.9921051859855652,0.2902606427669525
1751305983.6259038,3.09836483001709,0.9543206095695496,0.9921199679374695,0.29025891423225403
1751305983.6359448,3.0983622074127197,0.9543092846870422,0.9921173453330994,0.290269672870636
1751305983.6559348,3.0983612537384033,0.9543127417564392,0.9921126365661621,0.2902470529079437
1751305983.675926,3.0983660221099854,0.9543104767799377,0.9921091198921204,0.29026615619659424
1751305983.6859355,3.0983352661132812,0.9543161988258362,0.9921206831932068,0.29028037190437317
1751305983.7058992,3.098344564437866,0.9542874693870544,0.9920997619628906,0.2902389466762543
1751305983.7159681,3.0983622074127197,0.9543346762657166,0.9921025037765503,0.2902849614620209
1751305983.7359152,3.0983386039733887,0.9543083310127258,0.9921150207519531,0.2902434468269348
1751305983.7459278,3.0983564853668213,0.9543094038963318,0.9921106100082397,0.2902684509754181
1751305983.7659068,3.098353862762451,0.9543119668960571,0.9921176433563232,0.2902561128139496
1751305983.7859662,3.098322868347168,0.9543038606643677,0.9921223521232605,0.2902587652206421
1751305983.7959301,3.0983378887176514,0.9543024897575378,0.992113471031189,0.29027196764945984
1751305983.806079,3.098341226577759,0.9543136358261108,0.9921051859855652,0.29026561975479126
1751305983.8259525,3.0983567237854004,0.9542957544326782,0.9921033978462219,0.29027700424194336
1751305983.845971,3.098330020904541,0.9543156027793884,0.992114782333374,0.2902655005455017
1751305983.8560104,3.0983505249023438,0.954306960105896,0.9921075701713562,0.2902655303478241
1751305983.8759353,3.0983452796936035,0.9543140530586243,0.9921039938926697,0.2902829349040985
1751305983.885948,3.098353624343872,0.9543184041976929,0.9921106100082397,0.29027825593948364
1751305983.9059353,3.098342180252075,0.9543134570121765,0.9920971989631653,0.2902720868587494
1751305983.9259446,3.0983402729034424,0.9543008804321289,0.9921154379844666,0.2902796268463135
1751305983.9359403,3.098337173461914,0.954319953918457,0.9920951724052429,0.29027414321899414
1751305983.9459689,3.09835147857666,0.9542877078056335,0.9921151399612427,0.2902773320674896
1751305983.965959,3.0983526706695557,0.9543150067329407,0.992107093334198,0.29027336835861206
1751305983.9859347,3.0983431339263916,0.9542973041534424,0.9921061396598816,0.2902587354183197
1751305983.996495,3.0983500480651855,0.9542981386184692,0.9921295642852783,0.29029300808906555
1751305984.0159135,3.098350763320923,0.9543223977088928,0.992098867893219,0.2902572751045227
1751305984.025964,3.0983550548553467,0.9542924761772156,0.9921026229858398,0.29026085138320923
1751305984.0459175,3.0983688831329346,0.9543055295944214,0.9921218156814575,0.2902792990207672
1751305984.0659215,3.098367929458618,0.954298734664917,0.9921236634254456,0.2902662456035614
1751305984.0760283,3.098360776901245,0.9543051719665527,0.9921225905418396,0.2902756929397583
1751305984.086057,3.0983521938323975,0.9543201923370361,0.9921135902404785,0.29025471210479736
1751305984.1059167,3.0983378887176514,0.9542949199676514,0.992120623588562,0.29027196764945984
1751305984.1259093,3.0983476638793945,0.9543265700340271,0.9921180605888367,0.2902873158454895
1751305984.145904,3.098343849182129,0.954299807548523,0.9921191334724426,0.2902558743953705
1751305984.1561203,3.098353147506714,0.9543189406394958,0.9921154379844666,0.2902948260307312
1751305984.176088,3.098362684249878,0.9543079733848572,0.9921227097511292,0.2902548313140869
1751305984.185967,3.098348617553711,0.9543004035949707,0.9921202659606934,0.2902586758136749
1751305984.2059157,3.0983524322509766,0.9543399214744568,0.9921283721923828,0.29027777910232544
1751305984.2159777,3.0983529090881348,0.9543315768241882,0.9921233057975769,0.2902502417564392
1751305984.2359931,3.0983288288116455,0.9542930126190186,0.99212247133255,0.29027649760246277
1751305984.2560484,3.0983457565307617,0.9543065428733826,0.9921132922172546,0.2902536988258362
1751305984.2660615,3.098328113555908,0.9543152451515198,0.9921263456344604,0.290278822183609
1751305984.2859414,3.0983572006225586,0.9543193578720093,0.9921203851699829,0.2902628481388092
1751305984.2960129,3.0983548164367676,0.9543113708496094,0.9921144843101501,0.2902544438838959
1751305984.3059237,3.098339557647705,0.9543067812919617,0.9921182990074158,0.29025980830192566
1751305984.3259084,3.098353385925293,0.9543300867080688,0.9921103715896606,0.2902621626853943
1751305984.3459136,3.0983388423919678,0.9543125629425049,0.9920986294746399,0.29025793075561523
1751305984.3560472,3.0983283519744873,0.9543089866638184,0.9920907020568848,0.29027265310287476
1751305984.3759055,3.0983619689941406,0.9543226361274719,0.9921094179153442,0.29025933146476746
1751305984.3859475,3.09833025932312,0.9543149471282959,0.9921155571937561,0.29028159379959106
1751305984.40592,3.0983493328094482,0.9543375968933105,0.9921177625656128,0.29026392102241516
1751305984.4161122,3.098355293273926,0.9543338418006897,0.9921029210090637,0.29025858640670776
1751305984.4359293,3.0983309745788574,0.9543067216873169,0.9921237826347351,0.29027020931243896
1751305984.4561276,3.0983564853668213,0.9543288946151733,0.992113471031189,0.2902703881263733
1751305984.4659605,3.098324775695801,0.9543103575706482,0.9921248555183411,0.2902691066265106
1751305984.4859369,3.098339557647705,0.9543362259864807,0.9921211004257202,0.2902773916721344
1751305984.49593,3.0983572006225586,0.9543046951293945,0.9921148419380188,0.29026544094085693
1751305984.5159512,3.098332643508911,0.954309344291687,0.9921120405197144,0.2902653217315674
1751305984.5259516,3.098355531692505,0.954342246055603,0.9921090602874756,0.29027101397514343
1751305984.545974,3.098350763320923,0.9543132781982422,0.9921137094497681,0.290250301361084
1751305984.5559359,3.098332643508911,0.954315185546875,0.9921190142631531,0.290287047624588
1751305984.5759056,3.09834623336792,0.9543216824531555,0.9921045899391174,0.2902558445930481
1751305984.5859456,3.098336696624756,0.9543075561523438,0.9921174049377441,0.2902715504169464
1751305984.6059203,3.0983309745788574,0.9543338418006897,0.992100715637207,0.2902612090110779
1751305984.6259196,3.098332643508911,0.9542989134788513,0.9921049475669861,0.2902621030807495
1751305984.6359758,3.0983316898345947,0.9543299674987793,0.9920933246612549,0.2902876138687134
1751305984.6559289,3.0983433723449707,0.9543253779411316,0.9921069145202637,0.29026129841804504
1751305984.6759524,3.0983498096466064,0.9542997479438782,0.9921159148216248,0.2902817726135254
1751305984.685947,3.0983500480651855,0.954345703125,0.9921128153800964,0.29029613733291626
1751305984.6959536,3.0983307361602783,0.9543049335479736,0.992099940776825,0.29024434089660645
1751305984.7159882,3.098348617553711,0.9543255567550659,0.9921295046806335,0.2902863621711731
1751305984.7362504,3.0983545780181885,0.9543264508247375,0.9921159744262695,0.2902599573135376
1751305984.7459888,3.0983452796936035,0.9543115496635437,0.9921058416366577,0.29028087854385376
1751305984.765945,3.0983405113220215,0.9543188810348511,0.9921126365661621,0.2902688980102539
1751305984.7759504,3.098341941833496,0.9543123245239258,0.9921048879623413,0.29025083780288696
1751305984.7959244,3.098358154296875,0.9543139338493347,0.9921171069145203,0.29028046131134033
1751305984.8059323,3.0983493328094482,0.9543259143829346,0.9920986294746399,0.29025816917419434
1751305984.8259351,3.098348379135132,0.9543057084083557,0.9921187162399292,0.2902759909629822
1751305984.8458953,3.098344564437866,0.954322338104248,0.9921066164970398,0.29027533531188965
1751305984.8559368,3.098346471786499,0.9543265104293823,0.9921115040779114,0.2902652323246002
1751305984.875918,3.0983455181121826,0.9543206691741943,0.992102861404419,0.29027751088142395
1751305984.885968,3.0983543395996094,0.9543184638023376,0.9921093583106995,0.2902647852897644
1751305984.9058902,3.098355293273926,0.9543008208274841,0.9921239018440247,0.29025471210479736
1751305984.9160554,3.0983493328094482,0.9543198347091675,0.9921135902404785,0.29027703404426575
1751305984.9359376,3.0983457565307617,0.9543221592903137,0.9921014904975891,0.29025158286094666
1751305984.9559352,3.0983541011810303,0.9542974233627319,0.992093026638031,0.29027608036994934
1751305984.9659488,3.0983588695526123,0.9543319940567017,0.9921121001243591,0.29026395082473755
1751305984.985955,3.098358154296875,0.9543170928955078,0.9920995831489563,0.2902684807777405
1751305984.995913,3.0983316898345947,0.9543092250823975,0.9920943379402161,0.29026269912719727
1751305985.0159564,3.098343849182129,0.9543207287788391,0.9920966625213623,0.2902636229991913
1751305985.025932,3.0983622074127197,0.9542994499206543,0.992110550403595,0.2902498245239258
1751305985.0459068,3.0983405113220215,0.9543284177780151,0.9921033382415771,0.29026469588279724
1751305985.0559237,3.0983502864837646,0.9543172121047974,0.9920932650566101,0.29025718569755554
1751305985.075936,3.098348379135132,0.9542968273162842,0.9921020269393921,0.2902751564979553
1751305985.0859299,3.0983359813690186,0.9543341398239136,0.992096483707428,0.29027679562568665
1751305985.1059394,3.098336935043335,0.9543066620826721,0.9921053051948547,0.29025694727897644
1751305985.1267817,3.098343849182129,0.9543089866638184,0.9920988082885742,0.29027700424194336
1751305985.1359577,3.0983359813690186,0.9543085694313049,0.9920953512191772,0.2902609705924988
1751305985.1559618,3.0983245372772217,0.9542984366416931,0.9921119809150696,0.2902926504611969
1751305985.1759727,3.098351240158081,0.9543091058731079,0.9921019077301025,0.290266215801239
1751305985.1859336,3.098341941833496,0.9543116092681885,0.9921076893806458,0.2902633547782898
1751305985.2059212,3.0983328819274902,0.9543083310127258,0.9921082258224487,0.2902917265892029
1751305985.2259588,3.0983691215515137,0.9543113112449646,0.9921083450317383,0.2902499735355377
1751305985.2359285,3.098334550857544,0.9543074369430542,0.9921061396598816,0.29028525948524475
1751305985.255924,3.0983407497406006,0.9543061852455139,0.9921046495437622,0.29025983810424805
1751305985.2659218,3.098339796066284,0.9543170928955078,0.9920968413352966,0.29027411341667175
1751305985.2859285,3.0983402729034424,0.9543272852897644,0.9921087026596069,0.2902851700782776
1751305985.2961044,3.098349094390869,0.9542996883392334,0.9920987486839294,0.2902698218822479
1751305985.3159547,3.0983381271362305,0.954295814037323,0.9921166896820068,0.2902756333351135
1751305985.3259494,3.0983524322509766,0.9543183445930481,0.9921049475669861,0.29026633501052856
1751305985.3459108,3.0983314514160156,0.9542950391769409,0.9921110272407532,0.2902681827545166
1751305985.3659081,3.0983428955078125,0.9543100595474243,0.9921212792396545,0.2902764081954956
1751305985.3759274,3.098355293273926,0.9542964696884155,0.992120623588562,0.2902545630931854
1751305985.3859477,3.098332166671753,0.954312801361084,0.992117702960968,0.29027023911476135
1751305985.4059162,3.0983545780181885,0.9543232917785645,0.9921226501464844,0.29026028513908386
1751305985.4260771,3.098342180252075,0.9543085098266602,0.9921109676361084,0.29027315974235535
1751305985.4359858,3.098342180252075,0.9543210864067078,0.9921355843544006,0.29027247428894043
1751305985.4559028,3.098346710205078,0.9543118476867676,0.9921206831932068,0.2902700901031494
1751305985.4659905,3.0983541011810303,0.9543227553367615,0.9921286106109619,0.29026734828948975
1751305985.4860852,3.098351001739502,0.9543023705482483,0.9921262860298157,0.29025837779045105
1751305985.4959908,3.098365306854248,0.9543206691741943,0.9921196699142456,0.29026442766189575
1751305985.5159934,3.098358631134033,0.9543027877807617,0.9921159744262695,0.29026246070861816
1751305985.535918,3.0983633995056152,0.9543309807777405,0.9921104311943054,0.2902616262435913
1751305985.5459228,3.0983619689941406,0.954297661781311,0.9921255111694336,0.2902655303478241
1751305985.5659494,3.098369598388672,0.9542937278747559,0.9921281337738037,0.29027462005615234
1751305985.5759754,3.098362445831299,0.9543163180351257,0.9921084046363831,0.29026615619659424
1751305985.5959551,3.0983753204345703,0.9542942047119141,0.9921128749847412,0.2902630567550659
1751305985.6060863,3.0983660221099854,0.9543022513389587,0.9921287894248962,0.29027262330055237
1751305985.625932,3.09839129447937,0.9543073177337646,0.9921228289604187,0.290265828371048
1751305985.636155,3.0983705520629883,0.9542988538742065,0.9921293258666992,0.290272057056427
1751305985.6559243,3.098372459411621,0.9543123841285706,0.9921166300773621,0.2902754843235016
1751305985.6659374,3.0983803272247314,0.9542987942695618,0.9921244382858276,0.29025736451148987
1751305985.6859214,3.0983726978302,0.9543236494064331,0.9921209216117859,0.2902849614620209
1751305985.7059455,3.0983779430389404,0.9542898535728455,0.9921225905418396,0.29025572538375854
1751305985.715924,3.0983729362487793,0.9543064832687378,0.9921083450317383,0.29027971625328064
1751305985.7359304,3.0983800888061523,0.9543150663375854,0.9921222925186157,0.2902586758136749
1751305985.75593,3.0983660221099854,0.9542779326438904,0.9921230673789978,0.29026490449905396
1751305985.765932,3.0983657836914062,0.9543097019195557,0.9921144843101501,0.290274053812027
1751305985.7759323,3.0983707904815674,0.9543120861053467,0.9920993447303772,0.29026147723197937
1751305985.7959166,3.098345994949341,0.9542968273162842,0.9921125173568726,0.2902747690677643
1751305985.8159156,3.098365306854248,0.9543032646179199,0.9921111464500427,0.29025664925575256
1751305985.83593,3.0983662605285645,0.9543002247810364,0.9921287298202515,0.2902742922306061
1751305985.8459487,3.0983572006225586,0.9542998671531677,0.9921170473098755,0.2902722954750061
1751305985.8559492,3.0983662605285645,0.9543080925941467,0.9921141862869263,0.29024967551231384
1751305985.8759212,3.0983498096466064,0.9542986750602722,0.9921154975891113,0.2902728319168091
1751305985.8959124,3.0983572006225586,0.9543062448501587,0.9921230673789978,0.29027223587036133
1751305985.9059274,3.098358392715454,0.9542784690856934,0.9921118021011353,0.29027533531188965
1751305985.9259014,3.098339319229126,0.9543007016181946,0.9921293258666992,0.29028525948524475
1751305985.9359324,3.098374843597412,0.9543017148971558,0.9921245574951172,0.2902758717536926
1751305985.9559348,3.0983800888061523,0.954288899898529,0.9921262264251709,0.2902863323688507
1751305985.9659724,3.0983409881591797,0.9543064832687378,0.9921183586120605,0.29026105999946594
1751305985.9859228,3.0983736515045166,0.9542894959449768,0.9921162128448486,0.2902708053588867
1751305985.9959404,3.098369598388672,0.9542756080627441,0.992133617401123,0.29026350378990173
1751305986.0159237,3.0983707904815674,0.954317033290863,0.9921095967292786,0.2902643382549286
1751305986.0259423,3.0983572006225586,0.9542950391769409,0.992125391960144,0.29025283455848694
1751305986.0459206,3.0983707904815674,0.9542938470840454,0.9921183586120605,0.2902696132659912
1751305986.0565963,3.0983688831329346,0.9543167352676392,0.9921055436134338,0.2902602553367615
1751305986.0759184,3.09837007522583,0.9542811512947083,0.9921024441719055,0.290256530046463
1751305986.0959191,3.0983731746673584,0.9543161392211914,0.9921210408210754,0.2902661859989166
1751305986.1059434,3.098369836807251,0.9543064832687378,0.9921039938926697,0.29025498032569885
1751305986.125931,3.0983688831329346,0.9543070197105408,0.992119550704956,0.29028546810150146
1751305986.1359694,3.098362922668457,0.9543301463127136,0.992118775844574,0.2902674376964569
1751305986.1559215,3.098370313644409,0.954287588596344,0.9921257495880127,0.2902761995792389
1751305986.165942,3.0983705520629883,0.954337477684021,0.9921058416366577,0.2902708053588867
1751305986.1859741,3.0983500480651855,0.954280436038971,0.9921141266822815,0.2902604937553406
1751305986.1959288,3.0983612537384033,0.9543021321296692,0.9921199679374695,0.29027652740478516
1751305986.2159262,3.0983657836914062,0.9543203115463257,0.9921290874481201,0.2902625501155853
1751305986.2363725,3.098356246948242,0.9543043971061707,0.9921090006828308,0.29026421904563904
1751305986.2459505,3.098381996154785,0.9543289542198181,0.9921122193336487,0.2902784049510956
1751305986.2659612,3.0983710289001465,0.9543238878250122,0.9921045303344727,0.29026558995246887
1751305986.275936,3.0983598232269287,0.9543035626411438,0.9921263456344604,0.2902982532978058
1751305986.2959173,3.0983688831329346,0.9543331861495972,0.9921073317527771,0.29024964570999146
1751305986.305952,3.0983643531799316,0.9543115496635437,0.9921028017997742,0.2902681827545166
1751305986.3259273,3.098349094390869,0.9543200135231018,0.99211186170578,0.2902769148349762
1751305986.345921,3.098386287689209,0.9543079733848572,0.9921208024024963,0.290263831615448
1751305986.355939,3.0983517169952393,0.9543288946151733,0.9921194911003113,0.2902833819389343
1751305986.375921,3.098362922668457,0.9543164372444153,0.9921060800552368,0.2902517020702362
1751305986.3859303,3.09837007522583,0.9542977213859558,0.9921116828918457,0.29026344418525696
1751305986.4059236,3.098367929458618,0.9543281197547913,0.99212247133255,0.29028403759002686
1751305986.4159486,3.0983569622039795,0.954334020614624,0.9921106100082397,0.2902619242668152
1751305986.4359412,3.0983524322509766,0.9543102979660034,0.992111325263977,0.29028433561325073
1751305986.445922,3.098369598388672,0.9543117880821228,0.9921159148216248,0.2902599275112152
1751305986.4658976,3.098365306854248,0.954310417175293,0.9921057820320129,0.29026418924331665
1751305986.4859014,3.0983669757843018,0.9543130993843079,0.9921203851699829,0.2902642786502838
1751305986.4959261,3.0983383655548096,0.954313337802887,0.9920842051506042,0.29025596380233765
1751305986.5159116,3.09836483001709,0.9543140530586243,0.9920963644981384,0.2902696430683136
1751305986.5259655,3.098375082015991,0.954319179058075,0.9921131730079651,0.29026392102241516
1751305986.545929,3.0983924865722656,0.9543167948722839,0.9921234846115112,0.29027047753334045
1751305986.5559459,3.098358631134033,0.9543138146400452,0.9921019673347473,0.2902727723121643
1751305986.5761464,3.0983529090881348,0.9543025493621826,0.9921199083328247,0.2902677059173584
1751305986.5959315,3.0983734130859375,0.9542945027351379,0.9921091794967651,0.29026517271995544
1751305986.6059377,3.098360776901245,0.9543231725692749,0.9921199083328247,0.29027655720710754
1751305986.6259055,3.0983710289001465,0.954312264919281,0.9920946359634399,0.29025161266326904
1751305986.6359339,3.0983753204345703,0.9543071389198303,0.9921197295188904,0.29027336835861206
1751305986.6559153,3.0983645915985107,0.9543121457099915,0.9921069145202637,0.2902630567550659
1751305986.6759195,3.09836745262146,0.9543057680130005,0.9921289086341858,0.29026368260383606
1751305986.6859715,3.0983657836914062,0.954314112663269,0.9921160936355591,0.2902762293815613
1751305986.6974814,3.09834885597229,0.954308271408081,0.9921025633811951,0.29025763273239136
1751305986.7159307,3.098353862762451,0.9543127417564392,0.9921308159828186,0.2902839183807373
1751305986.7359202,3.098365306854248,0.9543117880821228,0.9921229481697083,0.29026150703430176
1751305986.745944,3.098350763320923,0.9543044567108154,0.9921091794967651,0.2902626693248749
1751305986.7658975,3.098357915878296,0.9543164372444153,0.9921222925186157,0.2902730405330658
1751305986.7759264,3.0983517169952393,0.9543001055717468,0.9921159744262695,0.29025450348854065
1751305986.7959263,3.0983574390411377,0.9542986750602722,0.9921197891235352,0.29027488827705383
1751305986.8159208,3.0983660221099854,0.954311728477478,0.9921227693557739,0.29027003049850464
1751305986.8260174,3.098362445831299,0.954297661781311,0.9921064376831055,0.29026564955711365
1751305986.845929,3.0983669757843018,0.954329252243042,0.9921116828918457,0.29026922583580017
1751305986.8559463,3.098353385925293,0.9543165564537048,0.9921237230300903,0.29025188088417053
1751305986.875923,3.09837007522583,0.9543050527572632,0.9921197295188904,0.29027360677719116
1751305986.8859878,3.0983660221099854,0.9543415307998657,0.9921178817749023,0.29026633501052856
1751305986.905927,3.0983684062957764,0.9542995095252991,0.9921101927757263,0.290264755487442
1751305986.9159455,3.0983593463897705,0.9543163180351257,0.9921037554740906,0.29028111696243286
1751305986.935907,3.0983588695526123,0.9543036222457886,0.9921116232872009,0.29025089740753174
1751305986.9459445,3.098367929458618,0.9543077349662781,0.9920985698699951,0.2902703881263733
1751305986.9659507,3.098372459411621,0.954318642616272,0.9921154379844666,0.29025909304618835
1751305986.9859302,3.0983529090881348,0.9543200731277466,0.9921051263809204,0.2902646064758301
1751305986.9963543,3.0983734130859375,0.9543108940124512,0.9921249151229858,0.2902667820453644
1751305987.0159328,3.0983641147613525,0.9543310403823853,0.9921139478683472,0.2902769446372986
1751305987.0360768,3.0983543395996094,0.954291582107544,0.9921090602874756,0.2902640700340271
1751305987.0459414,3.0983448028564453,0.9543079733848572,0.9921047687530518,0.29026785492897034
1751305987.0559754,3.09834885597229,0.9543166160583496,0.9921233057975769,0.29027363657951355
1751305987.085907,3.0983664989471436,0.9543187022209167,0.9921099543571472,0.29027262330055237
1751305987.0959265,3.098355293273926,0.9543356895446777,0.9921020865440369,0.2902650237083435
1751305987.1059709,3.098374366760254,0.9543078541755676,0.9921085834503174,0.2902531325817108
1751305987.127215,3.098388433456421,0.9543254375457764,0.9921185374259949,0.2902698516845703
1751305987.1359367,3.0983707904815674,0.9543129801750183,0.9920899271965027,0.290251225233078
1751305987.1559293,3.098357677459717,0.9543114304542542,0.9921213388442993,0.2902763783931732
1751305987.1659377,3.0983664989471436,0.954322099685669,0.9921047687530518,0.29028263688087463
1751305987.1859486,3.098369836807251,0.9543076157569885,0.9921062588691711,0.2902633845806122
1751305987.2059705,3.0983664989471436,0.9543316960334778,0.9921048879623413,0.2902753949165344
1751305987.2159991,3.098372459411621,0.954321026802063,0.9921015501022339,0.29026564955711365
1751305987.236028,3.098358392715454,0.9542814493179321,0.9921066761016846,0.2902575135231018
1751305987.2459588,3.0983715057373047,0.954333484172821,0.9921228885650635,0.2902803421020508
1751305987.2659426,3.0983660221099854,0.954297661781311,0.9921059012413025,0.2902505397796631
1751305987.285933,3.0983643531799316,0.954338550567627,0.9921093583106995,0.2902893126010895
1751305987.2959356,3.0983657836914062,0.9543043971061707,0.992104709148407,0.2902447283267975
1751305987.306136,3.098346471786499,0.9542948007583618,0.9921063780784607,0.2902786135673523
1751305987.3260555,3.098369598388672,0.9543127417564392,0.9921053647994995,0.29027479887008667
1751305987.3360724,3.098375082015991,0.9543189406394958,0.9921066164970398,0.2902572751045227
1751305987.3560715,3.098367691040039,0.9543128609657288,0.9921151995658875,0.29028335213661194
1751305987.3761954,3.098379373550415,0.954322338104248,0.9921084642410278,0.29024776816368103
1751305987.3860893,3.0983684062957764,0.9543083906173706,0.9921185970306396,0.29026079177856445
1751305987.405955,3.0983598232269287,0.9543276429176331,0.9921122193336487,0.29028183221817017
1751305987.426195,3.0983660221099854,0.954293429851532,0.992120623588562,0.2902511656284332
1751305987.4360044,3.0983505249023438,0.9543019533157349,0.9921101927757263,0.2902783453464508
1751305987.4459412,3.098384141921997,0.9543187618255615,0.9921141266822815,0.2902585566043854
1751305987.4659438,3.0983541011810303,0.9543079733848572,0.9921053647994995,0.2902641296386719
1751305987.4860005,3.0983669757843018,0.9543200135231018,0.9921189546585083,0.2902722954750061
1751305987.4959998,3.098371982574463,0.9543129801750183,0.9921042919158936,0.29025977849960327
1751305987.516012,3.0983657836914062,0.9543086290359497,0.9921130537986755,0.29026469588279724
1751305987.5259542,3.0983781814575195,0.9543064832687378,0.9921073317527771,0.29026681184768677
1751305987.5459194,3.0983693599700928,0.9543134570121765,0.9921080470085144,0.2902613878250122
1751305987.555977,3.098361015319824,0.9542933702468872,0.9921166896820068,0.29025402665138245
1751305987.5759513,3.0983691215515137,0.9543217420578003,0.99211585521698,0.2902641296386719
1751305987.5860791,3.098358392715454,0.9543060660362244,0.9921173453330994,0.29024311900138855
1751305987.6059566,3.0983519554138184,0.9543260335922241,0.9921320676803589,0.29027628898620605
1751305987.6259322,3.098362445831299,0.9542973041534424,0.9921144843101501,0.29025423526763916
1751305987.6360435,3.098360776901245,0.9543130397796631,0.992134153842926,0.29027441143989563
1751305987.6560006,3.098365545272827,0.9543132781982422,0.9921159744262695,0.2902640700340271
1751305987.6761768,3.0983622074127197,0.954315185546875,0.9921209216117859,0.29025882482528687
1751305987.6860583,3.09836745262146,0.9543193578720093,0.9921114444732666,0.2902691960334778
1751305987.6961129,3.098367929458618,0.9543144702911377,0.9921164512634277,0.2902539074420929
1751305987.7159936,3.09834623336792,0.9543206691741943,0.9921140670776367,0.2902596592903137
1751305987.7359123,3.0983612537384033,0.9543315768241882,0.9921188354492188,0.290257066488266
1751305987.7459192,3.0983669757843018,0.9543099999427795,0.9921256899833679,0.29025405645370483
1751305987.7659106,3.09834361076355,0.9543362855911255,0.992097020149231,0.29027509689331055
1751305987.7759662,3.09834623336792,0.9543148875236511,0.9921053051948547,0.2902531027793884
1751305987.7959046,3.098355531692505,0.9543207883834839,0.9921132922172546,0.2902631461620331
1751305987.816061,3.0983617305755615,0.9543139934539795,0.9921214580535889,0.29026737809181213
1751305987.8359032,3.0983450412750244,0.9543126225471497,0.9921070337295532,0.29027315974235535
1751305987.8459144,3.0983541011810303,0.9543178081512451,0.9921265840530396,0.2902548015117645
1751305987.8563414,3.098341464996338,0.9543246626853943,0.9921237230300903,0.2902437150478363
1751305987.8759184,3.098367691040039,0.9543052315711975,0.9921297430992126,0.290278822183609
1751305987.885921,3.0983481407165527,0.9543286561965942,0.9921131134033203,0.29025742411613464
1751305987.9058979,3.0983593463897705,0.9543156623840332,0.9921176433563232,0.29026538133621216
1751305987.9259133,3.098358392715454,0.9543156623840332,0.9921246767044067,0.29028385877609253
1751305987.9360769,3.0983457565307617,0.9543012380599976,0.9921165108680725,0.29026326537132263
1751305987.9459143,3.09834623336792,0.9542940855026245,0.9921154975891113,0.29026827216148376
1751305987.9659016,3.098355293273926,0.9543048739433289,0.992127001285553,0.29027026891708374
1751305987.976119,3.098371744155884,0.9542959332466125,0.9921159148216248,0.290268212556839
1751305987.9958994,3.0983612537384033,0.9542974233627319,0.9921249747276306,0.2902769446372986
1751305988.0159135,3.0983386039733887,0.954306960105896,0.9921115636825562,0.29026392102241516
1751305988.0259252,3.0983452796936035,0.9543119668960571,0.9921075105667114,0.2902699112892151
1751305988.0458994,3.098365545272827,0.9543197154998779,0.9921359419822693,0.29027000069618225
1751305988.0559142,3.0983681678771973,0.9543132781982422,0.9921212792396545,0.2902700901031494
1751305988.075924,3.09834361076355,0.9542906284332275,0.9921039342880249,0.2902717590332031
1751305988.09592,3.098372459411621,0.954323947429657,0.9921199083328247,0.29027318954467773
1751305988.1059542,3.098372220993042,0.9543048143386841,0.9921249747276306,0.29026561975479126
1751305988.1259348,3.0983505249023438,0.9543160796165466,0.9921091794967651,0.29028618335723877
1751305988.1459193,3.0983474254608154,0.9543074369430542,0.992100715637207,0.2902616858482361
1751305988.1559262,3.0983636379241943,0.9542949795722961,0.992135763168335,0.29027584195137024
1751305988.1759079,3.0983705520629883,0.9543276429176331,0.9921181201934814,0.29026561975479126
1751305988.185934,3.0983428955078125,0.9543105363845825,0.9921013116836548,0.2902517318725586
1751305988.2058957,3.098337173461914,0.9542964696884155,0.9921103119850159,0.2902742028236389
1751305988.2159204,3.0983662605285645,0.9543319940567017,0.9921153783798218,0.2902601957321167
1751305988.2359226,3.098356246948242,0.9543012976646423,0.9921267628669739,0.29027119278907776
1751305988.2459352,3.0983431339263916,0.9543352127075195,0.9920974373817444,0.2902717888355255
1751305988.2659457,3.0983476638793945,0.9543129801750183,0.9921059608459473,0.29025864601135254
1751305988.2761955,3.098355770111084,0.954326868057251,0.9921275973320007,0.29029107093811035
1751305988.296142,3.098358392715454,0.9543313980102539,0.9921156167984009,0.29027265310287476
1751305988.305959,3.098357915878296,0.9543080925941467,0.9921029806137085,0.2902614176273346
1751305988.3259218,3.098341703414917,0.9543096423149109,0.9921060800552368,0.29028186202049255
1751305988.3361335,3.098362922668457,0.9543009400367737,0.9921240210533142,0.2902533710002899
1751305988.3660302,3.0983567237854004,0.9543070793151855,0.9921247363090515,0.2902889549732208
1751305988.3759959,3.098341464996338,0.9543050527572632,0.9921045303344727,0.29025086760520935
1751305988.3959227,3.098334789276123,0.954294741153717,0.992124617099762,0.29026880860328674
1751305988.4059253,3.098358154296875,0.954327404499054,0.9921362996101379,0.2902734875679016
1751305988.4259064,3.098355293273926,0.9543167948722839,0.9921215772628784,0.29024672508239746
1751305988.4359236,3.098353147506714,0.9543007612228394,0.9921118021011353,0.29027265310287476
1751305988.4559247,3.09835147857666,0.9543046355247498,0.9921107292175293,0.29026132822036743
1751305988.4659247,3.0983707904815674,0.9543085098266602,0.9921110272407532,0.2902555465698242
1751305988.4860737,3.0983572006225586,0.9543092846870422,0.9921127557754517,0.29027605056762695
1751305988.5059144,3.0983500480651855,0.9543132781982422,0.9920886158943176,0.2902486026287079
1751305988.5160275,3.0983545780181885,0.9543185234069824,0.9921212792396545,0.2902780771255493
1751305988.5361307,3.098360776901245,0.9543178677558899,0.9921182990074158,0.290248841047287
1751305988.5459292,3.098344564437866,0.9543084502220154,0.9921051263809204,0.2902683615684509
1751305988.5660102,3.0983455181121826,0.9543092846870422,0.9921045303344727,0.29025349020957947
1751305988.5859277,3.098358631134033,0.9543010592460632,0.9921188950538635,0.29025834798812866
1751305988.5960405,3.0983688831329346,0.9543064832687378,0.9921236038208008,0.29026275873184204
1751305988.6059146,3.0983383655548096,0.9543149471282959,0.9920958876609802,0.29026150703430176
1751305988.625937,3.0983457565307617,0.9542964696884155,0.9921032786369324,0.2902446389198303
1751305988.635981,3.09834623336792,0.9542986154556274,0.9921176433563232,0.2902712821960449
1751305988.656006,3.0983660221099854,0.9543274641036987,0.992098331451416,0.29024767875671387
1751305988.6759202,3.0983409881591797,0.9542979598045349,0.9921101331710815,0.2902681231498718
1751305988.6959867,3.098337411880493,0.9543311595916748,0.9921084642410278,0.2902721166610718
1751305988.7059433,3.098348617553711,0.9543280601501465,0.9921116828918457,0.29026222229003906
1751305988.7159579,3.098358154296875,0.9543110132217407,0.992106020450592,0.2902706265449524
1751305988.7359977,3.098339557647705,0.9543241262435913,0.9920934438705444,0.2902657687664032
1751305988.7559202,3.0983428955078125,0.9543045163154602,0.9921138882637024,0.2902638018131256
1751305988.7659194,3.0983364582061768,0.9543273448944092,0.9921203851699829,0.290276437997818
1751305988.7860658,3.0983452796936035,0.9543127417564392,0.9921035766601562,0.29024413228034973
1751305988.7959652,3.098323106765747,0.9543135166168213,0.9920957684516907,0.29028165340423584
1751305988.8159566,3.0983386039733887,0.9543347954750061,0.9920987486839294,0.2902798354625702
1751305988.8259254,3.098362922668457,0.954291582107544,0.9921136498451233,0.29024359583854675
1751305988.8458974,3.0983328819274902,0.954322099685669,0.9920994639396667,0.29026278853416443
1751305988.8559902,3.098327875137329,0.9543142318725586,0.9920876622200012,0.29024261236190796
1751305988.8759677,3.0983574390411377,0.9543168544769287,0.9921107292175293,0.2902653217315674
1751305988.895907,3.0983548164367676,0.9543248414993286,0.9921049475669861,0.2902594208717346
1751305988.9059217,3.098358154296875,0.9543157815933228,0.9921042919158936,0.29025956988334656
1751305988.925937,3.09834361076355,0.9543037414550781,0.9920971393585205,0.29027530550956726
1751305988.9360876,3.0983476638793945,0.954325795173645,0.99210524559021,0.2902575731277466
1751305988.9559176,3.09836483001709,0.9543294310569763,0.9921185374259949,0.290283203125
1751305988.9659328,3.0983569622039795,0.9543382525444031,0.9921085834503174,0.2902693748474121
1751305988.9859247,3.098341226577759,0.9543154239654541,0.9920981526374817,0.29024776816368103
1751305988.9960437,3.0983684062957764,0.9543224573135376,0.9921137690544128,0.2902754545211792
1751305989.0161192,3.098379373550415,0.9543341398239136,0.9921214580535889,0.29026055335998535
1751305989.0359085,3.098344326019287,0.9543027877807617,0.992114782333374,0.2902773916721344
1751305989.045933,3.0983381271362305,0.9543297290802002,0.9920833110809326,0.29026609659194946
1751305989.0560925,3.098356246948242,0.9543136954307556,0.9920916557312012,0.2902583181858063
1751305989.0759068,3.0983707904815674,0.954310417175293,0.9921256899833679,0.290274053812027
1751305989.0959604,3.098344564437866,0.9543215036392212,0.9920908212661743,0.2902715504169464
1751305989.1059263,3.0983402729034424,0.9543076753616333,0.9920975565910339,0.290263295173645
1751305989.1259058,3.098362445831299,0.954321026802063,0.9921221733093262,0.2902745008468628
1751305989.1365566,3.0983476638793945,0.9543079137802124,0.9920997023582458,0.2902439832687378
1751305989.1560774,3.098332643508911,0.9543161392211914,0.9921051859855652,0.29026079177856445
1751305989.1659203,3.0983362197875977,0.9543202519416809,0.9921049475669861,0.29026585817337036
1751305989.1858962,3.09836483001709,0.9543141722679138,0.9921058416366577,0.2902538776397705
1751305989.1959538,3.0983686447143555,0.954317569732666,0.9921311140060425,0.2902788519859314
1751305989.2159162,3.0983424186706543,0.9543310403823853,0.9921020865440369,0.29026857018470764
1751305989.2359118,3.098353862762451,0.9543148875236511,0.9921048879623413,0.2902664840221405
1751305989.245922,3.0983781814575195,0.9543326497077942,0.9921091794967651,0.2902718186378479
1751305989.265914,3.098358154296875,0.9543098211288452,0.9921088814735413,0.29024529457092285
1751305989.275976,3.098353624343872,0.9543156027793884,0.9920926690101624,0.2902723252773285
1751305989.2961059,3.0983693599700928,0.9543201327323914,0.9921028017997742,0.29024940729141235
1751305989.315924,3.0983550548553467,0.9543392062187195,0.9921131730079651,0.29027998447418213
1751305989.3259697,3.0983548164367676,0.9543389678001404,0.9920983910560608,0.29027384519577026
1751305989.3459103,3.0983309745788574,0.9543105959892273,0.9920998215675354,0.29026395082473755
1751305989.3559227,3.098344087600708,0.9542999267578125,0.992107093334198,0.290282666683197
1751305989.3760543,3.0983753204345703,0.9543172717094421,0.9920979738235474,0.29025205969810486
1751305989.3859172,3.0983407497406006,0.9543074369430542,0.9921003580093384,0.2902648150920868
1751305989.405887,3.0983493328094482,0.9543157815933228,0.992099940776825,0.2902607023715973
1751305989.4259021,3.0983734130859375,0.9542939066886902,0.9921199679374695,0.2902487516403198
1751305989.4359179,3.0983572006225586,0.9543119072914124,0.9921169281005859,0.2902677655220032
1751305989.44592,3.0983424186706543,0.954338014125824,0.9920989274978638,0.29026108980178833
1751305989.4659166,3.0983500480651855,0.9543097019195557,0.9920991063117981,0.2902568578720093
1751305989.485898,3.098353862762451,0.9543183445930481,0.9921169877052307,0.2902684509754181
1751305989.505925,3.0983731746673584,0.9543075561523438,0.9921031594276428,0.2902454733848572
1751305989.5159178,3.0983333587646484,0.9543178677558899,0.9920974373817444,0.29028040170669556
1751305989.535999,3.0983495712280273,0.954321026802063,0.9921016097068787,0.2902490496635437
1751305989.5460443,3.098356008529663,0.9543048143386841,0.9921295046806335,0.29027917981147766
1751305989.565948,3.0983309745788574,0.9543158411979675,0.9921109080314636,0.29024866223335266
1751305989.5759225,3.0983455181121826,0.9543150663375854,0.9921007752418518,0.2902619242668152
1751305989.5959146,3.098367214202881,0.9542977213859558,0.9921197891235352,0.29025593400001526
1751305989.6059735,3.098369598388672,0.9543045163154602,0.9921082258224487,0.2902756929397583
1751305989.626087,3.0983736515045166,0.9543073177337646,0.9920943975448608,0.2902579605579376
1751305989.6359124,3.0983285903930664,0.9543149471282959,0.9920849800109863,0.2902684211730957
1751305989.6559,3.0983433723449707,0.9542989134788513,0.9921069145202637,0.2902710735797882
1751305989.6659822,3.098379373550415,0.9543154835700989,0.9921048283576965,0.2902636229991913
1751305989.685925,3.0983474254608154,0.9542971253395081,0.9920934438705444,0.290283739566803
1751305989.705894,3.0983502864837646,0.9543018937110901,0.9920752048492432,0.29025790095329285
1751305989.716023,3.098369598388672,0.9543009400367737,0.9921199083328247,0.29027190804481506
1751305989.7359169,3.0983660221099854,0.9543136358261108,0.992099404335022,0.29026803374290466
1751305989.7459142,3.098355531692505,0.9543235301971436,0.9920937418937683,0.29026103019714355
1751305989.7659166,3.098348617553711,0.954271674156189,0.992098331451416,0.2902680039405823
1751305989.775991,3.0983638763427734,0.9543098211288452,0.9920952916145325,0.29027214646339417
1751305989.7959135,3.098369836807251,0.9542981386184692,0.9921039342880249,0.2902628779411316
1751305989.8059173,3.098339319229126,0.9543237090110779,0.9920987486839294,0.2902900278568268
1751305989.8259375,3.098344326019287,0.954288899898529,0.9920893311500549,0.29024675488471985
1751305989.8459105,3.098353385925293,0.9543185830116272,0.9921114444732666,0.2902992069721222
1751305989.8559132,3.098358392715454,0.9543126821517944,0.9921145439147949,0.29025328159332275
1751305989.8759124,3.098356008529663,0.9543024897575378,0.9921087622642517,0.2902800738811493
1751305989.8859422,3.098348617553711,0.9543130397796631,0.9921017289161682,0.29025745391845703
1751305989.9058976,3.0983664989471436,0.9542888402938843,0.9921191334724426,0.2902517020702362
1751305989.9160087,3.098371982574463,0.9543219804763794,0.9921162724494934,0.2902791202068329
1751305989.9360046,3.09834361076355,0.9543027877807617,0.9921014904975891,0.29026147723197937
1751305989.9559727,3.0983502864837646,0.9542908668518066,0.9921050667762756,0.29026705026626587
1751305989.9659233,3.098365068435669,0.9543086290359497,0.9920997023582458,0.2902752161026001
1751305989.9859426,3.098362922668457,0.9543007612228394,0.9921110272407532,0.29025912284851074
1751305989.9959254,3.098334312438965,0.9543033838272095,0.9920967221260071,0.2902844250202179
1751305990.0159016,3.0983545780181885,0.9543022513389587,0.9920948147773743,0.29024404287338257
1751305990.0359282,3.098353385925293,0.954303503036499,0.9921079874038696,0.2902916669845581
1751305990.0459194,3.0983521938323975,0.9543049335479736,0.9921106100082397,0.2902773320674896
1751305990.0559154,3.0983526706695557,0.954309344291687,0.9920934438705444,0.2902428209781647
1751305990.0759153,3.098351001739502,0.9543077349662781,0.9920908808708191,0.29026541113853455
1751305990.0959105,3.098367929458618,0.9543126225471497,0.9921069145202637,0.2902420461177826
1751305990.1059117,3.0983452796936035,0.9543055891990662,0.9921014308929443,0.2902589440345764
1751305990.1259022,3.098335027694702,0.954317569732666,0.9920950531959534,0.2902590334415436
1751305990.1360962,3.0983476638793945,0.9543119668960571,0.9921044707298279,0.2902645170688629
1751305990.1558855,3.098367691040039,0.95429927110672,0.9921017289161682,0.2902655601501465
1751305990.1659224,3.098342180252075,0.9543184638023376,0.9921046495437622,0.2902829349040985
1751305990.1859157,3.098331928253174,0.9543123841285706,0.9920901656150818,0.2902616858482361
1751305990.1959429,3.0983364582061768,0.9542948603630066,0.9921174049377441,0.29028016328811646
1751305990.215892,3.0983543395996094,0.9543351531028748,0.9920902848243713,0.2902655303478241
1751305990.2359192,3.0983338356018066,0.954306423664093,0.9920852780342102,0.2902660071849823
1751305990.2559063,3.098339080810547,0.954314649105072,0.9921107292175293,0.2902657985687256
1751305990.2659183,3.098346710205078,0.9543302655220032,0.9921004176139832,0.2902578115463257
1751305990.2858975,3.0983386039733887,0.9542980790138245,0.9920828938484192,0.2902813255786896
1751305990.2959414,3.098335027694702,0.9543175101280212,0.9920910596847534,0.2902628779411316
1751305990.315889,3.0983338356018066,0.9543108344078064,0.9921126365661621,0.29027605056762695
1751305990.325922,3.0983498096466064,0.9543234705924988,0.9920949935913086,0.29029029607772827
1751305990.33591,3.0983448028564453,0.9543022513389587,0.9920852780342102,0.29024645686149597
1751305990.355886,3.09834361076355,0.9543125629425049,0.9921068549156189,0.290275514125824
1751305990.3758981,3.0983357429504395,0.9543311595916748,0.9921001195907593,0.29027482867240906
1751305990.385917,3.098336696624756,0.9543063640594482,0.9921030402183533,0.29026278853416443
1751305990.4059205,3.098344564437866,0.9543302059173584,0.9921090006828308,0.290275901556015
1751305990.4258933,3.098356246948242,0.9543037414550781,0.9920888543128967,0.29024744033813477
1751305990.4359183,3.098337173461914,0.9543197154998779,0.992111086845398,0.2902786135673523
1751305990.446155,3.098357677459717,0.9543139934539795,0.9921020269393921,0.2902624309062958
1751305990.4659011,3.098362445831299,0.9542954564094543,0.9921110272407532,0.2902704179286957
1751305990.4859018,3.0983431339263916,0.9543046951293945,0.9920974969863892,0.29028037190437317
1751305990.4959176,3.0983660221099854,0.9543110132217407,0.9921011924743652,0.2902536392211914
1751305990.5159187,3.098357915878296,0.9543082118034363,0.9921096563339233,0.2902853488922119
1751305990.5259168,3.0983502864837646,0.9543193578720093,0.9921114444732666,0.29027748107910156
1751305990.545919,3.0983495712280273,0.9543073177337646,0.9920819997787476,0.29025331139564514
1751305990.5559156,3.098361015319824,0.9543105363845825,0.9921054840087891,0.2902856171131134
1751305990.5759132,3.0983541011810303,0.9543144106864929,0.992088794708252,0.2902587950229645
1751305990.5959184,3.0983524322509766,0.9543180465698242,0.9920915961265564,0.29028767347335815
1751305990.6059167,3.0983493328094482,0.9543229937553406,0.9920847415924072,0.29026520252227783
1751305990.6258926,3.098358631134033,0.9543092846870422,0.9920976161956787,0.29027262330055237
1751305990.6359117,3.0983638763427734,0.9543066024780273,0.9920914173126221,0.2902681529521942
1751305990.6559377,3.098353862762451,0.9543122053146362,0.992103099822998,0.2902757227420807
1751305990.6659288,3.0983598232269287,0.9542856812477112,0.9920943975448608,0.29027724266052246
1751305990.68589,3.0983479022979736,0.9542973041534424,0.9921048879623413,0.29028046131134033
1751305990.705909,3.0983638763427734,0.9543107151985168,0.9920933246612549,0.2902665138244629
1751305990.7159917,3.0983219146728516,0.9542961120605469,0.99209064245224,0.2902824878692627
1751305990.7359073,3.098334550857544,0.9543247818946838,0.992099404335022,0.2902739942073822
1751305990.7560074,3.0983307361602783,0.9543081521987915,0.9921043515205383,0.2902786135673523
1751305990.765937,3.0983052253723145,0.9543318152427673,0.9920899271965027,0.29028722643852234
1751305990.7858975,3.0983428955078125,0.9543216824531555,0.9921009540557861,0.2902691066265106
1751305990.796072,3.0983433723449707,0.9543256163597107,0.9921008944511414,0.2902728319168091
1751305990.8159175,3.098325490951538,0.954339861869812,0.9920942187309265,0.29026415944099426
1751305990.8259175,3.0983550548553467,0.9543136358261108,0.9921045303344727,0.29024797677993774
1751305990.8459132,3.0983259677886963,0.954317569732666,0.9921086430549622,0.2902827560901642
1751305990.8559163,3.0983524322509766,0.9543134570121765,0.9920955300331116,0.29024937748908997
1751305990.8758965,3.098355770111084,0.954299807548523,0.992081344127655,0.2902674973011017
1751305990.89592,3.098350763320923,0.954350471496582,0.9920924305915833,0.2902665138244629
1751305990.905933,3.0983598232269287,0.9543157815933228,0.9920798540115356,0.29026347398757935
1751305990.9159129,3.098353385925293,0.9543253183364868,0.9920932650566101,0.29028862714767456
1751305990.9360008,3.09834885597229,0.954318642616272,0.9920816421508789,0.2902495563030243
1751305990.9559944,3.098353624343872,0.9543151259422302,0.9920962452888489,0.2902662754058838
1751305990.9758937,3.0983619689941406,0.9543367028236389,0.9920942187309265,0.29026544094085693
1751305990.985916,3.0983691215515137,0.9543100595474243,0.9920895099639893,0.29025158286094666
1751305990.9960508,3.098358392715454,0.9543313384056091,0.9920963644981384,0.290269136428833
1751305991.0159152,3.098356246948242,0.9543165564537048,0.9920802116394043,0.2902418076992035
1751305991.0359051,3.0983622074127197,0.9543324112892151,0.9920827150344849,0.29025766253471375
1751305991.0459125,3.09834623336792,0.9543416500091553,0.9920921325683594,0.29024818539619446
1751305991.0659049,3.0983526706695557,0.9543179273605347,0.9920818209648132,0.290242075920105
1751305991.076041,3.0983564853668213,0.9543161988258362,0.992091178894043,0.29026728868484497
1751305991.0958967,3.0983498096466064,0.9543187022209167,0.9920903444290161,0.2902545928955078
1751305991.1059244,3.098348617553711,0.9543173313140869,0.9920892715454102,0.2902688682079315
1751305991.125906,3.098365068435669,0.9543057680130005,0.9920833706855774,0.29025137424468994
1751305991.1359124,3.098353862762451,0.9543070197105408,0.9920807480812073,0.29024848341941833
1751305991.1559117,3.098372459411621,0.9543063640594482,0.9920839667320251,0.29025524854660034
1751305991.1659238,3.098358392715454,0.9543339610099792,0.9920958280563354,0.2902597486972809
1751305991.1859097,3.0983636379241943,0.9542954564094543,0.9920938611030579,0.2902432978153229
1751305991.1959114,3.09836483001709,0.9543092250823975,0.9920979738235474,0.2902566194534302
1751305991.2159054,3.098339796066284,0.9543231725692749,0.9920982122421265,0.2902505695819855
1751305991.2358987,3.098358154296875,0.9542909264564514,0.9921005964279175,0.29025691747665405
1751305991.2459135,3.0983309745788574,0.9543113708496094,0.9920908212661743,0.29026639461517334
1751305991.2659092,3.0983357429504395,0.9543268084526062,0.9920845031738281,0.2902420163154602
1751305991.275915,3.0983409881591797,0.9543023109436035,0.9921026825904846,0.29026147723197937
1751305991.2959137,3.098339557647705,0.9543288946151733,0.9920935034751892,0.2902568578720093
1751305991.3059216,3.098332643508911,0.9543088674545288,0.992104709148407,0.2902460992336273
1751305991.3258913,3.0983498096466064,0.9543353319168091,0.9921031594276428,0.2902574837207794
1751305991.3459017,3.098332166671753,0.954326331615448,0.9921054840087891,0.2902394235134125
1751305991.3560224,3.0983328819274902,0.9543246030807495,0.9920871257781982,0.2902616858482361
1751305991.37592,3.0983357429504395,0.9543282389640808,0.9920966625213623,0.290251761674881
1751305991.3859253,3.0983471870422363,0.9543230533599854,0.9920993447303772,0.29024064540863037
1751305991.4059048,3.098335027694702,0.9543469548225403,0.9920976758003235,0.29026907682418823
1751305991.4261885,3.098348379135132,0.954313337802887,0.9920997023582458,0.2902373969554901
1751305991.4359095,3.0983331203460693,0.9543118476867676,0.9921280145645142,0.2902641296386719
1751305991.4659243,3.0983567237854004,0.9543138742446899,0.9920901656150818,0.2902388274669647
1751305991.4759123,3.0983479022979736,0.9543166756629944,0.9920978546142578,0.2902663052082062
1751305991.485916,3.098348379135132,0.954317569732666,0.9921037554740906,0.29026004672050476
1751305991.505911,3.0983660221099854,0.9543105959892273,0.9921112656593323,0.29023948311805725
1751305991.5159168,3.09834885597229,0.9542980790138245,0.9921079277992249,0.2902590036392212
1751305991.5360343,3.0983405113220215,0.954325258731842,0.992103099822998,0.290258526802063
1751305991.54592,3.0983495712280273,0.9543034434318542,0.9920881986618042,0.29024356603622437
1751305991.5559862,3.098356008529663,0.9543219208717346,0.9921115636825562,0.29026827216148376
1751305991.5760062,3.0983757972717285,0.9543291330337524,0.9921175837516785,0.2902413606643677
1751305991.5959077,3.098348379135132,0.9543139338493347,0.9920928478240967,0.2902699112892151
1751305991.6159189,3.0983481407165527,0.9543200731277466,0.9921061992645264,0.290253609418869
1751305991.6259248,3.098362684249878,0.9543401598930359,0.9921014904975891,0.29025962948799133
1751305991.6360073,3.098358154296875,0.9543278217315674,0.9921175241470337,0.2902563214302063
1751305991.655898,3.098353147506714,0.9543317556381226,0.992091178894043,0.29024940729141235
1751305991.6660814,3.09835147857666,0.9543322920799255,0.9920963048934937,0.29025569558143616
1751305991.6859066,3.0983691215515137,0.9543343782424927,0.9921133518218994,0.2902621030807495
1751305991.6959293,3.098365068435669,0.9543414115905762,0.9921152591705322,0.29024896025657654
1751305991.7158942,3.098348617553711,0.9543169736862183,0.9921036958694458,0.2902606427669525
1751305991.7359211,3.0983669757843018,0.9543321132659912,0.9921112060546875,0.29025498032569885
1751305991.7560554,3.0983667373657227,0.9543196558952332,0.9921292662620544,0.2902425229549408
1751305991.7659175,3.098341703414917,0.9543557167053223,0.99211186170578,0.2902642786502838
1751305991.7759287,3.0983529090881348,0.954319953918457,0.9921049475669861,0.2902497947216034
1751305991.7960248,3.0983548164367676,0.9543120861053467,0.9921123385429382,0.29025936126708984
1751305991.805918,3.098370313644409,0.9543067812919617,0.9920974969863892,0.2902686297893524
1751305991.825917,3.098356008529663,0.9543200135231018,0.9921001195907593,0.29025137424468994
1751305991.8458922,3.098345994949341,0.9543222188949585,0.9920918941497803,0.2902659773826599
1751305991.8559134,3.0983550548553467,0.9543367028236389,0.9921003580093384,0.29025357961654663
1751305991.8761292,3.098355293273926,0.9543212652206421,0.9920965433120728,0.2902521789073944
1751305991.885931,3.098348379135132,0.9543473124504089,0.9921022653579712,0.2902756333351135
1751305991.9059005,3.098353862762451,0.9543212056159973,0.9920892715454102,0.29023951292037964
1751305991.9159741,3.098353624343872,0.9543210864067078,0.9921045303344727,0.2902623414993286
1751305991.9360113,3.0983598232269287,0.9543377161026001,0.9921072125434875,0.29025864601135254
1751305991.945928,3.098348617553711,0.9543124437332153,0.9920958280563354,0.2902549207210541
1751305991.965883,3.098355770111084,0.9543201327323914,0.9921141266822815,0.29025542736053467
1751305991.9859085,3.098358154296875,0.9543174505233765,0.9921090602874756,0.29023241996765137
1751305991.9959939,3.0983638763427734,0.9543213248252869,0.9921150803565979,0.29025909304618835
1751305992.015924,3.0983529090881348,0.9543132781982422,0.9921091794967651,0.29025039076805115
1751305992.035914,3.0983471870422363,0.9542892575263977,0.9920986294746399,0.2902339696884155
1751305992.0559194,3.098369598388672,0.9543352723121643,0.9921146035194397,0.29026827216148376
1751305992.0659127,3.0983524322509766,0.9543155431747437,0.9921048283576965,0.29024121165275574
1751305992.0759225,3.098332405090332,0.9543048739433289,0.9921087026596069,0.2902621924877167
1751305992.095894,3.098344087600708,0.9543269276618958,0.9921199679374695,0.2902531027793884
1751305992.105918,3.0983574390411377,0.9543021321296692,0.9921289086341858,0.2902562618255615
1751305992.1258993,3.0983529090881348,0.9543173313140869,0.9921227097511292,0.29025405645370483
1751305992.13617,3.098353862762451,0.9543172717094421,0.9921016097068787,0.2902505397796631
1751305992.1559978,3.0983567237854004,0.9543171525001526,0.9921274781227112,0.2902556359767914
1751305992.1758902,3.0983572006225586,0.9543410539627075,0.9921215176582336,0.29026496410369873
1751305992.1859243,3.098365545272827,0.9543138146400452,0.9921218156814575,0.29026225209236145
1751305992.1960237,3.098341464996338,0.9543110132217407,0.9921162724494934,0.2902602553367615
1751305992.2159011,3.0983495712280273,0.9543154239654541,0.9921358227729797,0.29025039076805115
1751305992.235976,3.098360061645508,0.9542980194091797,0.9921320080757141,0.29025548696517944
1751305992.2459223,3.0983591079711914,0.9543179869651794,0.9921201467514038,0.29026108980178833
1751305992.26592,3.0983595848083496,0.9543193578720093,0.9921104907989502,0.2902505695819855
1751305992.2760072,3.098348617553711,0.9543373584747314,0.9921320676803589,0.29026761651039124
1751305992.2958987,3.098379373550415,0.9543330073356628,0.9921135306358337,0.2902512848377228
1751305992.3059263,3.0983803272247314,0.9543084502220154,0.9921121001243591,0.2902468740940094
1751305992.3258963,3.0983593463897705,0.9542945027351379,0.9921064376831055,0.2902674078941345
1751305992.345911,3.098349094390869,0.9543153047561646,0.9921035170555115,0.2902659773826599
1751305992.3559272,3.0983707904815674,0.9543267488479614,0.9921123385429382,0.29026705026626587
1751305992.375918,3.09834885597229,0.9543251395225525,0.9921213388442993,0.2902663052082062
1751305992.3859174,3.0983502864837646,0.9542815089225769,0.9920990467071533,0.29024702310562134
1751305992.4059072,3.098360776901245,0.9542964696884155,0.992116391658783,0.2902708053588867
1751305992.4163373,3.0983712673187256,0.9543089270591736,0.9921059608459473,0.2902544140815735
1751305992.4359026,3.0983777046203613,0.954294741153717,0.9921175837516785,0.2902718186378479
1751305992.4459417,3.0983827114105225,0.9543043971061707,0.9921231269836426,0.2902698516845703
1751305992.4659097,3.098372459411621,0.9542891383171082,0.9921132326126099,0.2902524769306183
1751305992.4860578,3.098372220993042,0.9542868733406067,0.9921407699584961,0.2902644872665405
1751305992.496141,3.09836483001709,0.9542926549911499,0.99213045835495,0.2902436852455139
1751305992.5159104,3.098358392715454,0.954287052154541,0.9921241998672485,0.29027098417282104
1751305992.5359023,3.098372220993042,0.9543071985244751,0.9921373724937439,0.2902551591396332
1751305992.5463543,3.098365545272827,0.9542848467826843,0.992135226726532,0.2902572751045227
1751305992.5559268,3.0983622074127197,0.9542783498764038,0.9921518564224243,0.2902580797672272
1751305992.5759158,3.098374128341675,0.9543022513389587,0.9921287298202515,0.2902428209781647
1751305992.5959136,3.0983612537384033,0.9542797207832336,0.9921314716339111,0.2902580201625824
1751305992.605922,3.098379373550415,0.9542931318283081,0.9921371936798096,0.29026544094085693
1751305992.625931,3.098371982574463,0.954265832901001,0.992111325263977,0.29023751616477966
1751305992.6359673,3.0983736515045166,0.9542657732963562,0.9921382069587708,0.29027944803237915
1751305992.6559844,3.098360061645508,0.9542708992958069,0.9921278953552246,0.2902562618255615
1751305992.6659243,3.098365068435669,0.9542721509933472,0.9921226501464844,0.2902628779411316
1751305992.6858995,3.098375082015991,0.9542961716651917,0.9921279549598694,0.29027125239372253
1751305992.6959586,3.0983850955963135,0.9543053507804871,0.9921209812164307,0.2902674973011017
1751305992.7158988,3.0983784198760986,0.9542796015739441,0.9921228885650635,0.29026785492897034
1751305992.7359009,3.098372459411621,0.9543249011039734,0.9921309947967529,0.29026976227760315
1751305992.7459192,3.098381280899048,0.9542936086654663,0.9921301603317261,0.2902589738368988
1751305992.7658808,3.098358631134033,0.9542936086654663,0.9921331405639648,0.290276437997818
1751305992.7759728,3.0983805656433105,0.9543183445930481,0.9920873641967773,0.290250301361084
1751305992.795965,3.0983641147613525,0.954323410987854,0.9921132922172546,0.2902595102787018
1751305992.8158903,3.098381519317627,0.954314649105072,0.9921216368675232,0.2902635335922241
1751305992.8259497,3.0983738899230957,0.9543224573135376,0.9921196103096008,0.29025593400001526
1751305992.8459153,3.0983564853668213,0.9543142318725586,0.9921169877052307,0.29025939106941223
1751305992.8560066,3.0983593463897705,0.9543068408966064,0.9920971989631653,0.2902453541755676
1751305992.875993,3.0983664989471436,0.9543190002441406,0.9921213984489441,0.29024538397789
1751305992.8859262,3.098369598388672,0.9543313980102539,0.9921103715896606,0.290267676115036
1751305992.9059138,3.0983622074127197,0.9543099403381348,0.9921175241470337,0.2902483642101288
1751305992.925901,3.09834623336792,0.9543010592460632,0.9921217560768127,0.29027149081230164
1751305992.936179,3.098365068435669,0.9543148875236511,0.9921100735664368,0.2902642786502838
1751305992.9559166,3.0983545780181885,0.9543008804321289,0.9921196103096008,0.2902595102787018
1751305992.9659662,3.0983712673187256,0.9543173313140869,0.9921154975891113,0.29027053713798523
1751305992.98589,3.0983591079711914,0.9542976021766663,0.9921103715896606,0.29024413228034973
1751305993.0058966,3.098360776901245,0.9542973637580872,0.9921150803565979,0.29027727246284485
1751305993.0159266,3.098361015319824,0.9543313980102539,0.9921056032180786,0.29025235772132874
1751305993.0359013,3.0983734130859375,0.9542972445487976,0.9921265840530396,0.2902580797672272
1751305993.0459237,3.098360061645508,0.954309344291687,0.9921157956123352,0.29026493430137634
1751305993.0658898,3.098376989364624,0.9543126821517944,0.9921219944953918,0.2902480959892273
1751305993.0759141,3.098361015319824,0.9542921781539917,0.9921190738677979,0.29026973247528076
1751305993.0958922,3.0983738899230957,0.954311728477478,0.9921182990074158,0.2902480959892273
1751305993.1059206,3.0983572006225586,0.9542762041091919,0.9921067953109741,0.29026055335998535
1751305993.1258914,3.0983691215515137,0.9543113112449646,0.9921247363090515,0.29026827216148376
1751305993.1459215,3.0983846187591553,0.9543070197105408,0.9921173453330994,0.2902523875236511
1751305993.1560712,3.098379611968994,0.9543075561523438,0.9921330809593201,0.29027724266052246
1751305993.176048,3.098355531692505,0.954313337802887,0.9921203851699829,0.2902534008026123
1751305993.1859205,3.098372459411621,0.9542985558509827,0.9921218156814575,0.29025959968566895
1751305993.1959107,3.0983855724334717,0.9543024301528931,0.9921258091926575,0.29025620222091675
1751305993.215897,3.0983567237854004,0.9543254375457764,0.9921029210090637,0.29024738073349
1751305993.2359042,3.09836745262146,0.9542863368988037,0.992121696472168,0.2902652621269226
1751305993.2459173,3.0983567237854004,0.9542945027351379,0.9921251535415649,0.2902570366859436
1751305993.2659159,3.0983707904815674,0.9543127417564392,0.9921164512634277,0.2902517020702362
1751305993.2759676,3.0983757972717285,0.9542922973632812,0.9921241402626038,0.2902776300907135
1751305993.2961247,3.0983774662017822,0.9543003439903259,0.9921126961708069,0.2902478277683258
1751305993.305923,3.0983827114105225,0.9542968273162842,0.9921196699142456,0.29024946689605713
1751305993.3258908,3.0983598232269287,0.9542986750602722,0.9921298027038574,0.29026803374290466
1751305993.3359118,3.0983710289001465,0.9543012976646423,0.9921046495437622,0.2902524173259735
1751305993.3559027,3.0983786582946777,0.9543044567108154,0.9921339750289917,0.2902595102787018
1751305993.3759315,3.0983664989471436,0.9543259143829346,0.9921265244483948,0.2902650535106659
1751305993.4059258,3.0983593463897705,0.9542931318283081,0.9921229481697083,0.2902648448944092
1751305993.4160016,3.0983619689941406,0.9543160200119019,0.9921318888664246,0.2902774512767792
1751305993.4259734,3.0983693599700928,0.954289972782135,0.992122232913971,0.2902466356754303
1751305993.4359155,3.0983729362487793,0.9543125033378601,0.9921178817749023,0.2902710735797882
1751305993.4559891,3.0983638763427734,0.9543079733848572,0.9921109080314636,0.29026469588279724
1751305993.4659138,3.0983710289001465,0.9542982578277588,0.9921270608901978,0.29024824500083923
1751305993.4859211,3.0983805656433105,0.9543200135231018,0.9921281933784485,0.2902749180793762
1751305993.4959006,3.098381280899048,0.9543062448501587,0.9921236634254456,0.2902488708496094
1751305993.5158958,3.0983622074127197,0.9543115496635437,0.9921196103096008,0.2902723550796509
1751305993.5258982,3.0983622074127197,0.9543161988258362,0.9921162724494934,0.2902516722679138
1751305993.5459068,3.0983870029449463,0.9543027877807617,0.992131769657135,0.2902581989765167
1751305993.5559022,3.0983598232269287,0.9543052315711975,0.9921403527259827,0.2902718484401703
1751305993.5759015,3.0983524322509766,0.954295814037323,0.9921280741691589,0.29024839401245117
1751305993.5958931,3.098357677459717,0.954299807548523,0.9921098351478577,0.2902696132659912
1751305993.6058986,3.098362684249878,0.9543142318725586,0.9921320676803589,0.29026851058006287
1751305993.625912,3.0983757972717285,0.9543226957321167,0.9921215176582336,0.29024916887283325
1751305993.6358914,3.098358631134033,0.9543300271034241,0.9921326041221619,0.29027003049850464
1751305993.655896,3.098355531692505,0.9543064832687378,0.992123007774353,0.29024559259414673
1751305993.6759067,3.098367691040039,0.9543063044548035,0.9921154975891113,0.2902551591396332
1751305993.6859112,3.0983633995056152,0.954319953918457,0.992112398147583,0.29025349020957947
1751305993.7059135,3.0983505249023438,0.9543154239654541,0.9921015501022339,0.29025503993034363
1751305993.7159138,3.0983729362487793,0.9543137550354004,0.9921309351921082,0.2902594208717346
1751305993.7359216,3.0983736515045166,0.9543195366859436,0.9921321868896484,0.29026466608047485
1751305993.7459128,3.0983643531799316,0.9543100595474243,0.9921146035194397,0.29026952385902405
1751305993.7659132,3.0983595848083496,0.9543224573135376,0.9921231269836426,0.29026728868484497
1751305993.7759037,3.0983715057373047,0.9543209075927734,0.9921271204948425,0.2902624011039734
1751305993.7958915,3.098367214202881,0.9543169736862183,0.9921256899833679,0.2902633547782898
1751305993.8059115,3.098374128341675,0.9543184638023376,0.9921349287033081,0.2902706563472748
1751305993.8259106,3.0983569622039795,0.9543192982673645,0.9921240210533142,0.2902498245239258
1751305993.8459272,3.0983738899230957,0.9543092250823975,0.9921305775642395,0.2902750074863434
1751305993.85591,3.098370313644409,0.9543219804763794,0.9921239018440247,0.2902625799179077
1751305993.8759022,3.0983541011810303,0.954300045967102,0.9921311140060425,0.29027044773101807
1751305993.8860135,3.098348617553711,0.9543076157569885,0.9921252131462097,0.2902776300907135
1751305993.9059002,3.098360300064087,0.9543290138244629,0.9921116828918457,0.2902671694755554
1751305993.925894,3.0983493328094482,0.9543144106864929,0.9921236038208008,0.2902927100658417
1751305993.9559004,3.0983617305755615,0.9543115496635437,0.9921172261238098,0.29028844833374023
1751305993.965886,3.0983636379241943,0.9543473720550537,0.9921233057975769,0.29028332233428955
1751305994.0058923,3.0983572006225586,0.9543076753616333,0.9921279549598694,0.29027917981147766
1751305994.0159004,3.0983834266662598,0.9543143510818481,0.9921252727508545,0.29024094343185425
1751305994.0359075,3.0983622074127197,0.9542924165725708,0.9921429753303528,0.2902686595916748
1751305994.0759015,3.0983521938323975,0.954279363155365,0.9921327829360962,0.29026395082473755
1751305994.0858924,3.0983762741088867,0.9543035626411438,0.9921321272850037,0.29025375843048096
1751305994.1059127,3.0983755588531494,0.9542865753173828,0.9921426773071289,0.2902553677558899
1751305994.1259115,3.098365545272827,0.9542942643165588,0.9921417236328125,0.29027172923088074
1751305994.1659005,3.0983810424804688,0.9543163180351257,0.9921468496322632,0.29025107622146606
1751305994.1859274,3.0983729362487793,0.9542887210845947,0.992144763469696,0.29025909304618835
1751305994.2058856,3.098388195037842,0.9542821645736694,0.9921427369117737,0.290242463350296
1751305994.2159216,3.098374843597412,0.9543067812919617,0.9921417832374573,0.2902511656284332
1751305994.2359283,3.0983693599700928,0.9542635679244995,0.9921289682388306,0.29024606943130493
1751305994.2459176,3.098362445831299,0.9543096423149109,0.9921472668647766,0.2902437448501587
1751305994.2959049,3.098360538482666,0.9542899131774902,0.9921407103538513,0.29024001955986023
1751305994.3059154,3.098374843597412,0.9542878866195679,0.9921522736549377,0.29026561975479126
1751305994.345919,3.0983822345733643,0.9542916417121887,0.9921250939369202,0.29024624824523926
1751305994.3758912,3.098393678665161,0.9543096423149109,0.9921336770057678,0.29025453329086304
1751305994.3859107,3.098390817642212,0.9542922973632812,0.9921334981918335,0.29025331139564514
1751305994.4059134,3.098376512527466,0.9542866945266724,0.9921473860740662,0.2902679145336151
1751305994.4159095,3.098367214202881,0.9543084502220154,0.9921246767044067,0.29025110602378845
1751305994.4359283,3.0983853340148926,0.9542657136917114,0.9921450614929199,0.2902512550354004
1751305994.447363,3.0983874797821045,0.9543018937110901,0.9921438694000244,0.29027053713798523
1751305994.4660597,3.0983879566192627,0.954279363155365,0.9921438097953796,0.2902340590953827
1751305994.4859405,3.098367929458618,0.9542912840843201,0.9921445846557617,0.29026466608047485
1751305994.497214,3.0983989238739014,0.954304039478302,0.9921327829360962,0.29024890065193176
1751305994.5160403,3.0983736515045166,0.9542618989944458,0.9921543002128601,0.29025423526763916
1751305994.5259216,3.0983736515045166,0.9542905688285828,0.9921431541442871,0.29025644063949585
1751305994.5459988,3.0983846187591553,0.9543062448501587,0.9921196699142456,0.29024064540863037
1751305994.555963,3.0984067916870117,0.9542568922042847,0.9921374917030334,0.2902630865573883
1751305994.575926,3.098400115966797,0.9543046355247498,0.992128312587738,0.29025062918663025
1751305994.5859873,3.0983810424804688,0.9542710781097412,0.9921374320983887,0.2902477979660034
1751305994.6059704,3.0983810424804688,0.954285740852356,0.9921300411224365,0.29025840759277344
1751305994.62593,3.0983991622924805,0.9542796015739441,0.9921312928199768,0.29025083780288696
1751305994.6359305,3.0984017848968506,0.954291820526123,0.9921342730522156,0.2902722954750061
1751305994.65592,3.0983939170837402,0.9542986154556274,0.9921335577964783,0.2902556359767914
1751305994.6659312,3.0984063148498535,0.9542853832244873,0.992118239402771,0.29023581743240356
1751305994.6862063,3.0984039306640625,0.9542900919914246,0.9921483397483826,0.29024094343185425
1751305994.6959808,3.098402976989746,0.9542844891548157,0.9921478033065796,0.29025813937187195
1751305994.7362738,3.09841251373291,0.9542859196662903,0.9921334981918335,0.29024210572242737
1751305994.7459676,3.0984225273132324,0.9542837738990784,0.9921658635139465,0.29025644063949585
1751305994.7660682,3.0984091758728027,0.9542858004570007,0.9921534061431885,0.290265291929245
1751305994.7859457,3.098400592803955,0.954275906085968,0.9921252131462097,0.29024291038513184
1751305994.7963436,3.0983879566192627,0.9542569518089294,0.9921389222145081,0.2902491092681885
1751305994.8161583,3.0983917713165283,0.9542697668075562,0.9921405911445618,0.29025816917419434
1751305994.825952,3.0984015464782715,0.9542767405509949,0.992124080657959,0.29023605585098267
1751305994.8464012,3.0983688831329346,0.9542647004127502,0.9921327233314514,0.29026997089385986
1751305994.8566947,3.0983967781066895,0.9542827606201172,0.992131769657135,0.29024577140808105
1751305994.875958,3.0983800888061523,0.9542896747589111,0.9921568632125854,0.2902582585811615
1751305994.8959532,3.098353862762451,0.9542799592018127,0.9921523332595825,0.29024967551231384
1751305994.9061117,3.0983736515045166,0.9542822241783142,0.9921569228172302,0.2902456521987915
1751305994.9260511,3.098383665084839,0.9543067812919617,0.9921618700027466,0.290250301361084
1751305994.946264,3.0983774662017822,0.9543083906173706,0.9921655654907227,0.29023703932762146
1751305994.9562817,3.0983757972717285,0.954282820224762,0.9921486377716064,0.2902454733848572
1751305994.9662268,3.0983564853668213,0.9542924165725708,0.9921433329582214,0.2902512550354004
1751305994.9859636,3.0983872413635254,0.9542996287345886,0.9921351075172424,0.2902469336986542
1751305994.9959939,3.0983834266662598,0.9543068408966064,0.9921490550041199,0.2902706563472748
1751305995.0169497,3.098379135131836,0.9542974233627319,0.9921531677246094,0.290269136428833
1751305995.025952,3.098379373550415,0.9542739391326904,0.9921188354492188,0.29026395082473755
1751305995.0459769,3.0983738899230957,0.9542840123176575,0.9921431541442871,0.2902774214744568
1751305995.0660713,3.0984034538269043,0.9543076753616333,0.9921400547027588,0.29025235772132874
1751305995.0761578,3.098369836807251,0.9542850852012634,0.9921354651451111,0.2902824282646179
1751305995.085941,3.098393440246582,0.9543077945709229,0.9921278357505798,0.2902635931968689
1751305995.1059458,3.098405361175537,0.9542807340621948,0.9921513795852661,0.2902580797672272
1751305995.1267047,3.098386526107788,0.9543071389198303,0.9921478629112244,0.2902735769748688
1751305995.1359582,3.0983879566192627,0.9543032050132751,0.992130696773529,0.2902420163154602
1751305995.1559482,3.098395824432373,0.9542919993400574,0.9921481609344482,0.2902784049510956
1751305995.166105,3.0983948707580566,0.9543167948722839,0.992156982421875,0.29028353095054626
1751305995.1859667,3.0984108448028564,0.9543009996414185,0.9921373128890991,0.29025399684906006
1751305995.206154,3.098388671875,0.9542902112007141,0.9921191930770874,0.29025301337242126
1751305995.216858,3.0984010696411133,0.9542924761772156,0.9921259880065918,0.29023876786231995
1751305995.2360046,3.0984201431274414,0.9542810320854187,0.9921635985374451,0.29026830196380615
1751305995.2559316,3.0983893871307373,0.9543148875236511,0.992123007774353,0.2902499735355377
1751305995.26601,3.098390579223633,0.9543037414550781,0.9921354651451111,0.2902570068836212
1751305995.2859695,3.098388195037842,0.9542970657348633,0.9921305179595947,0.29026684165000916
1751305995.2959268,3.098389148712158,0.9543142914772034,0.9921507239341736,0.29025766253471375
1751305995.3064053,3.0983927249908447,0.9542909860610962,0.9921504855155945,0.29026323556900024
1751305995.3259969,3.0983543395996094,0.9543185830116272,0.9921334981918335,0.29027724266052246
1751305995.3459747,3.0983972549438477,0.9543150663375854,0.9921355247497559,0.29025477170944214
1751305995.3573093,3.098374605178833,0.9542959332466125,0.9921619892120361,0.29028335213661194
1751305995.3759408,3.0983712673187256,0.9543235301971436,0.9921550154685974,0.29027897119522095
1751305995.3860028,3.098374128341675,0.9543094038963318,0.9921282529830933,0.2902657389640808
1751305995.4059498,3.098378896713257,0.9543230533599854,0.9921485185623169,0.29027020931243896
1751305995.4259307,3.098383665084839,0.9543221592903137,0.9921256303787231,0.29025185108184814
1751305995.4359174,3.098379611968994,0.9543015956878662,0.9921243190765381,0.29025986790657043
1751305995.4559345,3.098365306854248,0.9543065428733826,0.9921231865882874,0.29025742411613464
1751305995.4659734,3.0983829498291016,0.9543154239654541,0.9921252131462097,0.2902551591396332
1751305995.4868178,3.0983824729919434,0.9543014764785767,0.9921321272850037,0.2902802526950836
1751305995.5059555,3.098379611968994,0.9543043375015259,0.9921247959136963,0.2902546226978302
1751305995.5159132,3.0983729362487793,0.95429927110672,0.9921249151229858,0.2902730703353882
1751305995.5360427,3.098393440246582,0.9543094038963318,0.992129385471344,0.2902544140815735
1751305995.545982,3.0983822345733643,0.9542961120605469,0.9921349883079529,0.29024073481559753
1751305995.5662851,3.0983784198760986,0.9543063044548035,0.9921481013298035,0.29027023911476135
1751305995.5764709,3.098381519317627,0.9543091654777527,0.9921269416809082,0.29025083780288696
1751305995.5860298,3.098381757736206,0.9542838335037231,0.9921424984931946,0.2902664840221405
1751305995.6063244,3.098397731781006,0.9543156623840332,0.9921383857727051,0.29027363657951355
1751305995.6260102,3.098381519317627,0.9543184041976929,0.9921250939369202,0.29025107622146606
1751305995.635988,3.098390579223633,0.954302966594696,0.9921507835388184,0.2902747392654419
1751305995.6559668,3.0984044075012207,0.9542964696884155,0.9921417236328125,0.29024574160575867
1751305995.676616,3.098393201828003,0.9543006420135498,0.9921330809593201,0.29026883840560913
1751305995.6859252,3.098393678665161,0.9542970061302185,0.9921360015869141,0.29027166962623596
1751305995.6962113,3.0984015464782715,0.9542970657348633,0.9921385645866394,0.2902339696884155
1751305995.7161357,3.09840726852417,0.9542986154556274,0.9921514987945557,0.29027435183525085
1751305995.735911,3.098400592803955,0.9543107151985168,0.9921246767044067,0.29024413228034973
1751305995.7467287,3.0983798503875732,0.9542901515960693,0.992130696773529,0.2902565598487854
1751305995.7659538,3.0983974933624268,0.954292893409729,0.9921514987945557,0.2902626693248749
1751305995.7859583,3.0984065532684326,0.9543049335479736,0.9921411871910095,0.29025566577911377
1751305995.8061798,3.098386764526367,0.9542810916900635,0.9921360611915588,0.290261447429657
1751305995.816418,3.098384380340576,0.954299807548523,0.9921410083770752,0.2902480363845825
1751305995.8259723,3.09841251373291,0.9542995095252991,0.9921504259109497,0.2902604937553406
1751305995.8459237,3.0983834266662598,0.954315721988678,0.9921497106552124,0.29025912284851074
1751305995.8659291,3.098395586013794,0.9542888402938843,0.9921464920043945,0.29024869203567505
1751305995.8759506,3.098383903503418,0.9542869329452515,0.9921454787254333,0.29025474190711975
1751305995.8959458,3.0984046459198,0.9542969465255737,0.9921714067459106,0.2902524769306183
1751305995.9061894,3.0984086990356445,0.9542956352233887,0.9921590089797974,0.29025527834892273
1751305995.915952,3.098398208618164,0.9542731046676636,0.9921523928642273,0.29026690125465393
1751305995.9362504,3.0983829498291016,0.954291045665741,0.9921346306800842,0.2902504503726959
1751305995.9559302,3.0984132289886475,0.954267144203186,0.9921510815620422,0.29026326537132263
1751305995.9769013,3.0983803272247314,0.9542953372001648,0.9921327829360962,0.2902606129646301
1751305995.9860713,3.0983970165252686,0.9542717337608337,0.9921284914016724,0.29024171829223633
1751305996.0059419,3.0983974933624268,0.9542932510375977,0.9921361207962036,0.2902778387069702
1751305996.0159466,3.0984015464782715,0.9542993307113647,0.9921585321426392,0.2902544438838959
1751305996.0360568,3.0983877182006836,0.9542906284332275,0.9921407103538513,0.2902694642543793
1751305996.0459416,3.0983662605285645,0.9542967081069946,0.99213707447052,0.290278822183609
1751305996.0660203,3.098405361175537,0.9543043971061707,0.9921260476112366,0.29025036096572876
1751305996.0759306,3.0983824729919434,0.9542770385742188,0.9921658039093018,0.2902759909629822
1751305996.0862064,3.098397731781006,0.9543265700340271,0.9921351075172424,0.29026898741722107
1751305996.1070263,3.0983641147613525,0.9542961716651917,0.9921424984931946,0.2902646064758301
1751305996.1259532,3.0983939170837402,0.9543086886405945,0.9921585917472839,0.29027411341667175
1751305996.1371746,3.098414897918701,0.9543145298957825,0.99214768409729,0.2902613878250122
1751305996.1559331,3.0983922481536865,0.9542953968048096,0.9921541213989258,0.290268212556839
1751305996.1659608,3.0983800888061523,0.9543103575706482,0.9921388030052185,0.2902718484401703
1751305996.1860201,3.0983974933624268,0.9542974233627319,0.9921492338180542,0.2902442216873169
1751305996.1959243,3.0983822345733643,0.9543226957321167,0.992158055305481,0.29028573632240295
1751305996.215928,3.0983963012695312,0.9543099403381348,0.9921514987945557,0.29024162888526917
1751305996.2260995,3.098384141921997,0.9543026089668274,0.992158055305481,0.2902718484401703
1751305996.2459366,3.0983963012695312,0.9543195962905884,0.992143988609314,0.2902599275112152
1751305996.2659407,3.0984106063842773,0.9543139338493347,0.9921529293060303,0.2902526557445526
1751305996.2759895,3.0983879566192627,0.9543019533157349,0.9921605587005615,0.29027554392814636
1751305996.2959337,3.0983779430389404,0.9543132185935974,0.9921247959136963,0.29026275873184204
1751305996.3064451,3.0983879566192627,0.9543188214302063,0.9921477437019348,0.2902538776397705
1751305996.3359509,3.098390817642212,0.9543263912200928,0.9921466112136841,0.29025784134864807
1751305996.3459427,3.098386526107788,0.9543079733848572,0.9921348690986633,0.29024970531463623
1751305996.3559558,3.0983657836914062,0.95430988073349,0.9921458959579468,0.2902713418006897
1751305996.3759418,3.098383903503418,0.9543579816818237,0.9921503663063049,0.2902502715587616
1751305996.3860059,3.098381757736206,0.9543061852455139,0.9921492338180542,0.2902635633945465
1751305996.4059744,3.098351001739502,0.9543265700340271,0.9921382665634155,0.2902670204639435
1751305996.4259858,3.0983753204345703,0.9543054699897766,0.9921179413795471,0.2902587354183197
1751305996.4359398,3.098392963409424,0.9543094635009766,0.992142379283905,0.2902601361274719
1751305996.4461274,3.098374366760254,0.9543381929397583,0.9921534061431885,0.29026469588279724
1751305996.4659727,3.098376512527466,0.9543203115463257,0.9921254515647888,0.2902468740940094
1751305996.4861276,3.0983784198760986,0.9543112516403198,0.992152214050293,0.29026904702186584
1751305996.4959612,3.098395586013794,0.9543300867080688,0.9921432137489319,0.29025590419769287
1751305996.515972,3.098365068435669,0.9542808532714844,0.9921464323997498,0.2902531325817108
1751305996.5261164,3.09838604927063,0.9543208479881287,0.9921466112136841,0.29025694727897644
1751305996.5459669,3.098384141921997,0.954323410987854,0.9921485781669617,0.29024016857147217
1751305996.5659869,3.098381280899048,0.9543156623840332,0.9921613335609436,0.2902695834636688
1751305996.576019,3.0983693599700928,0.9543002843856812,0.9921291470527649,0.2902384400367737
1751305996.5961156,3.098379135131836,0.9543002843856812,0.9921400547027588,0.2902640700340271
1751305996.605966,3.0983800888061523,0.9543076753616333,0.9921547174453735,0.29026174545288086
1751305996.6260436,3.0984010696411133,0.9543100595474243,0.992163896560669,0.29025495052337646
1751305996.6361394,3.09837007522583,0.9542999863624573,0.9921514391899109,0.2902642488479614
1751305996.656165,3.0983755588531494,0.9543204307556152,0.9921517372131348,0.29025915265083313
1751305996.6760883,3.098400592803955,0.954289436340332,0.9921592473983765,0.29023972153663635
1751305996.6860318,3.0983834266662598,0.9543061852455139,0.9921596050262451,0.29026341438293457
1751305996.6960595,3.098391532897949,0.9543040990829468,0.992142915725708,0.29023727774620056
1751305996.7160242,3.098383903503418,0.95427006483078,0.9921473860740662,0.29026633501052856
1751305996.7359204,3.098410129547119,0.9542921185493469,0.9921509027481079,0.29025107622146606
1751305996.7460492,3.098386287689209,0.9543054103851318,0.9921573996543884,0.29027169942855835
1751305996.765961,3.098383903503418,0.9542832970619202,0.9921526908874512,0.29026493430137634
1751305996.7759202,3.098378896713257,0.9543031454086304,0.9921432137489319,0.2902542054653168
1751305996.7959192,3.0983996391296387,0.9542884230613708,0.9921552538871765,0.29027217626571655
1751305996.8160253,3.098405599594116,0.9543005228042603,0.9921597838401794,0.2902524471282959
1751305996.835924,3.098377227783203,0.9542785286903381,0.992149293422699,0.2902555763721466
1751305996.845921,3.0983664989471436,0.9542779922485352,0.9921548366546631,0.2902594208717346
1751305996.855925,3.098403215408325,0.9543050527572632,0.9921581745147705,0.2902437448501587
1751305996.875919,3.0983810424804688,0.9543008804321289,0.9921504855155945,0.2902626395225525
1751305996.8960218,3.0983667373657227,0.9542942047119141,0.9921500086784363,0.290255606174469
1751305996.9059348,3.0983951091766357,0.9542936682701111,0.992145836353302,0.2902606129646301
1751305996.9160047,3.0983893871307373,0.95428466796875,0.992159366607666,0.2902638614177704
1751305996.9359632,3.0983805656433105,0.9542893767356873,0.9921401143074036,0.2902541160583496
1751305996.9559436,3.0983927249908447,0.9543048143386841,0.9921440482139587,0.2902515232563019
1751305996.9660838,3.0983774662017822,0.9542902112007141,0.9921481013298035,0.29025939106941223
1751305996.9859269,3.0983996391296387,0.954292893409729,0.9921431541442871,0.29024797677993774
1751305996.99601,3.0983755588531494,0.9543055891990662,0.9921464323997498,0.2902633845806122
1751305997.0159369,3.0983898639678955,0.9542904496192932,0.992132842540741,0.2902536690235138
1751305997.025924,3.0984199047088623,0.9542829990386963,0.9921424388885498,0.29025089740753174
1751305997.045935,3.098388195037842,0.9543140530586243,0.9921466112136841,0.2902753949165344
1751305997.0559351,3.098385810852051,0.9542950987815857,0.9921373724937439,0.2902558445930481
1751305997.075935,3.098392963409424,0.954300045967102,0.9921396970748901,0.29027196764945984
1751305997.0959258,3.098381280899048,0.9542849063873291,0.9921437501907349,0.29027143120765686
1751305997.105932,3.0984058380126953,0.9542869925498962,0.9921420216560364,0.2902494966983795
1751305997.1259334,3.0983924865722656,0.9543059468269348,0.9921481609344482,0.2902718186378479
1751305997.136074,3.0983822345733643,0.954302191734314,0.9921491146087646,0.2902512848377228
1751305997.1559296,3.0983803272247314,0.9542819261550903,0.9921553134918213,0.2902493476867676
1751305997.1660426,3.0983948707580566,0.9542880654335022,0.9921398758888245,0.2902751863002777
1751305997.1859493,3.098388671875,0.9543040990829468,0.9921292066574097,0.29023873805999756
1751305997.196074,3.098383903503418,0.9543120265007019,0.9921333193778992,0.2902698516845703
1751305997.216077,3.0983810424804688,0.9543173909187317,0.9921247959136963,0.2902490496635437
1751305997.2360592,3.098381519317627,0.9543029069900513,0.9921428561210632,0.2902803421020508
1751305997.245938,3.098367214202881,0.9543286561965942,0.9921302795410156,0.29025372862815857
1751305997.2659457,3.098367691040039,0.9543091058731079,0.9921216368675232,0.2902619242668152
1751305997.2761812,3.0983707904815674,0.9543338418006897,0.9921349883079529,0.29028019309043884
1751305997.2959833,3.098350763320923,0.9542986750602722,0.9921395778656006,0.2902528643608093
1751305997.3159373,3.0983710289001465,0.95429527759552,0.9921339154243469,0.2902742624282837
1751305997.3260474,3.098371982574463,0.9543096423149109,0.9921315908432007,0.2902708649635315
1751305997.336073,3.0983779430389404,0.9543224573135376,0.9921317100524902,0.290248841047287
1751305997.355988,3.098376512527466,0.9543088674545288,0.9921257495880127,0.29026445746421814
1751305997.3760471,3.0983669757843018,0.9543260335922241,0.9921254515647888,0.29026228189468384
1751305997.3859518,3.0983726978302,0.9542827606201172,0.9921178221702576,0.29025939106941223
1751305997.4059746,3.098374366760254,0.9543078541755676,0.992138147354126,0.29027438163757324
1751305997.4165,3.098372220993042,0.9543245434761047,0.9921227097511292,0.29026198387145996
1751305997.4359334,3.0983705520629883,0.9542918801307678,0.9921283721923828,0.2902585566043854
1751305997.445949,3.098375082015991,0.9543051719665527,0.9921251535415649,0.29025962948799133
1751305997.4660091,3.098371982574463,0.9543116688728333,0.9921131134033203,0.29025354981422424
1751305997.485959,3.0983734130859375,0.9542952179908752,0.9921512007713318,0.2902694344520569
1751305997.49596,3.098367691040039,0.9543091058731079,0.9921192526817322,0.29025939106941223
1751305997.5159094,3.0983693599700928,0.9542838931083679,0.9921189546585083,0.2902710735797882
1751305997.5359445,3.0983924865722656,0.9543183445930481,0.9921255707740784,0.2902751863002777
1751305997.5459375,3.0983781814575195,0.9543112516403198,0.9921338558197021,0.29026269912719727
1751305997.5659075,3.0983855724334717,0.9543062448501587,0.9921337962150574,0.2902751564979553
1751305997.5759375,3.098371982574463,0.9543036818504333,0.9921120405197144,0.2902377247810364
1751305997.5859435,3.098367929458618,0.954293429851532,0.9921371936798096,0.29026103019714355
1751305997.605916,3.0983729362487793,0.9543251991271973,0.9921391010284424,0.29027676582336426
1751305997.6259072,3.0983612537384033,0.9543335437774658,0.9921337366104126,0.2902587354183197
1751305997.6361206,3.0983643531799316,0.9543095231056213,0.9921470284461975,0.2902721166610718
1751305997.6559117,3.0983781814575195,0.9543271064758301,0.9921349883079529,0.29027697443962097
1751305997.675927,3.098365068435669,0.9543013572692871,0.9921292662620544,0.2902624011039734
1751305997.685933,3.098375082015991,0.9543092846870422,0.9921280741691589,0.29028084874153137
1751305997.7059426,3.0983736515045166,0.9543286561965942,0.9921306371688843,0.29025253653526306
1751305997.715946,3.098358631134033,0.9543061852455139,0.9921243786811829,0.2902727425098419
1751305997.735929,3.0983893871307373,0.9543211460113525,0.9921356439590454,0.29026293754577637
1751305997.7459385,3.0983755588531494,0.9543098211288452,0.992127537727356,0.2902681827545166
1751305997.7659209,3.0983638763427734,0.954327404499054,0.992129385471344,0.2902785837650299
1751305997.775925,3.098379373550415,0.9543312191963196,0.9921197295188904,0.2902609407901764
1751305997.7959285,3.098370313644409,0.9542961120605469,0.9921255707740784,0.29027533531188965
1751305997.8059373,3.098383903503418,0.9543285369873047,0.9921199083328247,0.29027241468429565
1751305997.8259146,3.0983731746673584,0.9543063044548035,0.9921224117279053,0.29026564955711365
1751305997.8459487,3.098369598388672,0.9543087482452393,0.9921312928199768,0.29027363657951355
1751305997.855923,3.0983738899230957,0.9543185234069824,0.9921256899833679,0.2902636229991913
1751305997.8759167,3.098371744155884,0.9543005228042603,0.9921357035636902,0.2902790904045105
1751305997.8859274,3.098360538482666,0.9543089866638184,0.99212646484375,0.2902781665325165
1751305997.9059396,3.0983779430389404,0.9543190598487854,0.9921277761459351,0.29025956988334656
1751305997.9159236,3.0983612537384033,0.9542980194091797,0.99213045835495,0.29028406739234924
1751305997.9359272,3.0983645915985107,0.9543014764785767,0.9921307563781738,0.290265828371048
1751305997.9459398,3.098374128341675,0.9543247222900391,0.9921310544013977,0.29026883840560913
1751305997.9659188,3.09836745262146,0.954288125038147,0.992145299911499,0.2902805805206299
1751305997.9859185,3.0983786582946777,0.9543246626853943,0.9921140074729919,0.29026898741722107
1751305997.9959352,3.0983715057373047,0.954330563545227,0.9921447038650513,0.2902704179286957
1751305998.01593,3.0983645915985107,0.9543320536613464,0.9921315312385559,0.2902787923812866
1751305998.0259514,3.098371744155884,0.9543178081512451,0.9921269416809082,0.2902579605579376
1751305998.0459378,3.0983617305755615,0.9543051719665527,0.9921320676803589,0.29027679562568665
1751305998.0560899,3.0983777046203613,0.9543341994285583,0.9921368360519409,0.29026854038238525
1751305998.0759444,3.0983726978302,0.9543026685714722,0.9921395778656006,0.29026898741722107
1751305998.0968041,3.098360538482666,0.9543317556381226,0.9921352863311768,0.2902770936489105
1751305998.116269,3.098375082015991,0.954302191734314,0.992138683795929,0.29027172923088074
1751305998.1260731,3.098363161087036,0.9543224573135376,0.9921495318412781,0.2902928292751312
1751305998.1464949,3.098388433456421,0.9543226957321167,0.9921200275421143,0.29026174545288086
1751305998.156152,3.098376512527466,0.9543307423591614,0.992143452167511,0.29027190804481506
1751305998.1659484,3.098367929458618,0.954326868057251,0.9921374917030334,0.2902772128582001
1751305998.1859715,3.098395824432373,0.9543163180351257,0.9921249747276306,0.2902544438838959
1751305998.1960473,3.0983614921569824,0.9543188810348511,0.9921307563781738,0.2902771532535553
1751305998.216022,3.0983800888061523,0.9543197751045227,0.9921366572380066,0.2902568578720093
1751305998.2359622,3.0984063148498535,0.9543088674545288,0.9921404123306274,0.29026418924331665
1751305998.246133,3.0983757972717285,0.9543284177780151,0.9921188950538635,0.290274053812027
1751305998.265957,3.0983853340148926,0.9542965888977051,0.9921359419822693,0.29025083780288696
1751305998.2760527,3.0983855724334717,0.9543045163154602,0.9921424388885498,0.29027029871940613
1751305998.2960029,3.0983989238739014,0.9543060660362244,0.9921230673789978,0.29024946689605713
1751305998.3059945,3.098384141921997,0.954313337802887,0.9921297430992126,0.29026085138320923
1751305998.3259463,3.098379373550415,0.9543148875236511,0.9921416640281677,0.2902725040912628
1751305998.345911,3.098389148712158,0.9543182849884033,0.9921319484710693,0.2902505099773407
1751305998.365927,3.0983917713165283,0.9543181657791138,0.9921373128890991,0.29025936126708984
1751305998.3759408,3.0983710289001465,0.9542996883392334,0.9921305179595947,0.2902568578720093
1751305998.3959348,3.0984046459198,0.954306960105896,0.9921255111694336,0.2902620732784271
1751305998.4059403,3.098374605178833,0.9543077945709229,0.9921252131462097,0.29026713967323303
1751305998.4160953,3.098374128341675,0.954306960105896,0.9921307563781738,0.29025861620903015
1751305998.4360669,3.098389148712158,0.9543064832687378,0.9921209216117859,0.29026761651039124
1751305998.445947,3.0983638763427734,0.9543253779411316,0.9921217560768127,0.2902644872665405
1751305998.4659822,3.098379135131836,0.9543195366859436,0.9921374917030334,0.2902648150920868
1751305998.4859686,3.0984034538269043,0.9543059468269348,0.9921534061431885,0.29027146100997925
1751305998.4959254,3.0983622074127197,0.9543188214302063,0.9921252131462097,0.2902602255344391
1751305998.5159607,3.098374128341675,0.9542940855026245,0.992125928401947,0.29027390480041504
1751305998.525939,3.098361015319824,0.9543059468269348,0.992136538028717,0.29026633501052856
1751305998.5460384,3.098370313644409,0.9543120265007019,0.9921395182609558,0.2902563214302063
1751305998.5559714,3.098386287689209,0.9543066620826721,0.9921264052391052,0.2902722656726837
1751305998.5759318,3.0983710289001465,0.9543151259422302,0.9921271204948425,0.2902612090110779
1751305998.5961533,3.0983762741088867,0.9543124437332153,0.9921391010284424,0.29026973247528076
1751305998.6063554,3.098358392715454,0.9543156027793884,0.9921303391456604,0.29027578234672546
1751305998.6259432,3.098372459411621,0.9543018937110901,0.9921292066574097,0.2902548909187317
1751305998.6359596,3.0983726978302,0.9543131589889526,0.9921342134475708,0.29027116298675537
1751305998.6559339,3.098372459411621,0.954316258430481,0.9921263456344604,0.290261447429657
1751305998.6759217,3.0983693599700928,0.9543030261993408,0.9921326637268066,0.2902611792087555
1751305998.6859236,3.098372220993042,0.9543161988258362,0.992141604423523,0.2902718186378479
1751305998.695984,3.098376512527466,0.95430588722229,0.9921289086341858,0.29024821519851685
1751305998.7159817,3.0983593463897705,0.9543045163154602,0.9921413064002991,0.2902750074863434
1751305998.7359595,3.0983612537384033,0.9543443322181702,0.9921265244483948,0.2902635633945465
1751305998.7559226,3.0983810424804688,0.954304575920105,0.9921393394470215,0.29025787115097046
1751305998.7659442,3.0983738899230957,0.9543110132217407,0.9921472072601318,0.29027917981147766
1751305998.7859118,3.098378896713257,0.9543064832687378,0.9921241998672485,0.2902519702911377
1751305998.7959266,3.09836483001709,0.9543215036392212,0.9921407699584961,0.2902807593345642
1751305998.8059506,3.0983829498291016,0.9543238878250122,0.9921531081199646,0.2902776002883911
1751305998.8258982,3.098379611968994,0.954326331615448,0.9921419620513916,0.290282279253006
1751305998.8459496,3.09837007522583,0.9543049335479736,0.9921273589134216,0.29027047753334045
1751305998.8559403,3.0983545780181885,0.9543182849884033,0.9921179413795471,0.29025301337242126
1751305998.8759286,3.0983781814575195,0.9543040990829468,0.992143452167511,0.29026493430137634
1751305998.8960276,3.0983614921569824,0.9543108344078064,0.9921289086341858,0.2902543544769287
1751305998.9059134,3.098360061645508,0.9543032646179199,0.9921311736106873,0.29025593400001526
1751305998.9159336,3.0983529090881348,0.9543025493621826,0.9921404719352722,0.29026901721954346
1751305998.9359214,3.0983774662017822,0.954314112663269,0.9921419024467468,0.2902650833129883
1751305998.945947,3.0983774662017822,0.9543049335479736,0.9921388626098633,0.2902717888355255
1751305998.96591,3.098365068435669,0.9543118476867676,0.9921380877494812,0.29027098417282104
1751305998.9859073,3.0983684062957764,0.9542981386184692,0.9921205639839172,0.2902613878250122
1751305998.9959295,3.0983619689941406,0.9543007612228394,0.9921486973762512,0.29027363657951355
1751305999.0159268,3.0983731746673584,0.9543088674545288,0.9921355843544006,0.29026105999946594
1751305999.0360696,3.098351001739502,0.9542938470840454,0.9921368956565857,0.29026493430137634
1751305999.0459871,3.098363161087036,0.9543284773826599,0.9921348094940186,0.29027530550956726
1751305999.065959,3.098381280899048,0.9543231129646301,0.9921336770057678,0.29027488827705383
1751305999.0765898,3.098355770111084,0.9542917013168335,0.9921278953552246,0.29026147723197937
1751305999.0959516,3.0983786582946777,0.9543324112892151,0.9921402931213379,0.2902773916721344
1751305999.1059375,3.0983734130859375,0.9543066024780273,0.9921184778213501,0.29026132822036743
1751305999.126034,3.0983738899230957,0.9543201327323914,0.9921541213989258,0.29028579592704773
1751305999.1359286,3.09838604927063,0.9543054699897766,0.9921309947967529,0.2902522087097168
1751305999.1559258,3.098360776901245,0.9543220400810242,0.9921396374702454,0.2902596890926361
1751305999.1659288,3.0983822345733643,0.9543070197105408,0.9921377897262573,0.29028069972991943
1751305999.1859686,3.0983827114105225,0.9543253779411316,0.9921389222145081,0.29026538133621216
1751305999.1959476,3.098372459411621,0.95430988073349,0.992139458656311,0.2902790606021881
1751305999.2159824,3.0983805656433105,0.954319417476654,0.9921046495437622,0.2902562916278839
1751305999.2360463,3.0983798503875732,0.954298198223114,0.9921510815620422,0.2902616262435913
1751305999.245962,3.0983669757843018,0.9543688297271729,0.9921383857727051,0.2902820110321045
1751305999.2659543,3.09838604927063,0.9543063640594482,0.9921233654022217,0.29024818539619446
1751305999.2859933,3.098358154296875,0.9543167948722839,0.9921346306800842,0.29028964042663574
1751305999.296202,3.098374605178833,0.9543253779411316,0.9921317100524902,0.29027700424194336
1751305999.306275,3.0983898639678955,0.9543027281761169,0.9921198487281799,0.290259450674057
1751305999.3260317,3.098360538482666,0.954315185546875,0.9921223521232605,0.29027727246284485
1751305999.3359382,3.0983786582946777,0.9543063640594482,0.992132306098938,0.2902580797672272
1751305999.355944,3.0983738899230957,0.9542984962463379,0.992141842842102,0.2902801036834717
1751305999.3759427,3.098361015319824,0.9543063044548035,0.9921176433563232,0.29026922583580017
1751305999.3859713,3.0983798503875732,0.9543116688728333,0.9921212196350098,0.29026535153388977
1751305999.406048,3.0983784198760986,0.9543099403381348,0.9921399354934692,0.2902797758579254
1751305999.42596,3.098400115966797,0.9542958736419678,0.9921214580535889,0.2902637720108032
1751305999.4360378,3.0983834266662598,0.954298734664917,0.9921141266822815,0.2902868390083313
1751305999.4459739,3.098371744155884,0.9542992115020752,0.9921372532844543,0.2902704179286957
1751305999.4659772,3.098393678665161,0.9543270468711853,0.9921334981918335,0.29026541113853455
1751305999.4859297,3.098374843597412,0.9542966485023499,0.9921318292617798,0.2902880609035492
1751305999.4959462,3.0983903408050537,0.9543184041976929,0.992110550403595,0.29026442766189575
1751305999.515944,3.098388433456421,0.9542962312698364,0.9921298623085022,0.29027754068374634
1751305999.525986,3.0983657836914062,0.9543009996414185,0.9921422004699707,0.2902778089046478
1751305999.5459528,3.0983922481536865,0.9543161392211914,0.9921354651451111,0.2902601659297943
1751305999.5559742,3.0983824729919434,0.9542922377586365,0.9921282529830933,0.29027318954467773
1751305999.5759733,3.0983572006225586,0.9543253183364868,0.9921165704727173,0.29027462005615234
1751305999.5959685,3.0983848571777344,0.9542965888977051,0.9921326637268066,0.2902557849884033
1751305999.6059675,3.098381996154785,0.9542964100837708,0.9921467900276184,0.290274977684021
1751305999.6259818,3.0983850955963135,0.9543050527572632,0.992132306098938,0.29025110602378845
1751305999.6378143,3.098392963409424,0.9543110132217407,0.9921203851699829,0.29026761651039124
1751305999.655956,3.0983927249908447,0.9543038010597229,0.9921606183052063,0.2902749478816986
1751305999.6659622,3.0983996391296387,0.9543045163154602,0.992134153842926,0.29026153683662415
1751305999.6859586,3.0983848571777344,0.9543095827102661,0.9921260476112366,0.29027652740478516
1751305999.6959643,3.0983846187591553,0.9543075561523438,0.9921073317527771,0.2902657389640808
1751305999.7159474,3.0984203815460205,0.9543002843856812,0.9921338558197021,0.2902747392654419
1751305999.736012,3.0983755588531494,0.9543097019195557,0.9921232461929321,0.29028454422950745
1751305999.745922,3.0983712673187256,0.954296886920929,0.9921159148216248,0.290262907743454
1751305999.765993,3.098400831222534,0.954307496547699,0.9921276569366455,0.29028141498565674
1751305999.7760453,3.0983991622924805,0.9542935490608215,0.9921310544013977,0.29025089740753174
1751305999.7960253,3.098371744155884,0.954292893409729,0.9921283721923828,0.2902870178222656
1751305999.8059673,3.0983786582946777,0.9543119668960571,0.9921289682388306,0.29027727246284485
1751305999.8259761,3.0983798503875732,0.9542976021766663,0.9921269416809082,0.29024696350097656
1751305999.8460786,3.0983967781066895,0.9542943239212036,0.9921422600746155,0.29028207063674927
1751305999.8559835,3.0983853340148926,0.9543070793151855,0.992102324962616,0.2902602553367615
1751305999.8759453,3.0983850955963135,0.9542943835258484,0.992121696472168,0.2902759313583374
1751305999.895944,3.098388910293579,0.9543209671974182,0.9921232461929321,0.2902578115463257
1751305999.9159472,3.098381280899048,0.9542859792709351,0.9921246767044067,0.2902589440345764
1751305999.925985,3.098385810852051,0.9543129801750183,0.9921101331710815,0.29027625918388367
1751305999.935965,3.0983848571777344,0.954316258430481,0.9921176433563232,0.29026713967323303
1751305999.9559631,3.098390817642212,0.9542932510375977,0.9921198487281799,0.29026710987091064
1751305999.9659922,3.098386287689209,0.9543052911758423,0.9921199679374695,0.2902850806713104
1751305999.986022,3.0983850955963135,0.9543034434318542,0.9921035170555115,0.2902539074420929
1751306000.0059898,3.0983831882476807,0.9543055891990662,0.9921135902404785,0.29027873277664185
1751306000.0259533,3.0983951091766357,0.954310417175293,0.9921090602874756,0.29026535153388977
1751306000.035951,3.0983777046203613,0.9542960524559021,0.9921113848686218,0.2902720868587494
1751306000.0460007,3.098383665084839,0.9543076753616333,0.9921031594276428,0.2902528941631317
1751306000.065977,3.098405122756958,0.9542966485023499,0.992120087146759,0.2902526259422302
1751306000.0763507,3.098395347595215,0.9543149471282959,0.9921369552612305,0.29025799036026
1751306000.0860503,3.098381996154785,0.9543058276176453,0.9921090006828308,0.2902660667896271
1751306000.1059654,3.098381757736206,0.954295814037323,0.9921004176139832,0.29024747014045715
1751306000.1259751,3.098391056060791,0.9543208479881287,0.9921219944953918,0.29026737809181213
1751306000.1359472,3.0983994007110596,0.9543201327323914,0.9921205639839172,0.29025721549987793
1751306000.1559474,3.0983829498291016,0.9542942643165588,0.992111325263977,0.2902671992778778
1751306000.1659586,3.0983877182006836,0.9542954564094543,0.99211585521698,0.2902663052082062
1751306000.1859593,3.098402500152588,0.9543194770812988,0.9921026825904846,0.2902509868144989
1751306000.195949,3.098391532897949,0.9542914032936096,0.9921404719352722,0.29028451442718506
1751306000.2159548,3.0983896255493164,0.9543091654777527,0.9921020269393921,0.2902701199054718
1751306000.235945,3.0983798503875732,0.9542912244796753,0.9921095371246338,0.29025858640670776
1751306000.2460008,3.098405599594116,0.954319417476654,0.9921221733093262,0.29028332233428955
1751306000.2659605,3.0984127521514893,0.9543201327323914,0.9921213984489441,0.29026567935943604
1751306000.2863955,3.098367929458618,0.9542896151542664,0.9921181797981262,0.2902776896953583
1751306000.29595,3.0983943939208984,0.9543070793151855,0.9921122789382935,0.2902458906173706
1751306000.3159382,3.098393678665161,0.9542832970619202,0.9921162128448486,0.2902727425098419
1751306000.3259966,3.098384380340576,0.9543017745018005,0.992135763168335,0.2902708351612091
1751306000.3359478,3.0983974933624268,0.9542970061302185,0.9921040534973145,0.2902604937553406
1751306000.366017,3.0983946323394775,0.9542927742004395,0.9921069741249084,0.29027843475341797
1751306000.375963,3.098400354385376,0.9543163776397705,0.9921090006828308,0.29025745391845703
1751306000.3859463,3.0984139442443848,0.9542779326438904,0.9921275973320007,0.29026177525520325
1751306000.4059434,3.0983893871307373,0.9542899131774902,0.9921079874038696,0.290281742811203
1751306000.4159307,3.098412275314331,0.9543214440345764,0.9921019077301025,0.29025959968566895
1751306000.4460268,3.0984034538269043,0.9542945027351379,0.9921202063560486,0.29027795791625977
1751306000.4563756,3.0984046459198,0.9543287754058838,0.9921202063560486,0.290277361869812
1751306000.4660487,3.0983974933624268,0.9543027877807617,0.9920967221260071,0.29026421904563904
1751306000.4859853,3.098381996154785,0.9543192982673645,0.9921115040779114,0.2902833819389343
1751306000.4959729,3.0984034538269043,0.95432049036026,0.9921090602874756,0.2902531027793884
1751306000.5160332,3.0984115600585938,0.9542977213859558,0.9920985698699951,0.29026469588279724
1751306000.525934,3.0983927249908447,0.9543249607086182,0.9921002984046936,0.2902555465698242
1751306000.5560453,3.098402738571167,0.9543150067329407,0.9921075105667114,0.29025769233703613
1751306000.5659888,3.0983967781066895,0.9543302059173584,0.9921069741249084,0.29025930166244507
1751306000.575931,3.0983846187591553,0.9543559551239014,0.9921175241470337,0.2902652621269226
1751306000.586175,3.098360538482666,0.9543613195419312,0.9921110272407532,0.2902526259422302
1751306000.6059535,3.0983223915100098,0.9543379545211792,0.9921103119850159,0.29027074575424194
1751306000.6259449,3.0984394550323486,0.9540814161300659,0.9921131730079651,0.29024797677993774
1751306000.6359766,3.098559856414795,0.9536978602409363,0.9921138882637024,0.2902721166610718
1751306000.6560133,3.09859299659729,0.9534756541252136,0.992112398147583,0.2902734875679016
1751306000.6660576,3.098666191101074,0.9529838562011719,0.9921030402183533,0.29025328159332275
1751306000.685988,3.098565101623535,0.9524028897285461,0.9921231269836426,0.2902752757072449
1751306000.6961806,3.0981361865997314,0.9517261385917664,0.9920989871025085,0.29025518894195557
1751306000.7160935,3.0972349643707275,0.9508306384086609,0.992110550403595,0.29025933146476746
1751306000.7360654,3.095761299133301,0.9499551057815552,0.9921190738677979,0.2902602255344391
1751306000.7459548,3.093787670135498,0.9488145709037781,0.9921246767044067,0.29025283455848694
1751306000.7660155,3.091280460357666,0.9472821950912476,0.9921182990074158,0.2902742624282837
1751306000.7759976,3.0899109840393066,0.9464285373687744,0.9921059012413025,0.2902645766735077
1751306000.7959392,3.0868003368377686,0.944013774394989,0.9921163320541382,0.2902449071407318
1751306000.805957,3.083082914352417,0.9416292905807495,0.9921318888664246,0.290274053812027
1751306000.8259733,3.079058885574341,0.9387599229812622,0.9921256303787231,0.2902548313140869
1751306000.8459566,3.0750129222869873,0.9357271194458008,0.9921318292617798,0.29028433561325073
1751306000.8659606,3.0711705684661865,0.9329712986946106,0.9921311140060425,0.29025307297706604
1751306000.8759844,3.067617416381836,0.9300482869148254,0.9921281933784485,0.29026710987091064
1751306000.886039,3.064143419265747,0.9276456236839294,0.992114782333374,0.29026493430137634
1751306000.9060292,3.0624661445617676,0.9263044595718384,0.9921069145202637,0.29025205969810486
1751306000.9159327,3.0591869354248047,0.9235450625419617,0.9921414256095886,0.2902694046497345
1751306000.9360938,3.0558743476867676,0.9212096929550171,0.9921106696128845,0.29026418924331665
1751306000.9559197,3.052950143814087,0.9185604453086853,0.992115318775177,0.29025474190711975
1751306000.965942,3.049805164337158,0.9161241054534912,0.9921438097953796,0.29027190804481506
1751306000.9859557,3.0467286109924316,0.9137783050537109,0.9921169281005859,0.290244460105896
1751306000.9961572,3.0436036586761475,0.9109148979187012,0.9921239018440247,0.2902778089046478
1751306001.0161226,3.039977550506592,0.908225417137146,0.9921284914016724,0.29024431109428406
1751306001.0265446,3.0364677906036377,0.9050979018211365,0.9921247959136963,0.2902739644050598
1751306001.0459592,3.0323855876922607,0.9017024636268616,0.9921303987503052,0.2902671694755554
1751306001.056335,3.030465602874756,0.8996469378471375,0.9921233654022217,0.29025840759277344
1751306001.075959,3.026097297668457,0.895797073841095,0.9921383261680603,0.29025959968566895
1751306001.085998,3.0212531089782715,0.8912711143493652,0.9921362996101379,0.2902706563472748
1751306001.105943,3.015562057495117,0.8861169815063477,0.9921379685401917,0.29026010632514954
1751306001.1259813,3.009039878845215,0.8802048563957214,0.9921329021453857,0.2902703285217285
1751306001.1359403,3.005446434020996,0.8769383430480957,0.9921209812164307,0.29026734828948975
1751306001.1559489,2.9939262866973877,0.8658633232116699,0.9921517968177795,0.29027700424194336
1751306001.1760535,2.985412359237671,0.8578092455863953,0.9921358227729797,0.2902626693248749
1751306001.1859615,2.981048107147217,0.8534144759178162,0.9921212792396545,0.2902427315711975
1751306001.2060134,2.971544027328491,0.844468891620636,0.9921422004699707,0.2902759909629822
1751306001.2161572,2.9618091583251953,0.8348479270935059,0.9921353459358215,0.29025426506996155
1751306001.235951,2.951549530029297,0.824644923210144,0.9921345114707947,0.2902649939060211
1751306001.2461002,2.9406168460845947,0.8140487670898438,0.9921334981918335,0.2902573347091675
1751306001.26598,2.929506778717041,0.8031752109527588,0.9921324849128723,0.2902415096759796
1751306001.2760394,2.918138265609741,0.7922012209892273,0.992135226726532,0.2902751564979553
1751306001.2961822,2.906540870666504,0.7809920907020569,0.9921262860298157,0.29025569558143616
1751306001.3059895,2.9004416465759277,0.775410532951355,0.992117166519165,0.2902480661869049
1751306001.3259482,2.8882124423980713,0.7644069790840149,0.9921311736106873,0.2902745008468628
1751306001.3359792,2.8751542568206787,0.7538338899612427,0.9921317100524902,0.29023534059524536
1751306001.35596,2.8616840839385986,0.7431223392486572,0.9921399354934692,0.29026564955711365
1751306001.3760111,2.8473336696624756,0.73307204246521,0.9921295642852783,0.29025763273239136
1751306001.3859506,2.8327853679656982,0.7231005430221558,0.992143988609314,0.2902699112892151
1751306001.4059665,2.8252034187316895,0.7180806398391724,0.992145836353302,0.29027432203292847
1751306001.4159806,2.8100993633270264,0.7078328728675842,0.9921298623085022,0.29026469588279724
1751306001.4359303,2.7953295707702637,0.696867048740387,0.9921400547027588,0.2902711033821106
1751306001.4559457,2.7808146476745605,0.684965968132019,0.9921321868896484,0.2902756333351135
1751306001.4659808,2.7665348052978516,0.6721160411834717,0.9921380877494812,0.2902624309062958
1751306001.485997,2.752767562866211,0.6584271788597107,0.9921388030052185,0.29027459025382996
1751306001.4959486,2.746265411376953,0.6511784791946411,0.9921353459358215,0.2902667820453644
1751306001.5159433,2.7337260246276855,0.6356242895126343,0.9921354055404663,0.2902524769306183
1751306001.5259414,2.7216696739196777,0.6196497678756714,0.9921396374702454,0.29026755690574646
1751306001.5459607,2.7088377475738525,0.6034359335899353,0.9921344518661499,0.2902488112449646
1751306001.5559547,2.69692325592041,0.5863969922065735,0.9921539425849915,0.2902687191963196
1751306001.575937,2.6853957176208496,0.5689107775688171,0.9921284317970276,0.2902577519416809
1751306001.5960748,2.674384593963623,0.5510120391845703,0.992159366607666,0.2902519106864929
1751306001.6059322,2.6632256507873535,0.5330851674079895,0.9921504855155945,0.2902718782424927
1751306001.6259696,2.65290904045105,0.5143100023269653,0.992141842842102,0.2902481257915497
1751306001.6359417,2.6425721645355225,0.4951307475566864,0.9921243190765381,0.2902646064758301
1751306001.655931,2.632888078689575,0.4759664833545685,0.9920627474784851,0.29023924469947815
1751306001.6761177,2.6240956783294678,0.456085741519928,0.9919097423553467,0.29022544622421265
1751306001.6859567,2.6158063411712646,0.4358382821083069,0.9917288422584534,0.2902069091796875
1751306001.6961586,2.6118526458740234,0.42580100893974304,0.9916101694107056,0.2901766300201416
1751306001.7263446,2.602850914001465,0.4058712124824524,0.9913066029548645,0.2901962399482727
1751306001.7264383,2.594740629196167,0.3855099081993103,0.990796685218811,0.29016610980033875
1751306001.7464669,2.5870659351348877,0.36448970437049866,0.9901210069656372,0.2900927662849426
1751306001.7659235,2.5787196159362793,0.3438135087490082,0.989180326461792,0.28998836874961853
1751306001.7859454,2.570540189743042,0.32318049669265747,0.9879392981529236,0.2898325026035309
1751306001.7959514,2.566326141357422,0.31286224722862244,0.9872117638587952,0.28977859020233154
1751306001.805976,2.557450771331787,0.2923204004764557,0.9854734539985657,0.28964710235595703
1751306001.8359292,2.5423808097839355,0.2623302638530731,0.9822700619697571,0.2893490493297577
1751306001.845964,2.5372467041015625,0.25226303935050964,0.9811491966247559,0.2892448306083679
1751306001.8559573,2.5263803005218506,0.23235659301280975,0.9788516759872437,0.2889977693557739
1751306001.8759344,2.520634412765503,0.22266684472560883,0.977678656578064,0.2889033257961273
1751306001.886006,2.501673936843872,0.1945694088935852,0.9740400314331055,0.2885788083076477
1751306001.9059567,2.488194227218628,0.17610159516334534,0.9714232087135315,0.28836789727211
1751306001.9267051,2.4739317893981934,0.15822987258434296,0.9686129689216614,0.2881166934967041
1751306001.9359531,2.4663846492767334,0.14961333572864532,0.9671493172645569,0.28798574209213257
1751306001.9459262,2.4506967067718506,0.1328595131635666,0.9640200138092041,0.28769803047180176
1751306001.9759314,2.4256129264831543,0.10888352245092392,0.9589484333992004,0.28725799918174744
1751306001.985944,2.4171199798583984,0.10111325234174728,0.9571224451065063,0.2870916724205017
1751306001.995919,2.3996636867523193,0.08613257110118866,0.9532899856567383,0.28677722811698914
1751306002.016082,2.3816585540771484,0.07155931740999222,0.9493248462677002,0.2864415943622589
1751306002.0360527,2.3631818294525146,0.05687972530722618,0.9452972412109375,0.2860996127128601
1751306002.0460522,2.353898763656616,0.04966313764452934,0.9432958960533142,0.28591907024383545
1751306002.0560665,2.335313081741333,0.03599349409341812,0.9392654895782471,0.2855890989303589
1751306002.0761666,2.3158116340637207,0.02288629487156868,0.9351226091384888,0.2852170169353485
1751306002.0964298,2.2959022521972656,0.010515633970499039,0.930812656879425,0.2848479151725769
1751306002.10595,2.276581287384033,-0.0017595551908016205,0.9262508749961853,0.28445279598236084
1751306002.126156,2.2565507888793945,-0.013577353209257126,0.9214449524879456,0.284052312374115
1751306002.1361482,2.235926628112793,-0.02466079778969288,0.9164807200431824,0.28359296917915344
1751306002.155965,2.2154345512390137,-0.035375237464904785,0.9113183617591858,0.283170610666275
1751306002.1762404,2.1936542987823486,-0.045296285301446915,0.9060593843460083,0.28268396854400635
1751306002.18638,2.183030843734741,-0.05034559220075607,0.9034161567687988,0.28243300318717957
1751306002.195965,2.1620466709136963,-0.06041664257645607,0.8980334401130676,0.2820011079311371
1751306002.2159424,2.1410794258117676,-0.07031847536563873,0.8926194906234741,0.2815150320529938
1751306002.2359662,2.1201961040496826,-0.08051231503486633,0.8872458934783936,0.2810676693916321
1751306002.2559638,2.0989274978637695,-0.09053169190883636,0.8819124102592468,0.28059786558151245
1751306002.2661507,2.0769448280334473,-0.09946264326572418,0.8767098188400269,0.27998024225234985
1751306002.2759447,2.0659079551696777,-0.10382714867591858,0.8740541338920593,0.27974453568458557
1751306002.2959957,2.04341983795166,-0.11178314685821533,0.8687520027160645,0.279287725687027
1751306002.3059487,2.02169132232666,-0.11906808614730835,0.8634881973266602,0.2788228988647461
1751306002.3260505,1.9989796876907349,-0.12576176226139069,0.8582428097724915,0.2783767580986023
1751306002.3459563,1.9752821922302246,-0.13156940042972565,0.8531271815299988,0.2779272198677063
1751306002.3560746,1.9529298543930054,-0.13702696561813354,0.8481063842773438,0.2774893045425415
1751306002.3759377,1.9300329685211182,-0.14206083118915558,0.8432168960571289,0.277053564786911
1751306002.38596,1.906806468963623,-0.14615799486637115,0.8383461833000183,0.2766258120536804
1751306002.4059765,1.8837188482284546,-0.14954309165477753,0.8335151672363281,0.276199609041214
1751306002.4259403,1.8604289293289185,-0.15252704918384552,0.828752338886261,0.27576324343681335
1751306002.4359605,1.836560606956482,-0.15519870817661285,0.8239678740501404,0.2753455340862274
1751306002.44592,1.8248275518417358,-0.15612085163593292,0.8215887546539307,0.27511799335479736
1751306002.4659245,1.8013235330581665,-0.15743733942508698,0.8168216347694397,0.27467477321624756
1751306002.4859207,1.7774896621704102,-0.15854911506175995,0.8119561672210693,0.274248868227005
1751306002.4959252,1.753515362739563,-0.15893125534057617,0.807162344455719,0.2738227844238281
1751306002.5159378,1.7299830913543701,-0.15934596955776215,0.8024712204933167,0.27337270975112915
1751306002.525953,1.7061316967010498,-0.1596476137638092,0.7978320121765137,0.2729524075984955
1751306002.5459204,1.6824816465377808,-0.15946875512599945,0.7933964133262634,0.2725553512573242
1751306002.556295,1.6705777645111084,-0.15917281806468964,0.7911638021469116,0.27235081791877747
1751306002.5759308,1.647210955619812,-0.1583845466375351,0.7868853807449341,0.2719649076461792
1751306002.5959268,1.6237494945526123,-0.15634475648403168,0.7827528715133667,0.27158910036087036
1751306002.6059396,1.600127100944519,-0.15314854681491852,0.7787020802497864,0.27118372917175293
1751306002.6259341,1.5769585371017456,-0.1498062014579773,0.7746708393096924,0.27083685994148254
1751306002.6459334,1.5537855625152588,-0.14608237147331238,0.770703136920929,0.2704359292984009
1751306002.6562054,1.5306676626205444,-0.14145533740520477,0.7667369842529297,0.2701094448566437
1751306002.6659884,1.5189849138259888,-0.13897541165351868,0.7647153735160828,0.2699297368526459
1751306002.685971,1.4959876537322998,-0.13346228003501892,0.760579526424408,0.269542396068573
1751306002.7059636,1.4729878902435303,-0.12738260626792908,0.7563368082046509,0.2691865861415863
1751306002.7159276,1.4502683877944946,-0.12094129621982574,0.7519499659538269,0.26875951886177063
1751306002.736001,1.4277639389038086,-0.1134522557258606,0.7474654912948608,0.26836010813713074
1751306002.7459745,1.405651330947876,-0.1058366596698761,0.742798388004303,0.2678837478160858
1751306002.7659397,1.3833181858062744,-0.0974564179778099,0.7378992438316345,0.26744404435157776
1751306002.7759316,1.3722407817840576,-0.09326383471488953,0.7353594303131104,0.26721394062042236
1751306002.7959158,1.350393295288086,-0.08390755206346512,0.7300658226013184,0.26675769686698914
1751306002.8059294,1.3288073539733887,-0.0738537609577179,0.7244386076927185,0.266298770904541
1751306002.8359232,1.2967296838760376,-0.05808475241065025,0.7154309749603271,0.2655241787433624
1751306002.8459752,1.2862775325775146,-0.05258223041892052,0.7122833728790283,0.26529833674430847
1751306002.865925,1.2655928134918213,-0.04116810858249664,0.7056785225868225,0.2647853493690491
1751306002.8759863,1.2452391386032104,-0.02918645180761814,0.6987949013710022,0.2642824351787567
1751306002.8859558,1.224897861480713,-0.01717832311987877,0.6915292143821716,0.2637935280799866
1751306002.905965,1.204798936843872,-0.0047567859292030334,0.6840118765830994,0.26331794261932373
1751306002.9259338,1.1851953268051147,0.008724531158804893,0.6762290596961975,0.26282718777656555
1751306002.9359531,1.1658393144607544,0.022547580301761627,0.6680728197097778,0.26241785287857056
1751306002.9459476,1.1563293933868408,0.029527444392442703,0.6639626622200012,0.26219117641448975
1751306002.9661942,1.137281060218811,0.04357459396123886,0.6554969549179077,0.26176393032073975
1751306002.9860327,1.1188981533050537,0.058358289301395416,0.6469035148620605,0.26134631037712097
1751306002.9964871,1.1010161638259888,0.07376890629529953,0.6381486058235168,0.2609223425388336
1751306003.0159998,1.0836591720581055,0.08969592303037643,0.6293376684188843,0.26050645112991333
1751306003.0359292,1.0664254426956177,0.10589708387851715,0.6205838322639465,0.26011794805526733
1751306003.0459557,1.0579102039337158,0.11412759125232697,0.6162126660346985,0.2598907947540283
1751306003.0659657,1.0409654378890991,0.13053575158119202,0.6075098514556885,0.2594737708568573
1751306003.0781796,1.0240041017532349,0.14708299934864044,0.5988250374794006,0.2590230405330658
1751306003.085976,1.007379412651062,0.1638096272945404,0.590176522731781,0.25857532024383545
1751306003.1059742,0.9910797476768494,0.18097424507141113,0.5815639495849609,0.25815847516059875
1751306003.125946,0.9832441806793213,0.18978942930698395,0.5772528648376465,0.25793012976646423
1751306003.1372595,0.960719645023346,0.21728543937206268,0.5643781423568726,0.2572881579399109
1751306003.1560385,0.9457558989524841,0.23536036908626556,0.555794358253479,0.2568712830543518
1751306003.1761587,0.9308335185050964,0.2535480856895447,0.5470440983772278,0.2564183473587036
1751306003.1861708,0.9237256050109863,0.26286372542381287,0.5426028370857239,0.25620871782302856
1751306003.1960104,0.909037172794342,0.28128889203071594,0.5336154699325562,0.2557743489742279
1751306003.2160428,0.8940003514289856,0.29931822419166565,0.524449348449707,0.25535327196121216
1751306003.2361107,0.8791437745094299,0.31757068634033203,0.5150965452194214,0.25492435693740845
1751306003.2459822,0.8646663427352905,0.3361365497112274,0.5055817365646362,0.2544696629047394
1751306003.2659779,0.8576868772506714,0.34556347131729126,0.5008108615875244,0.254253089427948
1751306003.275938,0.8365066051483154,0.3736834228038788,0.4862671494483948,0.25354790687561035
1751306003.2960067,0.8293381333351135,0.38308143615722656,0.48139962553977966,0.2533196806907654
1751306003.3060684,0.8156351447105408,0.4022671580314636,0.471650093793869,0.25285449624061584
1751306003.3259416,0.8028337955474854,0.4222853183746338,0.4618034362792969,0.25239622592926025
1751306003.3459623,0.7905452251434326,0.4426395893096924,0.4519931375980377,0.25192418694496155
1751306003.355941,0.7789925932884216,0.4633290767669678,0.44216451048851013,0.2514441907405853
1751306003.3760145,0.7736459374427795,0.4738318920135498,0.437246173620224,0.2512397766113281
1751306003.3859732,0.7584083676338196,0.5057806968688965,0.42258697748184204,0.2505304515361786
1751306003.405978,0.7482659816741943,0.527068018913269,0.41284847259521484,0.2500722110271454
1751306003.425946,0.738237202167511,0.5483108758926392,0.403144896030426,0.24960917234420776
1751306003.4360008,0.7287930250167847,0.5700497031211853,0.3935227692127228,0.24913360178470612
1751306003.44594,0.724138081073761,0.5809913873672485,0.3887065052986145,0.24889737367630005
1751306003.4659183,0.7144650816917419,0.6025185585021973,0.3790816366672516,0.2483987808227539
1751306003.4859376,0.7046470046043396,0.6237735748291016,0.3695047199726105,0.2479308694601059
1751306003.5059543,0.6948567628860474,0.6449814438819885,0.3599573075771332,0.24747273325920105
1751306003.5161316,0.684216320514679,0.666046679019928,0.3504236936569214,0.24693593382835388
1751306003.5259361,0.6786150932312012,0.6764046549797058,0.3457217216491699,0.24671760201454163
1751306003.5461006,0.6670644283294678,0.6969286203384399,0.33625417947769165,0.24623334407806396
1751306003.5559492,0.6549962759017944,0.7173030972480774,0.3267180323600769,0.24572895467281342
1751306003.5760176,0.6415525078773499,0.7367848753929138,0.31728479266166687,0.24526123702526093
1751306003.586191,0.6269340515136719,0.7552942037582397,0.3080023229122162,0.24481666088104248
1751306003.6059933,0.6114274859428406,0.7730715274810791,0.2988665699958801,0.2443571239709854
1751306003.6260054,0.5952913761138916,0.7903258800506592,0.2899017333984375,0.24393047392368317
1751306003.635987,0.5785214900970459,0.8066667914390564,0.2811751961708069,0.24351109564304352
1751306003.6560085,0.5607154369354248,0.8222705125808716,0.2726811170578003,0.2430904358625412
1751306003.6661265,0.5518596172332764,0.8300196528434753,0.2685075104236603,0.24290238320827484
1751306003.6860034,0.5336392521858215,0.8453189134597778,0.26035305857658386,0.24252843856811523
1751306003.6959808,0.5145955085754395,0.8594830632209778,0.25249698758125305,0.24220047891139984
1751306003.7160027,0.4954141080379486,0.8731232285499573,0.24502043426036835,0.2418537139892578
1751306003.7359245,0.4760543406009674,0.8864032626152039,0.23785541951656342,0.24156025052070618
1751306003.7459397,0.45605146884918213,0.8990299701690674,0.23102959990501404,0.2412208914756775
1751306003.7659805,0.43570658564567566,0.9111377596855164,0.22450587153434753,0.2409491240978241
1751306003.7759461,0.4152083992958069,0.922748863697052,0.21825936436653137,0.24065740406513214
1751306003.7960799,0.40471595525741577,0.9283301830291748,0.21520690619945526,0.24052618443965912
1751306003.816892,0.37276437878608704,0.9442294836044312,0.20599786937236786,0.24013382196426392
1751306003.8359294,0.35132625699043274,0.954284131526947,0.19962196052074432,0.23982959985733032
1751306003.8459742,0.34044378995895386,0.9589051604270935,0.19644999504089355,0.23970557749271393
1751306003.855946,0.3184388279914856,0.967487096786499,0.19003427028656006,0.2394201159477234
1751306003.8759258,0.2963763475418091,0.9757299423217773,0.18361788988113403,0.23909619450569153
1751306003.8859425,0.27404311299324036,0.9834205508232117,0.17718780040740967,0.23883390426635742
1751306003.905935,0.26265689730644226,0.9868981242179871,0.17398765683174133,0.23869194090366364
1751306003.9159312,0.23977750539779663,0.9934552311897278,0.1675320416688919,0.23834101855754852
1751306003.935923,0.21703684329986572,0.9997888803482056,0.1610814481973648,0.23802094161510468
1751306003.9459481,0.19407859444618225,1.0055911540985107,0.15450142323970795,0.23769593238830566
1751306003.9659302,0.17095494270324707,1.0107533931732178,0.14784151315689087,0.23736245930194855
1751306003.9859369,0.1477435827255249,1.015402913093567,0.1410292536020279,0.23702716827392578
1751306003.9959369,0.12435958534479141,1.0193136930465698,0.13408732414245605,0.23669171333312988
1751306004.0159419,0.10076378285884857,1.022347331047058,0.12700243294239044,0.23639404773712158
1751306004.0259435,0.07725632190704346,1.0249868631362915,0.11983425170183182,0.23607760667800903
1751306004.045953,0.05380548909306526,1.026681661605835,0.11248837411403656,0.23583361506462097
1751306004.066028,0.030038490891456604,1.02775239944458,0.10499776899814606,0.23559990525245667
1751306004.0760875,0.01813054084777832,1.0281720161437988,0.1011364758014679,0.23552271723747253
1751306004.0960412,-0.005791667848825455,1.0285956859588623,0.09327707439661026,0.23538658022880554
1751306004.1064954,-0.02966206893324852,1.0280888080596924,0.08512639254331589,0.2353045493364334
1751306004.1259596,-0.053251348435878754,1.027008295059204,0.07686133682727814,0.23521997034549713
1751306004.145956,-0.07685732841491699,1.0254274606704712,0.06847105175256729,0.2351466864347458
1751306004.1561806,-0.100409135222435,1.0231907367706299,0.05997266620397568,0.23504211008548737
1751306004.1759846,-0.12382058054208755,1.0205720663070679,0.05143066123127937,0.2349434345960617
1751306004.1859593,-0.13557963073253632,1.0189344882965088,0.04716585576534271,0.23488877713680267
1751306004.1959827,-0.15889570116996765,1.0154988765716553,0.03860730677843094,0.2347983419895172
1751306004.2159884,-0.1819097250699997,1.011258602142334,0.030085649341344833,0.23471759259700775
1751306004.235962,-0.2049378603696823,1.0065516233444214,0.021555190905928612,0.23458610475063324
1751306004.245941,-0.22773125767707825,1.0012699365615845,0.013075034134089947,0.23451539874076843
1751306004.2659528,-0.2503012716770172,0.9949396848678589,0.004601895809173584,0.23441359400749207
1751306004.2860842,-0.27301856875419617,0.9881360530853271,-0.0037068985402584076,0.23433470726013184
1751306004.2961574,-0.2842938303947449,0.9847736358642578,-0.007903216406702995,0.23429931700229645
1751306004.3059702,-0.30659306049346924,0.9769821763038635,-0.01618308573961258,0.23419922590255737
1751306004.3259525,-0.3284520208835602,0.9685781002044678,-0.02448427490890026,0.23412984609603882
1751306004.3360326,-0.3505399823188782,0.9600216150283813,-0.03270862624049187,0.23405985534191132
1751306004.3560326,-0.37231752276420593,0.9508225917816162,-0.04090798646211624,0.23393858969211578
1751306004.3759217,-0.39387503266334534,0.9408583045005798,-0.04905461519956589,0.2338523417711258
1751306004.3859432,-0.4151899814605713,0.930665910243988,-0.057327717542648315,0.23370204865932465
1751306004.4059215,-0.4361032247543335,0.9196099042892456,-0.06554176658391953,0.2335864156484604
1751306004.425959,-0.456479549407959,0.908033013343811,-0.07373802363872528,0.23343870043754578
1751306004.4459457,-0.4766681492328644,0.8961995840072632,-0.08190657198429108,0.23331111669540405
1751306004.455929,-0.48662397265434265,0.8901326060295105,-0.08600471168756485,0.23324087262153625
1751306004.4659414,-0.5064168572425842,0.8775013089179993,-0.09414216876029968,0.23310743272304535
1751306004.4859831,-0.5262376666069031,0.8652205467224121,-0.10227104276418686,0.23299463093280792
1751306004.4959967,-0.5459354519844055,0.8528718948364258,-0.11043475568294525,0.23284794390201569
1751306004.5162334,-0.5653562545776367,0.8395178318023682,-0.11858290433883667,0.23276811838150024
1751306004.5362349,-0.5842539668083191,0.8259220123291016,-0.12670260667800903,0.2326800376176834
1751306004.5459645,-0.6029331088066101,0.8116893768310547,-0.13482512533664703,0.23260454833507538
1751306004.565961,-0.6121582984924316,0.8045494556427002,-0.13887673616409302,0.23257723450660706
1751306004.57606,-0.6303524971008301,0.7896502614021301,-0.1470979005098343,0.23256449401378632
1751306004.5960712,-0.648594856262207,0.774856448173523,-0.15534049272537231,0.23249177634716034
1751306004.6059487,-0.6670697331428528,0.7602276802062988,-0.16357198357582092,0.232472226023674
1751306004.6259577,-0.6856672763824463,0.7457348704338074,-0.17181344330310822,0.23239398002624512
1751306004.6359415,-0.704145610332489,0.7314425706863403,-0.1800476610660553,0.2323521226644516
1751306004.655974,-0.7133665680885315,0.7243781685829163,-0.18421387672424316,0.23232845962047577
1751306004.665952,-0.7316557765007019,0.7100980877876282,-0.19249704480171204,0.23228289186954498
1751306004.685968,-0.749567449092865,0.6949282884597778,-0.20078259706497192,0.23223690688610077
1751306004.7059734,-0.7676297426223755,0.680153489112854,-0.20906387269496918,0.23220376670360565
1751306004.7159646,-0.7860133647918701,0.6658356785774231,-0.21734900772571564,0.23217955231666565
1751306004.736199,-0.8048494458198547,0.6520548462867737,-0.22560067474842072,0.23215962946414948
1751306004.7460744,-0.8241528868675232,0.6388323903083801,-0.23380634188652039,0.23211827874183655
1751306004.7659416,-0.844058632850647,0.6268229484558105,-0.24195723235607147,0.23210982978343964
1751306004.7760384,-0.854174017906189,0.6210227608680725,-0.24600337445735931,0.2320825159549713
1751306004.7960255,-0.8748093843460083,0.609772264957428,-0.2541542947292328,0.23202450573444366
1751306004.805946,-0.8960098028182983,0.5995054244995117,-0.26228395104408264,0.23198729753494263
1751306004.8260562,-0.9176546931266785,0.5903792381286621,-0.2704855799674988,0.2318943440914154
1751306004.8460243,-0.9399185180664062,0.5822558403015137,-0.2786897122859955,0.23178504407405853
1751306004.865932,-0.9623844623565674,0.5749830007553101,-0.2868887186050415,0.23175768554210663
1751306004.8759453,-0.9850239157676697,0.568566620349884,-0.29503515362739563,0.23162750899791718
1751306004.8959322,-1.007818341255188,0.5629723072052002,-0.30323442816734314,0.2315462976694107
1751306004.9059324,-1.0192958116531372,0.5603765845298767,-0.3073100447654724,0.23147405683994293
1751306004.9160213,-1.042486548423767,0.5556069016456604,-0.31552791595458984,0.23137812316417694
1751306004.9359317,-1.0656144618988037,0.5513289570808411,-0.32377421855926514,0.23126418888568878
1751306004.945979,-1.0890213251113892,0.5479233860969543,-0.3320674002170563,0.23114682734012604
1751306004.965939,-1.112618327140808,0.5450232028961182,-0.3404114246368408,0.23105484247207642
1751306004.985926,-1.1361877918243408,0.5422912836074829,-0.3487262725830078,0.2309698909521103
1751306004.995983,-1.1595896482467651,0.5394042134284973,-0.3570753037929535,0.23091398179531097
1751306005.0160506,-1.1713188886642456,0.5381449460983276,-0.3612824082374573,0.23085975646972656
1751306005.026004,-1.194923996925354,0.5360532999038696,-0.3696931004524231,0.23081159591674805
1751306005.0460954,-1.2186907529830933,0.5347421765327454,-0.37815040349960327,0.23069436848163605
1751306005.0560293,-1.242527723312378,0.5340426564216614,-0.38666415214538574,0.23060746490955353
1751306005.0760756,-1.2664755582809448,0.5339033007621765,-0.39518123865127563,0.23054561018943787
1751306005.0960476,-1.290309190750122,0.5339453816413879,-0.4036453366279602,0.2304256111383438
1751306005.1059704,-1.3141379356384277,0.5338205695152283,-0.4120796322822571,0.23037271201610565
1751306005.1261656,-1.3259162902832031,0.5335209369659424,-0.416319340467453,0.23032212257385254
1751306005.1360404,-1.349624752998352,0.5329383611679077,-0.42478039860725403,0.23022662103176117
1751306005.1561599,-1.3732256889343262,0.5320189595222473,-0.433235228061676,0.23016580939292908
1751306005.165996,-1.3967214822769165,0.5306165218353271,-0.4416482746601105,0.23008371889591217
1751306005.185956,-1.4203906059265137,0.528062641620636,-0.4500434398651123,0.23001602292060852
1751306005.1959894,-1.443406581878662,0.5244213938713074,-0.45839741826057434,0.22994224727153778
1751306005.215944,-1.4664313793182373,0.5197376012802124,-0.46673673391342163,0.22989709675312042
1751306005.235959,-1.4894311428070068,0.5139476656913757,-0.4750039279460907,0.22983276844024658
1751306005.245996,-1.511929988861084,0.5070407390594482,-0.48327165842056274,0.22973182797431946
1751306005.2661123,-1.5341204404830933,0.4996802806854248,-0.491531640291214,0.22962501645088196
1751306005.275941,-1.5451980829238892,0.49582257866859436,-0.49566584825515747,0.22958405315876007
1751306005.2959363,-1.567252278327942,0.48721733689308167,-0.5039076805114746,0.22949402034282684
1751306005.3059242,-1.5890178680419922,0.47787660360336304,-0.5121073126792908,0.22939451038837433
1751306005.3259563,-1.6105033159255981,0.46770212054252625,-0.5202793478965759,0.22933436930179596
1751306005.3361259,-1.6313637495040894,0.45632675290107727,-0.5284841060638428,0.2291135936975479
1751306005.3560028,-1.6521517038345337,0.44500449299812317,-0.5365396738052368,0.2290632277727127
1751306005.3759468,-1.6727091073989868,0.4338347911834717,-0.5445890426635742,0.22896209359169006
1751306005.3961341,-1.6934502124786377,0.4223604202270508,-0.5526258945465088,0.228856161236763
1751306005.405985,-1.7140191793441772,0.4107777774333954,-0.5606240034103394,0.2288082242012024
1751306005.4159644,-1.724218487739563,0.4047607183456421,-0.5646402835845947,0.22877447307109833
1751306005.4359965,-1.7445404529571533,0.39215585589408875,-0.5727217793464661,0.22872555255889893
1751306005.445959,-1.7646387815475464,0.37945860624313354,-0.5808532238006592,0.22872719168663025
1751306005.4659853,-1.784650206565857,0.367095410823822,-0.5890776515007019,0.22869879007339478
1751306005.476088,-1.804948329925537,0.3550710082054138,-0.5973187685012817,0.22870579361915588
1751306005.4959857,-1.8255771398544312,0.343381404876709,-0.6057248711585999,0.22871392965316772
1751306005.5159433,-1.8360563516616821,0.3378787934780121,-0.6099051237106323,0.22871503233909607
1751306005.525972,-1.8574278354644775,0.3277529776096344,-0.618248701095581,0.22875259816646576
1751306005.5459661,-1.879472255706787,0.3185996115207672,-0.6267428398132324,0.22875280678272247
1751306005.565957,-1.9016218185424805,0.31017249822616577,-0.6352077722549438,0.22875423729419708
1751306005.585958,-1.9346356391906738,0.2978815734386444,-0.6478586792945862,0.22881358861923218
1751306005.5960176,-1.945621132850647,0.29372939467430115,-0.6521153450012207,0.22882218658924103
1751306005.6059368,-1.967750072479248,0.28526556491851807,-0.6605679392814636,0.22888369858264923
1751306005.625953,-1.9897311925888062,0.2763614356517792,-0.6688355207443237,0.22887031733989716
1751306005.635942,-2.011345624923706,0.26715704798698425,-0.677147388458252,0.22889024019241333
1751306005.6559317,-2.03298282623291,0.2574940621852875,-0.6854788064956665,0.22892487049102783
1751306005.675946,-2.0545763969421387,0.24729742109775543,-0.6937348246574402,0.2289181500673294
1751306005.685932,-2.075756788253784,0.23682855069637299,-0.701917827129364,0.2289469987154007
1751306005.705952,-2.086235761642456,0.23143182694911957,-0.7059857249259949,0.2289431244134903
1751306005.7159617,-2.1074395179748535,0.2202322781085968,-0.714123547077179,0.22891105711460114
1751306005.7360017,-2.128645896911621,0.2090941071510315,-0.7222941517829895,0.22890427708625793
1751306005.7459395,-2.1497983932495117,0.19829100370407104,-0.730376660823822,0.22890250384807587
1751306005.7660255,-2.1712212562561035,0.1872655600309372,-0.7384725213050842,0.22892075777053833
1751306005.7760038,-2.1817219257354736,0.18135909736156464,-0.7425091862678528,0.22890989482402802
1751306005.7959826,-2.202322483062744,0.168998584151268,-0.7506251335144043,0.22891318798065186
1751306005.8059697,-2.2225077152252197,0.1564934402704239,-0.7586073875427246,0.2289181500673294
1751306005.826173,-2.2424094676971436,0.14398325979709625,-0.7667292952537537,0.22887957096099854
1751306005.8459775,-2.272135019302368,0.12352815270423889,-0.7789233326911926,0.22888310253620148
1751306005.8560493,-2.281801700592041,0.1167956292629242,-0.7829890251159668,0.2288864552974701
1751306005.8760507,-2.301337242126465,0.10325461626052856,-0.7911877632141113,0.22892141342163086
1751306005.885967,-2.321124315261841,0.09007438272237778,-0.7993612885475159,0.2289927750825882
1751306005.9059558,-2.3410518169403076,0.0770382359623909,-0.8076460361480713,0.22906698286533356
1751306005.9259224,-2.3614401817321777,0.06545796245336533,-0.8160601854324341,0.22917553782463074
1751306005.9359348,-2.371664524078369,0.05997275561094284,-0.8202379941940308,0.22920356690883636
1751306005.9459486,-2.3930020332336426,0.04918917268514633,-0.8286460041999817,0.2292822152376175
1751306005.965921,-2.415081024169922,0.03921515494585037,-0.8370698690414429,0.2294076532125473
1751306005.9859242,-2.4368371963500977,0.030273504555225372,-0.8455789089202881,0.22944940626621246
1751306005.9959373,-2.4599874019622803,0.022847700864076614,-0.8539971709251404,0.22957782447338104
1751306006.0159454,-2.4826762676239014,0.016264867037534714,-0.8625151515007019,0.22967691719532013
1751306006.0359514,-2.5059919357299805,0.010694585740566254,-0.8709091544151306,0.22973504662513733
1751306006.0459476,-2.529451608657837,0.0060201361775398254,-0.8793473839759827,0.22984686493873596
1751306006.055941,-2.5411624908447266,0.004129145294427872,-0.8835622072219849,0.22989384829998016
1751306006.0759432,-2.565227746963501,0.0005525033921003342,-0.8919222950935364,0.2299911379814148
1751306006.0959918,-2.6008989810943604,-0.003524409607052803,-0.9043568968772888,0.23018141090869904
1751306006.1159532,-2.612759590148926,-0.004533527418971062,-0.9084671139717102,0.23022869229316711
1751306006.1259341,-2.636876106262207,-0.00653049536049366,-0.9166997075080872,0.2303692251443863
1751306006.145952,-2.6609902381896973,-0.007607933133840561,-0.9249164462089539,0.23042546212673187
1751306006.1560564,-2.6849422454833984,-0.008756017312407494,-0.9331146478652954,0.23050178587436676
1751306006.1659715,-2.697101593017578,-0.00892843771725893,-0.937199592590332,0.23054853081703186
1751306006.1859486,-2.7208168506622314,-0.008449094370007515,-0.9453590512275696,0.23063905537128448
1751306006.1960802,-2.744737148284912,-0.007427839562296867,-0.9534943103790283,0.23073363304138184
1751306006.2163656,-2.768681049346924,-0.005815720185637474,-0.9616518020629883,0.23087182641029358
1751306006.2382143,-2.792891025543213,-0.0035328054800629616,-0.9697787761688232,0.23098553717136383
1751306006.2562373,-2.8166704177856445,-0.0008249785751104355,-0.9780335426330566,0.2311415672302246
1751306006.2659729,-2.84079909324646,0.002822509966790676,-0.9862709641456604,0.23127616941928864
1751306006.2759416,-2.8639814853668213,0.006892622448503971,-0.994665265083313,0.2314169704914093
1751306006.2962368,-2.8873496055603027,0.011701218783855438,-1.0030168294906616,0.2315874844789505
1751306006.3160317,-2.8986425399780273,0.01405312493443489,-1.0072354078292847,0.23166076838970184
1751306006.335945,-2.932553291320801,0.022713521495461464,-1.0200620889663696,0.23195888102054596
1751306006.345948,-2.955500364303589,0.02844562754034996,-1.0285861492156982,0.23218007385730743
1751306006.35637,-2.9672837257385254,0.030914202332496643,-1.0328618288040161,0.23223665356636047
1751306006.376093,-2.9908924102783203,0.03673519194126129,-1.041448712348938,0.23244233429431915
1751306006.3960726,-3.013957977294922,0.043317146599292755,-1.0500478744506836,0.23259510099887848
1751306006.4060085,-3.0252771377563477,0.04668605700135231,-1.054341197013855,0.23268422484397888
1751306006.4167528,-3.0476233959198,0.054610975086688995,-1.0628963708877563,0.2328544557094574
1751306006.4360917,-3.0804567337036133,0.06785130500793457,-1.0757029056549072,0.2330947369337082
1751306006.4459867,-3.091054677963257,0.07288285344839096,-1.0800062417984009,0.23315928876399994
1751306006.4659734,-3.11297345161438,0.08238931745290756,-1.0885601043701172,0.2333236038684845
1751306006.4859972,-3.134249687194824,0.09285891801118851,-1.0970991849899292,0.2335195094347
1751306006.4960656,-3.1554462909698486,0.10414421558380127,-1.105631947517395,0.23368115723133087
1751306006.5161216,-3.176042318344116,0.11605551093816757,-1.1141455173492432,0.23380650579929352
1751306006.5260353,-3.196445941925049,0.1287137269973755,-1.1225985288619995,0.23399010300636292
1751306006.5459723,-3.206876039505005,0.13516651093959808,-1.1268402338027954,0.2340613305568695
1751306006.556087,-3.2265512943267822,0.14838142693042755,-1.135262131690979,0.23423193395137787
1751306006.5759878,-3.24661922454834,0.1598651111125946,-1.1437962055206299,0.23436947166919708
1751306006.5859756,-3.26578950881958,0.17281334102153778,-1.1523720026016235,0.2344893217086792
1751306006.605951,-3.2831954956054688,0.18611136078834534,-1.161004900932312,0.2345655858516693
1751306006.626005,-3.291759729385376,0.1924486756324768,-1.165345549583435,0.2346487194299698
1751306006.636006,-3.3162903785705566,0.21036268770694733,-1.1785109043121338,0.23483389616012573
1751306006.6559596,-3.331998586654663,0.22108367085456848,-1.1875274181365967,0.23495638370513916
1751306006.6759713,-3.34590744972229,0.23137293756008148,-1.1966335773468018,0.23507288098335266
1751306006.685935,-3.353212594985962,0.23564912378787994,-1.2012068033218384,0.23510631918907166
1751306006.696007,-3.3664469718933105,0.24391302466392517,-1.2105224132537842,0.23520605266094208
1751306006.715984,-3.37919282913208,0.2507534623146057,-1.2199534177780151,0.23534387350082397
1751306006.7359,-3.391035556793213,0.25712352991104126,-1.2295812368392944,0.23545163869857788
1751306006.7459602,-3.4032175540924072,0.26171523332595825,-1.2393312454223633,0.23558537662029266
1751306006.7659066,-3.4119396209716797,0.26758071780204773,-1.2493672370910645,0.23571597039699554
1751306006.7858973,-3.420145034790039,0.27257585525512695,-1.2594709396362305,0.23588402569293976
1751306006.7959313,-3.4252266883850098,0.2736351191997528,-1.2645753622055054,0.23593971133232117
1751306006.8059258,-3.4315333366394043,0.27740076184272766,-1.2748762369155884,0.23608295619487762
1751306006.8259535,-3.4364845752716064,0.2814268469810486,-1.285327672958374,0.23625332117080688
1751306006.8459046,-3.441516876220703,0.2838497459888458,-1.2957241535186768,0.23638464510440826
1751306006.8559473,-3.4478070735931396,0.285319447517395,-1.3058955669403076,0.23651812970638275
1751306006.8759346,-3.451669692993164,0.2880439758300781,-1.3157424926757812,0.236641526222229
1751306006.8959124,-3.454545021057129,0.2916332185268402,-1.325188159942627,0.23674309253692627
1751306006.9059348,-3.458378314971924,0.29399406909942627,-1.3339771032333374,0.23679089546203613
1751306006.9259298,-3.4621992111206055,0.2958662509918213,-1.3419080972671509,0.23691296577453613
1751306006.935941,-3.464042901992798,0.2967204749584198,-1.345625400543213,0.23701845109462738
1751306006.946045,-3.468952178955078,0.29726749658584595,-1.3524731397628784,0.23712162673473358
1751306006.9659786,-3.472167491912842,0.2990431487560272,-1.3585717678070068,0.23727552592754364
1751306006.9860265,-3.4744794368743896,0.30074185132980347,-1.363919973373413,0.2374022901058197
1751306006.9960196,-3.4757883548736572,0.30309322476387024,-1.3684704303741455,0.23754332959651947
1751306007.0193603,-3.4782204627990723,0.3044634461402893,-1.3722093105316162,0.2376822978258133
1751306007.0273135,-3.478985071182251,0.3051759600639343,-1.3737643957138062,0.23774342238903046
1751306007.0460217,-3.4804625511169434,0.3059430420398712,-1.3762260675430298,0.23779745399951935
1751306007.0562315,-3.4820737838745117,0.30686116218566895,-1.3778181076049805,0.23785342276096344
1751306007.0761666,-3.4845306873321533,0.30651435256004333,-1.378496766090393,0.23783402144908905
1751306007.095931,-3.4842300415039062,0.30770862102508545,-1.378592848777771,0.23782658576965332
1751306007.1059203,-3.484393835067749,0.30854061245918274,-1.378242015838623,0.23786523938179016
1751306007.1259024,-3.4847521781921387,0.3085668087005615,-1.37791907787323,0.23787826299667358
1751306007.1359603,-3.4851365089416504,0.3087214529514313,-1.3769863843917847,0.2378886193037033
1751306007.155932,-3.486138343811035,0.30813515186309814,-1.3758639097213745,0.2378038614988327
1751306007.1659153,-3.4855685234069824,0.30814117193222046,-1.3746616840362549,0.23779985308647156
1751306007.1859848,-3.48439359664917,0.3085199296474457,-1.373441457748413,0.237757608294487
1751306007.1959352,-3.4837677478790283,0.30822867155075073,-1.3720932006835938,0.23775097727775574
1751306007.215936,-3.483168840408325,0.3079300820827484,-1.3706902265548706,0.23770172894001007
1751306007.2359092,-3.4828059673309326,0.307409405708313,-1.3693968057632446,0.23763620853424072
1751306007.245968,-3.4824047088623047,0.30681970715522766,-1.3683217763900757,0.23760907351970673
1751306007.26591,-3.481494188308716,0.3067115843296051,-1.3674912452697754,0.23759691417217255
1751306007.275998,-3.4812228679656982,0.306355357170105,-1.367055058479309,0.23755520582199097
1751306007.2959447,-3.480461597442627,0.3064172863960266,-1.3669826984405518,0.2375679314136505
1751306007.3159463,-3.4796197414398193,0.30599480867385864,-1.3670687675476074,0.2375607192516327
1751306007.325928,-3.4795291423797607,0.30574971437454224,-1.3671536445617676,0.23755301535129547
1751306007.3460617,-3.4792888164520264,0.3054594397544861,-1.3672878742218018,0.23757533729076385
1751306007.3659058,-3.4789624214172363,0.30505552887916565,-1.3675097227096558,0.23757243156433105
1751306007.3759348,-3.4790570735931396,0.30466264486312866,-1.3675775527954102,0.2375834584236145
1751306007.395928,-3.4789345264434814,0.30456089973449707,-1.3676769733428955,0.2375938892364502
1751306007.4059112,-3.478273630142212,0.3048514127731323,-1.3678067922592163,0.2375795543193817
1751306007.425903,-3.4779529571533203,0.3049730062484741,-1.3679519891738892,0.23758499324321747
1751306007.4359107,-3.4779200553894043,0.305052787065506,-1.3679877519607544,0.23757995665073395
1751306007.4459126,-3.478001832962036,0.304864764213562,-1.368068814277649,0.23760615289211273
1751306007.4759114,-3.4781687259674072,0.304814875125885,-1.3681665658950806,0.23756569623947144
1751306007.4859781,-3.478637218475342,0.3043179512023926,-1.3682011365890503,0.23758289217948914
1751306007.4959908,-3.4782817363739014,0.3047299087047577,-1.3682303428649902,0.23759526014328003
1751306007.5159197,-3.4781296253204346,0.30505049228668213,-1.3682295083999634,0.23758244514465332
1751306007.5259366,-3.4781908988952637,0.3050830364227295,-1.3682096004486084,0.2376064509153366
1751306007.5459177,-3.4783265590667725,0.30522507429122925,-1.3682312965393066,0.2375723123550415
1751306007.5559182,-3.4787721633911133,0.3049258291721344,-1.3682324886322021,0.23757408559322357
1751306007.5759442,-3.47892427444458,0.3052434027194977,-1.3682355880737305,0.23757754266262054
1751306007.5959418,-3.4786980152130127,0.30535417795181274,-1.3682348728179932,0.23759271204471588
1751306007.6059887,-3.478579521179199,0.30537575483322144,-1.3682432174682617,0.23760046064853668
1751306007.6259036,-3.4786877632141113,0.3054540753364563,-1.3682252168655396,0.23759153485298157
1751306007.6459188,-3.4789726734161377,0.30556151270866394,-1.368237853050232,0.2375888228416443
1751306007.6563756,-3.4793894290924072,0.30558180809020996,-1.3682243824005127,0.2375892847776413
1751306007.6759899,-3.4794046878814697,0.30568474531173706,-1.3682163953781128,0.23758426308631897
1751306007.685939,-3.4792959690093994,0.3059474229812622,-1.3682198524475098,0.23760348558425903
1751306007.7059116,-3.4793529510498047,0.30590325593948364,-1.368226408958435,0.23759731650352478
1751306007.7159522,-3.4795796871185303,0.30575430393218994,-1.3682228326797485,0.23758400976657867
1751306007.7359214,-3.479999542236328,0.305266410112381,-1.3682265281677246,0.23759277164936066
1751306007.745953,-3.4796383380889893,0.30574148893356323,-1.3682258129119873,0.23759767413139343
1751306007.7659078,-3.479806423187256,0.3056233525276184,-1.3682197332382202,0.23758865892887115
1751306007.7759259,-3.4797801971435547,0.30559873580932617,-1.3682283163070679,0.23759396374225616
1751306007.7959406,-3.479818105697632,0.3057343363761902,-1.3682183027267456,0.23758552968502045
1751306007.8062646,-3.4797677993774414,0.30570173263549805,-1.3682324886322021,0.23759053647518158
1751306007.8259468,-3.479710817337036,0.3056846261024475,-1.3682255744934082,0.23759928345680237
1751306007.8459377,-3.479701280593872,0.3056703507900238,-1.3682478666305542,0.23759891092777252
1751306007.8573678,-3.479600667953491,0.3056980073451996,-1.3682291507720947,0.23759973049163818
1751306007.8760467,-3.4795706272125244,0.30571070313453674,-1.368224024772644,0.2376052588224411
1751306007.8963683,-3.479153871536255,0.30570361018180847,-1.368238091468811,0.23761461675167084
1751306007.9059224,-3.478912830352783,0.30580729246139526,-1.368247151374817,0.2376059591770172
1751306007.9159746,-3.47900390625,0.30576539039611816,-1.3682222366333008,0.23760192096233368
1751306007.935959,-3.479248523712158,0.3055568337440491,-1.3682234287261963,0.23759029805660248
1751306007.9459164,-3.478773832321167,0.3057956397533417,-1.3682310581207275,0.23758600652217865
1751306007.9659097,-3.4788482189178467,0.3057626187801361,-1.3682292699813843,0.23760539293289185
1751306007.9859023,-3.479186773300171,0.3056402802467346,-1.3682259321212769,0.23759150505065918
1751306007.9959965,-3.4792540073394775,0.3056701123714447,-1.3682215213775635,0.23758533596992493
1751306008.0159235,-3.479207754135132,0.30570316314697266,-1.3682351112365723,0.23759932816028595
1751306008.0261376,-3.479360818862915,0.30558377504348755,-1.3682376146316528,0.2375781089067459
1751306008.0459025,-3.4793107509613037,0.3055416941642761,-1.368215799331665,0.23762451112270355
1751306008.055943,-3.4791600704193115,0.3056659698486328,-1.36822509765625,0.2376120239496231
1751306008.075931,-3.479252576828003,0.30568626523017883,-1.3682245016098022,0.23758330941200256
1751306008.0859303,-3.479659080505371,0.30548495054244995,-1.3682342767715454,0.23759910464286804
1751306008.1059098,-3.4793431758880615,0.30579379200935364,-1.3682196140289307,0.23759113252162933
1751306008.1259234,-3.47926664352417,0.3056827783584595,-1.36821711063385,0.23757295310497284
1751306008.1359508,-3.4787724018096924,0.3058990240097046,-1.368226170539856,0.23759931325912476
1751306008.1559086,-3.478875160217285,0.30586501955986023,-1.368223786354065,0.23757387697696686
1751306008.1759326,-3.4795610904693604,0.3053364157676697,-1.3682273626327515,0.23760564625263214
1751306008.1859238,-3.479597330093384,0.30564233660697937,-1.368227243423462,0.23759374022483826
1751306008.2058687,-3.479106903076172,0.3056895136833191,-1.3682185411453247,0.23758593201637268
1751306008.2159398,-3.4791510105133057,0.305988073348999,-1.3682278394699097,0.23759645223617554
1751306008.2359147,-3.4787707328796387,0.30597880482673645,-1.368216633796692,0.23758253455162048
1751306008.255905,-3.4787721633911133,0.3059101104736328,-1.3682106733322144,0.23759004473686218
1751306008.2659276,-3.4791371822357178,0.3059117794036865,-1.3682372570037842,0.23757754266262054
1751306008.2859116,-3.4790308475494385,0.30599045753479004,-1.368221640586853,0.23758284747600555
1751306008.2959385,-3.478883743286133,0.3061521053314209,-1.3682301044464111,0.2375999242067337
1751306008.315912,-3.4789562225341797,0.30604979395866394,-1.3682337999343872,0.2375621646642685
1751306008.3259444,-3.4790592193603516,0.3058997094631195,-1.3682332038879395,0.23757661879062653
1751306008.3459067,-3.4795260429382324,0.3056752383708954,-1.3682153224945068,0.23760780692100525
1751306008.3559277,-3.479088544845581,0.3057155907154083,-1.3682222366333008,0.237588033080101
1751306008.376019,-3.479219436645508,0.30567261576652527,-1.3682289123535156,0.2376030832529068
1751306008.3859334,-3.479574203491211,0.3055565655231476,-1.3682305812835693,0.23758645355701447
1751306008.4059339,-3.47943377494812,0.30563732981681824,-1.3682135343551636,0.23758764564990997
1751306008.415916,-3.479229688644409,0.3057282865047455,-1.3682098388671875,0.23760418593883514
1751306008.435912,-3.4792592525482178,0.3056924045085907,-1.3682365417480469,0.23758025467395782
1751306008.455942,-3.479444742202759,0.30567604303359985,-1.368226170539856,0.23760280013084412
1751306008.465923,-3.479414939880371,0.3057853579521179,-1.3682184219360352,0.23760128021240234
1751306008.485952,-3.479116916656494,0.3056780695915222,-1.3682103157043457,0.2375791221857071
1751306008.4959407,-3.4790093898773193,0.30576959252357483,-1.3682359457015991,0.23761187493801117
1751306008.515892,-3.4791598320007324,0.3057333827018738,-1.368224859237671,0.23759375512599945
1751306008.5259337,-3.4797136783599854,0.30509644746780396,-1.3682241439819336,0.2375977635383606
1751306008.5458822,-3.479419708251953,0.30546197295188904,-1.3682233095169067,0.23760585486888885
1751306008.5658991,-3.479438304901123,0.3054591417312622,-1.3682422637939453,0.23758162558078766
1751306008.5759451,-3.4790594577789307,0.30570095777511597,-1.3682399988174438,0.23759926855564117
1751306008.5958948,-3.478999137878418,0.30588704347610474,-1.3682302236557007,0.2375943660736084
1751306008.6159155,-3.4795753955841064,0.3053048253059387,-1.36823570728302,0.23758220672607422
1751306008.62596,-3.4797158241271973,0.3055003583431244,-1.3682622909545898,0.23760579526424408
1751306008.6459177,-3.479246139526367,0.30568748712539673,-1.3682407140731812,0.23759369552135468
1751306008.6559436,-3.479156970977783,0.3058054447174072,-1.3682292699813843,0.23761706054210663
1751306008.665934,-3.479201316833496,0.305606871843338,-1.3682243824005127,0.23760895431041718
1751306008.6859448,-3.4786341190338135,0.305772989988327,-1.3682407140731812,0.23760704696178436
1751306008.6959388,-3.4791131019592285,0.30580008029937744,-1.368238091468811,0.23761974275112152
1751306008.7159214,-3.479309320449829,0.30557554960250854,-1.368226170539856,0.23760585486888885
1751306008.7359283,-3.4796640872955322,0.3055555820465088,-1.3682302236557007,0.23759275674819946
1751306008.7459667,-3.479485273361206,0.3056642711162567,-1.368262529373169,0.2376139611005783
1751306008.765919,-3.47896146774292,0.30579352378845215,-1.368237853050232,0.2376069575548172
1751306008.7760274,-3.478945255279541,0.30582138895988464,-1.3682283163070679,0.23761382699012756
1751306008.7960112,-3.4790170192718506,0.3059374690055847,-1.3682376146316528,0.23761770129203796
1751306008.8059144,-3.4794623851776123,0.30567094683647156,-1.3682585954666138,0.23759549856185913
1751306008.8259237,-3.479435682296753,0.30554962158203125,-1.3682492971420288,0.23761364817619324
1751306008.845954,-3.479358434677124,0.3054696023464203,-1.3682211637496948,0.23761296272277832
1751306008.8559382,-3.478593349456787,0.30582302808761597,-1.368236780166626,0.23761360347270966
1751306008.8760161,-3.4790632724761963,0.3058069944381714,-1.3682550191879272,0.23760615289211273
1751306008.886362,-3.479250431060791,0.3056051731109619,-1.3682502508163452,0.23761261999607086
1751306008.9059408,-3.479836940765381,0.3054119348526001,-1.3682126998901367,0.23762384057044983
1751306008.9159343,-3.479414463043213,0.30568936467170715,-1.3682284355163574,0.23759418725967407
1751306008.935955,-3.4793508052825928,0.30576077103614807,-1.368255853652954,0.23760570585727692
1751306008.9459438,-3.479311943054199,0.30582284927368164,-1.3682414293289185,0.23760415613651276
1751306008.9659293,-3.479084014892578,0.3057028353214264,-1.3682162761688232,0.23760557174682617
1751306008.9859498,-3.478736162185669,0.3058702349662781,-1.368242859840393,0.23762041330337524
1751306008.9965377,-3.4789414405822754,0.305789053440094,-1.3682425022125244,0.23759815096855164
1751306009.0159152,-3.479055404663086,0.30583417415618896,-1.368228793144226,0.23763053119182587
1751306009.0359023,-3.478821277618408,0.3057363033294678,-1.3682280778884888,0.23759420216083527
1751306009.0459285,-3.4792065620422363,0.30568650364875793,-1.368221640586853,0.2376081794500351
1751306009.055923,-3.4792680740356445,0.3055972456932068,-1.3682390451431274,0.23760566115379333
1751306009.0759103,-3.479130744934082,0.3056626319885254,-1.368234634399414,0.23761332035064697
1751306009.0859344,-3.478787899017334,0.30584749579429626,-1.3682174682617188,0.23761917650699615
1751306009.105907,-3.4787073135375977,0.3059220016002655,-1.3682316541671753,0.23760876059532166
1751306009.1259346,-3.479118585586548,0.3057039678096771,-1.3682358264923096,0.23759761452674866
1751306009.1360288,-3.479146957397461,0.3056435286998749,-1.3682286739349365,0.2376074343919754
1751306009.156001,-3.4791409969329834,0.3056352436542511,-1.3682142496109009,0.23760567605495453
1751306009.1659493,-3.4792211055755615,0.30564484000205994,-1.3682243824005127,0.2376105934381485
1751306009.1859803,-3.479527473449707,0.30549511313438416,-1.3682270050048828,0.23760169744491577
1751306009.2059436,-3.479048013687134,0.3056984841823578,-1.3682197332382202,0.23761053383350372
1751306009.2160895,-3.4788920879364014,0.30590659379959106,-1.3682193756103516,0.2376081496477127
1751306009.2359176,-3.4794867038726807,0.3052242696285248,-1.3682314157485962,0.23759037256240845
1751306009.2459774,-3.47930908203125,0.3054444491863251,-1.3682286739349365,0.2376038134098053
1751306009.266117,-3.4791386127471924,0.30561313033103943,-1.368225336074829,0.23760122060775757
1751306009.2859285,-3.479066848754883,0.30584701895713806,-1.368220567703247,0.23760350048542023
1751306009.2959383,-3.4791910648345947,0.3055838644504547,-1.368248462677002,0.23761038482189178
1751306009.305917,-3.4785666465759277,0.30589425563812256,-1.3682423830032349,0.2376006543636322
1751306009.325909,-3.4789810180664062,0.3058283030986786,-1.3682321310043335,0.2376008778810501
1751306009.3361654,-3.4789042472839355,0.3059273362159729,-1.3682385683059692,0.23760996758937836
1751306009.3559978,-3.4796159267425537,0.3051568865776062,-1.3682284355163574,0.23758766055107117
1751306009.3759165,-3.4794909954071045,0.30557429790496826,-1.3682234287261963,0.2376113384962082
1751306009.385929,-3.478888988494873,0.3057723343372345,-1.3682341575622559,0.2375924289226532
1751306009.4059088,-3.4786531925201416,0.3058709502220154,-1.3682371377944946,0.23758456110954285
1751306009.4259038,-3.4787375926971436,0.30611127614974976,-1.3682395219802856,0.23761293292045593
1751306009.4359221,-3.4786794185638428,0.30628079175949097,-1.3682239055633545,0.2375817447900772
1751306009.4559276,-3.4796793460845947,0.30521371960639954,-1.3682312965393066,0.2375989705324173
1751306009.4659696,-3.478830337524414,0.30605706572532654,-1.3682482242584229,0.2376219779253006
1751306009.4859202,-3.4791061878204346,0.3057025671005249,-1.3682312965393066,0.23759637773036957
1751306009.4959397,-3.479552984237671,0.3054552674293518,-1.368223786354065,0.23763079941272736
1751306009.516034,-3.479478597640991,0.3055630624294281,-1.3682446479797363,0.237603098154068
1751306009.5359325,-3.479151964187622,0.305573970079422,-1.368242621421814,0.23760275542736053
1751306009.5459847,-3.478984832763672,0.3056938052177429,-1.3682376146316528,0.23760075867176056
1751306009.5659308,-3.4793179035186768,0.3056783378124237,-1.368212103843689,0.23760856688022614
1751306009.5760229,-3.479172706604004,0.3057578206062317,-1.368230938911438,0.23760159313678741
1751306009.5859237,-3.4793970584869385,0.30540764331817627,-1.3682396411895752,0.23759758472442627
1751306009.6059115,-3.479004383087158,0.30579960346221924,-1.368231177330017,0.23763909935951233
1751306009.6259913,-3.4789953231811523,0.3058813810348511,-1.368237853050232,0.23760536313056946
1751306009.645921,-3.4795219898223877,0.30553293228149414,-1.3682223558425903,0.23760391771793365
1751306009.6559808,-3.479537010192871,0.3055045008659363,-1.368239402770996,0.237628772854805
1751306009.6659245,-3.4794633388519287,0.30557990074157715,-1.3682458400726318,0.2375863939523697
1751306009.6858993,-3.479342460632324,0.3057166039943695,-1.36822509765625,0.23762235045433044
1751306009.6960723,-3.4788858890533447,0.30578187108039856,-1.3682355880737305,0.2376251071691513
1751306009.7159927,-3.4790074825286865,0.30566999316215515,-1.3682276010513306,0.2375938892364502
1751306009.7360528,-3.479184865951538,0.30561619997024536,-1.3682358264923096,0.237626314163208
1751306009.745937,-3.4793829917907715,0.30548131465911865,-1.3682270050048828,0.23761284351348877
1751306009.7659159,-3.4791808128356934,0.30575814843177795,-1.3682223558425903,0.2376236915588379
1751306009.7762082,-3.4789626598358154,0.3057178556919098,-1.3682405948638916,0.2376195639371872
1751306009.79594,-3.4790470600128174,0.3056422472000122,-1.3682289123535156,0.23760566115379333
1751306009.8159394,-3.4789600372314453,0.305787593126297,-1.3682364225387573,0.23762287199497223
1751306009.8359947,-3.4788730144500732,0.30583128333091736,-1.3682230710983276,0.23760101199150085
1751306009.8459637,-3.478825807571411,0.3058938980102539,-1.3682340383529663,0.23758627474308014
1751306009.8659127,-3.4788708686828613,0.30588382482528687,-1.3682368993759155,0.2376069724559784
1751306009.876102,-3.47947359085083,0.3053668439388275,-1.3682245016098022,0.2376127988100052
1751306009.8859305,-3.479384183883667,0.30556201934814453,-1.368243932723999,0.23761634528636932
1751306009.905954,-3.479174852371216,0.305584192276001,-1.3682491779327393,0.2376047968864441
1751306009.9259136,-3.4789528846740723,0.30571162700653076,-1.3682481050491333,0.23761869966983795
1751306009.93604,-3.478864908218384,0.30592575669288635,-1.3682467937469482,0.23762822151184082
1751306009.9459527,-3.4788312911987305,0.3058302402496338,-1.3682435750961304,0.23759803175926208
1751306009.9659498,-3.479053258895874,0.3056931793689728,-1.3682469129562378,0.2376154363155365
1751306009.9859073,-3.4790189266204834,0.305797278881073,-1.3682501316070557,0.23763081431388855
1751306009.9959452,-3.479020357131958,0.30567336082458496,-1.368233561515808,0.23761281371116638
1751306010.015919,-3.4788877964019775,0.30575940012931824,-1.368255615234375,0.23762358725070953
1751306010.0259538,-3.4787888526916504,0.3058350682258606,-1.3682408332824707,0.23761822283267975
1751306010.0459127,-3.4790103435516357,0.30579909682273865,-1.3682421445846558,0.2376122623682022
1751306010.0562408,-3.47963809967041,0.305464506149292,-1.3682574033737183,0.23763006925582886
1751306010.0759072,-3.4792215824127197,0.3056609630584717,-1.368248462677002,0.2376062572002411
1751306010.0859332,-3.4789249897003174,0.3057449162006378,-1.3682349920272827,0.23763129115104675
1751306010.105919,-3.4787652492523193,0.3059549629688263,-1.36825430393219,0.23760706186294556
1751306010.125915,-3.4794938564300537,0.30528348684310913,-1.3682513236999512,0.2376215010881424
1751306010.1361952,-3.4796931743621826,0.30538511276245117,-1.3682447671890259,0.23763522505760193
1751306010.1560562,-3.479198694229126,0.30549848079681396,-1.3682355880737305,0.23761960864067078
1751306010.165923,-3.47910213470459,0.30558016896247864,-1.3682410717010498,0.23762854933738708
1751306010.1859171,-3.4789652824401855,0.30584269762039185,-1.368259310722351,0.23763145506381989
1751306010.1959212,-3.4792327880859375,0.30547231435775757,-1.3682197332382202,0.2376316338777542
1751306010.2159529,-3.4793636798858643,0.30535441637039185,-1.3682234287261963,0.23761947453022003
1751306010.2359705,-3.479076862335205,0.30559197068214417,-1.368245005607605,0.2376154661178589
1751306010.2459273,-3.478801965713501,0.3058520257472992,-1.3682483434677124,0.2376139760017395
1751306010.2659278,-3.478886127471924,0.30582213401794434,-1.368227243423462,0.23761731386184692
1751306010.2760167,-3.4790568351745605,0.3056519031524658,-1.3682383298873901,0.23762226104736328
1751306010.2959719,-3.4789788722991943,0.3056468069553375,-1.368241310119629,0.23761281371116638
1751306010.3159652,-3.4789767265319824,0.3057117462158203,-1.368229627609253,0.2376190423965454
1751306010.325932,-3.4790351390838623,0.3056653141975403,-1.3682336807250977,0.23762676119804382
1751306010.3458996,-3.478929281234741,0.3057588040828705,-1.3682316541671753,0.23760803043842316
1751306010.3660681,-3.4788436889648438,0.3058023452758789,-1.368235468864441,0.23760968446731567
1751306010.3759162,-3.478865146636963,0.3058726489543915,-1.3682359457015991,0.2376246452331543
1751306010.3959072,-3.4793660640716553,0.30534061789512634,-1.3682177066802979,0.23759062588214874
1751306010.405929,-3.4791553020477295,0.3055274784564972,-1.368233323097229,0.23760515451431274
1751306010.425941,-3.478748321533203,0.3057435154914856,-1.368237018585205,0.2376224249601364
1751306010.4359338,-3.4791150093078613,0.30584263801574707,-1.3682332038879395,0.23760578036308289
1751306010.4459276,-3.479015350341797,0.3057015538215637,-1.368224024772644,0.2376224845647812
1751306010.465896,-3.478959321975708,0.30570748448371887,-1.3682360649108887,0.2376295030117035
1751306010.4759538,-3.4791100025177,0.30561181902885437,-1.368242621421814,0.23758971691131592
1751306010.4959261,-3.479039192199707,0.30561327934265137,-1.3682465553283691,0.2376314401626587
1751306010.5159166,-3.478996753692627,0.3057246804237366,-1.368241786956787,0.2375999242067337
1751306010.5259786,-3.4790027141571045,0.30566278100013733,-1.368245244026184,0.23760046064853668
1751306010.5459185,-3.4789164066314697,0.30578985810279846,-1.3682526350021362,0.237635537981987
1751306010.55593,-3.4789226055145264,0.30573663115501404,-1.3682329654693604,0.2375917136669159
1751306010.575913,-3.4790475368499756,0.3056991696357727,-1.3682246208190918,0.23762352764606476
1751306010.5859067,-3.4790196418762207,0.30571234226226807,-1.3682405948638916,0.23761053383350372
1751306010.6059058,-3.4794156551361084,0.30532097816467285,-1.3682504892349243,0.23760846257209778
1751306010.625939,-3.4792590141296387,0.30541089177131653,-1.3682423830032349,0.2376234084367752
1751306010.6359296,-3.4792428016662598,0.30551886558532715,-1.3682317733764648,0.23760779201984406
1751306010.6559181,-3.479102611541748,0.3055357038974762,-1.3682451248168945,0.23761048913002014
1751306010.665931,-3.4788033962249756,0.3058153986930847,-1.3682587146759033,0.23761719465255737
1751306010.6859047,-3.4788200855255127,0.3058066964149475,-1.3682183027267456,0.2376181185245514
1751306010.6959162,-3.4787585735321045,0.3059503734111786,-1.3682395219802856,0.2376132309436798
1751306010.7159355,-3.4794421195983887,0.3052103519439697,-1.3682491779327393,0.23759570717811584
1751306010.7359078,-3.4792544841766357,0.3053821325302124,-1.3682316541671753,0.2376215010881424
1751306010.7459383,-3.4790213108062744,0.3056109547615051,-1.3682382106781006,0.23760324716567993
1751306010.7659118,-3.4790899753570557,0.3056770861148834,-1.3682295083999634,0.23761725425720215
1751306010.7759197,-3.4794938564300537,0.305137574672699,-1.368237018585205,0.23763133585453033
1751306010.7959235,-3.479325294494629,0.30563923716545105,-1.3682246208190918,0.23759725689888
1751306010.8059149,-3.478919267654419,0.3056417405605316,-1.3682177066802979,0.23760820925235748
1751306010.8259642,-3.478517770767212,0.3059033155441284,-1.3682399988174438,0.237603560090065
1751306010.8459277,-3.478722095489502,0.3058149218559265,-1.3682386875152588,0.23759321868419647
1751306010.8559346,-3.479510545730591,0.30515897274017334,-1.3682281970977783,0.23763248324394226
1751306010.8760538,-3.47900652885437,0.3055851459503174,-1.3682318925857544,0.2375974804162979
1751306010.885933,-3.4789681434631348,0.30565911531448364,-1.368242621421814,0.23762309551239014
1751306010.9059222,-3.4788269996643066,0.3058350384235382,-1.3682349920272827,0.237639918923378
1751306010.9159796,-3.478823184967041,0.30578798055648804,-1.3682061433792114,0.2376149296760559
1751306010.9359305,-3.4789485931396484,0.30576324462890625,-1.368240237236023,0.23760832846164703
1751306010.956044,-3.4788315296173096,0.3058162033557892,-1.368228554725647,0.23759229481220245
1751306010.9659705,-3.47894549369812,0.30572277307510376,-1.3682414293289185,0.23758432269096375
1751306010.9859269,-3.4789414405822754,0.3056718707084656,-1.3682399988174438,0.237601175904274
1751306010.995934,-3.478924036026001,0.30576351284980774,-1.3682260513305664,0.23760731518268585
1751306011.0160506,-3.478984832763672,0.30565589666366577,-1.3682326078414917,0.2376125007867813
1751306011.0360498,-3.4789297580718994,0.3056972026824951,-1.3682302236557007,0.23761916160583496
1751306011.0462432,-3.479017734527588,0.30562350153923035,-1.368219256401062,0.23760545253753662
1751306011.0559397,-3.479105234146118,0.3055398166179657,-1.3682295083999634,0.2376047670841217
1751306011.0760782,-3.479252576828003,0.3055541217327118,-1.3682425022125244,0.2375975251197815
1751306011.0962212,-3.4795148372650146,0.3054136037826538,-1.3682384490966797,0.23761940002441406
1751306011.1059637,-3.479059934616089,0.30556201934814453,-1.3682403564453125,0.23759622871875763
1751306011.1259365,-3.4789481163024902,0.3056664764881134,-1.3682337999343872,0.2375945895910263
1751306011.1361375,-3.4788639545440674,0.3058317303657532,-1.3682328462600708,0.23761209845542908
1751306011.1559632,-3.479092836380005,0.3055567741394043,-1.3682236671447754,0.23758186399936676
1751306011.1659915,-3.4790754318237305,0.30554527044296265,-1.3682199716567993,0.2376028299331665
1751306011.1859524,-3.478792428970337,0.30586808919906616,-1.3682416677474976,0.2375982403755188
1751306011.196003,-3.478940486907959,0.3056928217411041,-1.3682440519332886,0.23759613931179047
1751306011.216045,-3.479041337966919,0.305659681558609,-1.368242859840393,0.2376110553741455
1751306011.2360556,-3.4795007705688477,0.30516666173934937,-1.368226408958435,0.2376021444797516
1751306011.245977,-3.4794230461120605,0.30554279685020447,-1.3682355880737305,0.23762989044189453
1751306011.2659352,-3.4788870811462402,0.30577734112739563,-1.3682377338409424,0.23760071396827698
1751306011.276073,-3.4787871837615967,0.3058139681816101,-1.3682222366333008,0.23759283125400543
1751306011.29602,-3.4789528846740723,0.3057691156864166,-1.3682328462600708,0.23760607838630676
1751306011.3159084,-3.479177236557007,0.3054201304912567,-1.3682310581207275,0.23758338391780853
1751306011.3259325,-3.4791669845581055,0.305539071559906,-1.368222951889038,0.23759809136390686
1751306011.3359253,-3.4795360565185547,0.30514612793922424,-1.3682383298873901,0.2376207858324051
1751306011.355894,-3.4788942337036133,0.3056811988353729,-1.3682284355163574,0.23760266602039337
1751306011.375909,-3.479170322418213,0.30559197068214417,-1.3682291507720947,0.23760555684566498
1751306011.3859165,-3.4788191318511963,0.3057885766029358,-1.3682106733322144,0.23760583996772766
1751306011.405915,-3.478844165802002,0.3057786822319031,-1.3682135343551636,0.23760920763015747
1751306011.4159248,-3.4788992404937744,0.3057025074958801,-1.3682409524917603,0.2376071661710739
1751306011.4359205,-3.4788622856140137,0.3056974411010742,-1.3682219982147217,0.2376120388507843
1751306011.4559267,-3.478977918624878,0.305666983127594,-1.3682289123535156,0.23761692643165588
1751306011.4659393,-3.4789302349090576,0.30569472908973694,-1.3682498931884766,0.23761457204818726
1751306011.4859736,-3.4790828227996826,0.30565762519836426,-1.3682419061660767,0.23759792745113373
1751306011.4959288,-3.479670763015747,0.3049675524234772,-1.3682372570037842,0.23759342730045319
1751306011.515895,-3.479132890701294,0.30549106001853943,-1.3682399988174438,0.23760735988616943
1751306011.5259013,-3.479360818862915,0.30560052394866943,-1.3682395219802856,0.2376095950603485
1751306011.5459185,-3.478959321975708,0.30567628145217896,-1.3682432174682617,0.2376067191362381
1751306011.5659041,-3.478830099105835,0.3058277666568756,-1.3682392835617065,0.23758967220783234
1751306011.5759192,-3.4787817001342773,0.3058561384677887,-1.3682312965393066,0.23760397732257843
1751306011.5959158,-3.4788899421691895,0.30585938692092896,-1.3682397603988647,0.23760007321834564
1751306011.6059182,-3.478809118270874,0.3057872951030731,-1.3682385683059692,0.2375931441783905
1751306011.6259089,-3.4786245822906494,0.30598247051239014,-1.368249773979187,0.23759342730045319
1751306011.6359122,-3.478882312774658,0.3057965040206909,-1.3682292699813843,0.23758667707443237
1751306011.6559198,-3.478823661804199,0.30576205253601074,-1.36823570728302,0.237614706158638
1751306011.6659117,-3.478898763656616,0.3058149218559265,-1.3682445287704468,0.23760206997394562
1751306011.6859188,-3.47896409034729,0.3056681156158447,-1.3682339191436768,0.2376064956188202
1751306011.6959198,-3.4788639545440674,0.3057514727115631,-1.3682403564453125,0.23762789368629456
1751306011.71592,-3.47882342338562,0.3057810366153717,-1.3682292699813843,0.23757244646549225
1751306011.7362978,-3.4788761138916016,0.3057502210140228,-1.3682396411895752,0.23760852217674255
1751306011.745933,-3.4789211750030518,0.30571669340133667,-1.3682376146316528,0.23759524524211884
1751306011.7658875,-3.479043483734131,0.3055466413497925,-1.3682202100753784,0.23759035766124725
1751306011.7759364,-3.479034423828125,0.30555373430252075,-1.3682383298873901,0.23760415613651276
1751306011.7959409,-3.4788663387298584,0.30570951104164124,-1.3682318925857544,0.23758675158023834
1751306011.8159041,-3.4789042472839355,0.3057272434234619,-1.3682291507720947,0.23760807514190674
1751306011.8259394,-3.4796175956726074,0.3049388825893402,-1.3682563304901123,0.23762434720993042
1751306011.8459418,-3.479024887084961,0.3055659830570221,-1.3682063817977905,0.237596333026886
1751306011.8565397,-3.4789087772369385,0.30571359395980835,-1.3682259321212769,0.23762550950050354
1751306011.8759854,-3.4787824153900146,0.30586186051368713,-1.3682215213775635,0.23757968842983246
1751306011.8859358,-3.4789485931396484,0.3056284785270691,-1.3682351112365723,0.23759092390537262
1751306011.905942,-3.4790170192718506,0.3056308329105377,-1.368247389793396,0.237614706158638
1751306011.9160259,-3.479051351547241,0.3055674433708191,-1.3682137727737427,0.23757918179035187
1751306011.9359345,-3.478991746902466,0.3056299686431885,-1.3682258129119873,0.23760080337524414
1751306011.9565415,-3.4787821769714355,0.3057454526424408,-1.3682560920715332,0.23761314153671265
1751306011.965977,-3.4788668155670166,0.3057132363319397,-1.3682286739349365,0.23760145902633667
1751306011.9858906,-3.4788713455200195,0.305746853351593,-1.368237853050232,0.2376202940940857
1751306011.9959185,-3.4789280891418457,0.3056972026824951,-1.3682383298873901,0.2375890165567398
1751306012.0161273,-3.4788806438446045,0.3056783080101013,-1.3682363033294678,0.23759829998016357
1751306012.025972,-3.4788222312927246,0.30577921867370605,-1.3682368993759155,0.23761874437332153
1751306012.0458965,-3.4788973331451416,0.3056913912296295,-1.3682366609573364,0.23761732876300812
1751306012.0659213,-3.4788098335266113,0.3057504892349243,-1.36824631690979,0.2376076579093933
1751306012.0760188,-3.4788448810577393,0.3057250678539276,-1.3682379722595215,0.23759056627750397
1751306012.0959327,-3.478811025619507,0.3057415187358856,-1.3682224750518799,0.23763372004032135
1751306012.1059248,-3.478788375854492,0.3057880103588104,-1.3682262897491455,0.23763234913349152
1751306012.1259174,-3.4789223670959473,0.3056492507457733,-1.3682377338409424,0.23761455714702606
1751306012.1458972,-3.478818416595459,0.30574655532836914,-1.3682514429092407,0.23762913048267365
1751306012.1559982,-3.478771686553955,0.3058304786682129,-1.3682267665863037,0.2375863641500473
1751306012.17591,-3.4787817001342773,0.30581408739089966,-1.3682482242584229,0.23763202130794525
1751306012.185924,-3.478949546813965,0.3057350516319275,-1.3682405948638916,0.23762327432632446
1751306012.205908,-3.4789435863494873,0.30563631653785706,-1.3682481050491333,0.2376025915145874
1751306012.2159257,-3.4790472984313965,0.30554822087287903,-1.3682410717010498,0.23762863874435425
1751306012.235945,-3.4788978099823,0.3057345747947693,-1.3682278394699097,0.23761411011219025
1751306012.2559173,-3.478841543197632,0.30572113394737244,-1.3682550191879272,0.23761795461177826
1751306012.265921,-3.4788074493408203,0.3057599663734436,-1.3682504892349243,0.23761731386184692
1751306012.2859118,-3.478972911834717,0.3056325614452362,-1.368240475654602,0.23762723803520203
1751306012.2959273,-3.4788801670074463,0.30567261576652527,-1.3682466745376587,0.23763379454612732
1751306012.3159218,-3.4788355827331543,0.3057209253311157,-1.3682432174682617,0.23759374022483826
1751306012.3259356,-3.478928327560425,0.30566564202308655,-1.3682456016540527,0.23760268092155457
1751306012.345908,-3.4790072441101074,0.30569443106651306,-1.3682504892349243,0.2376270890235901
1751306012.355912,-3.478889226913452,0.3056911826133728,-1.3682293891906738,0.23759138584136963
1751306012.3759522,-3.4789140224456787,0.3056473433971405,-1.368278980255127,0.23762108385562897
1751306012.3959112,-3.478888750076294,0.3056880235671997,-1.3682518005371094,0.23762117326259613
1751306012.4059193,-3.4789466857910156,0.3056202530860901,-1.3682249784469604,0.23760727047920227
1751306012.4162135,-3.478991746902466,0.30561521649360657,-1.3682316541671753,0.23761504888534546
1751306012.4359102,-3.4788079261779785,0.3057451546192169,-1.3682597875595093,0.23761065304279327
1751306012.4559045,-3.478713035583496,0.3058742880821228,-1.3682399988174438,0.237625390291214
1751306012.4659214,-3.4787306785583496,0.3058674931526184,-1.3682481050491333,0.23762758076190948
1751306012.4859126,-3.478808641433716,0.30574485659599304,-1.3682461977005005,0.2376103550195694
1751306012.5058973,-3.4788014888763428,0.30579712986946106,-1.3682714700698853,0.23762518167495728
1751306012.5159354,-3.4789199829101562,0.30568432807922363,-1.3682518005371094,0.237609401345253
1751306012.535942,-3.4789199829101562,0.3056667447090149,-1.3682353496551514,0.237631693482399
1751306012.5459297,-3.478950023651123,0.30571210384368896,-1.368255853652954,0.23760326206684113
1751306012.5659244,-3.4793946743011475,0.3052904009819031,-1.3682562112808228,0.23759309947490692
1751306012.575924,-3.4789516925811768,0.3056049942970276,-1.3682529926300049,0.2376357764005661
1751306012.5959144,-3.4787309169769287,0.30585625767707825,-1.3682421445846558,0.23758961260318756
1751306012.605946,-3.478637456893921,0.3058895468711853,-1.3682516813278198,0.23760133981704712
1751306012.625907,-3.4785523414611816,0.3059678375720978,-1.3682613372802734,0.2376074492931366
1751306012.6359186,-3.4786102771759033,0.30597177147865295,-1.368259072303772,0.23760396242141724
1751306012.655943,-3.479077100753784,0.30560028553009033,-1.368236780166626,0.23761455714702606
1751306012.6659474,-3.4789154529571533,0.30560579895973206,-1.3682295083999634,0.23760174214839935
1751306012.6859035,-3.478832960128784,0.30580127239227295,-1.3682568073272705,0.23759213089942932
1751306012.695969,-3.478724718093872,0.305794894695282,-1.3682303428649902,0.23759938776493073
1751306012.7159188,-3.4787962436676025,0.30576056241989136,-1.3682297468185425,0.23759198188781738
1751306012.735914,-3.4788167476654053,0.3057073652744293,-1.368239402770996,0.2375897914171219
1751306012.7459123,-3.478896141052246,0.3057326674461365,-1.3682307004928589,0.23759351670742035
1751306012.7659216,-3.4789304733276367,0.3055986762046814,-1.3682379722595215,0.23759421706199646
1751306012.7759476,-3.4788777828216553,0.30567511916160583,-1.3682191371917725,0.2375899702310562
1751306012.7959316,-3.4788246154785156,0.3057880103588104,-1.3682204484939575,0.23759618401527405
1751306012.805925,-3.4790284633636475,0.3055925965309143,-1.3682329654693604,0.23758237063884735
1751306012.8259249,-3.479017734527588,0.30553504824638367,-1.3682197332382202,0.23759318888187408
1751306012.8459177,-3.4789509773254395,0.3056383430957794,-1.3682161569595337,0.23759576678276062
1751306012.8559206,-3.478839159011841,0.30570974946022034,-1.3682204484939575,0.23759296536445618
1751306012.8759542,-3.478808879852295,0.30578649044036865,-1.368214726448059,0.23759520053863525
1751306012.8859718,-3.47896671295166,0.305632084608078,-1.3682349920272827,0.23758895695209503
1751306012.9059017,-3.478968858718872,0.3056309223175049,-1.3682286739349365,0.23759712278842926
1751306012.925996,-3.47902512550354,0.3056791126728058,-1.3682177066802979,0.23760662972927094
1751306012.9359374,-3.4792320728302,0.30534669756889343,-1.3682361841201782,0.23757505416870117
1751306012.945929,-3.479097366333008,0.305501788854599,-1.36823308467865,0.23759694397449493
1751306012.9659033,-3.478980541229248,0.3056609034538269,-1.3682081699371338,0.23761723935604095
1751306012.985979,-3.4788217544555664,0.30576813220977783,-1.3682270050048828,0.23759372532367706
1751306012.995925,-3.4788496494293213,0.3057367205619812,-1.368215799331665,0.2375989407300949
1751306013.0159328,-3.4787919521331787,0.3058062493801117,-1.3682315349578857,0.23759862780570984
1751306013.0359054,-3.478851556777954,0.30571964383125305,-1.3682167530059814,0.2375870794057846
1751306013.0459168,-3.478865623474121,0.30568060278892517,-1.3682113885879517,0.2376064956188202
1751306013.0559263,-3.4789505004882812,0.3056672513484955,-1.3682197332382202,0.2376260906457901
1751306013.0858834,-3.4787983894348145,0.3057321012020111,-1.3682198524475098,0.23761749267578125
1751306013.0961246,-3.47879958152771,0.3057923913002014,-1.3682373762130737,0.2376224249601364
1751306013.1059337,-3.4787163734436035,0.3058182895183563,-1.3682191371917725,0.23760472238063812
1751306013.1259258,-3.47874116897583,0.3058186173439026,-1.3682124614715576,0.23763297498226166
1751306013.136041,-3.4788320064544678,0.3057625889778137,-1.3682363033294678,0.23760686814785004
1751306013.1559103,-3.478876829147339,0.3057217299938202,-1.3682178258895874,0.23760218918323517
1751306013.1659255,-3.478900909423828,0.3056257665157318,-1.3682081699371338,0.23762503266334534
1751306013.1859102,-3.4788875579833984,0.3056683838367462,-1.3682289123535156,0.23761102557182312
1751306013.1959615,-3.4789035320281982,0.30562156438827515,-1.36821448802948,0.2376100867986679
1751306013.2259045,-3.4788460731506348,0.30568698048591614,-1.3682440519332886,0.2376096397638321
1751306013.2361004,-3.478803873062134,0.30576229095458984,-1.3682067394256592,0.2376329004764557
1751306013.2459188,-3.4787728786468506,0.3057154417037964,-1.368220567703247,0.237629234790802
1751306013.2659009,-3.4788589477539062,0.3056974709033966,-1.368243932723999,0.23762167990207672
1751306013.2859316,-3.478891611099243,0.305667519569397,-1.3682209253311157,0.2376251369714737
1751306013.2959192,-3.4788477420806885,0.305700421333313,-1.3682351112365723,0.23761948943138123
