time,x1,y1,x2,y2
1751306095.6359377,3.433762788772583,-0.5012974739074707,2.241504192352295,-0.7148142457008362
1751306095.6559293,3.4337852001190186,-0.5012655258178711,2.2415261268615723,-0.7148023843765259
1751306095.665961,3.4337716102600098,-0.5012902617454529,2.2415151596069336,-0.7148004770278931
1751306095.6858966,3.4337680339813232,-0.5012899041175842,2.241520881652832,-0.7148047685623169
1751306095.695927,3.433790683746338,-0.5012934803962708,2.2415356636047363,-0.7148046493530273
1751306095.7159276,3.433772325515747,-0.5012998580932617,2.2415122985839844,-0.7148030996322632
1751306095.725923,3.433776617050171,-0.5012997984886169,2.2415077686309814,-0.7148149609565735
1751306095.745908,3.4337542057037354,-0.5012563467025757,2.241503953933716,-0.714797854423523
1751306095.755987,3.4337968826293945,-0.5012723803520203,2.2415058612823486,-0.7148066759109497
1751306095.7759888,3.4337875843048096,-0.5012941360473633,2.2414965629577637,-0.7148120999336243
1751306095.7959275,3.4337546825408936,-0.5012735724449158,2.241497039794922,-0.7147932648658752
1751306095.8059437,3.4337871074676514,-0.5012745261192322,2.241497278213501,-0.7148095369338989
1751306095.8259215,3.4337856769561768,-0.5012727379798889,2.2414960861206055,-0.7147976756095886
1751306095.8459032,3.433816432952881,-0.5012425184249878,2.241506338119507,-0.7148010730743408
1751306095.855928,3.4337425231933594,-0.5013102293014526,2.2414517402648926,-0.7148041129112244
1751306095.8659396,3.433742046356201,-0.5012818574905396,2.2414636611938477,-0.7148016691207886
1751306095.885908,3.4338085651397705,-0.5012831091880798,2.2415013313293457,-0.714788556098938
1751306095.9058833,3.4337949752807617,-0.5012970566749573,2.2414777278900146,-0.7148066759109497
1751306095.9159343,3.433753490447998,-0.5012814402580261,2.2414681911468506,-0.7148003578186035
1751306095.9359374,3.433769702911377,-0.5012632608413696,2.2414753437042236,-0.7147778868675232
1751306095.9460008,3.4337940216064453,-0.5012810826301575,2.241511106491089,-0.7148151397705078
1751306095.9659433,3.4337897300720215,-0.5013005137443542,2.2414772510528564,-0.7147893905639648
1751306095.9759212,3.433730363845825,-0.5012858510017395,2.241461992263794,-0.7147961854934692
1751306095.9959245,3.4337754249572754,-0.5012972950935364,2.241509437561035,-0.7148164510726929
1751306096.0159369,3.4337847232818604,-0.5012872219085693,2.241513252258301,-0.7147918343544006
1751306096.035942,3.4337196350097656,-0.5012907385826111,2.2414939403533936,-0.7148081064224243
1751306096.046113,3.4337193965911865,-0.5012645721435547,2.241486072540283,-0.7148048281669617
1751306096.0659714,3.4337379932403564,-0.5012784600257874,2.241508960723877,-0.7148037552833557
1751306096.075964,3.43375825881958,-0.5012354850769043,2.2415287494659424,-0.7148165702819824
1751306096.0962083,3.4337360858917236,-0.5012375116348267,2.2415010929107666,-0.7148028612136841
1751306096.1059573,3.4336819648742676,-0.5012712478637695,2.24150013923645,-0.7148178219795227
1751306096.1164417,3.4337053298950195,-0.5012313723564148,2.2415196895599365,-0.7148013114929199
1751306096.135955,3.4337332248687744,-0.5012668967247009,2.2415268421173096,-0.7148099541664124
1751306096.1560104,3.4336745738983154,-0.5012243986129761,2.241504430770874,-0.7148034572601318
1751306096.1661882,3.4336793422698975,-0.501226007938385,2.2415034770965576,-0.7148127555847168
1751306096.1859746,3.433685064315796,-0.5012380480766296,2.2415213584899902,-0.7148107290267944
1751306096.1960657,3.4337244033813477,-0.5012080073356628,2.2415354251861572,-0.7148109078407288
1751306096.216044,3.4336767196655273,-0.5012546181678772,2.241516590118408,-0.7148162126541138
1751306096.4059248,3.4336941242218018,-0.5012679696083069,2.2414746284484863,-0.7148053646087646
1751306096.4162695,3.4336981773376465,-0.5012763142585754,2.241558074951172,-0.7148146033287048
1751306096.436457,3.433758497238159,-0.5012519359588623,2.2415173053741455,-0.7148095369338989
1751306096.4460058,3.4337387084960938,-0.5012763738632202,2.2414989471435547,-0.7148153781890869
1751306096.465914,3.4337048530578613,-0.5012673735618591,2.241533041000366,-0.7148170471191406
1751306096.48588,3.43375301361084,-0.5012694597244263,2.241532325744629,-0.714806318283081
1751306096.4975054,3.433777093887329,-0.5012742877006531,2.241530179977417,-0.7148050665855408
1751306096.5160098,3.433760404586792,-0.5012704730033875,2.2414913177490234,-0.7148089408874512
1751306096.5262766,3.4337267875671387,-0.5012365579605103,2.241539478302002,-0.7148122787475586
1751306096.5459003,3.4337544441223145,-0.501265823841095,2.2415337562561035,-0.7148102521896362
1751306096.5560617,3.4337873458862305,-0.5012612342834473,2.2415170669555664,-0.7147994637489319
1751306096.5759952,3.4337661266326904,-0.5012515783309937,2.241525650024414,-0.7148178815841675
1751306096.6059377,3.4337708950042725,-0.5012631416320801,2.2415261268615723,-0.714813768863678
1751306096.6159565,3.433802604675293,-0.5012791156768799,2.2415335178375244,-0.7148066163063049
1751306096.6359196,3.4337728023529053,-0.5012730956077576,2.241534471511841,-0.7148151993751526
1751306096.6559157,3.433760643005371,-0.5012423396110535,2.2415173053741455,-0.714812159538269
1751306096.6659453,3.433750629425049,-0.501295804977417,2.2415308952331543,-0.7148158550262451
1751306096.6858993,3.4337823390960693,-0.5012475848197937,2.2415435314178467,-0.7148141860961914
1751306096.7064588,3.4337666034698486,-0.5012986063957214,2.241533041000366,-0.7148333191871643
1751306096.7160027,3.4337267875671387,-0.5012571215629578,2.2415034770965576,-0.714805006980896
1751306096.7259252,3.433804512023926,-0.5012748837471008,2.2415521144866943,-0.7148242592811584
1751306096.7459526,3.433770179748535,-0.5012797117233276,2.241549253463745,-0.7148032784461975
1751306096.765902,3.4337453842163086,-0.5012853145599365,2.2415213584899902,-0.7148276567459106
1751306096.775922,3.4337544441223145,-0.5012940168380737,2.2415177822113037,-0.7148257493972778
1751306096.7959926,3.4337680339813232,-0.5012762546539307,2.241543769836426,-0.7148064374923706
1751306096.805935,3.4337880611419678,-0.501288652420044,2.2415575981140137,-0.7148230671882629
1751306096.825898,3.4337611198425293,-0.5013000965118408,2.2415242195129395,-0.7148209810256958
1751306096.8459418,3.433756113052368,-0.5012890100479126,2.2415337562561035,-0.7148089408874512
1751306096.8559372,3.433743953704834,-0.5013163685798645,2.241525650024414,-0.7148251533508301
1751306096.8759243,3.43377685546875,-0.5012771487236023,2.241551160812378,-0.7148194313049316
1751306096.8859549,3.4337258338928223,-0.5013102889060974,2.2415053844451904,-0.7148284316062927
1751306096.9059474,3.433738946914673,-0.5012885332107544,2.24149751663208,-0.714820384979248
1751306096.9159758,3.4337708950042725,-0.5012872219085693,2.2415616512298584,-0.7148228287696838
1751306096.9359488,3.43377423286438,-0.5012903809547424,2.241541624069214,-0.7148191332817078
1751306096.9459474,3.43375825881958,-0.5012648701667786,2.241527795791626,-0.7148045897483826
1751306096.965951,3.4337570667266846,-0.5012916922569275,2.2415406703948975,-0.7148330211639404
1751306096.97603,3.4337575435638428,-0.5013082027435303,2.2415339946746826,-0.7148320078849792
1751306096.9960294,3.433739423751831,-0.5012859106063843,2.2415401935577393,-0.7148206233978271
1751306097.0159383,3.4337337017059326,-0.5012839436531067,2.241528272628784,-0.7148315906524658
1751306097.0259523,3.4337499141693115,-0.5013086199760437,2.2415428161621094,-0.7148362994194031
1751306097.0460012,3.433730363845825,-0.5012961030006409,2.241536855697632,-0.7148227095603943
1751306097.0564542,3.4337475299835205,-0.5013064742088318,2.241530418395996,-0.7148246765136719
1751306097.0760393,3.4337403774261475,-0.5012702345848083,2.2415406703948975,-0.7148259878158569
1751306097.0960424,3.433713674545288,-0.5012930035591125,2.2415406703948975,-0.7148067355155945
1751306097.1059577,3.4337525367736816,-0.5012770891189575,2.241530179977417,-0.7148234844207764
1751306097.1259995,3.433732509613037,-0.5012864470481873,2.24153208732605,-0.7148165702819824
1751306097.1359713,3.4337313175201416,-0.5013097524642944,2.2415366172790527,-0.714825451374054
1751306097.1559336,3.43373966217041,-0.5012466907501221,2.241532325744629,-0.7148224711418152
1751306097.1660907,3.433720827102661,-0.50129634141922,2.24153733253479,-0.7148271799087524
1751306097.1859572,3.4337213039398193,-0.5012731552124023,2.241547107696533,-0.7148231863975525
1751306097.1961756,3.4337127208709717,-0.5012630224227905,2.2415266036987305,-0.7148197889328003
1751306097.2160182,3.433759927749634,-0.501239538192749,2.241551399230957,-0.7148263454437256
1751306097.2359278,3.433716058731079,-0.5012598037719727,2.241532802581787,-0.7148021459579468
1751306097.2459435,3.433756113052368,-0.5012618899345398,2.2415482997894287,-0.7148200273513794
1751306097.2659235,3.4337308406829834,-0.5012758374214172,2.2415242195129395,-0.714817464351654
1751306097.2759383,3.433746099472046,-0.5012360215187073,2.24153470993042,-0.7148122191429138
1751306097.2959294,3.4337472915649414,-0.5012679100036621,2.241546869277954,-0.7148131132125854
1751306097.3059888,3.4337475299835205,-0.5012508034706116,2.241532802581787,-0.7148184180259705
1751306097.3259416,3.433788776397705,-0.5012588500976562,2.241541624069214,-0.7148194909095764
1751306097.345941,3.433744430541992,-0.5012863278388977,2.2415268421173096,-0.7148122191429138
1751306097.3560064,3.433748245239258,-0.5012618899345398,2.24153470993042,-0.7148188352584839
1751306097.3759007,3.433805465698242,-0.5012508034706116,2.241534471511841,-0.7148212790489197
1751306097.385946,3.4337806701660156,-0.5012621879577637,2.241532802581787,-0.7147935628890991
1751306097.4059038,3.433779716491699,-0.5012473464012146,2.2415308952331543,-0.7148241400718689
1751306097.425906,3.4337732791900635,-0.5012491941452026,2.241523265838623,-0.714806318283081
1751306097.435924,3.433767318725586,-0.5012881755828857,2.2415378093719482,-0.7148216366767883
1751306097.4459214,3.433772087097168,-0.5012658834457397,2.2415249347686768,-0.7148333191871643
1751306097.4659014,3.4337611198425293,-0.5012784600257874,2.2415552139282227,-0.7148202061653137
1751306097.4859312,3.4337689876556396,-0.5012752413749695,2.241523265838623,-0.7148184776306152
1751306097.4959536,3.4337570667266846,-0.5012955069541931,2.241516351699829,-0.7148213386535645
1751306097.5159898,3.4337823390960693,-0.5012810826301575,2.2415575981140137,-0.7148204445838928
1751306097.5259635,3.4337494373321533,-0.501275897026062,2.241530418395996,-0.7148185968399048
1751306097.5459356,3.4337844848632812,-0.501246988773346,2.241530418395996,-0.7148213982582092
1751306097.5560038,3.433764934539795,-0.5012751817703247,2.2415482997894287,-0.7148165702819824
1751306097.575933,3.433771848678589,-0.5012506246566772,2.2415342330932617,-0.7148226499557495
1751306097.5959525,3.4337782859802246,-0.5012621879577637,2.2415432929992676,-0.7148146033287048
1751306097.6060271,3.433770179748535,-0.5012760758399963,2.2415566444396973,-0.7148118019104004
1751306097.6159332,3.4337947368621826,-0.5012598633766174,2.241553544998169,-0.7148189544677734
1751306097.6359391,3.43377423286438,-0.5012979507446289,2.2415525913238525,-0.714820384979248
1751306097.6461463,3.4337658882141113,-0.501289963722229,2.241543769836426,-0.7148294448852539
1751306097.665942,3.4337828159332275,-0.5013037323951721,2.2415430545806885,-0.7148284912109375
1751306097.6860268,3.4337897300720215,-0.501296877861023,2.2415552139282227,-0.714824378490448
1751306097.7061203,3.433804512023926,-0.5012676119804382,2.241546869277954,-0.7148268818855286
1751306097.7159545,3.433779716491699,-0.5012885928153992,2.241549015045166,-0.7148370742797852
1751306097.736112,3.433811902999878,-0.5013193488121033,2.241572380065918,-0.7148394584655762
1751306097.74595,3.4337611198425293,-0.5013082027435303,2.2415363788604736,-0.7148261070251465
1751306097.7659307,3.4337716102600098,-0.5012839436531067,2.2415342330932617,-0.7148310542106628
1751306097.7759256,3.4338340759277344,-0.5013099312782288,2.241549491882324,-0.7148534059524536
1751306097.7960281,3.4337949752807617,-0.5012783408164978,2.241546392440796,-0.7148328423500061
1751306097.805957,3.4338173866271973,-0.5013058185577393,2.241548538208008,-0.7148622870445251
1751306097.8259394,3.433793544769287,-0.5013054013252258,2.2415249347686768,-0.7148357033729553
1751306097.845934,3.4338388442993164,-0.5012803077697754,2.2415683269500732,-0.7148433923721313
1751306097.8560696,3.4338083267211914,-0.5013121366500854,2.241541624069214,-0.7148481011390686
1751306097.875945,3.4338080883026123,-0.5012983679771423,2.241562843322754,-0.7148504257202148
1751306097.8859475,3.433821678161621,-0.5013153553009033,2.241560220718384,-0.7148404717445374
1751306097.905925,3.4338176250457764,-0.5013196468353271,2.2415528297424316,-0.7148370742797852
1751306097.9259706,3.433807849884033,-0.5013186931610107,2.241575002670288,-0.7148494124412537
1751306097.9359767,3.4337942600250244,-0.5012979507446289,2.2415425777435303,-0.7148346304893494
1751306097.9559255,3.4338300228118896,-0.5012706518173218,2.2415833473205566,-0.7148330211639404
1751306097.9659832,3.4338114261627197,-0.5013119578361511,2.2415573596954346,-0.714831531047821
1751306097.9859111,3.433795213699341,-0.501304030418396,2.2415566444396973,-0.7148129940032959
1751306097.995988,3.433816909790039,-0.501280665397644,2.2415788173675537,-0.7148411273956299
1751306098.0159743,3.4338057041168213,-0.5013027787208557,2.2415523529052734,-0.714813768863678
1751306098.035899,3.433790922164917,-0.5013167858123779,2.241572618484497,-0.7148240208625793
1751306098.0459826,3.4338042736053467,-0.5012829303741455,2.2415761947631836,-0.7148279547691345
1751306098.0559542,3.4338061809539795,-0.5012959837913513,2.241551399230957,-0.7148210406303406
1751306098.0759785,3.433825969696045,-0.5012661218643188,2.241563558578491,-0.714827835559845
1751306098.0859811,3.43379807472229,-0.5012857913970947,2.241565465927124,-0.7148210406303406
1751306098.1059313,3.4338090419769287,-0.5012954473495483,2.241569995880127,-0.7148299813270569
1751306098.125947,3.433779239654541,-0.5012825727462769,2.241553544998169,-0.7148234844207764
1751306098.1360419,3.4338223934173584,-0.5012772679328918,2.241565227508545,-0.7148114442825317
1751306098.1559546,3.433810234069824,-0.501309335231781,2.241575002670288,-0.7148235440254211
1751306098.1659899,3.4337618350982666,-0.5012802481651306,2.241548776626587,-0.7148072123527527
1751306098.1859267,3.433816909790039,-0.5012809634208679,2.2415668964385986,-0.7148183584213257
1751306098.205945,3.4338161945343018,-0.5012508034706116,2.241568088531494,-0.71482253074646
1751306098.216034,3.433826446533203,-0.5012850761413574,2.2415771484375,-0.7148138880729675
1751306098.225931,3.4337713718414307,-0.5012662410736084,2.241533041000366,-0.7148208618164062
1751306098.245917,3.4338152408599854,-0.5012772083282471,2.2415847778320312,-0.7148205041885376
1751306098.2559886,3.4338161945343018,-0.5012916922569275,2.241576671600342,-0.7148114442825317
1751306098.275966,3.4337902069091797,-0.5012598633766174,2.2415552139282227,-0.7148165106773376
1751306098.2961636,3.433800220489502,-0.5012698769569397,2.2415783405303955,-0.714820146560669
1751306098.3059247,3.4337971210479736,-0.5012589693069458,2.241565465927124,-0.7148127555847168
1751306098.3260026,3.433805227279663,-0.5012848377227783,2.241568088531494,-0.7148219347000122
1751306098.3459134,3.433795690536499,-0.5012688636779785,2.241556167602539,-0.714826762676239
1751306098.355986,3.4337756633758545,-0.5012717247009277,2.2415521144866943,-0.7148107290267944
1751306098.365929,3.433807134628296,-0.5012650489807129,2.241574764251709,-0.7148114442825317
1751306098.385906,3.4338114261627197,-0.5012655258178711,2.241556167602539,-0.7148167490959167
1751306098.4059153,3.4338021278381348,-0.5012807846069336,2.2415764331817627,-0.7148025035858154
1751306098.425972,3.4337847232818604,-0.5012640357017517,2.2415456771850586,-0.7148145437240601
1751306098.4359777,3.4337873458862305,-0.5012804269790649,2.2415711879730225,-0.7148157358169556
1751306098.4459472,3.4338223934173584,-0.5012816190719604,2.2415668964385986,-0.7148118615150452
1751306098.4658923,3.4337637424468994,-0.5012737512588501,2.2415482997894287,-0.7148099541664124
1751306098.4859214,3.433781862258911,-0.5013087391853333,2.2415592670440674,-0.7148287296295166
1751306098.4959426,3.433807373046875,-0.5012630820274353,2.2415637969970703,-0.7148025631904602
1751306098.5159264,3.4338064193725586,-0.5012760162353516,2.241591691970825,-0.7148244380950928
1751306098.5259972,3.4337825775146484,-0.5012812614440918,2.241563320159912,-0.7148279547691345
1751306098.545921,3.433781147003174,-0.5012872815132141,2.2415573596954346,-0.714812159538269
1751306098.5659688,3.4337902069091797,-0.5012741684913635,2.241563081741333,-0.7148070335388184
1751306098.5759525,3.4338033199310303,-0.5012865662574768,2.241568088531494,-0.7148231863975525
1751306098.5859408,3.4337871074676514,-0.5013036727905273,2.2415590286254883,-0.7148148417472839
1751306098.605948,3.433777332305908,-0.5012730360031128,2.2415382862091064,-0.7148135900497437
1751306098.6259334,3.433816432952881,-0.5012795925140381,2.2415735721588135,-0.714815616607666
1751306098.6359465,3.433790922164917,-0.501289963722229,2.241577625274658,-0.7148088812828064
1751306098.6559398,3.433800220489502,-0.5012655854225159,2.2415497303009033,-0.7148042917251587
1751306098.6759646,3.433774471282959,-0.5012782216072083,2.2415597438812256,-0.7148244380950928
1751306098.6865394,3.433784246444702,-0.5012890696525574,2.241563320159912,-0.7148123979568481
1751306098.6959333,3.4338135719299316,-0.5012896656990051,2.2415599822998047,-0.7148171663284302
1751306098.7159095,3.433777093887329,-0.5012816190719604,2.241546630859375,-0.7148198485374451
1751306098.7359107,3.4338016510009766,-0.5012863278388977,2.2415528297424316,-0.7148129940032959
1751306098.7459226,3.433824062347412,-0.5012843012809753,2.24155592918396,-0.7148256897926331
1751306098.755928,3.433816909790039,-0.5012485980987549,2.24153995513916,-0.7147987484931946
1751306098.7759097,3.4338154792785645,-0.5012667775154114,2.2415523529052734,-0.7148177027702332
1751306098.7959542,3.4337968826293945,-0.5013229846954346,2.241535186767578,-0.7148167490959167
1751306098.8059094,3.4338150024414062,-0.5012878179550171,2.24155592918396,-0.7148128747940063
1751306098.8259687,3.43381929397583,-0.5012689232826233,2.2415597438812256,-0.7148038148880005
1751306098.8459198,3.4338176250457764,-0.5012736916542053,2.24155855178833,-0.7148065567016602
1751306098.8659232,3.4338114261627197,-0.5012990832328796,2.241546869277954,-0.7148133516311646
1751306098.87596,3.4338159561157227,-0.5012691020965576,2.2415475845336914,-0.7148075103759766
1751306098.89594,3.433852434158325,-0.5012832283973694,2.241562604904175,-0.7148208022117615
1751306098.9059796,3.433803081512451,-0.5013067722320557,2.2415449619293213,-0.714806079864502
1751306098.9159741,3.43381667137146,-0.5012747049331665,2.2415571212768555,-0.7148060202598572
1751306098.9359863,3.43381667137146,-0.5013337135314941,2.241546869277954,-0.7148070931434631
1751306098.9459157,3.4338274002075195,-0.5012704133987427,2.241556406021118,-0.7148030996322632
1751306098.9659278,3.433826208114624,-0.5012829899787903,2.2415571212768555,-0.7148190140724182
1751306098.9859126,3.4338042736053467,-0.5013190507888794,2.2415342330932617,-0.7148132920265198
1751306098.9959748,3.4338200092315674,-0.5012744665145874,2.2415478229522705,-0.7148048877716064
1751306099.0159314,3.433825731277466,-0.5012780427932739,2.2415661811828613,-0.7148144841194153
1751306099.025922,3.433811664581299,-0.5013256669044495,2.2415385246276855,-0.7148125171661377
1751306099.045907,3.4338021278381348,-0.5013182759284973,2.24155855178833,-0.7148135304450989
1751306099.0559623,3.4338057041168213,-0.5012984275817871,2.2415382862091064,-0.7148114442825317
1751306099.0759537,3.4338369369506836,-0.5012679696083069,2.2415523529052734,-0.7148188948631287
1751306099.0859454,3.433799982070923,-0.5012877583503723,2.241558074951172,-0.7147994041442871
1751306099.1059015,3.4338021278381348,-0.5013085603713989,2.241550922393799,-0.7148098349571228
1751306099.1259992,3.433783531188965,-0.501321017742157,2.241556406021118,-0.7148154377937317
1751306099.1359785,3.4338150024414062,-0.5012636184692383,2.241551637649536,-0.7147968411445618
1751306099.1560051,3.4338152408599854,-0.5012798309326172,2.241563320159912,-0.714827299118042
1751306099.1659322,3.4337689876556396,-0.5012814998626709,2.241551160812378,-0.7148021459579468
1751306099.1860158,3.4338042736053467,-0.5012961626052856,2.241574764251709,-0.7148175835609436
1751306099.1959417,3.4337761402130127,-0.5012710094451904,2.2415544986724854,-0.7148016095161438
1751306099.2159042,3.4338252544403076,-0.501277506351471,2.241595983505249,-0.7148253321647644
1751306099.2259536,3.4338066577911377,-0.5012925267219543,2.2415785789489746,-0.7148272395133972
1751306099.2459595,3.433760166168213,-0.5012633204460144,2.2415385246276855,-0.7148002982139587
1751306099.2559583,3.4337897300720215,-0.5013169646263123,2.2415637969970703,-0.7148316502571106
1751306099.2759175,3.433772563934326,-0.5013055801391602,2.241589069366455,-0.7147957682609558
1751306099.295929,3.4337756633758545,-0.5012859106063843,2.2415432929992676,-0.7148101329803467
1751306099.3059137,3.433757781982422,-0.5012844204902649,2.2415337562561035,-0.7148114442825317
1751306099.3260984,3.433797836303711,-0.5012619495391846,2.2415637969970703,-0.7148177623748779
1751306099.335937,3.4337925910949707,-0.501252293586731,2.2415318489074707,-0.714807391166687
1751306099.3559842,3.4337549209594727,-0.5012890696525574,2.2415289878845215,-0.7148132920265198
1751306099.3759959,3.4337759017944336,-0.5012722015380859,2.2415409088134766,-0.7148129940032959
1751306099.3859863,3.4337573051452637,-0.5012996792793274,2.241539716720581,-0.7148149609565735
1751306099.4059343,3.43377685546875,-0.5012760758399963,2.241537570953369,-0.7148035764694214
1751306099.415989,3.4337618350982666,-0.5012812614440918,2.241535186767578,-0.7148271799087524
1751306099.435947,3.4337499141693115,-0.5012868642807007,2.241513967514038,-0.7148027420043945
1751306099.446028,3.433784008026123,-0.5012865662574768,2.241546869277954,-0.7148278951644897
1751306099.46591,3.433765172958374,-0.501305103302002,2.241515636444092,-0.7148084044456482
1751306099.4859452,3.433759927749634,-0.5013169050216675,2.2415239810943604,-0.7148194313049316
1751306099.4960053,3.4337875843048096,-0.5012679696083069,2.2415096759796143,-0.7148004174232483
1751306099.5159194,3.4337856769561768,-0.5012961626052856,2.241529703140259,-0.7148098349571228
1751306099.525928,3.4337940216064453,-0.5012558698654175,2.2415339946746826,-0.7148208022117615
1751306099.5459185,3.4337689876556396,-0.5012865662574768,2.241513729095459,-0.7148166298866272
1751306099.5564945,3.4337713718414307,-0.5012896060943604,2.241520881652832,-0.7148156762123108
1751306099.575926,3.433784246444702,-0.5012742877006531,2.241516351699829,-0.7148039937019348
1751306099.58595,3.4337711334228516,-0.5012888312339783,2.24153995513916,-0.7148187160491943
1751306099.6059153,3.4337522983551025,-0.501262366771698,2.2415285110473633,-0.7148133516311646
1751306099.6259174,3.4337780475616455,-0.5012967586517334,2.2415378093719482,-0.7148178219795227
1751306099.6359305,3.433755874633789,-0.5012861490249634,2.2415339946746826,-0.7148182392120361
1751306099.6559513,3.4337732791900635,-0.5012678503990173,2.24153995513916,-0.7148148417472839
1751306099.665923,3.4337594509124756,-0.5012834072113037,2.2415246963500977,-0.7148115634918213
1751306099.6859167,3.4337453842163086,-0.5012723207473755,2.2415225505828857,-0.7148136496543884
1751306099.7065082,3.4337875843048096,-0.5012783408164978,2.241549253463745,-0.7148258686065674
1751306099.715954,3.4337525367736816,-0.5012664198875427,2.2415122985839844,-0.7148129940032959
1751306099.735937,3.433746337890625,-0.50125652551651,2.241518974304199,-0.7148045301437378
1751306099.7459142,3.433767795562744,-0.5012812614440918,2.241532325744629,-0.7148261070251465
1751306099.7659009,3.433770179748535,-0.5012677311897278,2.241528034210205,-0.7148052453994751
1751306099.7759635,3.4337682723999023,-0.501292884349823,2.241528272628784,-0.7148140072822571
1751306099.7959075,3.4337575435638428,-0.5012754797935486,2.2415175437927246,-0.7148157358169556
1751306099.8159168,3.4337825775146484,-0.5012786984443665,2.241534948348999,-0.7148202657699585
1751306099.825925,3.433769702911377,-0.5012931823730469,2.241513252258301,-0.7148144841194153
1751306099.845914,3.4337661266326904,-0.501262366771698,2.241504192352295,-0.7148098945617676
1751306099.8559256,3.4338021278381348,-0.5013039112091064,2.241525650024414,-0.7148158550262451
1751306099.865932,3.4338159561157227,-0.5012686848640442,2.241518497467041,-0.7148000001907349
1751306099.8859403,3.4338109493255615,-0.5012898445129395,2.2415273189544678,-0.7148211598396301
1751306099.9059207,3.4338104724884033,-0.501284122467041,2.241520404815674,-0.7148129343986511
1751306099.915934,3.4337804317474365,-0.5012989640235901,2.2415127754211426,-0.7148054838180542
1751306099.9359055,3.433823347091675,-0.5012927651405334,2.2415249347686768,-0.7148142457008362
1751306099.945938,3.4337985515594482,-0.5013048648834229,2.2415149211883545,-0.7148035764694214
1751306099.965909,3.433786392211914,-0.5012956261634827,2.241502285003662,-0.7148082852363586
1751306099.9759011,3.4337966442108154,-0.5013034343719482,2.2415096759796143,-0.7148053646087646
1751306099.9959562,3.4338250160217285,-0.5012829899787903,2.2415153980255127,-0.7148128151893616
1751306100.0159674,3.4337902069091797,-0.5013260841369629,2.241507053375244,-0.714815080165863
1751306100.0259695,3.4338321685791016,-0.5012873411178589,2.2415030002593994,-0.7148104310035706
1751306100.0459392,3.433812379837036,-0.5012678503990173,2.2415249347686768,-0.714805006980896
1751306100.06596,3.43383526802063,-0.5012778043746948,2.241527557373047,-0.7148082256317139
1751306100.0759957,3.4338080883026123,-0.5013089776039124,2.2415246963500977,-0.7148041725158691
1751306100.0959446,3.433821439743042,-0.5012942552566528,2.2415127754211426,-0.7148087620735168
1751306100.10595,3.4338266849517822,-0.5012853145599365,2.2415196895599365,-0.7148230075836182
1751306100.125997,3.4338178634643555,-0.5012725591659546,2.241532802581787,-0.7148076891899109
1751306100.136055,3.4338181018829346,-0.50128173828125,2.2415130138397217,-0.7148131728172302
1751306100.155952,3.4338366985321045,-0.5012710690498352,2.241527795791626,-0.7148098349571228
1751306100.1659703,3.4337973594665527,-0.5012741684913635,2.241518020629883,-0.7148200869560242
1751306100.186045,3.433837890625,-0.5013037919998169,2.2415409088134766,-0.7148147225379944
1751306100.1959546,3.4338021278381348,-0.5012730360031128,2.241525411605835,-0.7148035764694214
1751306100.215996,3.433816432952881,-0.5012915134429932,2.2415308952331543,-0.7148139476776123
1751306100.2359462,3.433818817138672,-0.501306414604187,2.241560459136963,-0.7148083448410034
1751306100.2461643,3.433793783187866,-0.5013190507888794,2.2415435314178467,-0.7148095965385437
1751306100.2659366,3.4338111877441406,-0.5012837052345276,2.2415432929992676,-0.7148115038871765
1751306100.2760298,3.433804512023926,-0.5012794137001038,2.241541624069214,-0.7148132920265198
1751306100.296021,3.4338173866271973,-0.5013070106506348,2.2415523529052734,-0.7148222327232361
1751306100.305944,3.433795690536499,-0.5012878179550171,2.2415332794189453,-0.7148110270500183
1751306100.3259592,3.433802843093872,-0.5012473464012146,2.2415621280670166,-0.7148187756538391
1751306100.3359885,3.4338345527648926,-0.5012832880020142,2.2415659427642822,-0.7148187160491943
1751306100.355976,3.4338018894195557,-0.5012859106063843,2.241551399230957,-0.7148054838180542
1751306100.365936,3.433791160583496,-0.5012747645378113,2.241543769836426,-0.7148088812828064
1751306100.3859634,3.433809280395508,-0.5012930035591125,2.241549015045166,-0.714832067489624
1751306100.4059937,3.4338185787200928,-0.5012689232826233,2.241572380065918,-0.7148154973983765
1751306100.4160054,3.433804750442505,-0.5012974739074707,2.241553783416748,-0.7148284912109375
1751306100.435953,3.4338009357452393,-0.5012723803520203,2.241539716720581,-0.7148154973983765
1751306100.445998,3.4338440895080566,-0.5012663006782532,2.241572380065918,-0.7148213982582092
1751306100.4659715,3.4338185787200928,-0.5012723803520203,2.2415406703948975,-0.7148177027702332
1751306100.4860075,3.4338324069976807,-0.5012654662132263,2.2415719032287598,-0.71482253074646
1751306100.4960177,3.4338080883026123,-0.5012851357460022,2.241558074951172,-0.7148207426071167
1751306100.5160134,3.4338126182556152,-0.5012784004211426,2.2415685653686523,-0.7148217558860779
1751306100.52594,3.4338130950927734,-0.5012785196304321,2.241564989089966,-0.7148169279098511
1751306100.5459352,3.4338109493255615,-0.501288652420044,2.241562843322754,-0.7148004770278931
1751306100.5559654,3.4338114261627197,-0.5012941956520081,2.2415528297424316,-0.7148252725601196
1751306100.575929,3.433823347091675,-0.5012770295143127,2.2415523529052734,-0.7148216962814331
1751306100.5859601,3.433837890625,-0.5013123750686646,2.2415738105773926,-0.714826226234436
1751306100.6059666,3.433788299560547,-0.5012773871421814,2.241523504257202,-0.7148199677467346
1751306100.6259248,3.433831214904785,-0.5012866258621216,2.241563081741333,-0.7148265242576599
1751306100.6360173,3.4338736534118652,-0.5012680292129517,2.241567611694336,-0.7148205637931824
1751306100.6559405,3.433826208114624,-0.5012767910957336,2.2415449619293213,-0.7148058414459229
1751306100.6659684,3.433826446533203,-0.5012813210487366,2.241555690765381,-0.7148232460021973
1751306100.6859877,3.43381404876709,-0.5012754201889038,2.2415597438812256,-0.714816689491272
1751306100.695949,3.4338431358337402,-0.5012699365615845,2.2415637969970703,-0.7148129343986511
1751306100.7159312,3.4338104724884033,-0.5012950301170349,2.2415642738342285,-0.714816153049469
1751306100.7359266,3.433797836303711,-0.5012679696083069,2.2415401935577393,-0.7148131728172302
1751306100.7459447,3.4338178634643555,-0.5012828707695007,2.2415502071380615,-0.7148221135139465
1751306100.7659268,3.4338014125823975,-0.5012699365615845,2.241560220718384,-0.7148086428642273
1751306100.7759435,3.433840274810791,-0.5012480616569519,2.241564989089966,-0.7148133516311646
1751306100.7959354,3.433793067932129,-0.5012662410736084,2.2415390014648438,-0.714816689491272
1751306100.8059802,3.4337782859802246,-0.5012787580490112,2.24155855178833,-0.7148004174232483
1751306100.825965,3.4338650703430176,-0.5012539625167847,2.2415835857391357,-0.7148154973983765
1751306100.845928,3.4337730407714844,-0.5012648105621338,2.241546154022217,-0.7148092985153198
1751306100.855999,3.4337778091430664,-0.5012907385826111,2.241546154022217,-0.714815080165863
1751306100.866355,3.433799982070923,-0.5012800693511963,2.241560459136963,-0.714820384979248
1751306100.886043,3.433818817138672,-0.5012779235839844,2.2415785789489746,-0.7148116827011108
1751306100.9059286,3.4338037967681885,-0.5012848377227783,2.241558074951172,-0.7148235440254211
1751306100.9159386,3.4337968826293945,-0.5012505650520325,2.2415544986724854,-0.7148150205612183
1751306100.9359212,3.433837890625,-0.5012451410293579,2.2415847778320312,-0.7148232460021973
1751306100.9459643,3.4338018894195557,-0.5012706518173218,2.241574287414551,-0.7148103713989258
1751306100.965923,3.4338183403015137,-0.5012825727462769,2.2415807247161865,-0.7148203253746033
1751306100.9761753,3.433814525604248,-0.5012786388397217,2.241551160812378,-0.7148131728172302
1751306100.9959445,3.4338150024414062,-0.5012742877006531,2.24157977104187,-0.7148171663284302
1751306101.0160944,3.433809757232666,-0.5012640953063965,2.241575241088867,-0.7148147821426392
1751306101.0259655,3.4338111877441406,-0.501266360282898,2.2415874004364014,-0.7148154973983765
1751306101.0459838,3.433803081512451,-0.5012632608413696,2.241576910018921,-0.7148194313049316
1751306101.0560749,3.433828353881836,-0.5012983679771423,2.241579055786133,-0.7148252725601196
1751306101.076355,3.4338443279266357,-0.5012717247009277,2.241590976715088,-0.7148245573043823
1751306101.086071,3.433791399002075,-0.5012983679771423,2.241563558578491,-0.7148147225379944
1751306101.1059585,3.4337947368621826,-0.5013076663017273,2.241565465927124,-0.714816153049469
1751306101.1259534,3.4338228702545166,-0.5012921094894409,2.2415900230407715,-0.7148126363754272
1751306101.1359804,3.43379807472229,-0.501290500164032,2.2415730953216553,-0.7148010730743408
1751306101.1559653,3.4337997436523438,-0.5012891292572021,2.2415709495544434,-0.7148040533065796
1751306101.165975,3.433790683746338,-0.501284658908844,2.2415671348571777,-0.7148065567016602
1751306101.1859765,3.4338362216949463,-0.5012721419334412,2.2415764331817627,-0.7148252725601196
1751306101.1959786,3.4338181018829346,-0.5012660026550293,2.2415719032287598,-0.7148191928863525
1751306101.215994,3.433800458908081,-0.501264750957489,2.2415664196014404,-0.7148144245147705
1751306101.2360482,3.4338085651397705,-0.5012972950935364,2.2415833473205566,-0.7148106694221497
1751306101.245977,3.4338316917419434,-0.5012558102607727,2.24157452583313,-0.7148255109786987
1751306101.2659664,3.433837890625,-0.5013003945350647,2.2415876388549805,-0.7148333191871643
1751306101.2760513,3.433809995651245,-0.5012906789779663,2.2415482997894287,-0.7148261666297913
1751306101.2960346,3.4338178634643555,-0.5012787580490112,2.241575002670288,-0.7148136496543884
1751306101.3059692,3.4338583946228027,-0.5013226866722107,2.2415900230407715,-0.7148229479789734
1751306101.325975,3.433833122253418,-0.5012804865837097,2.241564989089966,-0.714802622795105
1751306101.3461022,3.433806896209717,-0.5013063549995422,2.2415771484375,-0.7148258686065674
1751306101.3559804,3.433863639831543,-0.5012582540512085,2.241572856903076,-0.7148195505142212
1751306101.3759277,3.4338698387145996,-0.5013046264648438,2.241588830947876,-0.7148215770721436
1751306101.3859582,3.433833599090576,-0.5013173222541809,2.241555690765381,-0.7148139476776123
1751306101.405956,3.4338393211364746,-0.5013124942779541,2.2415590286254883,-0.7148170471191406
1751306101.4259658,3.4338667392730713,-0.5013284087181091,2.241595506668091,-0.7148237228393555
1751306101.4363756,3.4338536262512207,-0.501311719417572,2.2415812015533447,-0.7148138880729675
1751306101.4559903,3.4338648319244385,-0.5012882351875305,2.2415900230407715,-0.7148241996765137
1751306101.465929,3.433830976486206,-0.5013072490692139,2.241558074951172,-0.7148199677467346
1751306101.475922,3.4338388442993164,-0.5013023614883423,2.2415904998779297,-0.7148165106773376
1751306101.495921,3.433837890625,-0.5013071298599243,2.2415761947631836,-0.7148352861404419
1751306101.515945,3.4338326454162598,-0.5013033747673035,2.241583824157715,-0.714816153049469
1751306101.5259595,3.433818817138672,-0.5012928247451782,2.241553783416748,-0.7148334980010986
1751306101.545922,3.4338066577911377,-0.5013121366500854,2.241569757461548,-0.7148106098175049
1751306101.5559485,3.4338412284851074,-0.5012891888618469,2.241586923599243,-0.7148305773735046
1751306101.5759048,3.4338266849517822,-0.5012593269348145,2.2415642738342285,-0.7148204445838928
1751306101.5859375,3.4338197708129883,-0.5013102889060974,2.2415640354156494,-0.7148200869560242
1751306101.6059186,3.433837652206421,-0.5012854933738708,2.241590976715088,-0.7148258686065674
1751306101.6259344,3.4338314533233643,-0.501293420791626,2.2415690422058105,-0.7148247361183167
1751306101.635923,3.4338366985321045,-0.5013062357902527,2.2415719032287598,-0.7148273587226868
1751306101.6559174,3.4338228702545166,-0.5012835264205933,2.241576910018921,-0.7148070335388184
1751306101.6759317,3.433852434158325,-0.5012950897216797,2.2415919303894043,-0.7148283123970032
1751306101.6859393,3.433828830718994,-0.5012683272361755,2.241584062576294,-0.7148153185844421
1751306101.6959438,3.4338431358337402,-0.5012789368629456,2.241575241088867,-0.7148377299308777
1751306101.7159765,3.433865785598755,-0.501308798789978,2.2415833473205566,-0.7148308753967285
1751306101.7359755,3.4338464736938477,-0.5012841820716858,2.2415707111358643,-0.7148150205612183
1751306101.7459488,3.4338786602020264,-0.5013052225112915,2.241579055786133,-0.7148288488388062
1751306101.7559447,3.43385648727417,-0.5013262033462524,2.241583824157715,-0.714819610118866
1751306101.7759318,3.433875799179077,-0.5012845396995544,2.2415895462036133,-0.7148239612579346
1751306101.7959247,3.4338908195495605,-0.5013018250465393,2.2415688037872314,-0.7148357033729553
1751306101.8059363,3.4338834285736084,-0.5012951493263245,2.2415735721588135,-0.7148104906082153
1751306101.8259737,3.4338836669921875,-0.5012952089309692,2.2415661811828613,-0.7148330807685852
1751306101.8459764,3.433899402618408,-0.5013056397438049,2.2415812015533447,-0.7148117423057556
1751306101.8559182,3.433889865875244,-0.5013348460197449,2.2415902614593506,-0.7148243188858032
1751306101.8759258,3.4338877201080322,-0.5013337135314941,2.241569995880127,-0.7148333787918091
1751306101.8859308,3.43390154838562,-0.5013052821159363,2.2415807247161865,-0.7148271799087524
1751306101.9061427,3.43391489982605,-0.5013231039047241,2.241593599319458,-0.7148225903511047
1751306101.9259164,3.4338910579681396,-0.5013117790222168,2.2415425777435303,-0.714821994304657
1751306101.9359167,3.4338979721069336,-0.5013331770896912,2.241570472717285,-0.7148129940032959
1751306101.9459522,3.433929681777954,-0.5012949705123901,2.241546392440796,-0.7148132920265198
1751306101.9659822,3.4339170455932617,-0.5013239979743958,2.2415757179260254,-0.7148255705833435
1751306101.9859266,3.4338879585266113,-0.5013325810432434,2.241555690765381,-0.7148132920265198
1751306101.9959195,3.433913469314575,-0.5013037919998169,2.241549253463745,-0.7148170471191406
1751306102.016005,3.4339115619659424,-0.5012970566749573,2.241560220718384,-0.7148240804672241
1751306102.0259264,3.433919668197632,-0.501288890838623,2.241556167602539,-0.7148178219795227
1751306102.0459564,3.4339239597320557,-0.501301109790802,2.2415595054626465,-0.7148215174674988
1751306102.055917,3.433892250061035,-0.5013108253479004,2.241546630859375,-0.7148153781890869
1751306102.075922,3.4338998794555664,-0.5013006925582886,2.2415664196014404,-0.7148174047470093
1751306102.0959141,3.433908462524414,-0.5012989640235901,2.241576671600342,-0.7148264050483704
1751306102.1059434,3.4339029788970947,-0.5012989044189453,2.2415757179260254,-0.7148168087005615
1751306102.1259143,3.4338836669921875,-0.5013085603713989,2.2415640354156494,-0.7148182988166809
1751306102.1359236,3.433887004852295,-0.5013038516044617,2.24157977104187,-0.7148083448410034
1751306102.1559107,3.4339113235473633,-0.5013118386268616,2.241572618484497,-0.7148107290267944
1751306102.165915,3.4338760375976562,-0.5013033151626587,2.24155330657959,-0.7148125171661377
1751306102.185912,3.4339191913604736,-0.5012920498847961,2.2415597438812256,-0.7148162126541138
1751306102.1959202,3.4339475631713867,-0.5012855529785156,2.2415759563446045,-0.7148184180259705
1751306102.21594,3.433878183364868,-0.5012825727462769,2.241563558578491,-0.7148016095161438
1751306102.235987,3.4339258670806885,-0.5013025999069214,2.241563081741333,-0.714833676815033
1751306102.245928,3.433912992477417,-0.5012420415878296,2.2415683269500732,-0.7147930860519409
1751306102.2659163,3.4339091777801514,-0.5013003349304199,2.2415807247161865,-0.7148259282112122
1751306102.2859213,3.4339241981506348,-0.5012819766998291,2.2415645122528076,-0.7148128151893616
1751306102.2959168,3.4339048862457275,-0.5012966990470886,2.2415683269500732,-0.714820146560669
1751306102.3159199,3.4338936805725098,-0.5013076066970825,2.2415685653686523,-0.714821457862854
1751306102.325952,3.4339168071746826,-0.5012896656990051,2.2415714263916016,-0.7148069739341736
1751306102.345967,3.4339160919189453,-0.5013222098350525,2.241593837738037,-0.7148239612579346
1751306102.35592,3.433915615081787,-0.5012993812561035,2.241582155227661,-0.7148169279098511
1751306102.3660774,3.4338650703430176,-0.501296877861023,2.241575002670288,-0.7148178219795227
1751306102.3859086,3.4339091777801514,-0.5012944340705872,2.2415904998779297,-0.7148220539093018
1751306102.4059193,3.4338841438293457,-0.5012817978858948,2.2415711879730225,-0.7148155570030212
1751306102.4159422,3.4338746070861816,-0.501300573348999,2.2415850162506104,-0.7148139476776123
1751306102.4359195,3.433859348297119,-0.5012877583503723,2.241579294204712,-0.7148101329803467
1751306102.4559164,3.433891534805298,-0.5012794137001038,2.241597890853882,-0.7148160934448242
1751306102.4659438,3.4338631629943848,-0.5012961030006409,2.2415847778320312,-0.7148247361183167
1751306102.4859266,3.4338459968566895,-0.5012723207473755,2.241567850112915,-0.7148144245147705
1751306102.495915,3.4338490962982178,-0.5013365149497986,2.241586446762085,-0.7148239612579346
1751306102.5064402,3.4338438510894775,-0.5013049244880676,2.2415566444396973,-0.7148249745368958
1751306102.5259218,3.4338722229003906,-0.5012708902359009,2.241577386856079,-0.7148217558860779
1751306102.545921,3.433844804763794,-0.5012872815132141,2.2415671348571777,-0.7148146033287048
1751306102.5559328,3.4338724613189697,-0.501275897026062,2.2415637969970703,-0.7148210406303406
1751306102.5759165,3.4338419437408447,-0.501290500164032,2.2415759563446045,-0.7148210406303406
1751306102.5859253,3.4338576793670654,-0.5012953281402588,2.2415771484375,-0.7148230075836182
1751306102.6059291,3.433802843093872,-0.5013167858123779,2.241581678390503,-0.7148191332817078
1751306102.625918,3.433828830718994,-0.5012938976287842,2.241563320159912,-0.7148154973983765
1751306102.635922,3.433832883834839,-0.5013014078140259,2.2415595054626465,-0.7148306369781494
1751306102.6559076,3.433826208114624,-0.5012857913970947,2.241560459136963,-0.714814305305481
1751306102.6659188,3.433821678161621,-0.5013114213943481,2.2415778636932373,-0.7148180603981018
1751306102.6859167,3.4338390827178955,-0.5013259649276733,2.241549253463745,-0.7148317694664001
1751306102.6959093,3.433837890625,-0.5012548565864563,2.241575002670288,-0.7148107886314392
1751306102.7159114,3.4338324069976807,-0.5013045072555542,2.241565704345703,-0.7148249745368958
1751306102.7359085,3.433818817138672,-0.5012887716293335,2.2415449619293213,-0.714818000793457
1751306102.7459223,3.4338409900665283,-0.5012879967689514,2.2415828704833984,-0.7148116230964661
1751306102.7659073,3.4338135719299316,-0.5012971758842468,2.2415618896484375,-0.7148082852363586
1751306102.7759244,3.433809757232666,-0.501313328742981,2.2415671348571777,-0.714820146560669
1751306102.79591,3.4338185787200928,-0.501287579536438,2.241572618484497,-0.7148181200027466
1751306102.8059282,3.4338018894195557,-0.5013018846511841,2.241553783416748,-0.7148200869560242
1751306102.826008,3.433842897415161,-0.5012807846069336,2.2415719032287598,-0.7148186564445496
1751306102.8459187,3.433821201324463,-0.5012869238853455,2.241565227508545,-0.714798629283905
1751306102.8559208,3.433814287185669,-0.5013142824172974,2.2415645122528076,-0.714817464351654
1751306102.8659966,3.4338345527648926,-0.5012926459312439,2.2415730953216553,-0.7148380279541016
1751306102.8859217,3.4338252544403076,-0.501301109790802,2.241550922393799,-0.7148069143295288
1751306102.9059105,3.433840036392212,-0.5012999773025513,2.2415659427642822,-0.7148233652114868
1751306102.9159167,3.4338202476501465,-0.5012918710708618,2.241541862487793,-0.7148095369338989
1751306102.9359148,3.4338247776031494,-0.5013068914413452,2.241567850112915,-0.7148123383522034
1751306102.9459188,3.4338250160217285,-0.5012820363044739,2.241572618484497,-0.7148016691207886
1751306102.9659123,3.4338362216949463,-0.5012902021408081,2.2415566444396973,-0.7148152589797974
1751306102.9760404,3.433819055557251,-0.5012731552124023,2.241554021835327,-0.7148134112358093
1751306102.995909,3.4338347911834717,-0.5012983679771423,2.24155330657959,-0.7148111462593079
1751306103.0159101,3.4338133335113525,-0.5012984871864319,2.2415690422058105,-0.7148197889328003
1751306103.0359402,3.433842182159424,-0.5012743473052979,2.2415530681610107,-0.7148087620735168
1751306103.0459208,3.4338250160217285,-0.5012804269790649,2.2415575981140137,-0.7148013710975647
1751306103.0559142,3.433809757232666,-0.5012686252593994,2.241551160812378,-0.7148107290267944
1751306103.0759118,3.4338183403015137,-0.5012912154197693,2.2415690422058105,-0.7148076295852661
1751306103.0859327,3.4337992668151855,-0.5012871623039246,2.241560697555542,-0.7148017287254333
1751306103.1059198,3.4338033199310303,-0.5012632012367249,2.2415544986724854,-0.7148088216781616
1751306103.1159475,3.433807373046875,-0.5012769103050232,2.2415482997894287,-0.7148075699806213
1751306103.1359398,3.4337809085845947,-0.5012955069541931,2.2415692806243896,-0.7148069143295288
1751306103.1559184,3.4337897300720215,-0.5012813210487366,2.2415568828582764,-0.7148111462593079
1751306103.1659205,3.4337825775146484,-0.5012927055358887,2.241558074951172,-0.714802622795105
1751306103.18592,3.4337856769561768,-0.5012887716293335,2.241572380065918,-0.7148101925849915
1751306103.2059045,3.4337844848632812,-0.5012864470481873,2.241555690765381,-0.7148086428642273
1751306103.2159073,3.433778762817383,-0.501244843006134,2.241556167602539,-0.7147912979125977
1751306103.2260447,3.4337918758392334,-0.5012558698654175,2.2415549755096436,-0.7148142457008362
1751306103.2459373,3.433762788772583,-0.5012242794036865,2.241546630859375,-0.7147961258888245
1751306103.2659106,3.4338176250457764,-0.5012533068656921,2.241572380065918,-0.7148154973983765
1751306103.2859244,3.4337618350982666,-0.501242995262146,2.2415380477905273,-0.7148046493530273
1751306103.295914,3.433765172958374,-0.5012426972389221,2.2415385246276855,-0.7148070335388184
1751306103.3059297,3.4337680339813232,-0.501270592212677,2.2415528297424316,-0.7148100733757019
1751306103.3259149,3.433777093887329,-0.5012521147727966,2.2415428161621094,-0.7148004174232483
1751306103.335924,3.4337565898895264,-0.5012551546096802,2.2415568828582764,-0.7148102521896362
1751306103.355913,3.4337716102600098,-0.5012497305870056,2.2415683269500732,-0.7148076295852661
1751306103.3759093,3.4337661266326904,-0.5012425184249878,2.2415599822998047,-0.7148014307022095
1751306103.3859255,3.4337737560272217,-0.5012633800506592,2.2415502071380615,-0.7147994041442871
1751306103.4058998,3.43377685546875,-0.5012385249137878,2.241541862487793,-0.7148049473762512
1751306103.4159126,3.4337549209594727,-0.5012757182121277,2.241564989089966,-0.7148113250732422
1751306103.4359164,3.4337713718414307,-0.5012168288230896,2.241534948348999,-0.7148047089576721
1751306103.4459205,3.4337902069091797,-0.5012712478637695,2.241560459136963,-0.7148096561431885
1751306103.4659204,3.433753728866577,-0.5012697577476501,2.241546154022217,-0.714810848236084
1751306103.4859197,3.4337635040283203,-0.5012631416320801,2.241554021835327,-0.7147926688194275
1751306103.495939,3.4337806701660156,-0.5012336373329163,2.2415671348571777,-0.7148107290267944
1751306103.5159087,3.433767318725586,-0.5012535452842712,2.241544246673584,-0.7147937417030334
1751306103.5259213,3.4337966442108154,-0.5012305974960327,2.2415647506713867,-0.7147998213768005
1751306103.5459397,3.433773994445801,-0.5012437701225281,2.2415480613708496,-0.7147950530052185
1751306103.5559156,3.433750629425049,-0.5012681484222412,2.241560459136963,-0.7148041129112244
1751306103.5759418,3.4338021278381348,-0.501231849193573,2.2415709495544434,-0.7148038744926453
1751306103.5959918,3.4337620735168457,-0.5012711882591248,2.2415356636047363,-0.7148036360740662
1751306103.606986,3.4337780475616455,-0.5012589693069458,2.241556406021118,-0.7148177623748779
1751306103.6159065,3.4337637424468994,-0.5012529492378235,2.241551160812378,-0.714812159538269
1751306103.6359122,3.433781147003174,-0.5012701749801636,2.2415642738342285,-0.7148044109344482
1751306103.6559143,3.433751106262207,-0.5012664198875427,2.2415459156036377,-0.7147971987724304
1751306103.665915,3.4337713718414307,-0.5012565851211548,2.241570234298706,-0.7147984504699707
1751306103.6859155,3.4337916374206543,-0.5012519955635071,2.2415573596954346,-0.7148064970970154
1751306103.6959105,3.433744430541992,-0.5012803077697754,2.241553783416748,-0.7148027420043945
1751306103.7159407,3.4337921142578125,-0.5012704133987427,2.241572856903076,-0.714814305305481
1751306103.7369657,3.433751344680786,-0.5012818574905396,2.2415578365325928,-0.7148004770278931
1751306103.745917,3.433769941329956,-0.501254141330719,2.2415614128112793,-0.7148075103759766
1751306103.7659152,3.4337587356567383,-0.5012845993041992,2.2415454387664795,-0.7148154377937317
1751306103.7759252,3.4337615966796875,-0.501259446144104,2.2415568828582764,-0.7147976160049438
1751306103.795912,3.4337711334228516,-0.5012646913528442,2.241563320159912,-0.7148075699806213
1751306103.8059323,3.4337849617004395,-0.5012509822845459,2.2415432929992676,-0.7147997617721558
1751306103.8259218,3.4337735176086426,-0.5012306571006775,2.2415778636932373,-0.7148048877716064
1751306103.845913,3.4337916374206543,-0.5012651681900024,2.2415645122528076,-0.7148016691207886
1751306103.8560002,3.4337737560272217,-0.5012640953063965,2.2415616512298584,-0.7147964239120483
1751306103.8759367,3.4337685108184814,-0.5012389421463013,2.2415459156036377,-0.7148054242134094
1751306103.885931,3.4337642192840576,-0.5012685060501099,2.2415497303009033,-0.714809775352478
1751306103.9059174,3.433790683746338,-0.5012576580047607,2.2415719032287598,-0.7148151993751526
1751306103.9159133,3.433773994445801,-0.5012807250022888,2.2415390014648438,-0.7148052453994751
1751306103.935932,3.4337923526763916,-0.5012400150299072,2.2415575981140137,-0.7148165106773376
1751306103.9459243,3.433781623840332,-0.5012557506561279,2.241544485092163,-0.7148078680038452
1751306103.9659228,3.433791160583496,-0.5012611150741577,2.2415616512298584,-0.7148044109344482
1751306103.9859,3.433781385421753,-0.5012706518173218,2.2415499687194824,-0.7148035168647766
1751306103.9959311,3.433774948120117,-0.5012760162353516,2.2415401935577393,-0.7147989869117737
1751306104.015923,3.4337918758392334,-0.5012634992599487,2.241558313369751,-0.7148106694221497
1751306104.0259173,3.4337964057922363,-0.5012547373771667,2.241560935974121,-0.7148082852363586
1751306104.0459096,3.433802366256714,-0.5012686252593994,2.2415549755096436,-0.7148074507713318
1751306104.0559106,3.4337656497955322,-0.5012639164924622,2.241551160812378,-0.7148066759109497
1751306104.0759177,3.433762788772583,-0.5012946128845215,2.2415571212768555,-0.7148184180259705
1751306104.0859187,3.433764934539795,-0.5012696981430054,2.2415575981140137,-0.7148078083992004
1751306104.1059372,3.4337668418884277,-0.5012863278388977,2.2415530681610107,-0.7148028612136841
1751306104.125951,3.4337656497955322,-0.5012900829315186,2.241547107696533,-0.7148175239562988
1751306104.135923,3.4337406158447266,-0.501276969909668,2.241547107696533,-0.7148035168647766
1751306104.1559174,3.433799982070923,-0.5012319684028625,2.2415690422058105,-0.714802086353302
1751306104.165913,3.433776617050171,-0.5013017654418945,2.2415578365325928,-0.7148126363754272
1751306104.1859012,3.43376088142395,-0.5012465715408325,2.2415218353271484,-0.7148038744926453
1751306104.1960618,3.433790683746338,-0.501279354095459,2.2415785789489746,-0.7148033380508423
1751306104.2159574,3.4337666034698486,-0.501241147518158,2.241546392440796,-0.7147982120513916
1751306104.2259254,3.433795690536499,-0.5012558102607727,2.241558313369751,-0.7148077487945557
1751306104.2459054,3.433769702911377,-0.5012908577919006,2.24155330657959,-0.7148134112358093
1751306104.2659075,3.4337666034698486,-0.5012608170509338,2.2415316104888916,-0.7148051261901855
1751306104.2759159,3.4337985515594482,-0.5012685656547546,2.2415647506713867,-0.7148107290267944
1751306104.2960715,3.433781862258911,-0.5012482404708862,2.2415480613708496,-0.7147912979125977
1751306104.305911,3.4337761402130127,-0.5012402534484863,2.241546154022217,-0.7148218154907227
1751306104.3259246,3.4337565898895264,-0.5012533068656921,2.241537094116211,-0.7147984504699707
1751306104.33602,3.4337618350982666,-0.5012897849082947,2.2415618896484375,-0.7148160338401794
1751306104.3559482,3.4337778091430664,-0.501243531703949,2.2415406703948975,-0.7148051857948303
1751306104.36591,3.43375563621521,-0.5012602806091309,2.2415263652801514,-0.7147984504699707
1751306104.385935,3.4337821006774902,-0.5012580752372742,2.241563558578491,-0.7148175835609436
1751306104.395918,3.4337668418884277,-0.5012801885604858,2.241544485092163,-0.7148179411888123
1751306104.4159062,3.433755874633789,-0.5012655258178711,2.2415523529052734,-0.7148077487945557
1751306104.43591,3.433755874633789,-0.5012474060058594,2.241525173187256,-0.7148184776306152
1751306104.4459078,3.433781862258911,-0.5012927651405334,2.2415595054626465,-0.7148070931434631
1751306104.4658983,3.4337549209594727,-0.5012710094451904,2.241551160812378,-0.7147991061210632
1751306104.4859436,3.4337446689605713,-0.501269519329071,2.241539478302002,-0.7148039937019348
1751306104.495906,3.433749198913574,-0.5012736320495605,2.241546869277954,-0.7148057222366333
1751306104.5059173,3.4337642192840576,-0.5012491941452026,2.241551160812378,-0.7148057222366333
1751306104.5258987,3.4337689876556396,-0.5012507438659668,2.241546154022217,-0.7148037552833557
1751306104.5459208,3.4337527751922607,-0.5012606978416443,2.241546869277954,-0.7148029804229736
1751306104.55602,3.4337515830993652,-0.5012459754943848,2.241535186767578,-0.7148054242134094
1751306104.5759037,3.4337682723999023,-0.5012848377227783,2.241546392440796,-0.7148096561431885
1751306104.5859196,3.43375563621521,-0.5012681484222412,2.241541624069214,-0.7148029804229736
1751306104.605911,3.4337635040283203,-0.5012390613555908,2.2415473461151123,-0.7147971391677856
1751306104.625909,3.4337313175201416,-0.5012759566307068,2.241550922393799,-0.7148010730743408
1751306104.6359377,3.4337868690490723,-0.5012815594673157,2.241570234298706,-0.7148106098175049
1751306104.655911,3.4337544441223145,-0.501224160194397,2.241544723510742,-0.7147919535636902
1751306104.6759062,3.4337518215179443,-0.501267671585083,2.2415528297424316,-0.7148107290267944
1751306104.6859126,3.4337539672851562,-0.501272439956665,2.24155855178833,-0.7148174047470093
1751306104.705911,3.4337737560272217,-0.5012365579605103,2.2415473461151123,-0.7147920727729797
1751306104.7159145,3.433774709701538,-0.5012694597244263,2.2415690422058105,-0.7148109674453735
1751306104.7359076,3.4337658882141113,-0.5012326240539551,2.2415435314178467,-0.7147933840751648
1751306104.7459157,3.433776378631592,-0.5012521743774414,2.241556406021118,-0.7147895693778992
1751306104.7659028,3.4337661266326904,-0.5012463927268982,2.2415404319763184,-0.7148036360740662
1751306104.7759416,3.4337661266326904,-0.5012348890304565,2.241577386856079,-0.7147945165634155
1751306104.7959158,3.4337899684906006,-0.5012582540512085,2.2415952682495117,-0.7147888541221619
1751306104.8160162,3.4337737560272217,-0.5012763738632202,2.2415578365325928,-0.7147974371910095
1751306104.8259141,3.433781385421753,-0.5012298822402954,2.241565704345703,-0.7148036956787109
1751306104.8460195,3.4337844848632812,-0.5012537240982056,2.2415640354156494,-0.7148125171661377
1751306104.8559082,3.4337871074676514,-0.5012260675430298,2.2415554523468018,-0.7148001194000244
1751306104.875904,3.433779716491699,-0.5012578368186951,2.241563081741333,-0.7148177623748779
1751306104.8959155,3.4337635040283203,-0.5012694001197815,2.2415547370910645,-0.7148000597953796
1751306104.905935,3.43379545211792,-0.5012385249137878,2.241569995880127,-0.714801549911499
1751306104.915913,3.4337947368621826,-0.5012584924697876,2.241560935974121,-0.7148088216781616
1751306104.9361043,3.4337871074676514,-0.5012518167495728,2.2415807247161865,-0.7148002982139587
1751306104.9459085,3.433773994445801,-0.5012765526771545,2.241549253463745,-0.7148159742355347
1751306104.9659657,3.43377947807312,-0.501265823841095,2.241562843322754,-0.7147936820983887
1751306104.985908,3.433800458908081,-0.5012818574905396,2.241562843322754,-0.7148145437240601
1751306104.9959135,3.4337754249572754,-0.5012460350990295,2.2415428161621094,-0.7148029208183289
1751306105.0159087,3.433779239654541,-0.501264214515686,2.2415659427642822,-0.714809238910675
1751306105.0259175,3.4337940216064453,-0.5012654066085815,2.2415409088134766,-0.71480393409729
1751306105.0459342,3.4337830543518066,-0.5012707710266113,2.2415566444396973,-0.7148043513298035
1751306105.0569892,3.4337964057922363,-0.501245379447937,2.2415573596954346,-0.714806854724884
1751306105.0759087,3.4337847232818604,-0.5012685656547546,2.241546630859375,-0.7148013710975647
1751306105.0859177,3.4337875843048096,-0.5012798309326172,2.2415506839752197,-0.7148040533065796
1751306105.1059124,3.4338042736053467,-0.501237690448761,2.2415616512298584,-0.7148085832595825
1751306105.1259158,3.433802604675293,-0.5012441277503967,2.241549491882324,-0.7148056030273438
1751306105.1359117,3.433779239654541,-0.501278817653656,2.2415318489074707,-0.7148042917251587
1751306105.1559207,3.4337821006774902,-0.5012709498405457,2.241553544998169,-0.7148000597953796
1751306105.1659112,3.433791399002075,-0.5013034343719482,2.2415616512298584,-0.7148123383522034
1751306105.1858988,3.433767080307007,-0.5012625455856323,2.2415342330932617,-0.7148024439811707
1751306105.195919,3.4337897300720215,-0.5012823939323425,2.2415544986724854,-0.7148059606552124
1751306105.2160547,3.4337751865386963,-0.5012879967689514,2.2415435314178467,-0.7148138284683228
1751306105.2359042,3.433791160583496,-0.5012761950492859,2.241551399230957,-0.7148030996322632
1751306105.2459257,3.433772325515747,-0.5012614727020264,2.2415366172790527,-0.7148079872131348
1751306105.2659066,3.4337961673736572,-0.5012642741203308,2.2415578365325928,-0.7148050665855408
1751306105.2759154,3.433797597885132,-0.5012863874435425,2.2415666580200195,-0.7148064374923706
1751306105.2959106,3.4337704181671143,-0.5012744069099426,2.2415432929992676,-0.7147997617721558
1751306105.305932,3.433779716491699,-0.501257598400116,2.2415504455566406,-0.7148119807243347
1751306105.3258994,3.4337995052337646,-0.5012800097465515,2.241551399230957,-0.7147994637489319
1751306105.345911,3.4337854385375977,-0.5012757182121277,2.2415611743927,-0.7148132920265198
1751306105.3559315,3.433790922164917,-0.5012606382369995,2.241542339324951,-0.714803159236908
1751306105.3759086,3.433777093887329,-0.5012890696525574,2.2415614128112793,-0.7148112058639526
1751306105.3959363,3.4338037967681885,-0.5012611746788025,2.241553783416748,-0.7148080468177795
1751306105.4059184,3.433793067932129,-0.5012801289558411,2.2415411472320557,-0.7148056030273438
1751306105.4259171,3.4337868690490723,-0.50125652551651,2.241565704345703,-0.714813768863678
1751306105.4359124,3.433771848678589,-0.501279890537262,2.241542339324951,-0.7148191332817078
1751306105.4459176,3.433795690536499,-0.5012981295585632,2.241572380065918,-0.7148101925849915
1751306105.4659166,3.433788776397705,-0.5012676119804382,2.2415547370910645,-0.7148016095161438
1751306105.4759336,3.4337823390960693,-0.5012706518173218,2.2415456771850586,-0.7148137092590332
1751306105.4959106,3.433784246444702,-0.5012754797935486,2.2415528297424316,-0.7148237824440002
1751306105.5159142,3.4337947368621826,-0.5012619495391846,2.2415478229522705,-0.7148016691207886
1751306105.5259068,3.433795690536499,-0.5012686848640442,2.241549015045166,-0.7148144841194153
1751306105.545895,3.4337871074676514,-0.5012626051902771,2.241560220718384,-0.7148084044456482
1751306105.5559068,3.433763265609741,-0.5012791156768799,2.241539716720581,-0.714806318283081
1751306105.5759518,3.4338018894195557,-0.5012808442115784,2.2415692806243896,-0.7148059010505676
1751306105.585921,3.4337892532348633,-0.5012441277503967,2.241565465927124,-0.7148098945617676
1751306105.6059222,3.433807849884033,-0.5012441873550415,2.241563320159912,-0.7148109674453735
1751306105.6259065,3.433756113052368,-0.5012810230255127,2.2415482997894287,-0.7147994041442871
1751306105.6359081,3.4337878227233887,-0.5012642741203308,2.2415482997894287,-0.714805006980896
1751306105.646029,3.4338161945343018,-0.5012660622596741,2.241572380065918,-0.7148212194442749
1751306105.6659062,3.433776378631592,-0.5012465119361877,2.241548538208008,-0.7147972583770752
1751306105.685905,3.4337682723999023,-0.5012839436531067,2.24155592918396,-0.7148083448410034
1751306105.6959138,3.433753490447998,-0.501275360584259,2.241555690765381,-0.7147995829582214
1751306105.715934,3.4338083267211914,-0.501284658908844,2.2415614128112793,-0.7148217558860779
1751306105.7259212,3.4338040351867676,-0.5012684464454651,2.241548776626587,-0.7148103713989258
1751306105.7459047,3.4337692260742188,-0.5012824535369873,2.2415616512298584,-0.7148170471191406
1751306105.7659376,3.4338009357452393,-0.5012924671173096,2.241560220718384,-0.7148104310035706
1751306105.7759101,3.4337871074676514,-0.5012286305427551,2.241553544998169,-0.7147995233535767
1751306105.7959073,3.433779716491699,-0.5012719035148621,2.2415595054626465,-0.7148166298866272
1751306105.8059096,3.4337968826293945,-0.5012619495391846,2.241542100906372,-0.7148228883743286
1751306105.8259535,3.433779001235962,-0.5012445449829102,2.241560459136963,-0.7148027420043945
1751306105.8459089,3.4337832927703857,-0.501285195350647,2.241546869277954,-0.714811384677887
1751306105.8559077,3.4337921142578125,-0.501254677772522,2.2415544986724854,-0.7148025035858154
1751306105.875911,3.433793306350708,-0.5012688040733337,2.2415623664855957,-0.7148007154464722
1751306105.8859072,3.4337894916534424,-0.5012686252593994,2.2415363788604736,-0.7148051261901855
1751306105.9059026,3.433790445327759,-0.5012630820274353,2.2415690422058105,-0.7148117423057556
1751306105.9160151,3.4338085651397705,-0.50125652551651,2.2415807247161865,-0.7148051857948303
1751306105.9359078,3.43377947807312,-0.5012774467468262,2.2415387630462646,-0.7148018479347229
1751306105.955906,3.4337878227233887,-0.5012611150741577,2.241560220718384,-0.714815616607666
1751306105.9659069,3.4337997436523438,-0.5012833476066589,2.2415671348571777,-0.7147916555404663
1751306105.9858985,3.4337964057922363,-0.5012731552124023,2.241549015045166,-0.7148125171661377
1751306105.9959025,3.433791160583496,-0.5012564659118652,2.241529941558838,-0.7148035764694214
1751306106.0159054,3.433807611465454,-0.5012561678886414,2.2415590286254883,-0.7148020267486572
1751306106.0259178,3.4337971210479736,-0.5012408494949341,2.241544723510742,-0.7148056626319885
1751306106.0459182,3.4338064193725586,-0.5012410283088684,2.241549491882324,-0.7148082852363586
1751306106.0559096,3.4338042736053467,-0.5012633204460144,2.2415482997894287,-0.7148163914680481
1751306106.075932,3.43377423286438,-0.5012654066085815,2.241539239883423,-0.71480393409729
1751306106.085909,3.4338090419769287,-0.5012720823287964,2.2415530681610107,-0.7148213386535645
1751306106.1058943,3.43377947807312,-0.5012630224227905,2.2415382862091064,-0.7148019671440125
1751306106.1261737,3.4338037967681885,-0.5012512803077698,2.2415552139282227,-0.7148149609565735
1751306106.1359186,3.433791399002075,-0.5012621283531189,2.241541624069214,-0.7148053050041199
1751306106.1559198,3.4338011741638184,-0.5012679100036621,2.2415544986724854,-0.7148051261901855
1751306106.1659064,3.433791160583496,-0.5012844204902649,2.2415544986724854,-0.7148095965385437
1751306106.1859136,3.4337916374206543,-0.5012809634208679,2.2415482997894287,-0.7148113250732422
1751306106.1959074,3.433798313140869,-0.5012714266777039,2.2415573596954346,-0.7148118615150452
1751306106.2159038,3.433770179748535,-0.501284658908844,2.241530179977417,-0.7148114442825317
1751306106.2359087,3.4337852001190186,-0.5012805461883545,2.241565465927124,-0.7148081660270691
1751306106.2458994,3.4337875843048096,-0.5012996196746826,2.241549491882324,-0.7148062586784363
1751306106.2658916,3.4337892532348633,-0.5012549161911011,2.2415242195129395,-0.7148053050041199
1751306106.2759833,3.4337925910949707,-0.5012817978858948,2.24155592918396,-0.714823305606842
1751306106.2959042,3.4337782859802246,-0.5012951493263245,2.241549253463745,-0.7148070335388184
1751306106.3159292,3.4337751865386963,-0.50128173828125,2.24155330657959,-0.714799702167511
1751306106.3259146,3.4337804317474365,-0.5012595653533936,2.2415385246276855,-0.714804470539093
1751306106.3459117,3.4337716102600098,-0.5012727975845337,2.241556406021118,-0.7148063778877258
1751306106.3559592,3.4338016510009766,-0.5012550950050354,2.241546630859375,-0.7148134112358093
1751306106.3761246,3.4337892532348633,-0.5012575387954712,2.2415335178375244,-0.7148023843765259
1751306106.3859427,3.4338035583496094,-0.5012553334236145,2.2415683269500732,-0.714816153049469
1751306106.4059227,3.433769702911377,-0.5012699961662292,2.2415337562561035,-0.7147998213768005
1751306106.4259765,3.4337823390960693,-0.5012716054916382,2.2415459156036377,-0.7148122191429138
1751306106.4359157,3.433791160583496,-0.5012599229812622,2.241543769836426,-0.714813768863678
1751306106.445916,3.4337942600250244,-0.5012791156768799,2.2415504455566406,-0.7148123979568481
1751306106.4659078,3.433793306350708,-0.5012897253036499,2.2415363788604736,-0.7147968411445618
1751306106.4759216,3.4337687492370605,-0.5012761354446411,2.2415223121643066,-0.714798092842102
1751306106.4959114,3.4337716102600098,-0.5012941360473633,2.2415497303009033,-0.7148047685623169
1751306106.5160072,3.433772563934326,-0.5012649297714233,2.241537570953369,-0.7148085236549377
1751306106.5259006,3.4337971210479736,-0.5012549161911011,2.241523265838623,-0.7148021459579468
1751306106.545912,3.4337821006774902,-0.5012879967689514,2.2415454387664795,-0.7148135304450989
1751306106.5559044,3.433773994445801,-0.5012866258621216,2.241542339324951,-0.7148076891899109
1751306106.5758991,3.4338014125823975,-0.5012986660003662,2.2415294647216797,-0.7148139476776123
1751306106.5959013,3.433783769607544,-0.501247227191925,2.2415263652801514,-0.7148152589797974
1751306106.6059027,3.4337949752807617,-0.5012838244438171,2.241539478302002,-0.714818000793457
1751306106.6259,3.433762788772583,-0.5013023614883423,2.2415153980255127,-0.7148218154907227
1751306106.6359248,3.433809518814087,-0.5012557506561279,2.2415354251861572,-0.7148120999336243
1751306106.6559086,3.4337871074676514,-0.5012818574905396,2.2415237426757812,-0.7148195505142212
1751306106.6658876,3.433767080307007,-0.5012965798377991,2.2415153980255127,-0.7148160338401794
1751306106.685895,3.433793306350708,-0.5012841820716858,2.241527557373047,-0.7148274183273315
1751306106.7058942,3.4337873458862305,-0.501284122467041,2.24151349067688,-0.7148085832595825
1751306106.7159562,3.4337921142578125,-0.5012922883033752,2.241544485092163,-0.7148168683052063
1751306106.7359009,3.433784008026123,-0.5012989044189453,2.2415390014648438,-0.7148070335388184
1751306106.7459252,3.4337687492370605,-0.501263439655304,2.241520881652832,-0.7147938013076782
1751306106.7659903,3.4337892532348633,-0.5012990832328796,2.241542100906372,-0.7148216366767883
1751306106.7759602,3.4337940216064453,-0.5012877583503723,2.2415432929992676,-0.7148093581199646
1751306106.7962282,3.4337968826293945,-0.5012519359588623,2.241539716720581,-0.7148085832595825
1751306106.8059287,3.4338061809539795,-0.5012591481208801,2.2415225505828857,-0.7148137092590332
1751306106.825989,3.433802604675293,-0.5012640953063965,2.241549491882324,-0.7148030400276184
1751306106.8462436,3.4338176250457764,-0.5012611746788025,2.241541862487793,-0.7148014903068542
1751306106.8568377,3.433781385421753,-0.5012774467468262,2.2415199279785156,-0.7148078083992004
1751306106.8760128,3.4337923526763916,-0.5012859106063843,2.2415456771850586,-0.714824378490448
1751306106.8859499,3.4337942600250244,-0.501274585723877,2.241546154022217,-0.7148198485374451
1751306106.9059474,3.433764934539795,-0.501309335231781,2.2415285110473633,-0.7148048281669617
1751306106.9159288,3.4337916374206543,-0.5012848377227783,2.24153995513916,-0.7148043513298035
1751306106.9363291,3.4337801933288574,-0.5012779235839844,2.2415359020233154,-0.7148035764694214
1751306106.955961,3.4337966442108154,-0.5012719631195068,2.2415411472320557,-0.7148116827011108
1751306106.9661348,3.433788299560547,-0.5012630224227905,2.2415363788604736,-0.7147929072380066
1751306106.9861448,3.4337995052337646,-0.5012811422348022,2.2415454387664795,-0.7148041725158691
1751306106.995931,3.4337708950042725,-0.5012917518615723,2.2415378093719482,-0.7148098349571228
1751306107.0160596,3.433793067932129,-0.5012533664703369,2.2415401935577393,-0.7148009538650513
1751306107.025933,3.4338135719299316,-0.501267671585083,2.2415401935577393,-0.7148088812828064
1751306107.045943,3.4337680339813232,-0.5012729167938232,2.2415249347686768,-0.7148047089576721
1751306107.0660229,3.4337844848632812,-0.501283586025238,2.2415366172790527,-0.714815080165863
1751306107.0759685,3.433789014816284,-0.5012648105621338,2.241546869277954,-0.7147947549819946
1751306107.086033,3.4338109493255615,-0.5012722611427307,2.2415549755096436,-0.7148064970970154
1751306107.1061413,3.4337875843048096,-0.5012748837471008,2.241544246673584,-0.7147949934005737
1751306107.1161506,3.4337692260742188,-0.5012691617012024,2.2415459156036377,-0.7147941589355469
1751306107.1358824,3.4338207244873047,-0.5012433528900146,2.2415530681610107,-0.7148134708404541
1751306107.155935,3.433781623840332,-0.5012706518173218,2.241544485092163,-0.7147907614707947
1751306107.1659732,3.433804750442505,-0.501287579536438,2.2415497303009033,-0.7148153781890869
1751306107.1859431,3.433777332305908,-0.5012485980987549,2.2415308952331543,-0.714798092842102
1751306107.1960366,3.4337961673736572,-0.5012844204902649,2.2415549755096436,-0.7148014307022095
1751306107.215942,3.433802366256714,-0.501268744468689,2.2415473461151123,-0.7148086428642273
1751306107.2259517,3.433793783187866,-0.5012605786323547,2.2415428161621094,-0.714798629283905
1751306107.2459614,3.433790445327759,-0.5012786388397217,2.2415475845336914,-0.714800238609314
1751306107.2659738,3.4337801933288574,-0.5012764930725098,2.241549491882324,-0.7148033380508423
1751306107.2759776,3.4337987899780273,-0.5012664198875427,2.2415521144866943,-0.714797854423523
1751306107.2965336,3.4337871074676514,-0.501294732093811,2.241532564163208,-0.7148088812828064
1751306107.306122,3.4337527751922607,-0.5012778639793396,2.241558313369751,-0.7148024439811707
1751306107.3259425,3.4338135719299316,-0.5012738704681396,2.2415573596954346,-0.7148115634918213
1751306107.3559368,3.4337728023529053,-0.5012955665588379,2.241558074951172,-0.7148038148880005
1751306107.3560157,3.4337754249572754,-0.5012901425361633,2.2415683269500732,-0.7148230075836182
1751306107.3759327,3.433771848678589,-0.5012861490249634,2.2415354251861572,-0.7148099541664124
1751306107.3960085,3.433790683746338,-0.5012902617454529,2.2415647506713867,-0.7148139476776123
1751306107.4097605,3.4337730407714844,-0.5013067722320557,2.241551160812378,-0.7148244976997375
1751306107.4159694,3.4337801933288574,-0.5012986660003662,2.241562604904175,-0.7148066759109497
1751306107.4359343,3.433776617050171,-0.5012785196304321,2.2415530681610107,-0.7148147821426392
1751306107.445983,3.433778762817383,-0.5012839436531067,2.241548776626587,-0.7148069739341736
1751306107.4659853,3.433791160583496,-0.5013071894645691,2.2415764331817627,-0.714820146560669
1751306107.4859273,3.4337573051452637,-0.5013037919998169,2.2415363788604736,-0.714799702167511
1751306107.4959335,3.433769464492798,-0.501293957233429,2.2415544986724854,-0.7148082256317139
1751306107.5063157,3.433795928955078,-0.5012609958648682,2.2415664196014404,-0.7148102521896362
1751306107.5259707,3.433785915374756,-0.5012844800949097,2.241550922393799,-0.7148095965385437
1751306107.5459807,3.4337828159332275,-0.5012688636779785,2.2415504455566406,-0.7148028016090393
1751306107.5559344,3.4337732791900635,-0.5012543201446533,2.2415521144866943,-0.7148082256317139
1751306107.575949,3.433795213699341,-0.501275897026062,2.241553783416748,-0.7148052453994751
1751306107.5860152,3.433781862258911,-0.5012952089309692,2.2415475845336914,-0.7147972583770752
1751306107.605979,3.43377685546875,-0.5012689232826233,2.2415428161621094,-0.7148054242134094
1751306107.625976,3.4337594509124756,-0.5012884736061096,2.2415146827697754,-0.7148123979568481
1751306107.6359677,3.433793306350708,-0.5012791156768799,2.241546392440796,-0.714804470539093
1751306107.6559181,3.4338200092315674,-0.5012718439102173,2.241560697555542,-0.714808464050293
1751306107.6659381,3.4337387084960938,-0.5012772679328918,2.2415213584899902,-0.7148067355155945
1751306107.6859746,3.4338083267211914,-0.5012762546539307,2.2415478229522705,-0.714807391166687
1751306107.695936,3.433790683746338,-0.50127774477005,2.241513252258301,-0.714805543422699
1751306107.7159529,3.4337990283966064,-0.5012802481651306,2.241554021835327,-0.714794933795929
1751306107.725951,3.4338035583496094,-0.5013036727905273,2.241553783416748,-0.7148032188415527
1751306107.7459748,3.4337852001190186,-0.5012746453285217,2.241530418395996,-0.7147942781448364
1751306107.76598,3.433838129043579,-0.50129234790802,2.241560935974121,-0.7148078083992004
1751306107.7859836,3.43375825881958,-0.5013025403022766,2.241530418395996,-0.7147930264472961
1751306107.7959714,3.4337852001190186,-0.5012845993041992,2.2415554523468018,-0.7148088812828064
1751306107.8059921,3.4338200092315674,-0.5012786984443665,2.24155592918396,-0.7148083448410034
1751306107.825942,3.4337921142578125,-0.5012789368629456,2.241553783416748,-0.7147881388664246
1751306107.8359406,3.4338085651397705,-0.501287043094635,2.2415549755096436,-0.714818000793457
1751306107.8560252,3.433790922164917,-0.501277506351471,2.24153470993042,-0.7148025631904602
1751306107.866015,3.4337966442108154,-0.5012860298156738,2.2415499687194824,-0.714798092842102
1751306107.8859694,3.4337995052337646,-0.5012760758399963,2.241560459136963,-0.7148051261901855
1751306107.9059591,3.4337847232818604,-0.501315712928772,2.2415547370910645,-0.7148059606552124
1751306107.915931,3.4337844848632812,-0.5012913346290588,2.2415554523468018,-0.7148053050041199
1751306107.9369848,3.4337997436523438,-0.5013186931610107,2.2415266036987305,-0.7148130536079407
1751306107.9459605,3.4338150024414062,-0.5012890696525574,2.2415707111358643,-0.7148118615150452
1751306107.9659793,3.433805227279663,-0.5013024806976318,2.24153733253479,-0.714799165725708
1751306107.9759488,3.433817148208618,-0.5012872219085693,2.2415390014648438,-0.7147889137268066
1751306107.9959474,3.4338409900665283,-0.5013031959533691,2.2415611743927,-0.7148143649101257
1751306108.005969,3.433858871459961,-0.5012722015380859,2.2415518760681152,-0.7147992849349976
1751306108.0259714,3.4338417053222656,-0.5013028383255005,2.2415480613708496,-0.7148116230964661
1751306108.0459595,3.433820962905884,-0.5012990832328796,2.2415452003479004,-0.714810311794281
1751306108.0561655,3.4338715076446533,-0.5013087391853333,2.241567611694336,-0.7148095369338989
1751306108.0759203,3.4338550567626953,-0.5013081431388855,2.2415566444396973,-0.7148075103759766
1751306108.0859146,3.433856725692749,-0.5013075470924377,2.241565704345703,-0.7148247957229614
1751306108.1059558,3.433830738067627,-0.5013206601142883,2.2415719032287598,-0.7148014903068542
1751306108.1159434,3.433823823928833,-0.5012960433959961,2.241550922393799,-0.714813232421875
1751306108.1359177,3.4338369369506836,-0.501295804977417,2.2415812015533447,-0.7148228287696838
1751306108.1559117,3.4338221549987793,-0.5013065338134766,2.241574764251709,-0.7148129343986511
1751306108.16598,3.433835506439209,-0.5013220310211182,2.241577625274658,-0.7148251533508301
1751306108.186025,3.4338126182556152,-0.501312255859375,2.241560697555542,-0.7148152589797974
1751306108.2059462,3.4338340759277344,-0.5013190507888794,2.241588830947876,-0.7148171663284302
1751306108.215949,3.4338326454162598,-0.5013263821601868,2.2415590286254883,-0.7148296236991882
1751306108.2359173,3.4338300228118896,-0.5012686252593994,2.2415590286254883,-0.7148305773735046
1751306108.2459536,3.4338438510894775,-0.5013107061386108,2.2415738105773926,-0.7148312926292419
1751306108.265957,3.4338207244873047,-0.5013188719749451,2.241562843322754,-0.7148301005363464
1751306108.275935,3.4338343143463135,-0.5013105273246765,2.241588830947876,-0.7148122787475586
1751306108.295945,3.4338293075561523,-0.5013576745986938,2.2415695190429688,-0.7148387432098389
1751306108.3059533,3.4338107109069824,-0.5013179779052734,2.2415661811828613,-0.7148124575614929
1751306108.325977,3.433844566345215,-0.5012943744659424,2.241563081741333,-0.714825451374054
1751306108.3361852,3.4338161945343018,-0.5013453364372253,2.2415528297424316,-0.714804470539093
1751306108.3565443,3.4338293075561523,-0.5013101696968079,2.2415621280670166,-0.7148091197013855
1751306108.365961,3.4338247776031494,-0.5013158321380615,2.241551399230957,-0.7148069739341736
1751306108.3859546,3.433807134628296,-0.5012798309326172,2.24155330657959,-0.7147993445396423
1751306108.4059827,3.4337987899780273,-0.5012938976287842,2.2415642738342285,-0.7147997617721558
1751306108.417437,3.4337949752807617,-0.5012672543525696,2.24153995513916,-0.7147999405860901
1751306108.435946,3.4338011741638184,-0.5012498497962952,2.241569757461548,-0.7148061990737915
1751306108.4459286,3.433786153793335,-0.5012645125389099,2.2415359020233154,-0.7147977948188782
1751306108.465979,3.4338040351867676,-0.5012736320495605,2.241555690765381,-0.7148155570030212
1751306108.4859622,3.4337894916534424,-0.5012522339820862,2.2415480613708496,-0.7148078083992004
1751306108.4959319,3.433786153793335,-0.5013240575790405,2.2415506839752197,-0.7148074507713318
1751306108.5159268,3.4337825775146484,-0.5012663006782532,2.2415542602539062,-0.7148085236549377
1751306108.5259578,3.433765411376953,-0.5012858510017395,2.241550922393799,-0.714805006980896
1751306108.545935,3.4337964057922363,-0.5012965202331543,2.241562843322754,-0.7148136496543884
1751306108.555925,3.433783769607544,-0.5012407898902893,2.241556167602539,-0.7148047685623169
1751306108.5759294,3.4337832927703857,-0.5012779831886292,2.2415499687194824,-0.7148172855377197
1751306108.5959306,3.433781147003174,-0.5012838840484619,2.2415781021118164,-0.7148112058639526
1751306108.6059587,3.433797836303711,-0.5012663006782532,2.2415544986724854,-0.7148210406303406
1751306108.6260056,3.4338014125823975,-0.5012611746788025,2.241544723510742,-0.7148193717002869
1751306108.6359513,3.433786630630493,-0.5012766122817993,2.241544723510742,-0.7148223519325256
1751306108.65593,3.4338085651397705,-0.5012702941894531,2.241555690765381,-0.7148155570030212
1751306108.6659539,3.433807849884033,-0.5012751221656799,2.2415380477905273,-0.7148081064224243
1751306108.6859713,3.4338133335113525,-0.5012999176979065,2.241574287414551,-0.7148193717002869
1751306108.70595,3.4338109493255615,-0.5013208985328674,2.2415480613708496,-0.7148363590240479
1751306108.715928,3.433798313140869,-0.5012484192848206,2.2415435314178467,-0.7147980332374573
1751306108.725942,3.433828830718994,-0.5012733340263367,2.2415707111358643,-0.7148078083992004
1751306108.745935,3.4337801933288574,-0.5012688040733337,2.241544723510742,-0.7148025035858154
1751306108.7659423,3.4337682723999023,-0.5012895464897156,2.241546392440796,-0.7148139476776123
1751306108.7759318,3.4338231086730957,-0.5012742877006531,2.241554021835327,-0.7148215174674988
1751306108.7959206,3.433807373046875,-0.5012691617012024,2.241556167602539,-0.714816153049469
1751306108.8159237,3.433793783187866,-0.501287579536438,2.241558074951172,-0.7148215174674988
1751306108.8260045,3.4337775707244873,-0.5012941360473633,2.241529703140259,-0.7148082852363586
1751306108.8459752,3.4338321685791016,-0.5012604594230652,2.2415711879730225,-0.7148153185844421
1751306108.8559349,3.4338152408599854,-0.5013086795806885,2.2415542602539062,-0.7148133516311646
1751306108.8759496,3.4338040351867676,-0.5012720823287964,2.241572380065918,-0.7148152589797974
1751306108.8859348,3.4338219165802,-0.5012776255607605,2.241560935974121,-0.7148184180259705
1751306108.9059653,3.4338016510009766,-0.5013005137443542,2.241553544998169,-0.7148181796073914
1751306108.9159465,3.4338083267211914,-0.5013130903244019,2.2415668964385986,-0.714817464351654
1751306108.935934,3.433814764022827,-0.5013030767440796,2.241572856903076,-0.7148309946060181
1751306108.9459336,3.4338114261627197,-0.5012670755386353,2.2415590286254883,-0.7148154377937317
1751306108.9659789,3.4338266849517822,-0.5012850761413574,2.241575241088867,-0.7148194313049316
1751306108.9859612,3.4338436126708984,-0.5012801289558411,2.2415637969970703,-0.7148177623748779
1751306108.9959245,3.4338150024414062,-0.501304030418396,2.2415709495544434,-0.7148216366767883
1751306109.015928,3.433821439743042,-0.5012677907943726,2.241565227508545,-0.7148095965385437
1751306109.0259614,3.4338414669036865,-0.5012964010238647,2.2415707111358643,-0.7148234844207764
1751306109.0459466,3.433828353881836,-0.5012714862823486,2.2415707111358643,-0.7148115634918213
1751306109.055929,3.4338104724884033,-0.5013084411621094,2.2415475845336914,-0.7148321866989136
1751306109.0759213,3.433824062347412,-0.5012992024421692,2.2415611743927,-0.7148234844207764
1751306109.0859485,3.433840274810791,-0.5012862682342529,2.2415783405303955,-0.7148137092590332
1751306109.1059594,3.433820962905884,-0.5013263821601868,2.2415621280670166,-0.7148349285125732
1751306109.1159575,3.433786153793335,-0.5013036131858826,2.2415506839752197,-0.7148248553276062
1751306109.1359644,3.4338724613189697,-0.5012677907943726,2.241586208343506,-0.7148279547691345
1751306109.1559753,3.4338321685791016,-0.5012978315353394,2.241572141647339,-0.7148094177246094
1751306109.1659744,3.433838129043579,-0.5012780427932739,2.241579055786133,-0.7148316502571106
1751306109.1859646,3.4338185787200928,-0.5012968182563782,2.24157452583313,-0.7148208618164062
1751306109.1959321,3.4338202476501465,-0.5012894868850708,2.2415671348571777,-0.7148237228393555
1751306109.215967,3.4338550567626953,-0.501295804977417,2.241586685180664,-0.7148203253746033
1751306109.2359562,3.433840036392212,-0.5012651085853577,2.2415623664855957,-0.7148225903511047
1751306109.2459588,3.4338080883026123,-0.5012891292572021,2.2415685653686523,-0.7148248553276062
1751306109.265951,3.4338302612304688,-0.5013071894645691,2.241572856903076,-0.7148190140724182
1751306109.2759795,3.433828353881836,-0.5012996792793274,2.2415716648101807,-0.7148181200027466
1751306109.2959282,3.433838129043579,-0.5013052225112915,2.2415738105773926,-0.7148377299308777
1751306109.3059661,3.4338221549987793,-0.5013073086738586,2.241549253463745,-0.7148184180259705
1751306109.3259807,3.4338653087615967,-0.5012894868850708,2.241593360900879,-0.714827299118042
1751306109.3359382,3.4338648319244385,-0.5012809634208679,2.2415835857391357,-0.7148250937461853
1751306109.3559697,3.4338395595550537,-0.5012675523757935,2.2415590286254883,-0.7148261070251465
1751306109.3759263,3.4338338375091553,-0.5013101100921631,2.2415671348571777,-0.7148309350013733
1751306109.385982,3.433854103088379,-0.5013003945350647,2.24157977104187,-0.7148246169090271
1751306109.4059818,3.43385910987854,-0.5012779831886292,2.2415759563446045,-0.714841365814209
1751306109.4159207,3.4338061809539795,-0.5013206005096436,2.2415614128112793,-0.7148267030715942
1751306109.435935,3.433833360671997,-0.5013003945350647,2.2415945529937744,-0.71482914686203
1751306109.4459596,3.433858871459961,-0.5013054013252258,2.241579294204712,-0.7148241996765137
1751306109.4659333,3.4338409900665283,-0.5013204216957092,2.241580009460449,-0.7148287296295166
1751306109.486009,3.4338178634643555,-0.5013116598129272,2.241576910018921,-0.7148160338401794
1751306109.495971,3.4338698387145996,-0.5012840032577515,2.2415711879730225,-0.7148280143737793
1751306109.515982,3.4338836669921875,-0.5012762546539307,2.241598606109619,-0.7148181200027466
1751306109.535976,3.4338154792785645,-0.5012887716293335,2.2415599822998047,-0.7148303985595703
1751306109.546009,3.4338340759277344,-0.5013110637664795,2.241589307785034,-0.7148255705833435
1751306109.5559702,3.4338483810424805,-0.5012856125831604,2.2416017055511475,-0.7148181796073914
1751306109.5759506,3.433870553970337,-0.5012721419334412,2.2415950298309326,-0.7148318886756897
1751306109.5859625,3.433805227279663,-0.5013008117675781,2.2415812015533447,-0.7148220539093018
1751306109.6059506,3.4338204860687256,-0.5012848973274231,2.241595983505249,-0.7148296236991882
1751306109.6259782,3.4338207244873047,-0.5013165473937988,2.2415859699249268,-0.7148364186286926
1751306109.635945,3.433809280395508,-0.5013295412063599,2.2415764331817627,-0.7148253321647644
1751306109.6559253,3.4338173866271973,-0.5012917518615723,2.241595506668091,-0.7148246169090271
1751306109.6659741,3.433816432952881,-0.5013196468353271,2.241576671600342,-0.7148351073265076
1751306109.6859424,3.4338433742523193,-0.501239538192749,2.2415781021118164,-0.714813232421875
1751306109.6959555,3.4338295459747314,-0.5013160109519958,2.2415804862976074,-0.7148451209068298
1751306109.7169762,3.4337916374206543,-0.5012994408607483,2.2415683269500732,-0.7148164510726929
1751306109.7359283,3.433817148208618,-0.5012857913970947,2.2415714263916016,-0.7148305773735046
1751306109.745929,3.433812141418457,-0.5012791752815247,2.2415590286254883,-0.7148178219795227
1751306109.7659788,3.4338300228118896,-0.5013146996498108,2.241577386856079,-0.7148272395133972
1751306109.7859585,3.4338016510009766,-0.5012701749801636,2.241544485092163,-0.7148160934448242
1751306109.7959206,3.433790445327759,-0.5012838244438171,2.2415506839752197,-0.7148110866546631
1751306109.8059752,3.433842658996582,-0.5012770295143127,2.2415921688079834,-0.7148317098617554
1751306109.8259284,3.4338266849517822,-0.5012813806533813,2.2415547370910645,-0.7148149013519287
1751306109.8459866,3.4337964057922363,-0.5012958645820618,2.241565227508545,-0.7148298621177673
1751306109.8559206,3.4337995052337646,-0.5012714266777039,2.2415390014648438,-0.714820384979248
1751306109.8759122,3.433821201324463,-0.5012789964675903,2.2415707111358643,-0.7148343920707703
1751306109.8860188,3.4338181018829346,-0.5013180375099182,2.2415614128112793,-0.7148305177688599
1751306109.905903,3.433802604675293,-0.5013013482093811,2.241539478302002,-0.7148113250732422
1751306109.9159214,3.433804750442505,-0.5013071298599243,2.2415647506713867,-0.714832067489624
1751306109.9359188,3.4338200092315674,-0.5013048052787781,2.241549015045166,-0.7148211598396301
1751306109.9459367,3.4338059425354004,-0.5012971758842468,2.241558074951172,-0.7148177027702332
1751306109.9659166,3.4338154792785645,-0.5012956857681274,2.241567850112915,-0.7148222923278809
1751306109.98592,3.433821678161621,-0.5012880563735962,2.2415595054626465,-0.7148308157920837
1751306109.9959266,3.433839797973633,-0.5012866258621216,2.2415690422058105,-0.7148257493972778
1751306110.0159461,3.433818817138672,-0.5012872815132141,2.2415506839752197,-0.7148179411888123
1751306110.0259652,3.4337997436523438,-0.5013201832771301,2.241548776626587,-0.7148212790489197
1751306110.0459535,3.4338183403015137,-0.5012858510017395,2.241565465927124,-0.7148177623748779
1751306110.0659516,3.4338366985321045,-0.5012643337249756,2.2415659427642822,-0.7148149013519287
1751306110.0765736,3.433793544769287,-0.5012871623039246,2.2415528297424316,-0.7148189544677734
1751306110.0960193,3.4338088035583496,-0.5013028979301453,2.2415521144866943,-0.714812159538269
1751306110.1059468,3.433828353881836,-0.5013092756271362,2.241565704345703,-0.7148256301879883
1751306110.1159332,3.4338150024414062,-0.5012884736061096,2.2415592670440674,-0.7148157954216003
1751306110.1359582,3.4338271617889404,-0.5012879371643066,2.2415709495544434,-0.714824914932251
1751306110.1559262,3.4338130950927734,-0.501316487789154,2.24155592918396,-0.7148251533508301
1751306110.1659493,3.4338040351867676,-0.5012897849082947,2.2415452003479004,-0.714817464351654
1751306110.186016,3.433821439743042,-0.5012843608856201,2.2415506839752197,-0.7148283123970032
1751306110.1960578,3.433803081512451,-0.5013048648834229,2.2415802478790283,-0.7148062586784363
1751306110.215959,3.4338557720184326,-0.5012839436531067,2.241558790206909,-0.7148181796073914
1751306110.236297,3.433804988861084,-0.5012893676757812,2.241542100906372,-0.7148100733757019
1751306110.2460487,3.433839797973633,-0.5012549757957458,2.2415857315063477,-0.714823305606842
1751306110.2560992,3.4338481426239014,-0.5012779831886292,2.241572380065918,-0.7148272395133972
1751306110.2759733,3.433804988861084,-0.5012802481651306,2.2415413856506348,-0.7148147821426392
1751306110.296346,3.4338362216949463,-0.501293420791626,2.241577625274658,-0.7148292064666748
1751306110.3059747,3.4338104724884033,-0.501296877861023,2.241549253463745,-0.7148160338401794
1751306110.325948,3.433845043182373,-0.5012731552124023,2.2415647506713867,-0.7148222923278809
1751306110.335962,3.4337995052337646,-0.5012983679771423,2.241546630859375,-0.7148172855377197
1751306110.355946,3.4338371753692627,-0.5012556314468384,2.2415645122528076,-0.7148085832595825
1751306110.375943,3.433830738067627,-0.5012969970703125,2.241558074951172,-0.7148187160491943
1751306110.3861916,3.4338159561157227,-0.501264214515686,2.2415621280670166,-0.714813232421875
1751306110.4059854,3.433817148208618,-0.5012686848640442,2.2415778636932373,-0.7148173451423645
1751306110.416067,3.4338181018829346,-0.5013022422790527,2.241546630859375,-0.7148129343986511
1751306110.4359868,3.4338340759277344,-0.5012834072113037,2.2415692806243896,-0.7148140668869019
1751306110.445951,3.4338388442993164,-0.5012823343276978,2.2415566444396973,-0.7148242592811584
1751306110.465913,3.4338300228118896,-0.501278817653656,2.2415637969970703,-0.7148109078407288
1751306110.475959,3.433817148208618,-0.5012868046760559,2.2415640354156494,-0.7148190140724182
1751306110.495935,3.4338247776031494,-0.5013079047203064,2.2415549755096436,-0.7148106098175049
1751306110.505933,3.4338536262512207,-0.5012710094451904,2.241565465927124,-0.714828372001648
1751306110.525917,3.4338252544403076,-0.5012589693069458,2.2415542602539062,-0.7148166298866272
1751306110.5460386,3.433828353881836,-0.5012951493263245,2.2415666580200195,-0.7148051857948303
1751306110.5559368,3.4338247776031494,-0.5012574195861816,2.241572380065918,-0.7148097157478333
1751306110.5759158,3.433824300765991,-0.5012703537940979,2.241560220718384,-0.7148035168647766
1751306110.5859294,3.4338173866271973,-0.501278817653656,2.2415590286254883,-0.7148146629333496
1751306110.6059372,3.4338178634643555,-0.5012602806091309,2.2415659427642822,-0.7148101329803467
1751306110.6259105,3.4337987899780273,-0.5012965202331543,2.2415623664855957,-0.7148165106773376
1751306110.6359255,3.433802366256714,-0.5012830495834351,2.241553544998169,-0.7148153781890869
1751306110.6559696,3.4338207244873047,-0.5012800693511963,2.2415611743927,-0.7148100733757019
1751306110.6659365,3.433805465698242,-0.501291036605835,2.241553544998169,-0.7148174047470093
1751306110.6859212,3.4337880611419678,-0.5012748837471008,2.2415578365325928,-0.7148070335388184
1751306110.695994,3.4338223934173584,-0.5012781620025635,2.241560697555542,-0.7148155570030212
1751306110.715921,3.433776617050171,-0.5012842416763306,2.2415683269500732,-0.7147998809814453
1751306110.7359195,3.433811902999878,-0.5012898445129395,2.2415637969970703,-0.7148250341415405
1751306110.7459252,3.4338245391845703,-0.5012706518173218,2.2415707111358643,-0.7148187160491943
1751306110.7659307,3.433786153793335,-0.5012840628623962,2.241541862487793,-0.7147999405860901
1751306110.775934,3.4338300228118896,-0.5012562274932861,2.2415661811828613,-0.7148150205612183
1751306110.7959301,3.433807611465454,-0.5012723803520203,2.2415621280670166,-0.7148083448410034
1751306110.8059397,3.433818817138672,-0.5012672543525696,2.241560220718384,-0.7148113250732422
1751306110.825921,3.433798313140869,-0.5012726783752441,2.2415266036987305,-0.7148158550262451
1751306110.8459127,3.433805227279663,-0.5012783408164978,2.241572141647339,-0.7148151397705078
1751306110.8559487,3.4338150024414062,-0.501281201839447,2.2415709495544434,-0.714813232421875
1751306110.875915,3.4337947368621826,-0.5012832283973694,2.2415575981140137,-0.7148002982139587
1751306110.885966,3.43379807472229,-0.5012820959091187,2.241549015045166,-0.7148131728172302
1751306110.905973,3.4337992668151855,-0.5012722611427307,2.241554021835327,-0.7148092985153198
1751306110.9259636,3.4337897300720215,-0.5012900829315186,2.24155592918396,-0.7148186564445496
1751306110.9359624,3.433786153793335,-0.5012812614440918,2.2415482997894287,-0.7148189544677734
1751306110.9459646,3.4337973594665527,-0.5012995004653931,2.241560935974121,-0.7148106098175049
1751306110.9659228,3.433797836303711,-0.5012842416763306,2.241558313369751,-0.7148077487945557
1751306110.9859676,3.4338085651397705,-0.5013019442558289,2.241546869277954,-0.7148135304450989
1751306110.9959524,3.4337823390960693,-0.5012891888618469,2.2415518760681152,-0.7148212790489197
1751306111.0159438,3.433772325515747,-0.5012896656990051,2.2415480613708496,-0.7148160338401794
1751306111.0259898,3.433803081512451,-0.5012805461883545,2.2415452003479004,-0.714809238910675
1751306111.045966,3.4338276386260986,-0.5012707114219666,2.241577625274658,-0.7148212194442749
1751306111.056008,3.4337987899780273,-0.5012810230255127,2.241560697555542,-0.7148120999336243
1751306111.075987,3.4337990283966064,-0.501284122467041,2.2415645122528076,-0.714819610118866
1751306111.085947,3.433819532394409,-0.5012761950492859,2.241550922393799,-0.7148070931434631
1751306111.1060126,3.4338207244873047,-0.5012843608856201,2.2415666580200195,-0.7148234844207764
1751306111.1159618,3.4338111877441406,-0.5012722015380859,2.2415664196014404,-0.7148182392120361
1751306111.1359377,3.4338138103485107,-0.5012799501419067,2.2415549755096436,-0.7148120403289795
1751306111.1559606,3.433786630630493,-0.5012823939323425,2.241553783416748,-0.7148153781890869
1751306111.165973,3.4338021278381348,-0.5012902021408081,2.241576671600342,-0.7148007750511169
1751306111.1859558,3.433812141418457,-0.5012691020965576,2.2415246963500977,-0.7148051857948303
1751306111.2059388,3.43377685546875,-0.5012810826301575,2.2415151596069336,-0.7148129343986511
1751306111.2162836,3.4338302612304688,-0.5013173818588257,2.241567850112915,-0.7148262858390808
1751306111.2359886,3.433804512023926,-0.5013039112091064,2.241548538208008,-0.714806318283081
1751306111.2565398,3.4338080883026123,-0.5013095140457153,2.241558790206909,-0.7148126363754272
1751306111.2659905,3.433828830718994,-0.5012900233268738,2.241550922393799,-0.7148306369781494
1751306111.2759883,3.433830976486206,-0.5012694597244263,2.2415425777435303,-0.714809000492096
1751306111.2959468,3.4338560104370117,-0.5012898445129395,2.2415530681610107,-0.714816153049469
1751306111.3159673,3.433835983276367,-0.5012930631637573,2.2415332794189453,-0.714821994304657
1751306111.325956,3.43381929397583,-0.501303493976593,2.241546630859375,-0.7148116230964661
1751306111.3359647,3.433847188949585,-0.5012949705123901,2.241521120071411,-0.7148006558418274
1751306111.3559334,3.4338772296905518,-0.5013139843940735,2.2415452003479004,-0.7148118019104004
1751306111.3759875,3.4338462352752686,-0.5013132691383362,2.2415404319763184,-0.7148140668869019
1751306111.3859715,3.4338629245758057,-0.5013070702552795,2.2415339946746826,-0.7148146629333496
1751306111.405902,3.4338741302490234,-0.5013107061386108,2.2415292263031006,-0.7148164510726929
1751306111.4160905,3.4338927268981934,-0.5013324022293091,2.241530418395996,-0.7148124575614929
1751306111.4359276,3.433877468109131,-0.5012972354888916,2.2415425777435303,-0.714809238910675
1751306111.4459257,3.4338629245758057,-0.5013031363487244,2.2415263652801514,-0.7148124575614929
1751306111.4659414,3.433903455734253,-0.5012749433517456,2.2415268421173096,-0.7148056626319885
1751306111.4862137,3.433887243270874,-0.5013152360916138,2.241550922393799,-0.7148166298866272
1751306111.495933,3.4338231086730957,-0.5012987852096558,2.2415177822113037,-0.7147946357727051
1751306111.515927,3.4338643550872803,-0.5013123154640198,2.2415294647216797,-0.7148184180259705
1751306111.535968,3.4338672161102295,-0.5012913346290588,2.241530179977417,-0.7147996425628662
1751306111.5459468,3.4338560104370117,-0.5012964010238647,2.2415285110473633,-0.7148035168647766
1751306111.5659482,3.433835983276367,-0.5012906789779663,2.2415108680725098,-0.7148059606552124
1751306111.575924,3.4338560104370117,-0.5013033747673035,2.2415192127227783,-0.7148104906082153
1751306111.595912,3.4338722229003906,-0.5012970566749573,2.2415342330932617,-0.7148106694221497
1751306111.6059265,3.4338276386260986,-0.5012854337692261,2.2415144443511963,-0.7148054838180542
1751306111.625922,3.4338443279266357,-0.5013030767440796,2.241504430770874,-0.7148137092590332
1751306111.635933,3.433821201324463,-0.5012941956520081,2.2415125370025635,-0.7147991061210632
1751306111.6559079,3.4338696002960205,-0.5012783408164978,2.2415411472320557,-0.7148075699806213
1751306111.665966,3.4338600635528564,-0.5013085007667542,2.241536855697632,-0.7148110270500183
1751306111.6859198,3.4338221549987793,-0.501253604888916,2.2415108680725098,-0.7147980332374573
1751306111.6959271,3.4338302612304688,-0.5012893676757812,2.241539478302002,-0.7148125171661377
1751306111.715931,3.43384051322937,-0.501287579536438,2.241549015045166,-0.7148017883300781
1751306111.7359507,3.4338266849517822,-0.5012763142585754,2.241529703140259,-0.7147966027259827
1751306111.7459447,3.4338085651397705,-0.5013059377670288,2.2415173053741455,-0.7148144245147705
1751306111.7559614,3.433814525604248,-0.5012954473495483,2.241523504257202,-0.7148053646087646
1751306111.7759354,3.4338667392730713,-0.5012911558151245,2.2415506839752197,-0.7148124575614929
1751306111.796184,3.433828353881836,-0.5013206005096436,2.241516351699829,-0.7148057222366333
1751306111.8059592,3.433807611465454,-0.5012812614440918,2.241529703140259,-0.7148075103759766
1751306111.8259213,3.433846950531006,-0.5012950301170349,2.241533041000366,-0.7148051857948303
1751306111.8459089,3.433835506439209,-0.5012987852096558,2.2415285110473633,-0.7147958874702454
1751306111.8559349,3.433840036392212,-0.501284122467041,2.241532325744629,-0.7148146033287048
1751306111.8659282,3.4338219165802,-0.5012703537940979,2.2415146827697754,-0.7148116230964661
1751306111.8859184,3.433830976486206,-0.5012918710708618,2.241543769836426,-0.7148054242134094
1751306111.9059198,3.4338371753692627,-0.5013078451156616,2.241546869277954,-0.7147988080978394
1751306111.9159472,3.4338185787200928,-0.5013189911842346,2.2415332794189453,-0.714815616607666
1751306111.9359148,3.433800220489502,-0.5012900233268738,2.241513967514038,-0.7148100733757019
1751306111.94605,3.4338395595550537,-0.5013231039047241,2.241547107696533,-0.7148075699806213
1751306111.9659233,3.4338290691375732,-0.5012879967689514,2.2415595054626465,-0.7148099541664124
1751306111.9859507,3.433811664581299,-0.501288115978241,2.2415103912353516,-0.7148071527481079
1751306111.9959323,3.4338319301605225,-0.5012801885604858,2.2415263652801514,-0.7148064374923706
1751306112.005938,3.433819532394409,-0.5013089776039124,2.2415449619293213,-0.7148041129112244
1751306112.0260234,3.4338550567626953,-0.5013005137443542,2.2415566444396973,-0.7148029804229736
1751306112.0459507,3.433795213699341,-0.5013138055801392,2.241537570953369,-0.7148040533065796
1751306112.0560153,3.433835029602051,-0.5012602806091309,2.241529703140259,-0.7148049473762512
1751306112.0759552,3.4338467121124268,-0.5013071298599243,2.2415459156036377,-0.7148101925849915
1751306112.085989,3.4338157176971436,-0.5013168454170227,2.241553783416748,-0.7148019075393677
1751306112.105974,3.4338159561157227,-0.501306414604187,2.2415497303009033,-0.7148081660270691
1751306112.126298,3.4338011741638184,-0.5013047456741333,2.241528034210205,-0.7148109674453735
1751306112.1359296,3.433854818344116,-0.5012872815132141,2.24153470993042,-0.7148143649101257
1751306112.1559365,3.433823823928833,-0.5012948513031006,2.2415359020233154,-0.7148069739341736
1751306112.1659565,3.4337923526763916,-0.5012613534927368,2.2415127754211426,-0.7148025035858154
1751306112.1859465,3.433823823928833,-0.5012730956077576,2.2415268421173096,-0.71481853723526
1751306112.1961102,3.4338035583496094,-0.501318633556366,2.241525411605835,-0.7148097157478333
1751306112.2159383,3.4338057041168213,-0.5013195276260376,2.2415413856506348,-0.714813768863678
1751306112.2359545,3.433783769607544,-0.5013066530227661,2.241520881652832,-0.7148110866546631
1751306112.2460394,3.4338040351867676,-0.5012882351875305,2.2415413856506348,-0.714798629283905
1751306112.2659786,3.4338104724884033,-0.5013124346733093,2.2415313720703125,-0.7148110866546631
1751306112.2759821,3.433790445327759,-0.5012907385826111,2.241523265838623,-0.7147936224937439
1751306112.2961426,3.4338207244873047,-0.5012868642807007,2.2415528297424316,-0.7148023843765259
1751306112.3059845,3.4338271617889404,-0.501274049282074,2.241521120071411,-0.7148021459579468
1751306112.3259518,3.4338083267211914,-0.5012929439544678,2.2415525913238525,-0.7148019671440125
1751306112.3359487,3.4338138103485107,-0.5013032555580139,2.241548776626587,-0.714813768863678
1751306112.35595,3.433842897415161,-0.5012544989585876,2.241560935974121,-0.7148027420043945
1751306112.3659492,3.433812379837036,-0.5012811422348022,2.241560220718384,-0.7148048281669617
1751306112.3859801,3.4338107109069824,-0.5012832880020142,2.241529941558838,-0.7148119807243347
1751306112.4059968,3.4338157176971436,-0.5012667179107666,2.2415592670440674,-0.7147925496101379
1751306112.4159553,3.4338200092315674,-0.5012857913970947,2.2415378093719482,-0.714818000793457
1751306112.4359436,3.433825731277466,-0.5012370944023132,2.241542100906372,-0.7147989869117737
1751306112.4459524,3.433819055557251,-0.5012860298156738,2.2415614128112793,-0.7148067951202393
1751306112.4659877,3.4338111877441406,-0.501288890838623,2.241534948348999,-0.714798629283905
1751306112.4759562,3.4338080883026123,-0.5012850761413574,2.241544008255005,-0.7147929668426514
1751306112.4959538,3.4338300228118896,-0.5012574195861816,2.241534948348999,-0.7147979140281677
1751306112.5060177,3.4338247776031494,-0.5012657642364502,2.241497278213501,-0.714792788028717
1751306112.5259805,3.4338254928588867,-0.5012600421905518,2.241471767425537,-0.7147831320762634
1751306112.545981,3.4337921142578125,-0.501277506351471,2.2413933277130127,-0.7147926092147827
1751306112.5559568,3.433837890625,-0.5012571811676025,2.2412614822387695,-0.7147941589355469
1751306112.5759375,3.4338231086730957,-0.5012606382369995,2.2411746978759766,-0.714790940284729
1751306112.585951,3.433828115463257,-0.5012732744216919,2.241034984588623,-0.714833676815033
1751306112.605938,3.4338271617889404,-0.5012757182121277,2.2408077716827393,-0.7148245573043823
1751306112.6259055,3.4338219165802,-0.501278281211853,2.240644931793213,-0.7148181200027466
1751306112.6359608,3.433805227279663,-0.5013055801391602,2.2402632236480713,-0.7147793769836426
1751306112.6559265,3.433814287185669,-0.5012776851654053,2.2399652004241943,-0.7147884964942932
1751306112.6659489,3.433823823928833,-0.5013077259063721,2.2396249771118164,-0.7148054838180542
1751306112.6859272,3.4338061809539795,-0.5012782216072083,2.2392172813415527,-0.7148107290267944
1751306112.695937,3.4338059425354004,-0.5013018846511841,2.238786220550537,-0.7148077487945557
1751306112.715925,3.4337964057922363,-0.5012999176979065,2.2383792400360107,-0.7148131728172302
1751306112.736375,3.433812379837036,-0.5012814402580261,2.237872838973999,-0.7148345112800598
1751306112.7460139,3.433814287185669,-0.5012995004653931,2.2375881671905518,-0.7148368954658508
1751306112.7559478,3.433793306350708,-0.5012693405151367,2.2370450496673584,-0.7148253917694092
1751306112.775948,3.4338104724884033,-0.5012819766998291,2.2365527153015137,-0.714816689491272
1751306112.795932,3.4338221549987793,-0.5012818574905396,2.2359941005706787,-0.7148329615592957
1751306112.8059566,3.433809757232666,-0.5012584328651428,2.2354626655578613,-0.7148489952087402
1751306112.8259678,3.433770179748535,-0.5012917518615723,2.2349586486816406,-0.7148588299751282
1751306112.8359694,3.433804988861084,-0.5012854337692261,2.2344329357147217,-0.7148668766021729
1751306112.8559206,3.433830499649048,-0.501246988773346,2.2341091632843018,-0.7148744463920593
1751306112.865942,3.433791399002075,-0.5012737512588501,2.2331817150115967,-0.7148776054382324
1751306112.885918,3.4337844848632812,-0.5012774467468262,2.232187271118164,-0.7149125933647156
1751306112.9059198,3.4338033199310303,-0.5012561082839966,2.2311267852783203,-0.7148900032043457
1751306112.9159505,3.4338042736053467,-0.5012732148170471,2.230022668838501,-0.7148895859718323
1751306112.9360418,3.4337997436523438,-0.501246988773346,2.228868246078491,-0.7148951292037964
1751306112.955958,3.433790445327759,-0.5012717247009277,2.227712869644165,-0.7148863673210144
1751306112.9660058,3.433804988861084,-0.5012613534927368,2.2266180515289307,-0.7149057388305664
1751306112.9859095,3.4338018894195557,-0.501268208026886,2.2254271507263184,-0.7149176001548767
1751306112.9959702,3.433812379837036,-0.5012534260749817,2.2248497009277344,-0.714921772480011
1751306113.0159767,3.4337825775146484,-0.5012751817703247,2.2236924171447754,-0.7149415612220764
1751306113.0259602,3.4338278770446777,-0.501270592212677,2.222510576248169,-0.7149715423583984
1751306113.0459838,3.4338204860687256,-0.501248836517334,2.2213571071624756,-0.7149788737297058
1751306113.0559611,3.433783531188965,-0.5012490749359131,2.220165491104126,-0.7149765491485596
1751306113.0760763,3.4337992668151855,-0.5012786388397217,2.2189972400665283,-0.7149884104728699
1751306113.0859518,3.4338126182556152,-0.5012801289558411,2.2179174423217773,-0.7149803042411804
1751306113.105954,3.4338080883026123,-0.501272439956665,2.2168171405792236,-0.7150061726570129
1751306113.125934,3.4337844848632812,-0.5012950897216797,2.2157769203186035,-0.7150082588195801
1751306113.13627,3.433798313140869,-0.501301646232605,2.214695930480957,-0.7150071859359741
1751306113.1559515,3.4338340759277344,-0.5012518167495728,2.2136428356170654,-0.715011715888977
1751306113.1659856,3.4338109493255615,-0.5012480616569519,2.213155508041382,-0.7150112986564636
1751306113.1859312,3.4338173866271973,-0.5012637376785278,2.2122490406036377,-0.7150035500526428
1751306113.195951,3.4338016510009766,-0.5012855529785156,2.2114062309265137,-0.715030312538147
1751306113.216024,3.4338135719299316,-0.5012780427932739,2.2106902599334717,-0.7150450944900513
1751306113.2359662,3.433821439743042,-0.5012574791908264,2.2100777626037598,-0.7150538563728333
1751306113.2459793,3.433791160583496,-0.5012462139129639,2.2094779014587402,-0.7150394320487976
1751306113.2670343,3.4338314533233643,-0.5012640953063965,2.2087132930755615,-0.7150326371192932
1751306113.2759614,3.4337971210479736,-0.5012900233268738,2.2082560062408447,-0.7150120735168457
1751306113.2967498,3.4338066577911377,-0.5012716054916382,2.2073748111724854,-0.7149651050567627
1751306113.3159359,3.4338009357452393,-0.5012407302856445,2.2055797576904297,-0.714901328086853
1751306113.325991,3.433828830718994,-0.5012476444244385,2.204862117767334,-0.7148938179016113
1751306113.3359451,3.4337995052337646,-0.5012726187705994,2.2034151554107666,-0.7148484587669373
1751306113.35593,3.4337995052337646,-0.5012729167938232,2.2026734352111816,-0.714827835559845
1751306113.3759747,3.433821201324463,-0.5012633204460144,2.2002315521240234,-0.7148275971412659
1751306113.3859308,3.4338228702545166,-0.5012648105621338,2.1993274688720703,-0.7148258686065674
1751306113.4059477,3.433790683746338,-0.5012679100036621,2.1973533630371094,-0.7148401141166687
1751306113.4159715,3.4338247776031494,-0.5012576580047607,2.1952505111694336,-0.7148871421813965
1751306113.4359267,3.4338114261627197,-0.5012938976287842,2.1930387020111084,-0.7149572968482971
1751306113.4460227,3.4338135719299316,-0.5012500882148743,2.1906702518463135,-0.7150726914405823
1751306113.465957,3.433793783187866,-0.5012965202331543,2.1882259845733643,-0.7152360677719116
1751306113.4859598,3.433816432952881,-0.501301646232605,2.1857714653015137,-0.7153522968292236
1751306113.4959266,3.433828592300415,-0.5012599229812622,2.184593915939331,-0.7154241800308228
1751306113.515927,3.4338295459747314,-0.501276969909668,2.1809048652648926,-0.7156214714050293
1751306113.5259418,3.433809995651245,-0.5012645125389099,2.1785054206848145,-0.7158142924308777
1751306113.5459373,3.4338219165802,-0.5012744665145874,2.1760413646698,-0.7159993052482605
1751306113.5559719,3.433823585510254,-0.5012732744216919,2.1748480796813965,-0.7160815596580505
1751306113.5759344,3.4338433742523193,-0.5012248754501343,2.1725213527679443,-0.716235339641571
1751306113.5859447,3.4338271617889404,-0.501275897026062,2.170119524002075,-0.7164539098739624
1751306113.606005,3.433802366256714,-0.5012648105621338,2.1677403450012207,-0.7166574597358704
1751306113.6259675,3.4338512420654297,-0.5012649893760681,2.1654911041259766,-0.7169129252433777
1751306113.6359332,3.4338462352752686,-0.501282274723053,2.1643171310424805,-0.7170195579528809
1751306113.655924,3.4338090419769287,-0.5012574791908264,2.1620287895202637,-0.7171681523323059
1751306113.6760151,3.4338271617889404,-0.5012713670730591,2.159694194793701,-0.7173979878425598
1751306113.6859343,3.433830499649048,-0.5012706518173218,2.1572606563568115,-0.7176517844200134
1751306113.695984,3.4338347911834717,-0.5012668371200562,2.1549134254455566,-0.7178356051445007
1751306113.7159655,3.433824300765991,-0.5012620687484741,2.152508497238159,-0.7179847359657288
1751306113.7359447,3.4338371753692627,-0.5012536644935608,2.1500773429870605,-0.7181211709976196
1751306113.745976,3.4338245391845703,-0.501291811466217,2.1476638317108154,-0.7182018756866455
1751306113.7659204,3.4338266849517822,-0.5012463927268982,2.1452836990356445,-0.7182829976081848
1751306113.7859454,3.4338417053222656,-0.5012815594673157,2.143112897872925,-0.7183732390403748
1751306113.7959712,3.4338538646698,-0.5012655258178711,2.14208722114563,-0.7183580994606018
1751306113.815929,3.43383526802063,-0.5012349486351013,2.1400961875915527,-0.7183510065078735
1751306113.8259408,3.433804512023926,-0.5012860298156738,2.138131618499756,-0.7183786630630493
1751306113.8459537,3.433753252029419,-0.5013030171394348,2.136265516281128,-0.7183598875999451
1751306113.8559742,3.433638095855713,-0.5014566779136658,2.1344540119171143,-0.7184093594551086
1751306113.8759506,3.4335579872131348,-0.5015650391578674,2.133528470993042,-0.7184277772903442
1751306113.886074,3.433229684829712,-0.5021349191665649,2.130833387374878,-0.7184355854988098
1751306113.9059174,3.4329349994659424,-0.5025339722633362,2.129131317138672,-0.7183896899223328
1751306113.9259253,3.432358980178833,-0.5029622316360474,2.1274337768554688,-0.7183810472488403
1751306113.9359362,3.432027578353882,-0.5030596852302551,2.1265933513641357,-0.7184029817581177
1751306113.9459496,3.4309258460998535,-0.5030889511108398,2.1249806880950928,-0.7184180021286011
1751306113.9660707,3.42936635017395,-0.5028826594352722,2.12337327003479,-0.7184030413627625
1751306113.985919,3.4272565841674805,-0.5024007558822632,2.1217434406280518,-0.7183954119682312
1751306113.9959269,3.4246184825897217,-0.5016987323760986,2.120112419128418,-0.7183966636657715
1751306114.0173197,3.4214181900024414,-0.5010026097297668,2.1184961795806885,-0.7183578014373779
1751306114.0260646,3.419473171234131,-0.5006363391876221,2.117706775665283,-0.7183602452278137
1751306114.046052,3.4152910709381104,-0.499851256608963,2.116063117980957,-0.7183286547660828
1751306114.0660176,3.408156156539917,-0.4985541105270386,2.11360239982605,-0.7183051109313965
1751306114.075974,3.4056949615478516,-0.49810120463371277,2.112745523452759,-0.718297004699707
1751306114.0960107,3.400867223739624,-0.49704283475875854,2.1109719276428223,-0.7182831168174744
1751306114.1059494,3.396237850189209,-0.49599194526672363,2.1089675426483154,-0.718257486820221
1751306114.1260288,3.3940722942352295,-0.4956057667732239,2.1078567504882812,-0.7182419300079346
1751306114.135951,3.389739990234375,-0.4947147071361542,2.105635643005371,-0.7181733250617981
1751306114.1560864,3.3854522705078125,-0.4939069151878357,2.1033883094787598,-0.7181437015533447
1751306114.165948,3.3812148571014404,-0.49307891726493835,2.1010727882385254,-0.7181438207626343
1751306114.1859605,3.3770909309387207,-0.4926467537879944,2.098729372024536,-0.7181156277656555
1751306114.2059522,3.373110055923462,-0.49218958616256714,2.0963268280029297,-0.7181050181388855
1751306114.2159479,3.369048833847046,-0.4916737973690033,2.093979835510254,-0.7180648446083069
1751306114.2261171,3.3648829460144043,-0.4911956489086151,2.0915205478668213,-0.7179571390151978
1751306114.2467961,3.362809658050537,-0.4909781217575073,2.0902786254882812,-0.7178733944892883
1751306114.2664917,3.3584680557250977,-0.4902545213699341,2.0878074169158936,-0.7177799344062805
1751306114.27595,3.353757619857788,-0.4897640645503998,2.0852205753326416,-0.7176543474197388
1751306114.29597,3.3484041690826416,-0.48912593722343445,2.082608699798584,-0.7175129055976868
1751306114.3059576,3.3427274227142334,-0.48847684264183044,2.0799477100372314,-0.7173051834106445
1751306114.3259501,3.33651065826416,-0.487901896238327,2.077308416366577,-0.7170629501342773
1751306114.346035,3.329124689102173,-0.48703938722610474,2.074636936187744,-0.7168571352958679
1751306114.3559613,3.3208563327789307,-0.48640525341033936,2.071688413619995,-0.7165389657020569
1751306114.3659456,3.3161017894744873,-0.48609673976898193,2.0701260566711426,-0.7163515090942383
1751306114.3859303,3.305915594100952,-0.48527252674102783,2.0668222904205322,-0.7159408330917358
1751306114.4059062,3.2946858406066895,-0.4843675494194031,2.0633349418640137,-0.7154915928840637
1751306114.415965,3.282637596130371,-0.4834176301956177,2.059645891189575,-0.7150247693061829
1751306114.435921,3.269864797592163,-0.4825068712234497,2.0558531284332275,-0.7144782543182373
1751306114.4459364,3.256272554397583,-0.4817741811275482,2.051967144012451,-0.7139186859130859
1751306114.4659245,3.2421891689300537,-0.4815979599952698,2.047961711883545,-0.7133508324623108
1751306114.485924,3.2276861667633057,-0.48124784231185913,2.044086217880249,-0.7127041220664978
1751306114.4959667,3.212214469909668,-0.4814339578151703,2.0399909019470215,-0.7120906114578247
1751306114.505933,3.2044594287872314,-0.48158031702041626,2.037947177886963,-0.711767315864563
1751306114.5259244,3.18825626373291,-0.4818046987056732,2.0338737964630127,-0.7110908627510071
1751306114.5459201,3.1718194484710693,-0.48181119561195374,2.029709577560425,-0.7103663682937622
1751306114.565926,3.155026435852051,-0.481158584356308,2.025418281555176,-0.7096791863441467
1751306114.5759902,3.138242244720459,-0.479740172624588,2.020836591720581,-0.7088795304298401
1751306114.5859354,3.1214475631713867,-0.47811758518218994,2.0161144733428955,-0.7080759406089783
1751306114.6159418,3.103947877883911,-0.4752504229545593,2.011167526245117,-0.7072223424911499
1751306114.625928,3.0867106914520264,-0.47195786237716675,2.0059633255004883,-0.7063406109809875
1751306114.645922,3.0692875385284424,-0.4681173861026764,2.000577211380005,-0.7054556012153625
1751306114.6559353,3.060619592666626,-0.46557897329330444,1.9978888034820557,-0.7050003409385681
1751306114.6659393,3.0434789657592773,-0.46039071679115295,1.9924283027648926,-0.7041358947753906
1751306114.6859274,3.0255749225616455,-0.45457690954208374,1.9868872165679932,-0.7033765912055969
1751306114.6959314,3.0080134868621826,-0.4473988711833954,1.9814162254333496,-0.7025973200798035
1751306114.7159197,2.9991958141326904,-0.4439549446105957,1.9786120653152466,-0.7022631168365479
1751306114.735947,2.9725241661071777,-0.43137994408607483,1.9704452753067017,-0.701256513595581
1751306114.7460365,2.9548392295837402,-0.4221377372741699,1.9650342464447021,-0.7006593942642212
1751306114.7659464,2.937345504760742,-0.4114648699760437,1.9597244262695312,-0.7001218795776367
1751306114.775947,2.928462266921997,-0.4064435362815857,1.9571257829666138,-0.6998158097267151
1751306114.795968,2.91113018989563,-0.39545562863349915,1.9517829418182373,-0.6993173956871033
1751306114.8059552,2.8938353061676025,-0.38420403003692627,1.9464761018753052,-0.6988062858581543
1751306114.825992,2.876636028289795,-0.3719763457775116,1.9411182403564453,-0.6983045339584351
1751306114.8459563,2.8593578338623047,-0.3596527576446533,1.9356415271759033,-0.6978963017463684
1751306114.8560102,2.8421292304992676,-0.3465860188007355,1.9303555488586426,-0.697447657585144
1751306114.8759112,2.8253281116485596,-0.3328092694282532,1.9249309301376343,-0.6970494985580444
1751306114.8859296,2.8083670139312744,-0.3191812038421631,1.9195892810821533,-0.6966766715049744
1751306114.905937,2.7917239665985107,-0.3050379157066345,1.9143158197402954,-0.6962900757789612
1751306114.9159265,2.78334379196167,-0.2978998124599457,1.9115915298461914,-0.6961183547973633
1751306114.9359841,2.7670300006866455,-0.28295430541038513,1.9063043594360352,-0.6957839131355286
1751306114.9560125,2.7510013580322266,-0.26776644587516785,1.9008499383926392,-0.695469856262207
1751306114.9659412,2.7351596355438232,-0.2519080340862274,1.895408034324646,-0.6951748132705688
1751306114.9859445,2.719735860824585,-0.23548293113708496,1.8899143934249878,-0.6948747038841248
1751306114.995943,2.7122223377227783,-0.22709542512893677,1.8871405124664307,-0.6947739720344543
1751306115.0159643,2.6975836753845215,-0.2103080153465271,1.8816559314727783,-0.6945548057556152
1751306115.0259278,2.6829309463500977,-0.19315344095230103,1.8761510848999023,-0.6943786144256592
1751306115.0460293,2.6689112186431885,-0.1753433346748352,1.8706423044204712,-0.6942155361175537
1751306115.0559347,2.654517412185669,-0.15759961307048798,1.8650811910629272,-0.6941622495651245
1751306115.0759273,2.641498327255249,-0.1391991227865219,1.859655737876892,-0.6940613389015198
1751306115.095971,2.628758668899536,-0.12066976726055145,1.8541990518569946,-0.6940400004386902
1751306115.1059775,2.6222283840179443,-0.11121942847967148,1.8514620065689087,-0.6940402388572693
1751306115.125967,2.603436231613159,-0.08243288844823837,1.8435306549072266,-0.6939777135848999
1751306115.1360652,2.5908849239349365,-0.06302877515554428,1.8382223844528198,-0.6939408183097839
1751306115.1561217,2.578321933746338,-0.04381663352251053,1.8328986167907715,-0.6938504576683044
1751306115.1759446,2.565553903579712,-0.024783968925476074,1.8274478912353516,-0.6937485337257385
1751306115.1860337,2.5591466426849365,-0.015084125101566315,1.8248363733291626,-0.6936889886856079
1751306115.1959426,2.5474448204040527,0.004881620407104492,1.8193427324295044,-0.6936004757881165
1751306115.2160187,2.5363008975982666,0.02527567744255066,1.813999056816101,-0.6934660077095032
1751306115.2359576,2.5262529850006104,0.045922789722681046,1.8085559606552124,-0.6932688355445862
1751306115.2459757,2.5212085247039795,0.05639023333787918,1.8057522773742676,-0.6931878924369812
1751306115.2659633,2.5076181888580322,0.08820997178554535,1.7977272272109985,-0.692864179611206
1751306115.2759695,2.503260612487793,0.09902617335319519,1.7950326204299927,-0.6927852630615234
1751306115.2959785,2.4950685501098633,0.12088489532470703,1.789760708808899,-0.6925457119941711
1751306115.3165483,2.482697010040283,0.15385903418064117,1.7817474603652954,-0.6921952962875366
1751306115.3259525,2.478522539138794,0.16466593742370605,1.7791883945465088,-0.6920647025108337
1751306115.345956,2.470625638961792,0.18656429648399353,1.7740192413330078,-0.6917804479598999
1751306115.3560677,2.4629251956939697,0.20860406756401062,1.7687842845916748,-0.6914609670639038
1751306115.3759694,2.455533266067505,0.23089739680290222,1.7635345458984375,-0.6910768151283264
1751306115.396042,2.4482502937316895,0.253210186958313,1.7582029104232788,-0.6906481385231018
1751306115.405961,2.4447922706604004,0.2644564211368561,1.7555108070373535,-0.6904242634773254
1751306115.4159746,2.4384994506835938,0.28735867142677307,1.7501612901687622,-0.6899019479751587
1751306115.435939,2.4295544624328613,0.32160261273384094,1.7419968843460083,-0.6890904307365417
1751306115.4459305,2.4269421100616455,0.33307385444641113,1.7393031120300293,-0.688808023929596
1751306115.465933,2.422548294067383,0.35613757371902466,1.7337803840637207,-0.6881840825080872
1751306115.485922,2.418760299682617,0.37935954332351685,1.7282071113586426,-0.6875916719436646
1751306115.4959273,2.4157004356384277,0.4026883840560913,1.722609043121338,-0.6869497299194336
1751306115.5059521,2.414515256881714,0.4143804907798767,1.7197844982147217,-0.6866297721862793
1751306115.5259273,2.412524461746216,0.4379050135612488,1.7138758897781372,-0.685957133769989
1751306115.5459287,2.410886526107788,0.4613259434700012,1.7077821493148804,-0.6852210164070129
1751306115.5559351,2.4097211360931396,0.48478055000305176,1.701515555381775,-0.6845076084136963
1751306115.5759254,2.408047914505005,0.5082663297653198,1.695054292678833,-0.68376624584198
1751306115.58593,2.4060568809509277,0.5314655303955078,1.6884856224060059,-0.6830381155014038
1751306115.6059766,2.4036641120910645,0.5547457337379456,1.6817741394042969,-0.6822501420974731
1751306115.6259618,2.400667190551758,0.577786386013031,1.6749430894851685,-0.6815823316574097
1751306115.635967,2.396824598312378,0.6010258197784424,1.668038249015808,-0.6809394955635071
1751306115.6559622,2.3924295902252197,0.6240911483764648,1.661123514175415,-0.6804133057594299
1751306115.6660101,2.3899459838867188,0.6355639696121216,1.657680869102478,-0.6801503300666809
1751306115.6859655,2.3838953971862793,0.6584054827690125,1.6506589651107788,-0.6796664595603943
1751306115.695935,2.3767144680023193,0.6807828545570374,1.6437960863113403,-0.6792495846748352
1751306115.7159796,2.368795871734619,0.7026691436767578,1.6368470191955566,-0.678855299949646
1751306115.7359788,2.359699010848999,0.7242013216018677,1.6299996376037598,-0.6784732341766357
1751306115.7459514,2.3498611450195312,0.7453078031539917,1.62312650680542,-0.6781030893325806
1751306115.7659247,2.338890314102173,0.766179621219635,1.6162326335906982,-0.6777787208557129
1751306115.7759635,2.3330917358398438,0.776364266872406,1.6127986907958984,-0.6776275038719177
1751306115.7961175,2.321382999420166,0.7966700792312622,1.605937123298645,-0.6773185133934021
1751306115.8059394,2.308609962463379,0.8163502812385559,1.599086880683899,-0.6770286560058594
1751306115.8259513,2.2950618267059326,0.8354747891426086,1.5922397375106812,-0.6767410635948181
1751306115.8459728,2.281264305114746,0.8544140458106995,1.5853235721588135,-0.6764140725135803
1751306115.8559728,2.266540765762329,0.8728166222572327,1.5785287618637085,-0.6761857867240906
1751306115.8659632,2.2590599060058594,0.8819371461868286,1.5750807523727417,-0.6760568022727966
1751306115.885952,2.2439491748809814,0.8999952077865601,1.5682486295700073,-0.6757970452308655
1751306115.9059691,2.2278666496276855,0.9174690842628479,1.5613738298416138,-0.6755622029304504
1751306115.9159741,2.2115838527679443,0.93454509973526,1.554599404335022,-0.6753177642822266
1751306115.93592,2.1949453353881836,0.9509643316268921,1.5477532148361206,-0.6751874685287476
1751306115.9459279,2.177443504333496,0.9667887091636658,1.5409212112426758,-0.6749986410140991
1751306115.965922,2.1598854064941406,0.9820836186408997,1.534048318862915,-0.6748312711715698
1751306115.986062,2.1417951583862305,0.9969429969787598,1.527173638343811,-0.6747481822967529
1751306115.9959629,2.132495403289795,1.00423264503479,1.5237650871276855,-0.6746437549591064
1751306116.0159419,2.1137938499450684,1.018531084060669,1.5168341398239136,-0.6745440363883972
1751306116.0259328,2.0951268672943115,1.0323200225830078,1.5098903179168701,-0.6744617223739624
1751306116.0459733,2.0756826400756836,1.0453896522521973,1.502919316291809,-0.6743403673171997
1751306116.0659528,2.0561130046844482,1.058016300201416,1.4958986043930054,-0.6743055582046509
1751306116.0759416,2.036105155944824,1.0703715085983276,1.4888445138931274,-0.6742390990257263
1751306116.085984,2.0157268047332764,1.082167387008667,1.48175847530365,-0.6741918921470642
1751306116.1059325,1.9949020147323608,1.0932741165161133,1.4746102094650269,-0.6741929650306702
1751306116.1159465,1.9842684268951416,1.0984221696853638,1.4710501432418823,-0.6742151379585266
1751306116.1359897,1.9634398221969604,1.1085951328277588,1.4638921022415161,-0.6741964221000671
1751306116.1562269,1.9418853521347046,1.1179059743881226,1.4567136764526367,-0.6742069721221924
1751306116.1661763,1.9203284978866577,1.1271060705184937,1.4495303630828857,-0.6742171049118042
1751306116.1859567,1.8985559940338135,1.1356921195983887,1.4423187971115112,-0.6742432117462158
1751306116.196012,1.8763349056243896,1.1435625553131104,1.4350517988204956,-0.674301266670227
1751306116.2160082,1.8540359735488892,1.1507493257522583,1.4277400970458984,-0.6743424534797668
1751306116.2259643,1.8321309089660645,1.1575603485107422,1.4205304384231567,-0.6744223833084106
1751306116.245939,1.8096108436584473,1.1637154817581177,1.4132788181304932,-0.6744824051856995
1751306116.2659502,1.78704833984375,1.1690537929534912,1.4060531854629517,-0.6746494174003601
1751306116.28596,1.7642767429351807,1.1743372678756714,1.3987303972244263,-0.6747652888298035
1751306116.2963114,1.7529964447021484,1.1765966415405273,1.3951321840286255,-0.6748117804527283
1751306116.306449,1.7295458316802979,1.1802804470062256,1.388039231300354,-0.6749924421310425
1751306116.3261034,1.7065263986587524,1.1834594011306763,1.3808367252349854,-0.6751578450202942
1751306116.3359888,1.683400273323059,1.186458706855774,1.3737452030181885,-0.6753586530685425
1751306116.355972,1.6601334810256958,1.188246488571167,1.3667144775390625,-0.6755521893501282
1751306116.3659394,1.648352861404419,1.1890020370483398,1.3631811141967773,-0.6756498217582703
1751306116.3859468,1.6250989437103271,1.1903822422027588,1.3562129735946655,-0.6758978366851807
1751306116.4059591,1.601694107055664,1.1907224655151367,1.349279761314392,-0.6761398315429688
1751306116.4160419,1.5780774354934692,1.190364122390747,1.3423799276351929,-0.6763895153999329
1751306116.436277,1.5548683404922485,1.1897631883621216,1.3353956937789917,-0.6766952276229858
1751306116.4461036,1.5314470529556274,1.1889450550079346,1.3285199403762817,-0.6769733428955078
1751306116.465956,1.5082005262374878,1.1871081590652466,1.3216716051101685,-0.6773393154144287
1751306116.4859574,1.485068678855896,1.184327244758606,1.3147982358932495,-0.6777395606040955
1751306116.4959855,1.4736833572387695,1.1831176280975342,1.3113597631454468,-0.6779200434684753
1751306116.5159442,1.450321078300476,1.1800395250320435,1.30454683303833,-0.6782995462417603
1751306116.5259593,1.4273872375488281,1.1758290529251099,1.2976545095443726,-0.6787232756614685
1751306116.5459237,1.4046196937561035,1.1711596250534058,1.2908673286437988,-0.679114818572998
1751306116.5559719,1.3820692300796509,1.165894627571106,1.284216046333313,-0.6795141696929932
1751306116.5759351,1.3593733310699463,1.1592413187026978,1.2774649858474731,-0.6798756122589111
1751306116.5859337,1.3370076417922974,1.1531018018722534,1.2707138061523438,-0.6802408695220947
1751306116.6059203,1.3149032592773438,1.1458710432052612,1.2640354633331299,-0.6805367469787598
1751306116.6259358,1.292595624923706,1.1374174356460571,1.2572816610336304,-0.6808118224143982
1751306116.6359334,1.2702556848526,1.1294692754745483,1.2505059242248535,-0.6810305118560791
1751306116.6559231,1.2488319873809814,1.120877742767334,1.2437784671783447,-0.6811445355415344
1751306116.6759262,1.2273633480072021,1.1115142107009888,1.237046480178833,-0.6811904311180115
1751306116.6859534,1.2164932489395142,1.1068615913391113,1.2336314916610718,-0.6811459064483643
1751306116.696023,1.1950618028640747,1.0972107648849487,1.2267817258834839,-0.6809975504875183
1751306116.7159452,1.1738874912261963,1.0872173309326172,1.2199686765670776,-0.6807990074157715
1751306116.7259412,1.1632561683654785,1.0818207263946533,1.2165406942367554,-0.680600106716156
1751306116.7460027,1.1428598165512085,1.0702557563781738,1.2097692489624023,-0.6801823377609253
1751306116.765952,1.1226495504379272,1.058632493019104,1.2030357122421265,-0.679674506187439
1751306116.775968,1.1031477451324463,1.0461654663085938,1.1963635683059692,-0.6790322661399841
1751306116.796854,1.0838838815689087,1.0329487323760986,1.189782738685608,-0.6782991886138916
1751306116.805984,1.0645360946655273,1.01966392993927,1.18316650390625,-0.6774479746818542
1751306116.8259342,1.0456209182739258,1.0057700872421265,1.1766248941421509,-0.6764699816703796
1751306116.8460004,1.0264970064163208,0.9913434982299805,1.1702215671539307,-0.6753365397453308
1751306116.8559446,1.0086054801940918,0.9768374562263489,1.1638774871826172,-0.6741297841072083
1751306116.8759704,0.9910511374473572,0.9617189764976501,1.1575528383255005,-0.6727494597434998
1751306116.89593,0.9737138748168945,0.9457369446754456,1.151131272315979,-0.6712946891784668
1751306116.9060256,0.9652747511863708,0.9377458691596985,1.1478911638259888,-0.670502245426178
1751306116.925978,0.9403160214424133,0.9131351113319397,1.1378391981124878,-0.6678909659385681
1751306116.9360313,0.9323057532310486,0.9042885899543762,1.1344102621078491,-0.6669669151306152
1751306116.946019,0.9168156981468201,0.8868036270141602,1.1275620460510254,-0.6650640964508057
1751306116.9659567,0.9015044569969177,0.869223415851593,1.1206282377243042,-0.6629783511161804
1751306116.985928,0.8865790963172913,0.8512762188911438,1.1136460304260254,-0.6608285903930664
1751306116.9959304,0.8721303939819336,0.8326802253723145,1.1066088676452637,-0.6584802865982056
1751306117.015943,0.8651475310325623,0.8230391144752502,1.1030495166778564,-0.6573209166526794
1751306117.0259695,0.8514518141746521,0.8039371371269226,1.095829963684082,-0.6548839211463928
1751306117.045947,0.8381062150001526,0.784439206123352,1.0884954929351807,-0.6522449851036072
1751306117.0560033,0.8256486058235168,0.7647452354431152,1.0809588432312012,-0.6495229601860046
1751306117.076221,0.813506007194519,0.7451142072677612,1.0733176469802856,-0.6466807126998901
1751306117.0859575,0.8018413782119751,0.7248015403747559,1.065470814704895,-0.6437316536903381
1751306117.1059356,0.7903725504875183,0.7040294408798218,1.0575460195541382,-0.6407386064529419
1751306117.125988,0.7794656753540039,0.6834612488746643,1.0493446588516235,-0.6376328468322754
1751306117.1359634,0.7694829106330872,0.6622152328491211,1.0409607887268066,-0.6345100402832031
1751306117.155901,0.7601498365402222,0.6403348445892334,1.0323350429534912,-0.6312817931175232
1751306117.1659498,0.7556337714195251,0.629538893699646,1.0279686450958252,-0.6296981573104858
1751306117.185999,0.7470834851264954,0.6079890727996826,1.0191614627838135,-0.6264340281486511
1751306117.1961186,0.7393638491630554,0.5857141613960266,1.0102006196975708,-0.6232672929763794
1751306117.2160058,0.7322409152984619,0.5632495284080505,1.0011848211288452,-0.6200721263885498
1751306117.235971,0.7254668474197388,0.5408133268356323,0.9921160340309143,-0.6169382333755493
1751306117.2459726,0.7222087383270264,0.529546856880188,0.9875397086143494,-0.6153924465179443
1751306117.266337,0.7133244276046753,0.4953097403049469,0.9738756418228149,-0.610747218132019
1751306117.2859385,0.7074916362762451,0.4728158414363861,0.964756190776825,-0.6076800227165222
1751306117.2959592,0.7044833898544312,0.4615551829338074,0.9602391719818115,-0.6061721444129944
1751306117.306062,0.6983135938644409,0.4389198124408722,0.9512194395065308,-0.6031402349472046
1751306117.3259661,0.6915257573127747,0.41676065325737,0.9421526193618774,-0.6000947952270508
1751306117.3363712,0.6840397715568542,0.39473164081573486,0.933143138885498,-0.5970997214317322
1751306117.3564394,0.6765241622924805,0.37245431542396545,0.9241271018981934,-0.5941047668457031
1751306117.3659625,0.6721737384796143,0.3616613745689392,0.9195873141288757,-0.5926189422607422
1751306117.3859754,0.6631067991256714,0.3405061662197113,0.9105786085128784,-0.589752733707428
1751306117.4059372,0.6533277034759521,0.3194766640663147,0.9015892744064331,-0.5868961811065674
1751306117.415958,0.6426745653152466,0.2986854314804077,0.8925693035125732,-0.5841266512870789
1751306117.4359457,0.625215470790863,0.2686491906642914,0.8790157437324524,-0.5801454782485962
1751306117.4459836,0.6190226674079895,0.2587454617023468,0.874495267868042,-0.5788481831550598
1751306117.4659889,0.6059029698371887,0.2395612746477127,0.86546790599823,-0.5763875842094421
1751306117.4859307,0.5916110873222351,0.2209560126066208,0.8565035462379456,-0.573977530002594
1751306117.4959893,0.576772928237915,0.20271778106689453,0.8475372195243835,-0.5717247128486633
1751306117.515932,0.5614891052246094,0.18505868315696716,0.8386294841766357,-0.5696108341217041
1751306117.5259292,0.5536014437675476,0.17648105323314667,0.834130048751831,-0.568591296672821
1751306117.5459554,0.5372253060340881,0.15955980122089386,0.8251358866691589,-0.5665930509567261
1751306117.55595,0.5203105807304382,0.14322173595428467,0.8160306215286255,-0.5647152066230774
1751306117.576076,0.5029364824295044,0.1272457242012024,0.8068665266036987,-0.5629220008850098
1751306117.5859323,0.4852255582809448,0.11141261458396912,0.7975062131881714,-0.561198890209198
1751306117.6059344,0.4680875539779663,0.0951639786362648,0.7879993915557861,-0.5596033334732056
1751306117.6159315,0.45937013626098633,0.0870717391371727,0.7832215428352356,-0.5588172078132629
1751306117.6359334,0.44187039136886597,0.071180060505867,0.7736448049545288,-0.5573639869689941
1751306117.645933,0.4239855408668518,0.05577191337943077,0.7639745473861694,-0.5559446215629578
1751306117.6659317,0.40572547912597656,0.040890417993068695,0.7542195916175842,-0.5546587705612183
1751306117.6859295,0.38685083389282227,0.026652328670024872,0.744430661201477,-0.5534785985946655
1751306117.6959417,0.36738771200180054,0.013142958283424377,0.7346250414848328,-0.5523317456245422
1751306117.7159333,0.3476027250289917,-8.348003029823303e-05,0.7248649001121521,-0.5513097643852234
1751306117.735938,0.3273680806159973,-0.012591401115059853,0.7150234580039978,-0.5504012703895569
1751306117.7468023,0.3069806694984436,-0.024692658334970474,0.7052999138832092,-0.5495930314064026
1751306117.765931,0.28624868392944336,-0.03600762039422989,0.6955642104148865,-0.5488718748092651
1751306117.7859592,0.26522859930992126,-0.04696917533874512,0.6858168840408325,-0.5482362508773804
1751306117.7960422,0.254511296749115,-0.052215877920389175,0.6809101700782776,-0.5479596257209778
1751306117.815997,0.22202068567276,-0.06717196851968765,0.666099488735199,-0.5472853183746338
1751306117.8260229,0.21105866134166718,-0.07184772193431854,0.661174476146698,-0.5471216440200806
1751306117.845979,0.18889324367046356,-0.08070886135101318,0.6512765288352966,-0.5468147397041321
1751306117.8559752,0.16656754910945892,-0.08909133076667786,0.6412736177444458,-0.5467047095298767
1751306117.8759837,0.14420077204704285,-0.09707202762365341,0.6311704516410828,-0.5466541051864624
1751306117.8859568,0.12151909619569778,-0.10426128655672073,0.6208981275558472,-0.5466420650482178
1751306117.9059536,0.09853953868150711,-0.11057892441749573,0.6104936003684998,-0.546802282333374
1751306117.9259691,0.07566947489976883,-0.11691202223300934,0.600023627281189,-0.547034502029419
1751306117.93594,0.06412526965141296,-0.11974038183689117,0.5946961641311646,-0.547175943851471
1751306117.9459472,0.04111433029174805,-0.12497477233409882,0.5841103196144104,-0.5475558638572693
1751306117.965961,0.01794710010290146,-0.12961383163928986,0.5734847187995911,-0.5479855537414551
1751306117.9859598,-0.00534873828291893,-0.13356168568134308,0.5628803968429565,-0.5485996007919312
1751306117.9959326,-0.02898530289530754,-0.137038454413414,0.5521883368492126,-0.5493022203445435
1751306118.015928,-0.0525706484913826,-0.1398286670446396,0.5416167378425598,-0.5501739978790283
1751306118.035973,-0.07610566169023514,-0.14232048392295837,0.5310867428779602,-0.5511593818664551
1751306118.0459685,-0.08797076344490051,-0.14332164824008942,0.5258197784423828,-0.5516831278800964
1751306118.056026,-0.11175574362277985,-0.14463244378566742,0.5153354406356812,-0.5528413653373718
1751306118.0759795,-0.13559812307357788,-0.1455450803041458,0.5049085021018982,-0.5541024208068848
1751306118.0959806,-0.15931196510791779,-0.14561191201210022,0.4945076107978821,-0.5555261969566345
1751306118.1059604,-0.1832883507013321,-0.14461550116539001,0.48415669798851013,-0.5570074915885925
1751306118.125974,-0.2072235345840454,-0.14357638359069824,0.4738173484802246,-0.5586326122283936
1751306118.1458855,-0.23102062940597534,-0.14206574857234955,0.46359696984291077,-0.560371994972229
1751306118.155972,-0.2428455948829651,-0.1409696787595749,0.4585062861442566,-0.5612749457359314
1751306118.1659548,-0.2664203345775604,-0.1383327692747116,0.4483839273452759,-0.5631800293922424
1751306118.1859655,-0.2898465394973755,-0.13513684272766113,0.43836483359336853,-0.5651475787162781
1751306118.1959403,-0.3133028447628021,-0.13160808384418488,0.4284990429878235,-0.5671695470809937
1751306118.2159538,-0.3367830812931061,-0.12727583944797516,0.41874244809150696,-0.5692563056945801
1751306118.2360415,-0.36001479625701904,-0.12266714125871658,0.4090791940689087,-0.5713083148002625
1751306118.245969,-0.3832968771457672,-0.11740732192993164,0.39966171979904175,-0.5733532309532166
1751306118.2659736,-0.3949317932128906,-0.11446311324834824,0.39500802755355835,-0.5743531584739685
1751306118.2759552,-0.4178004860877991,-0.10834189504384995,0.3856795132160187,-0.5763472318649292
1751306118.2959964,-0.4405609369277954,-0.10194719582796097,0.37638145685195923,-0.5782381892204285
1751306118.3159456,-0.4632191061973572,-0.09452612698078156,0.36723169684410095,-0.5801762938499451
1751306118.3261855,-0.4856613278388977,-0.08652864396572113,0.3581559360027313,-0.5820646286010742
1751306118.3361113,-0.5078020095825195,-0.0780937671661377,0.34900394082069397,-0.5839444398880005
1751306118.3559418,-0.5299370288848877,-0.06903214752674103,0.3399195671081543,-0.5858161449432373
1751306118.3759482,-0.5516383647918701,-0.0593813918530941,0.3309309482574463,-0.5876445770263672
1751306118.3859744,-0.5732278823852539,-0.04946014657616615,0.3219705820083618,-0.5894815921783447
1751306118.4059522,-0.5945723652839661,-0.03911501541733742,0.31296882033348083,-0.5913098454475403
1751306118.4159498,-0.6050617098808289,-0.033580370247364044,0.30840831995010376,-0.5921664834022522
1751306118.4359553,-0.6259174942970276,-0.02226443961262703,0.29931819438934326,-0.5939825177192688
1751306118.4559503,-0.6466097831726074,-0.010648882016539574,0.29021382331848145,-0.5957006812095642
1751306118.4659748,-0.6669767498970032,0.0016280673444271088,0.28102409839630127,-0.5973973274230957
1751306118.4859915,-0.68695467710495,0.014347119256854057,0.27176108956336975,-0.5990046858787537
1751306118.4959433,-0.706638514995575,0.027388138696551323,0.26240721344947815,-0.6005896925926208
1751306118.515932,-0.7259666323661804,0.04131365194916725,0.2530098557472229,-0.6020906567573547
1751306118.5359426,-0.7449464797973633,0.05589820817112923,0.24352127313613892,-0.6035389304161072
1751306118.5459297,-0.7542243003845215,0.06321071088314056,0.23880140483379364,-0.604225754737854
1751306118.5559947,-0.7728434205055237,0.07789981365203857,0.22927755117416382,-0.6056106686592102
1751306118.5759335,-0.7908933162689209,0.0932927280664444,0.21977181732654572,-0.6068883538246155
1751306118.5959704,-0.8084536790847778,0.10908935219049454,0.21020688116550446,-0.6081713438034058
1751306118.6059382,-0.8170313835144043,0.11717668920755386,0.2054794877767563,-0.6087862849235535
1751306118.6259334,-0.8423046469688416,0.1424596607685089,0.19124846160411835,-0.6104726195335388
1751306118.635943,-0.8585453629493713,0.15991120040416718,0.1818595975637436,-0.6115261912345886
1751306118.655931,-0.8749737739562988,0.17720091342926025,0.172407329082489,-0.6124699711799622
1751306118.6659691,-0.8828059434890747,0.18609870970249176,0.16762775182724,-0.6129060387611389
1751306118.6859472,-0.898252546787262,0.20421649515628815,0.1582987904548645,-0.6137874126434326
1751306118.695967,-0.9130167961120605,0.22279652953147888,0.14900217950344086,-0.6144769787788391
1751306118.7159355,-0.9205602407455444,0.23196205496788025,0.1443806141614914,-0.6148384809494019
1751306118.735959,-0.9415005445480347,0.26093387603759766,0.13057146966457367,-0.6158194541931152
1751306118.7459466,-0.9482666850090027,0.2708013355731964,0.1259782910346985,-0.6161320805549622
1751306118.7660248,-0.9683043956756592,0.30040308833122253,0.11243649572134018,-0.6170946359634399
1751306118.7859735,-0.9808449745178223,0.3207285404205322,0.10355638712644577,-0.617781937122345
1751306118.795981,-0.9869109392166138,0.3310047388076782,0.09913820028305054,-0.6181595921516418
1751306118.8059585,-0.9986213445663452,0.3516862690448761,0.09030460566282272,-0.6188977360725403
1751306118.8259287,-1.0098237991333008,0.37255704402923584,0.08151884377002716,-0.6197385191917419
1751306118.845959,-1.0204675197601318,0.39390891790390015,0.07264813035726547,-0.6206668615341187
1751306118.8559418,-1.030714988708496,0.4154612421989441,0.06362489610910416,-0.6217063069343567
1751306118.8759277,-1.0404765605926514,0.437264084815979,0.054500386118888855,-0.6228642463684082
1751306118.885936,-1.0494155883789062,0.4594700336456299,0.045187197625637054,-0.6241427659988403
1751306118.9059963,-1.0538053512573242,0.47063469886779785,0.04053548350930214,-0.6248946189880371
1751306118.9159648,-1.0624030828475952,0.49275079369544983,0.03110133856534958,-0.6264408826828003
1751306118.9360101,-1.0703989267349243,0.5152865052223206,0.02162749134004116,-0.6281589269638062
1751306118.9459672,-1.0774120092391968,0.538097083568573,0.012067975476384163,-0.6300851702690125
1751306118.9660237,-1.0844613313674927,0.5608963966369629,0.002440227195620537,-0.6321595311164856
1751306118.9759512,-1.0914392471313477,0.5835081934928894,-0.007211150601506233,-0.6344301104545593
1751306118.995976,-1.0948823690414429,0.5948009490966797,-0.01199968159198761,-0.6356159448623657
1751306119.0161624,-1.1017529964447021,0.6175292730331421,-0.021702568978071213,-0.6381392478942871
1751306119.02598,-1.1080378293991089,0.6402987241744995,-0.031429074704647064,-0.6408666968345642
1751306119.0459762,-1.1136884689331055,0.6635211706161499,-0.04110828787088394,-0.643746554851532
1751306119.0560167,-1.1185985803604126,0.686828076839447,-0.05073511227965355,-0.646758496761322
1751306119.0759606,-1.1233584880828857,0.7100656032562256,-0.06007872894406319,-0.6498010754585266
1751306119.0959585,-1.127484679222107,0.7333822846412659,-0.06936424225568771,-0.6530680656433105
1751306119.1059632,-1.1313427686691284,0.7568378448486328,-0.07861698418855667,-0.656499981880188
1751306119.1159394,-1.1332875490188599,0.7685790657997131,-0.08317769318819046,-0.6582459807395935
1751306119.1364367,-1.1374287605285645,0.7918758392333984,-0.09224778413772583,-0.6618860960006714
1751306119.1559772,-1.1415852308273315,0.8153862953186035,-0.10119171440601349,-0.6655728816986084
1751306119.165953,-1.146443486213684,0.8385630249977112,-0.11008340865373611,-0.6694924235343933
1751306119.185961,-1.1523211002349854,0.8617668151855469,-0.11890848726034164,-0.6734427213668823
1751306119.1960268,-1.1583919525146484,0.8846626281738281,-0.12763528525829315,-0.6775620579719543
1751306119.215971,-1.166103720664978,0.9067639112472534,-0.1362507939338684,-0.6817426681518555
1751306119.236094,-1.1747280359268188,0.9287907481193542,-0.1448027342557907,-0.6860937476158142
1751306119.2459438,-1.1793917417526245,0.9395624995231628,-0.14902496337890625,-0.6883499622344971
1751306119.2559416,-1.1894444227218628,0.9608035683631897,-0.1575317233800888,-0.6929023861885071
1751306119.2759433,-1.2003034353256226,0.9815313220024109,-0.16588056087493896,-0.6976393461227417
1751306119.296524,-1.212130069732666,1.0021253824234009,-0.17420053482055664,-0.702451765537262
1751306119.305968,-1.2250361442565918,1.021902322769165,-0.18241052329540253,-0.7074266076087952
1751306119.326009,-1.2387454509735107,1.0412334203720093,-0.19055384397506714,-0.7124779224395752
1751306119.335936,-1.2530248165130615,1.060194730758667,-0.19866961240768433,-0.7176594138145447
1751306119.3559446,-1.267905831336975,1.0786082744598389,-0.20667633414268494,-0.7229873538017273
1751306119.375932,-1.2832592725753784,1.096822738647461,-0.2146456241607666,-0.728391170501709
1751306119.3859856,-1.2912535667419434,1.105806827545166,-0.21853061020374298,-0.731105387210846
1751306119.4059782,-1.3071091175079346,1.1236724853515625,-0.22614799439907074,-0.7365889549255371
1751306119.4159422,-1.3228631019592285,1.1412990093231201,-0.23358531296253204,-0.7421125769615173
1751306119.4359467,-1.338818073272705,1.1588666439056396,-0.24090614914894104,-0.7477355003356934
1751306119.4459903,-1.3550151586532593,1.176291584968567,-0.24805593490600586,-0.7534219026565552
1751306119.4659622,-1.371539831161499,1.1931935548782349,-0.25506123900413513,-0.7591658234596252
1751306119.4859815,-1.3887296915054321,1.2097077369689941,-0.26204678416252136,-0.764979898929596
1751306119.4959304,-1.4063265323638916,1.2256299257278442,-0.26897841691970825,-0.7709957957267761
1751306119.5159385,-1.4153563976287842,1.2332297563552856,-0.2724776864051819,-0.7740684151649475
1751306119.52602,-1.433658242225647,1.2478930950164795,-0.279466837644577,-0.780377209186554
1751306119.5459688,-1.4526528120040894,1.2621338367462158,-0.28636908531188965,-0.7864781618118286
1751306119.5559845,-1.47203528881073,1.2757236957550049,-0.29329848289489746,-0.7928958535194397
1751306119.5759296,-1.491489291191101,1.2889609336853027,-0.30019164085388184,-0.7995913028717041
1751306119.5859306,-1.5119234323501587,1.3015265464782715,-0.3070675730705261,-0.8063884973526001
1751306119.6059303,-1.5323973894119263,1.3134219646453857,-0.31395742297172546,-0.8133726716041565
1751306119.6259937,-1.5426561832427979,1.3191618919372559,-0.3174237608909607,-0.8169124722480774
1751306119.636012,-1.5743701457977295,1.3351181745529175,-0.32772570848464966,-0.8277653455734253
1751306119.6459813,-1.5851949453353882,1.3402353525161743,-0.3311118483543396,-0.8314682245254517
1751306119.665922,-1.6063816547393799,1.350447177886963,-0.3378879427909851,-0.8389647603034973
1751306119.6859288,-1.6394104957580566,1.3642977476119995,-0.34790539741516113,-0.8504108190536499
1751306119.706026,-1.6504688262939453,1.3686269521713257,-0.3511819541454315,-0.8542760610580444
1751306119.7159255,-1.6726300716400146,1.3770878314971924,-0.3576032817363739,-0.8620608448982239
1751306119.73595,-1.6947880983352661,1.3843439817428589,-0.3638843595981598,-0.8698306679725647
1751306119.7459419,-1.7174975872039795,1.3915237188339233,-0.3700178265571594,-0.8776334524154663
1751306119.765921,-1.74031662940979,1.398090124130249,-0.3758249878883362,-0.8853687644004822
1751306119.7859223,-1.763140082359314,1.4040725231170654,-0.38131198287010193,-0.8929621577262878
1751306119.7959256,-1.7750297784805298,1.4068608283996582,-0.38390374183654785,-0.8966374397277832
1751306119.8059332,-1.7983119487762451,1.411782145500183,-0.3888167142868042,-0.9037860035896301
1751306119.825927,-1.821647047996521,1.4160797595977783,-0.3933260440826416,-0.9104951620101929
1751306119.8459153,-1.8452216386795044,1.419403314590454,-0.3971635699272156,-0.9164930582046509
1751306119.8559256,-1.8687102794647217,1.422468662261963,-0.40033912658691406,-0.9214566349983215
1751306119.8759146,-1.8805915117263794,1.4237854480743408,-0.4016587436199188,-0.9235012531280518
1751306119.8859415,-1.9165183305740356,1.4262847900390625,-0.4047040641307831,-0.9282938241958618
1751306119.9059222,-1.928257703781128,1.4268157482147217,-0.4053882956504822,-0.9294155836105347
1751306119.9159477,-1.9525153636932373,1.4278560876846313,-0.40630802512168884,-0.9310586452484131
1751306119.935948,-1.9775125980377197,1.4270408153533936,-0.4067995250225067,-0.9319581985473633
1751306119.9459357,-1.9996976852416992,1.4274907112121582,-0.406866192817688,-0.9320794343948364
1751306119.9659123,-2.023123264312744,1.4265027046203613,-0.40664151310920715,-0.9316244125366211
1751306119.985899,-2.046832799911499,1.4251132011413574,-0.4062719941139221,-0.930920422077179
1751306119.9959588,-2.070727825164795,1.4228944778442383,-0.40578436851501465,-0.9301009178161621
1751306120.015929,-2.0947976112365723,1.4198408126831055,-0.40525779128074646,-0.9292981028556824
1751306120.0259602,-2.1064679622650146,1.4185006618499756,-0.40500953793525696,-0.9289572834968567
1751306120.0459745,-2.141464948654175,1.4122982025146484,-0.4046936333179474,-0.928314745426178
1751306120.0560606,-2.153154134750366,1.4098933935165405,-0.40468624234199524,-0.928250253200531
1751306120.075972,-2.176239013671875,1.4049865007400513,-0.4046970307826996,-0.928281843662262
1751306120.0861857,-2.199204444885254,1.3991037607192993,-0.4047102630138397,-0.9284155964851379
1751306120.1060214,-2.2222707271575928,1.3926029205322266,-0.4047454297542572,-0.9284805059432983
1751306120.1160588,-2.2333836555480957,1.3891444206237793,-0.4047880172729492,-0.9285072088241577
1751306120.1360867,-2.255445718765259,1.3818713426589966,-0.40485700964927673,-0.9285447001457214
1751306120.1559224,-2.278200149536133,1.3743478059768677,-0.40487924218177795,-0.9285512566566467
1751306120.1659455,-2.2997589111328125,1.3653643131256104,-0.4048265516757965,-0.9285832643508911
1751306120.1860113,-2.320720672607422,1.356882095336914,-0.404828816652298,-0.9285609126091003
1751306120.195936,-2.3420658111572266,1.3475258350372314,-0.40484073758125305,-0.9285738468170166
1751306120.2161152,-2.364196300506592,1.337153434753418,-0.4048520624637604,-0.9285582900047302
1751306120.2259371,-2.374741792678833,1.3318716287612915,-0.4048479199409485,-0.928565502166748
1751306120.2459679,-2.40529727935791,1.314993977546692,-0.40483030676841736,-0.9285780191421509
1751306120.2561924,-2.415449380874634,1.3090200424194336,-0.40483638644218445,-0.9285677075386047
1751306120.2759323,-2.4360578060150146,1.296805500984192,-0.40484294295310974,-0.9285897612571716
1751306120.2959344,-2.455980062484741,1.2842161655426025,-0.40484869480133057,-0.9285841584205627
1751306120.306546,-2.4753007888793945,1.2708723545074463,-0.4048444330692291,-0.9285697937011719
1751306120.3259687,-2.4948832988739014,1.2572824954986572,-0.40483754873275757,-0.9285959601402283
1751306120.3362687,-2.5134196281433105,1.2432224750518799,-0.4048498272895813,-0.9285615086555481
1751306120.3660927,-2.5323243141174316,1.2282898426055908,-0.404850035905838,-0.9285873770713806
1751306120.366206,-2.541531562805176,1.220693588256836,-0.40485498309135437,-0.928582489490509
1751306120.3860648,-2.56703519821167,1.1981319189071655,-0.4048510193824768,-0.9285724759101868
1751306120.4059415,-2.5756828784942627,1.1905615329742432,-0.40484756231307983,-0.9285934567451477
1751306120.4160435,-2.5922999382019043,1.17551851272583,-0.40485888719558716,-0.928586483001709
1751306120.4359365,-2.6075282096862793,1.1607537269592285,-0.40486422181129456,-0.9285958409309387
1751306120.4459825,-2.620981454849243,1.1471233367919922,-0.40486079454421997,-0.9285871386528015
1751306120.46592,-2.634477138519287,1.134350299835205,-0.4048585891723633,-0.9285836815834045
1751306120.475939,-2.6474714279174805,1.1228384971618652,-0.40485677123069763,-0.9285761713981628
1751306120.4959178,-2.6592841148376465,1.1124235391616821,-0.4048560559749603,-0.9285871386528015
1751306120.5159345,-2.6708388328552246,1.1030007600784302,-0.4048547148704529,-0.928570568561554
1751306120.526156,-2.6764004230499268,1.098567247390747,-0.4048568904399872,-0.9285760521888733
1751306120.54591,-2.6867897510528564,1.0905482769012451,-0.4048691391944885,-0.9285743236541748
1751306120.5559301,-2.696546792984009,1.0834075212478638,-0.40485361218452454,-0.9285667538642883
1751306120.5759287,-2.7049858570098877,1.0769975185394287,-0.4048606753349304,-0.9285681843757629
1751306120.5859184,-2.7129852771759033,1.0712984800338745,-0.40487372875213623,-0.928568959236145
1751306120.6059036,-2.7194483280181885,1.066443681716919,-0.4048633277416229,-0.928583562374115
1751306120.625915,-2.7252237796783447,1.0625078678131104,-0.4048742949962616,-0.9285674691200256
1751306120.635947,-2.730646848678589,1.0590250492095947,-0.40487033128738403,-0.9285804033279419
1751306120.6559756,-2.733160972595215,1.0571874380111694,-0.4048765003681183,-0.9285879135131836
1751306120.6659338,-2.737769842147827,1.053722620010376,-0.4048691987991333,-0.9285682439804077
1751306120.6859124,-2.744147300720215,1.048767328262329,-0.40486449003219604,-0.9285911321640015
1751306120.7059302,-2.746458053588867,1.047264575958252,-0.4048818051815033,-0.9285745620727539
1751306120.7159264,-2.750739336013794,1.0443001985549927,-0.4048745036125183,-0.9285700917243958
1751306120.7360198,-2.754380226135254,1.0414748191833496,-0.40488186478614807,-0.9285871982574463
1751306120.746002,-2.756197690963745,1.0403765439987183,-0.40487849712371826,-0.9285690784454346
1751306120.7660227,-2.7612719535827637,1.0368506908416748,-0.4048733413219452,-0.9285818934440613
1751306120.775981,-2.7626562118530273,1.0356988906860352,-0.40488141775131226,-0.9285796880722046
1751306120.7960458,-2.7667837142944336,1.0327999591827393,-0.4048580527305603,-0.9286246299743652
1751306120.8059971,-2.7682957649230957,1.0319757461547852,-0.4048607349395752,-0.9286207556724548
1751306120.8260045,-2.7709453105926514,1.0304797887802124,-0.4048686623573303,-0.928611159324646
1751306120.8460014,-2.772351026535034,1.029078483581543,-0.40486931800842285,-0.9286220669746399
1751306120.8559768,-2.773634195327759,1.0281020402908325,-0.40486231446266174,-0.9286090135574341
1751306120.8759778,-2.7753870487213135,1.0271261930465698,-0.4048604667186737,-0.9286148548126221
1751306120.885915,-2.7762136459350586,1.026729702949524,-0.4048672616481781,-0.9286059141159058
1751306120.905886,-2.7769618034362793,1.0261858701705933,-0.40486210584640503,-0.9286147356033325
1751306120.915939,-2.777499198913574,1.0257859230041504,-0.4048669934272766,-0.9286198616027832
1751306120.9359114,-2.777604341506958,1.0255138874053955,-0.40486854314804077,-0.9286137819290161
1751306120.9459102,-2.7776288986206055,1.025394320487976,-0.40486037731170654,-0.9286036491394043
1751306120.9659255,-2.7775375843048096,1.0255147218704224,-0.4048551321029663,-0.928613543510437
1751306120.9759226,-2.7771859169006348,1.025820255279541,-0.4048677980899811,-0.9286109209060669
1751306120.9959428,-2.7768349647521973,1.0260223150253296,-0.4048667550086975,-0.9286071062088013
1751306121.0059304,-2.7761871814727783,1.0264198780059814,-0.4048598110675812,-0.9286194443702698
1751306121.025953,-2.775515556335449,1.0268751382827759,-0.404865026473999,-0.9286049008369446
1751306121.045914,-2.774879217147827,1.0273362398147583,-0.4048568606376648,-0.9286247491836548
1751306121.0559747,-2.773937225341797,1.027807593345642,-0.4048711657524109,-0.9286226630210876
1751306121.0759432,-2.773146390914917,1.0283654928207397,-0.40486621856689453,-0.9286115765571594
1751306121.0859318,-2.7725160121917725,1.0288141965866089,-0.4048548638820648,-0.9286305904388428
1751306121.105946,-2.7721729278564453,1.0290447473526,-0.40486258268356323,-0.9286208748817444
1751306121.115929,-2.771568775177002,1.0294809341430664,-0.4048749506473541,-0.9286116361618042
1751306121.1359296,-2.770843982696533,1.0298733711242676,-0.40486159920692444,-0.928628146648407
1751306121.155924,-2.7702057361602783,1.0303926467895508,-0.4048672616481781,-0.92861008644104
1751306121.1659224,-2.769639253616333,1.0308045148849487,-0.404858261346817,-0.928617000579834
1751306121.185914,-2.7692198753356934,1.0311951637268066,-0.4048720598220825,-0.9286033511161804
1751306121.1959279,-2.7689568996429443,1.0315330028533936,-0.40486839413642883,-0.9286237955093384
1751306121.2159138,-2.7685353755950928,1.0318331718444824,-0.40486252307891846,-0.9286217093467712
1751306121.2359173,-2.768021821975708,1.0321760177612305,-0.40486836433410645,-0.9286145567893982
1751306121.2459228,-2.767871379852295,1.0322145223617554,-0.40486621856689453,-0.9286349415779114
1751306121.2559526,-2.7673792839050293,1.0325453281402588,-0.40488430857658386,-0.9286113977432251
1751306121.2759178,-2.7671360969543457,1.0327976942062378,-0.4048670530319214,-0.928617537021637
1751306121.2959614,-2.7665364742279053,1.0330325365066528,-0.4048755466938019,-0.9286091923713684
1751306121.3159318,-2.7663934230804443,1.033091425895691,-0.40486279129981995,-0.9286118149757385
1751306121.325921,-2.766383171081543,1.033094882965088,-0.4048706591129303,-0.9286253452301025
1751306121.345919,-2.766249179840088,1.0332396030426025,-0.4048706889152527,-0.9286141991615295
1751306121.355973,-2.7661287784576416,1.0332560539245605,-0.4048658609390259,-0.9286201000213623
1751306121.3759885,-2.7660999298095703,1.0332887172698975,-0.4048866033554077,-0.9286279082298279
1751306121.3859472,-2.766201972961426,1.033217430114746,-0.4048663079738617,-0.9286112785339355
1751306121.4059215,-2.7663276195526123,1.0331192016601562,-0.40486928820610046,-0.9286341071128845
1751306121.4259193,-2.766188144683838,1.033209204673767,-0.4048753082752228,-0.9286222457885742
1751306121.4359293,-2.7663233280181885,1.0331438779830933,-0.40486741065979004,-0.9286175966262817
1751306121.446242,-2.766580820083618,1.0331106185913086,-0.40487924218177795,-0.928618311882019
1751306121.465922,-2.766589641571045,1.0330957174301147,-0.40487077832221985,-0.9286181330680847
1751306121.4859118,-2.76658034324646,1.0331289768218994,-0.4048565924167633,-0.928627073764801
1751306121.4959993,-2.7664988040924072,1.0331271886825562,-0.4048629701137543,-0.9286137223243713
1751306121.5159152,-2.7665305137634277,1.0330787897109985,-0.40487149357795715,-0.9286075234413147
1751306121.525914,-2.766757011413574,1.0329878330230713,-0.40486836433410645,-0.92862868309021
1751306121.5459476,-2.766848087310791,1.0329536199569702,-0.40486645698547363,-0.9286115169525146
1751306121.5659077,-2.7668182849884033,1.0329866409301758,-0.40486952662467957,-0.9286096692085266
1751306121.575938,-2.7668540477752686,1.032987117767334,-0.4048702120780945,-0.9286165237426758
1751306121.5859382,-2.7668471336364746,1.0329514741897583,-0.4048804044723511,-0.9286062717437744
1751306121.6059084,-2.7668869495391846,1.0329234600067139,-0.4048650562763214,-0.9286080598831177
1751306121.6159573,-2.76686954498291,1.0329612493515015,-0.4048694670200348,-0.9286172986030579
1751306121.6359525,-2.766754150390625,1.0330543518066406,-0.4048577845096588,-0.9286033511161804
1751306121.6559339,-2.7666733264923096,1.0330655574798584,-0.40485820174217224,-0.9286101460456848
1751306121.6659355,-2.766606092453003,1.0331470966339111,-0.4048672914505005,-0.9286086559295654
1751306121.685958,-2.766655683517456,1.0331467390060425,-0.40485963225364685,-0.9286126494407654
1751306121.695954,-2.766634225845337,1.0331369638442993,-0.4048687815666199,-0.9286224246025085
1751306121.715942,-2.766493558883667,1.0331085920333862,-0.4048760235309601,-0.9286080002784729
1751306121.7259915,-2.7664527893066406,1.033095121383667,-0.4048639237880707,-0.9286136031150818
1751306121.7459085,-2.7663636207580566,1.0332131385803223,-0.40487349033355713,-0.9286060333251953
1751306121.755922,-2.7664053440093994,1.033190131187439,-0.4048686921596527,-0.9286038279533386
1751306121.775943,-2.766408681869507,1.033205270767212,-0.4048697352409363,-0.928617537021637
1751306121.7959228,-2.7664313316345215,1.0331928730010986,-0.4048660397529602,-0.9286003112792969
1751306121.80595,-2.766474485397339,1.0331470966339111,-0.4048614203929901,-0.9286112785339355
1751306121.8259213,-2.766404151916504,1.0332056283950806,-0.4048708379268646,-0.9286052584648132
1751306121.8458793,-2.7665114402770996,1.0330969095230103,-0.4048584997653961,-0.9286175966262817
1751306121.8559427,-2.7663943767547607,1.0331655740737915,-0.4048647880554199,-0.9285949468612671
1751306121.8759394,-2.766395330429077,1.0331662893295288,-0.40486228466033936,-0.9286085963249207
1751306121.885933,-2.76640248298645,1.0331686735153198,-0.4048656225204468,-0.9286014437675476
1751306121.9059427,-2.766340494155884,1.0331684350967407,-0.40486574172973633,-0.9286001920700073
1751306121.915942,-2.7664103507995605,1.0331369638442993,-0.4048609435558319,-0.9286041259765625
1751306121.9359643,-2.766303539276123,1.033220648765564,-0.40487003326416016,-0.9286128282546997
1751306121.955988,-2.7663326263427734,1.033125400543213,-0.40486520528793335,-0.9286078214645386
1751306121.9664297,-2.7665035724639893,1.0330554246902466,-0.40486809611320496,-0.9286202192306519
1751306121.98588,-2.766352653503418,1.0331122875213623,-0.40486234426498413,-0.9286118745803833
1751306121.9959354,-2.7663748264312744,1.0330795049667358,-0.4048607051372528,-0.9286065101623535
1751306122.01592,-2.766317129135132,1.0331518650054932,-0.40487176179885864,-0.9286193251609802
1751306122.0259233,-2.766327142715454,1.0331227779388428,-0.40487781167030334,-0.9286026358604431
1751306122.0458949,-2.7663683891296387,1.033116340637207,-0.40486469864845276,-0.9286094307899475
1751306122.0659149,-2.766387462615967,1.0330967903137207,-0.4048649072647095,-0.928615152835846
1751306122.0759337,-2.7664198875427246,1.033082365989685,-0.4048588275909424,-0.9286065101623535
1751306122.0860445,-2.766338586807251,1.0331435203552246,-0.4048684537410736,-0.9286056756973267
1751306122.1059682,-2.7662863731384277,1.0331766605377197,-0.4048611521720886,-0.9286128878593445
1751306122.1259391,-2.7662527561187744,1.0331701040267944,-0.40486449003219604,-0.9286078214645386
1751306122.1359699,-2.7663402557373047,1.0331313610076904,-0.404873788356781,-0.9286147952079773
1751306122.1559584,-2.766361713409424,1.0331755876541138,-0.4048786759376526,-0.9286019802093506
1751306122.1659606,-2.7663180828094482,1.0331616401672363,-0.40486839413642883,-0.9286068081855774
1751306122.1859493,-2.766306161880493,1.033154010772705,-0.40487658977508545,-0.9285922050476074
1751306122.2059298,-2.766319751739502,1.033139705657959,-0.4048752188682556,-0.9286057353019714
1751306122.2159903,-2.7663817405700684,1.0331132411956787,-0.4048668444156647,-0.9286155104637146
1751306122.235926,-2.766106605529785,1.0331850051879883,-0.40486112236976624,-0.9285908341407776
1751306122.245926,-2.7661592960357666,1.033151626586914,-0.4048612117767334,-0.928608775138855
1751306122.265931,-2.7662198543548584,1.0332378149032593,-0.4048706293106079,-0.9285948872566223
1751306122.2759268,-2.7663259506225586,1.0331969261169434,-0.4048660099506378,-0.928602397441864
1751306122.2959487,-2.7664477825164795,1.0331387519836426,-0.40487372875213623,-0.9286032319068909
1751306122.315996,-2.766336441040039,1.033179521560669,-0.4048653841018677,-0.9285956621170044
1751306122.3259258,-2.7663633823394775,1.0330824851989746,-0.4048721194267273,-0.9286131262779236
1751306122.3359244,-2.7662198543548584,1.0332127809524536,-0.40487149357795715,-0.9286025166511536
1751306122.3559115,-2.766298532485962,1.0331525802612305,-0.404850572347641,-0.9286118745803833
1751306122.375911,-2.7663261890411377,1.033156156539917,-0.4048716723918915,-0.9286105036735535
1751306122.38595,-2.766240119934082,1.033229947090149,-0.4048702120780945,-0.928595781326294
1751306122.4059155,-2.766347646713257,1.033128261566162,-0.4048709273338318,-0.9286068677902222
1751306122.4159455,-2.766355514526367,1.0331062078475952,-0.40486764907836914,-0.9286112189292908
1751306122.435921,-2.766252040863037,1.0331143140792847,-0.404869019985199,-0.9286035299301147
1751306122.4459426,-2.7663350105285645,1.0331294536590576,-0.4048699736595154,-0.9286007285118103
1751306122.4659102,-2.766280174255371,1.033130168914795,-0.4048682451248169,-0.9286167621612549
1751306122.4859297,-2.7663867473602295,1.0331544876098633,-0.4048728942871094,-0.9286071062088013
1751306122.4959397,-2.7663581371307373,1.0331436395645142,-0.40487489104270935,-0.9286094903945923
1751306122.5159717,-2.7664003372192383,1.0331151485443115,-0.4048747718334198,-0.9286043643951416
1751306122.5359557,-2.7664058208465576,1.0331480503082275,-0.40487197041511536,-0.9286155700683594
1751306122.5459697,-2.766369581222534,1.0331480503082275,-0.4048631191253662,-0.9286086559295654
1751306122.5559976,-2.766291379928589,1.033137559890747,-0.40486979484558105,-0.9286036491394043
1751306122.5759327,-2.7663629055023193,1.0331040620803833,-0.40486761927604675,-0.9286140203475952
1751306122.5859828,-2.766340732574463,1.033167839050293,-0.4048645496368408,-0.9286066293716431
1751306122.6061559,-2.7663280963897705,1.0331783294677734,-0.40487104654312134,-0.9286112189292908
1751306122.6263964,-2.766216993331909,1.033189058303833,-0.40488365292549133,-0.928604245185852
1751306122.6364603,-2.7662582397460938,1.03318190574646,-0.4048798680305481,-0.9286028742790222
1751306122.6559174,-2.7663238048553467,1.0331813097000122,-0.4048682451248169,-0.9286124110221863
1751306122.6659522,-2.7662229537963867,1.03315007686615,-0.40487557649612427,-0.9286037087440491
1751306122.68592,-2.7662627696990967,1.0332084894180298,-0.40487393736839294,-0.9286119937896729
1751306122.6965635,-2.766249895095825,1.033150553703308,-0.40488484501838684,-0.92861407995224
1751306122.7159286,-2.7662875652313232,1.0332543849945068,-0.40487056970596313,-0.928608238697052
1751306122.7359357,-2.766362190246582,1.0331697463989258,-0.4048755466938019,-0.9286146759986877
1751306122.7459455,-2.7662456035614014,1.0332159996032715,-0.40488651394844055,-0.9285992980003357
1751306122.755944,-2.7662179470062256,1.033218264579773,-0.40488314628601074,-0.9286066889762878
1751306122.7761717,-2.7662672996520996,1.0331751108169556,-0.4048680365085602,-0.9286206960678101
1751306122.795925,-2.7662124633789062,1.033202052116394,-0.40487396717071533,-0.9285957217216492
1751306122.805921,-2.7662594318389893,1.0331079959869385,-0.4048638343811035,-0.9286231994628906
1751306122.8259423,-2.76615571975708,1.0331956148147583,-0.40487921237945557,-0.9286040663719177
1751306122.8459456,-2.76627254486084,1.0331388711929321,-0.40486541390419006,-0.9286074638366699
1751306122.855928,-2.7663979530334473,1.0331205129623413,-0.4048713147640228,-0.9286215305328369
1751306122.8759139,-2.7663495540618896,1.0331425666809082,-0.4048668146133423,-0.9286091327667236
1751306122.8859138,-2.7663955688476562,1.033085584640503,-0.4048636853694916,-0.9286178350448608
1751306122.9059157,-2.7663652896881104,1.0331529378890991,-0.40486547350883484,-0.9286106824874878
1751306122.9159431,-2.7662556171417236,1.033122181892395,-0.40485909581184387,-0.9286103248596191
1751306122.935918,-2.7663111686706543,1.0331153869628906,-0.404878705739975,-0.9286120533943176
1751306122.9559345,-2.7662127017974854,1.0331907272338867,-0.4048619568347931,-0.9286240935325623
1751306122.9659479,-2.766336679458618,1.0331737995147705,-0.40486735105514526,-0.9286129474639893
1751306122.985937,-2.7661373615264893,1.0332021713256836,-0.4048628807067871,-0.9286147356033325
1751306122.99592,-2.766209602355957,1.0332125425338745,-0.40485262870788574,-0.9286096096038818
1751306123.015935,-2.7661783695220947,1.0332136154174805,-0.40485015511512756,-0.9286222457885742
1751306123.0259686,-2.7662594318389893,1.033187985420227,-0.4048615097999573,-0.9286091923713684
1751306123.045927,-2.7662901878356934,1.0331608057022095,-0.4048599302768707,-0.9286039471626282
1751306123.0559275,-2.7662277221679688,1.0331562757492065,-0.40485596656799316,-0.9286167025566101
1751306123.0759203,-2.766118049621582,1.0332530736923218,-0.4048711657524109,-0.9286093711853027
1751306123.0859358,-2.7661237716674805,1.0332598686218262,-0.4048731029033661,-0.9286094307899475
1751306123.1059277,-2.7661514282226562,1.0332399606704712,-0.4048684239387512,-0.9286110401153564
1751306123.1259487,-2.7661502361297607,1.0332473516464233,-0.40487217903137207,-0.9286037087440491
1751306123.1360023,-2.766240119934082,1.033166766166687,-0.404867023229599,-0.9286224842071533
1751306123.1559172,-2.7663662433624268,1.0331475734710693,-0.4048794209957123,-0.9286073446273804
1751306123.1759288,-2.7663893699645996,1.0331048965454102,-0.40486714243888855,-0.9286262392997742
1751306123.1859374,-2.7663464546203613,1.0331523418426514,-0.4048612415790558,-0.9286280870437622
1751306123.205976,-2.76627516746521,1.0332067012786865,-0.40486785769462585,-0.9286127090454102
1751306123.2161806,-2.766465425491333,1.0331214666366577,-0.40486782789230347,-0.9286283254623413
1751306123.2361236,-2.766510248184204,1.0332244634628296,-0.4048747718334198,-0.9286081790924072
1751306123.2459636,-2.766615867614746,1.0331658124923706,-0.4048592746257782,-0.9286094903945923
1751306123.2659562,-2.7663516998291016,1.033108115196228,-0.4048623740673065,-0.9286264777183533
1751306123.2759447,-2.766230583190918,1.0332061052322388,-0.4048660695552826,-0.9286131858825684
1751306123.2959268,-2.766317844390869,1.0331547260284424,-0.404861181974411,-0.928619384765625
1751306123.3059437,-2.766319990158081,1.0331698656082153,-0.40486472845077515,-0.9286175966262817
1751306123.3259072,-2.7664661407470703,1.0330617427825928,-0.4048636257648468,-0.9286268949508667
1751306123.3459203,-2.7662758827209473,1.0331846475601196,-0.4048715829849243,-0.9286284446716309
1751306123.355932,-2.7661585807800293,1.0332002639770508,-0.40485814213752747,-0.9286095499992371
1751306123.3759296,-2.7662768363952637,1.033164143562317,-0.4048523008823395,-0.9286261796951294
1751306123.395912,-2.7661781311035156,1.0332368612289429,-0.4048640727996826,-0.9286096096038818
1751306123.4059267,-2.766225576400757,1.0331710577011108,-0.4048560857772827,-0.9286157488822937
1751306123.4259176,-2.7662830352783203,1.0332051515579224,-0.4048689901828766,-0.9286087155342102
1751306123.4359484,-2.7661938667297363,1.0332423448562622,-0.40486523509025574,-0.9286098480224609
1751306123.4559577,-2.7662980556488037,1.033171534538269,-0.4048531651496887,-0.9286187291145325
1751306123.4659557,-2.7662911415100098,1.0331536531448364,-0.40486642718315125,-0.9286105036735535
1751306123.4859385,-2.7662038803100586,1.033234715461731,-0.404858261346817,-0.9286165833473206
1751306123.4959247,-2.7661986351013184,1.0332026481628418,-0.4048541188240051,-0.928622841835022
1751306123.51593,-2.766192674636841,1.0331990718841553,-0.4048531651496887,-0.928604781627655
1751306123.5359054,-2.7662899494171143,1.0332061052322388,-0.40485936403274536,-0.9286220073699951
1751306123.545971,-2.7662689685821533,1.0331822633743286,-0.4048651158809662,-0.9286264181137085
1751306123.5559573,-2.7661795616149902,1.0332030057907104,-0.4048662781715393,-0.9285976886749268
1751306123.5759258,-2.7662179470062256,1.033203125,-0.40485134720802307,-0.9286292791366577
1751306123.5859473,-2.7661452293395996,1.0332002639770508,-0.4048522114753723,-0.9286108613014221
1751306123.6059058,-2.766174554824829,1.0332435369491577,-0.40486398339271545,-0.9286067485809326
1751306123.625934,-2.7661993503570557,1.0331672430038452,-0.40485215187072754,-0.9286197423934937
1751306123.635946,-2.766181230545044,1.0331894159317017,-0.40485548973083496,-0.9286041855812073
1751306123.6559556,-2.766216516494751,1.0332088470458984,-0.4048484265804291,-0.9286088943481445
1751306123.665961,-2.766180992126465,1.0332343578338623,-0.404866099357605,-0.9286243319511414
1751306123.6859713,-2.76609468460083,1.0332822799682617,-0.40485426783561707,-0.9285980463027954
1751306123.6965256,-2.766273021697998,1.0331600904464722,-0.40485256910324097,-0.9286233186721802
1751306123.7159252,-2.766040802001953,1.0333510637283325,-0.4048649072647095,-0.9285973310470581
1751306123.7359455,-2.7661471366882324,1.0332021713256836,-0.40485620498657227,-0.9286202192306519
1751306123.7462986,-2.766225814819336,1.033207893371582,-0.4048549234867096,-0.9286242723464966
1751306123.7659142,-2.7660696506500244,1.033327579498291,-0.4048680067062378,-0.9286000728607178
1751306123.7759447,-2.7662312984466553,1.0331599712371826,-0.40484490990638733,-0.9286136031150818
1751306123.795928,-2.7662174701690674,1.033224105834961,-0.40486040711402893,-0.9285997748374939
1751306123.815914,-2.766209125518799,1.0332173109054565,-0.40485867857933044,-0.9286285638809204
1751306123.8259304,-2.7661898136138916,1.0332534313201904,-0.4048616588115692,-0.9286096096038818
1751306123.8459156,-2.76611328125,1.033259630203247,-0.4048460125923157,-0.9286062717437744
1751306123.855959,-2.7662360668182373,1.03319251537323,-0.40485328435897827,-0.9286181330680847
1751306123.865951,-2.766140937805176,1.0332483053207397,-0.4048575162887573,-0.9286060333251953
1751306123.8859158,-2.766068458557129,1.0332238674163818,-0.40484943985939026,-0.9286252856254578
1751306123.9059381,-2.766226291656494,1.033245325088501,-0.4048755168914795,-0.9286199808120728
1751306123.9159555,-2.7661962509155273,1.033246636390686,-0.4048479497432709,-0.9286102056503296
1751306123.935912,-2.7662131786346436,1.0331603288650513,-0.4048716723918915,-0.9286167621612549
1751306123.9459858,-2.7662553787231445,1.0331904888153076,-0.40486854314804077,-0.928627073764801
1751306123.9659276,-2.7661547660827637,1.0332088470458984,-0.4048546254634857,-0.9286043643951416
1751306123.9859276,-2.7662417888641357,1.033191442489624,-0.40485668182373047,-0.9286187291145325
1751306124.005909,-2.7662434577941895,1.0331681966781616,-0.4048648774623871,-0.9286088943481445
1751306124.0159326,-2.766129493713379,1.0332584381103516,-0.40485501289367676,-0.9286126494407654
1751306124.0259635,-2.7661092281341553,1.0332602262496948,-0.4048656225204468,-0.9286133050918579
1751306124.0459495,-2.7662720680236816,1.0331761837005615,-0.40485936403274536,-0.9286126494407654
1751306124.0559616,-2.766108512878418,1.0332056283950806,-0.404866486787796,-0.9286094903945923
1751306124.0759614,-2.7662651538848877,1.033212661743164,-0.4048750400543213,-0.9286233186721802
1751306124.0859776,-2.76613187789917,1.0332822799682617,-0.4048590362071991,-0.9286015033721924
1751306124.1059675,-2.7662148475646973,1.033216953277588,-0.40486425161361694,-0.9286162853240967
1751306124.1159487,-2.766256332397461,1.0332064628601074,-0.4048674404621124,-0.9286221861839294
1751306124.136016,-2.766059398651123,1.0332391262054443,-0.40485936403274536,-0.9286215305328369
1751306124.1559644,-2.7660703659057617,1.0332900285720825,-0.40488046407699585,-0.9286104440689087
1751306124.1659472,-2.7660324573516846,1.0332884788513184,-0.4048662781715393,-0.9286017417907715
1751306124.1859505,-2.766099452972412,1.0332303047180176,-0.40486299991607666,-0.9286215901374817
1751306124.1959844,-2.766145944595337,1.0332187414169312,-0.4048762619495392,-0.9286057949066162
1751306124.2159178,-2.766094923019409,1.0332202911376953,-0.4048711955547333,-0.9286133050918579
1751306124.2359402,-2.766099691390991,1.033299207687378,-0.4048610031604767,-0.9286130666732788
1751306124.2459278,-2.7661967277526855,1.0332505702972412,-0.4048689305782318,-0.9286160469055176
1751306124.2659135,-2.766141653060913,1.0332320928573608,-0.4048568308353424,-0.9286163449287415
1751306124.275979,-2.7661640644073486,1.0332411527633667,-0.40486234426498413,-0.9286076426506042
1751306124.2959514,-2.7662904262542725,1.0331597328186035,-0.4048561453819275,-0.928619384765625
1751306124.30594,-2.7661683559417725,1.0332473516464233,-0.4048665761947632,-0.9285962581634521
1751306124.3259065,-2.766237735748291,1.0332366228103638,-0.4048498272895813,-0.9286284446716309
1751306124.335916,-2.766127347946167,1.0332759618759155,-0.40486347675323486,-0.9286176562309265
1751306124.3559341,-2.7660810947418213,1.033298134803772,-0.4048573076725006,-0.9286115765571594
1751306124.375919,-2.7661571502685547,1.0332286357879639,-0.4048548638820648,-0.9286196231842041
1751306124.385917,-2.7660906314849854,1.0333034992218018,-0.4048662781715393,-0.9285976886749268
1751306124.4059134,-2.766155481338501,1.0332385301589966,-0.4048644006252289,-0.9286173582077026
1751306124.415922,-2.766148805618286,1.033230185508728,-0.4048680067062378,-0.9286166429519653
1751306124.4359438,-2.7661538124084473,1.0332375764846802,-0.40486738085746765,-0.9286061525344849
1751306124.4560146,-2.766166925430298,1.033208966255188,-0.4048636555671692,-0.9286180734634399
1751306124.465967,-2.766021490097046,1.033279538154602,-0.4048643410205841,-0.9286062121391296
1751306124.4859693,-2.7662458419799805,1.0332225561141968,-0.40486615896224976,-0.9286192059516907
1751306124.4959326,-2.7662723064422607,1.0331870317459106,-0.4048600494861603,-0.9286074638366699
1751306124.5159442,-2.766079902648926,1.0332515239715576,-0.40487706661224365,-0.9286171197891235
1751306124.5259647,-2.766141653060913,1.033237338066101,-0.40487247705459595,-0.9286108613014221
1751306124.54594,-2.7662353515625,1.03324294090271,-0.40487754344940186,-0.9286144971847534
1751306124.556439,-2.766300916671753,1.0331792831420898,-0.4048701226711273,-0.9286073446273804
1751306124.5759149,-2.766261100769043,1.0332319736480713,-0.4048785865306854,-0.9286085963249207
1751306124.585919,-2.7661874294281006,1.03326416015625,-0.4048670530319214,-0.9286108613014221
1751306124.6058898,-2.7661895751953125,1.0332494974136353,-0.4048725962638855,-0.9286171197891235
1751306124.625913,-2.7661876678466797,1.0331951379776,-0.40486589074134827,-0.9286219477653503
1751306124.6359098,-2.766188621520996,1.0332871675491333,-0.4048832058906555,-0.9286035299301147
1751306124.6559238,-2.7662291526794434,1.0332493782043457,-0.404875785112381,-0.928620457649231
1751306124.66595,-2.7661800384521484,1.0332682132720947,-0.4048663377761841,-0.9286176562309265
1751306124.6859384,-2.7661850452423096,1.0332683324813843,-0.4048660695552826,-0.9286062717437744
1751306124.6959345,-2.766207695007324,1.0332332849502563,-0.40486881136894226,-0.9286253452301025
1751306124.7159736,-2.7661356925964355,1.033305048942566,-0.40487533807754517,-0.9286062121391296
1751306124.7359052,-2.766174793243408,1.0332213640213013,-0.4048616588115692,-0.928621232509613
1751306124.745935,-2.7662177085876465,1.0332517623901367,-0.40485435724258423,-0.9286307096481323
1751306124.7659771,-2.766098737716675,1.0333350896835327,-0.40486252307891846,-0.9286061525344849
1751306124.7759993,-2.7661051750183105,1.0332603454589844,-0.4048627018928528,-0.9286301136016846
1751306124.79594,-2.7660906314849854,1.033296823501587,-0.40486961603164673,-0.9285941123962402
1751306124.8059661,-2.7661421298980713,1.0332096815109253,-0.4048696756362915,-0.9286123514175415
1751306124.825939,-2.766204833984375,1.0332446098327637,-0.40486645698547363,-0.9286118745803833
1751306124.84598,-2.7659828662872314,1.0333538055419922,-0.4048862159252167,-0.9286003708839417
1751306124.8565536,-2.766101837158203,1.0332739353179932,-0.4048619866371155,-0.928617000579834
1751306124.8659263,-2.766080617904663,1.0333154201507568,-0.40487149357795715,-0.9286075234413147
1751306124.8859227,-2.766033172607422,1.033289909362793,-0.40485838055610657,-0.928604781627655
1751306124.9066477,-2.7661736011505127,1.033263921737671,-0.4048764109611511,-0.928620457649231
1751306124.9164898,-2.766023635864258,1.0333577394485474,-0.4048546850681305,-0.9286065697669983
1751306124.93592,-2.7661545276641846,1.0332515239715576,-0.4048634171485901,-0.928620457649231
1751306124.945928,-2.766026735305786,1.0332939624786377,-0.40486258268356323,-0.9285962581634521
1751306124.9659402,-2.7663333415985107,1.0331381559371948,-0.4048665463924408,-0.9286125898361206
1751306124.975963,-2.76636004447937,1.0331755876541138,-0.40487807989120483,-0.9286156296730042
1751306124.995973,-2.766059398651123,1.0333406925201416,-0.4048592150211334,-0.9285973906517029
1751306125.0159194,-2.766078472137451,1.0332505702972412,-0.4048652946949005,-0.9286059737205505
1751306125.0259209,-2.766343832015991,1.0331603288650513,-0.4048580825328827,-0.9286127686500549
1751306125.0459545,-2.7662744522094727,1.033200979232788,-0.40486693382263184,-0.9286011457443237
1751306125.055931,-2.766139507293701,1.0333002805709839,-0.4048600494861603,-0.9286168813705444
1751306125.075942,-2.765967845916748,1.033347249031067,-0.4048653244972229,-0.9286031723022461
1751306125.0959513,-2.766164779663086,1.0332756042480469,-0.4048656225204468,-0.928598165512085
1751306125.1059532,-2.7661406993865967,1.033276081085205,-0.40486830472946167,-0.9286113977432251
1751306125.1159816,-2.766023635864258,1.033334493637085,-0.4048667848110199,-0.9286085367202759
1751306125.1359541,-2.7661426067352295,1.0332461595535278,-0.4048572778701782,-0.92861008644104
1751306125.1559653,-2.766185760498047,1.033258318901062,-0.4048517048358917,-0.9286067485809326
1751306125.1661747,-2.7661328315734863,1.0332947969436646,-0.4048708975315094,-0.9286072850227356
1751306125.1859105,-2.7661428451538086,1.033249855041504,-0.40485620498657227,-0.9286330938339233
1751306125.195922,-2.7661073207855225,1.0333093404769897,-0.40486589074134827,-0.9286051392555237
1751306125.2159102,-2.7662158012390137,1.0332319736480713,-0.4048541188240051,-0.9286098480224609
1751306125.2359104,-2.766148328781128,1.0332541465759277,-0.40487661957740784,-0.9286104440689087
1751306125.2459552,-2.766037940979004,1.0333218574523926,-0.40488049387931824,-0.9286080598831177
1751306125.265909,-2.766075849533081,1.033276915550232,-0.4048663079738617,-0.9286202192306519
1751306125.2859135,-2.7660269737243652,1.0333222150802612,-0.4048674702644348,-0.928593099117279
1751306125.2965739,-2.766079902648926,1.0332965850830078,-0.40485841035842896,-0.9286147356033325
1751306125.3059235,-2.7661662101745605,1.0332337617874146,-0.4048805236816406,-0.9286125898361206
1751306125.325944,-2.7660884857177734,1.0332467555999756,-0.4048704206943512,-0.9285991787910461
1751306125.3359308,-2.7662737369537354,1.0331838130950928,-0.40486374497413635,-0.9286162853240967
1751306125.3559089,-2.7660646438598633,1.0333092212677002,-0.4048709571361542,-0.9286053776741028
1751306125.3760018,-2.7661380767822266,1.0332642793655396,-0.404870867729187,-0.9285961985588074
1751306125.3859215,-2.766047239303589,1.0332973003387451,-0.4048634469509125,-0.9286219477653503
1751306125.4059083,-2.76599383354187,1.033273696899414,-0.4048462212085724,-0.9286038279533386
1751306125.4159265,-2.766120433807373,1.0332915782928467,-0.4048762619495392,-0.9286138415336609
1751306125.4359415,-2.766138792037964,1.0332415103912354,-0.4048740863800049,-0.9286050796508789
1751306125.4459593,-2.7661566734313965,1.0332592725753784,-0.40486687421798706,-0.9286056160926819
1751306125.4659185,-2.7661142349243164,1.0332597494125366,-0.40487009286880493,-0.928609311580658
1751306125.4859338,-2.7660555839538574,1.0332549810409546,-0.4048766791820526,-0.9286068677902222
1751306125.4959445,-2.766170024871826,1.0332581996917725,-0.40486690402030945,-0.9286131858825684
1751306125.5159419,-2.766141653060913,1.0332587957382202,-0.40487995743751526,-0.9286175966262817
1751306125.5259483,-2.766045093536377,1.0332658290863037,-0.40487611293792725,-0.9286043047904968
1751306125.5459337,-2.7661006450653076,1.033281683921814,-0.4048658311367035,-0.9286006093025208
1751306125.5559192,-2.766167163848877,1.0332566499710083,-0.4048890173435211,-0.9286147952079773
1751306125.5759232,-2.766139030456543,1.0332835912704468,-0.4048673212528229,-0.9285898208618164
1751306125.585921,-2.7661256790161133,1.0332863330841064,-0.40486615896224976,-0.9286233186721802
1751306125.615921,-2.7660741806030273,1.0333502292633057,-0.4048716723918915,-0.928589940071106
1751306125.6259422,-2.766008138656616,1.0333303213119507,-0.4048757553100586,-0.9286253452301025
1751306125.6359293,-2.7660770416259766,1.0333561897277832,-0.40487152338027954,-0.9286112189292908
1751306125.6559267,-2.76608943939209,1.033348560333252,-0.4048727750778198,-0.9286012053489685
1751306125.6659207,-2.7660415172576904,1.0333248376846313,-0.4048755168914795,-0.9286186695098877
1751306125.6859698,-2.7660810947418213,1.0333353281021118,-0.4048687517642975,-0.928600549697876
1751306125.705944,-2.7660038471221924,1.0333240032196045,-0.40486910939216614,-0.9286187887191772
1751306125.7159674,-2.7660574913024902,1.0333669185638428,-0.4048733711242676,-0.9286053776741028
1751306125.7359393,-2.76603364944458,1.0333129167556763,-0.40487849712371826,-0.9286101460456848
1751306125.745955,-2.7660820484161377,1.033288598060608,-0.40486404299736023,-0.928611695766449
1751306125.7659378,-2.7660303115844727,1.033347249031067,-0.4048820734024048,-0.9286041259765625
1751306125.775923,-2.7661325931549072,1.0333105325698853,-0.4048762321472168,-0.9286075234413147
1751306125.7959216,-2.7660768032073975,1.033353567123413,-0.4048749804496765,-0.9286062717437744
1751306125.8059323,-2.7660632133483887,1.0333468914031982,-0.40487146377563477,-0.9285919070243835
1751306125.8259194,-2.7660107612609863,1.033327579498291,-0.40486377477645874,-0.9286108016967773
1751306125.8459222,-2.7659175395965576,1.0333987474441528,-0.4048883616924286,-0.9285961985588074
1751306125.8559613,-2.7660324573516846,1.0333083868026733,-0.4048595726490021,-0.9285992383956909
1751306125.8759274,-2.766056537628174,1.0333428382873535,-0.4048760235309601,-0.9285941123962402
1751306125.8859284,-2.766233205795288,1.0331913232803345,-0.4048573076725006,-0.9286055564880371
1751306125.905932,-2.7661685943603516,1.0332558155059814,-0.4048828184604645,-0.9285994172096252
1751306125.9159694,-2.766017436981201,1.033341407775879,-0.40487346053123474,-0.9285935759544373
1751306125.93606,-2.7660393714904785,1.0332891941070557,-0.4048663377761841,-0.9286014437675476
1751306125.9459586,-2.766066789627075,1.033319354057312,-0.40488401055336,-0.9285964965820312
1751306125.9659493,-2.7660419940948486,1.0333346128463745,-0.404867023229599,-0.9285955429077148
1751306125.985962,-2.766045331954956,1.0333685874938965,-0.404867559671402,-0.9286035895347595
1751306125.9959197,-2.7660343647003174,1.0333259105682373,-0.4048607647418976,-0.9286075830459595
1751306126.0159123,-2.765984296798706,1.0333482027053833,-0.40487995743751526,-0.9285939335823059
1751306126.025923,-2.765967845916748,1.0333198308944702,-0.4048810601234436,-0.9286072850227356
1751306126.0459118,-2.766132116317749,1.0333781242370605,-0.4048788249492645,-0.928588330745697
1751306126.0560753,-2.766087532043457,1.0333449840545654,-0.4048677086830139,-0.9285935163497925
1751306126.075955,-2.7660439014434814,1.0333706140518188,-0.4048658609390259,-0.9286072850227356
1751306126.0959268,-2.766045331954956,1.033402919769287,-0.40487802028656006,-0.9285997152328491
1751306126.1059515,-2.766085624694824,1.0333017110824585,-0.40486276149749756,-0.928605854511261
1751306126.116056,-2.7660906314849854,1.0332828760147095,-0.4048768877983093,-0.9286075234413147
1751306126.135917,-2.7660651206970215,1.0333305597305298,-0.4048716425895691,-0.928600549697876
1751306126.1559138,-2.766108512878418,1.0333138704299927,-0.40487566590309143,-0.9286053776741028
1751306126.1659184,-2.7660021781921387,1.0333839654922485,-0.40488818287849426,-0.9285899996757507
1751306126.185905,-2.766049861907959,1.0333373546600342,-0.40485450625419617,-0.9286078214645386
1751306126.195933,-2.766007900238037,1.0334117412567139,-0.40488311648368835,-0.9285925626754761
1751306126.215916,-2.7661056518554688,1.0333329439163208,-0.40487876534461975,-0.9285998940467834
1751306126.235922,-2.7661306858062744,1.0333069562911987,-0.4048759937286377,-0.9286047220230103
1751306126.245953,-2.7659518718719482,1.0334292650222778,-0.4048725962638855,-0.9285889863967896
1751306126.2659092,-2.7660140991210938,1.0333268642425537,-0.40486302971839905,-0.9286128282546997
1751306126.2759187,-2.766096353530884,1.0333433151245117,-0.4048786461353302,-0.9285902976989746
1751306126.2959397,-2.766043186187744,1.0333584547042847,-0.4048706591129303,-0.9286208748817444
1751306126.3159175,-2.766028881072998,1.0333707332611084,-0.4048861861228943,-0.9286032915115356
1751306126.3259392,-2.766036033630371,1.0334107875823975,-0.40486031770706177,-0.928581953048706
1751306126.3459237,-2.7662057876586914,1.0332462787628174,-0.40488681197166443,-0.9286051392555237
1751306126.3559165,-2.7660458087921143,1.033349871635437,-0.4048655033111572,-0.9285917282104492
1751306126.37591,-2.7661025524139404,1.0333282947540283,-0.4048711955547333,-0.9286043643951416
1751306126.3859262,-2.7660577297210693,1.0333619117736816,-0.40488162636756897,-0.9286043047904968
1751306126.4059103,-2.7659897804260254,1.0333880186080933,-0.40487611293792725,-0.9285942912101746
1751306126.4159827,-2.766072988510132,1.0333908796310425,-0.4048822522163391,-0.9285984039306641
1751306126.435915,-2.7660439014434814,1.0333126783370972,-0.4048786759376526,-0.9285957217216492
1751306126.4459317,-2.7660300731658936,1.0333491563796997,-0.40487971901893616,-0.9286055564880371
1751306126.4659045,-2.7660491466522217,1.033352255821228,-0.40487968921661377,-0.9285953044891357
1751306126.4859283,-2.7660882472991943,1.033349633216858,-0.4048720896244049,-0.9286118149757385
1751306126.4961812,-2.7660505771636963,1.0333666801452637,-0.4048769474029541,-0.9285888671875
1751306126.5059156,-2.766056776046753,1.0333765745162964,-0.4048802852630615,-0.9285938143730164
1751306126.5258858,-2.7661595344543457,1.0332695245742798,-0.40486645698547363,-0.9286051392555237
1751306126.5459576,-2.76609206199646,1.0333644151687622,-0.40487146377563477,-0.9285821914672852
1751306126.5559483,-2.766186237335205,1.0332543849945068,-0.404873251914978,-0.9286174178123474
1751306126.5759418,-2.7660999298095703,1.033341407775879,-0.40486589074134827,-0.9285779595375061
1751306126.5863233,-2.7661831378936768,1.0332865715026855,-0.4048585891723633,-0.9286100268363953
1751306126.6059172,-2.7659547328948975,1.0333970785140991,-0.4048803448677063,-0.9285914897918701
1751306126.6159108,-2.7658791542053223,1.0334246158599854,-0.4048803746700287,-0.9285856485366821
1751306126.6359358,-2.7661280632019043,1.0332996845245361,-0.40486007928848267,-0.9286174178123474
1751306126.6559403,-2.7660019397735596,1.0334213972091675,-0.4048804044723511,-0.9285792112350464
1751306126.6659446,-2.766068458557129,1.0333360433578491,-0.40485286712646484,-0.9286080002784729
1751306126.685924,-2.766096353530884,1.0333590507507324,-0.40488627552986145,-0.9286059737205505
1751306126.7059245,-2.7661516666412354,1.0333411693572998,-0.404862642288208,-0.9286027550697327
1751306126.7159443,-2.7661261558532715,1.0333160161972046,-0.4048675298690796,-0.9286147952079773
1751306126.735949,-2.7660157680511475,1.0334079265594482,-0.40487274527549744,-0.9285846948623657
1751306126.745936,-2.766202449798584,1.0333048105239868,-0.4048742353916168,-0.9286153316497803
1751306126.7659192,-2.7659976482391357,1.0334341526031494,-0.40487927198410034,-0.9285926818847656
1751306126.78619,-2.7658658027648926,1.0333644151687622,-0.4048483073711395,-0.9286108016967773
1751306126.7960467,-2.766099214553833,1.0333247184753418,-0.4048650860786438,-0.9286145567893982
1751306126.8159084,-2.766003131866455,1.0334070920944214,-0.40488147735595703,-0.9285916686058044
1751306126.825936,-2.766151189804077,1.0332989692687988,-0.40486109256744385,-0.928608775138855
1751306126.8459265,-2.7660202980041504,1.0334351062774658,-0.40487751364707947,-0.9285903573036194
