time,x1,y1,x2,y2
1751305836.965907,3.0305681228637695,0.7940571904182434,1.0321041345596313,0.5096665024757385
1751305836.9859197,3.0305614471435547,0.7940782904624939,1.032119870185852,0.5096890330314636
1751305837.0059032,3.0305399894714355,0.7940744757652283,1.0321135520935059,0.5096420645713806
1751305837.0159545,3.0306131839752197,0.7941088080406189,1.0321153402328491,0.5096898674964905
1751305837.0359383,3.0305774211883545,0.7940782904624939,1.0321249961853027,0.5096613168716431
1751305837.0459652,3.03052020072937,0.794076681137085,1.0321152210235596,0.5096431970596313
1751305837.0659904,3.0305473804473877,0.7940567135810852,1.0321054458618164,0.5096865892410278
1751305837.085946,3.0305750370025635,0.7941024899482727,1.0321155786514282,0.5096649527549744
1751305837.0959706,3.0305449962615967,0.7940775752067566,1.032107949256897,0.5096632242202759
1751305837.105951,3.030555009841919,0.7940676212310791,1.0321170091629028,0.5096806287765503
1751305837.1459706,3.030630350112915,0.794108510017395,1.032104253768921,0.509657621383667
1751305837.155959,3.0305564403533936,0.7940854430198669,1.0321146249771118,0.5096740126609802
1751305837.1759515,3.0305964946746826,0.7941393852233887,1.0321261882781982,0.5096592307090759
1751305837.1859767,3.0306053161621094,0.7940875887870789,1.0321089029312134,0.5096661448478699
1751305837.2059522,3.0305721759796143,0.7940922379493713,1.0321097373962402,0.5096665620803833
1751305837.2259405,3.0305683612823486,0.7941033840179443,1.032129168510437,0.5096548795700073
1751305837.2359707,3.030569553375244,0.7940764427185059,1.0321110486984253,0.509666919708252
1751305837.245976,3.03055739402771,0.7940897941589355,1.0321049690246582,0.5096648931503296
1751305837.265957,3.0306034088134766,0.7940821051597595,1.0321165323257446,0.5096795558929443
1751305837.2859638,3.0305659770965576,0.794068455696106,1.032106876373291,0.5096593499183655
1751305837.2959397,3.0305721759796143,0.7940711379051208,1.0321294069290161,0.5096662640571594
1751305837.315963,3.0306200981140137,0.7940565347671509,1.032120943069458,0.5096812844276428
1751305837.3259342,3.0306284427642822,0.7940647602081299,1.0321145057678223,0.5096498727798462
1751305837.3458939,3.0305464267730713,0.7940730452537537,1.0321162939071655,0.5096827745437622
1751305837.3559227,3.0305910110473633,0.7940428256988525,1.032122015953064,0.5096707940101624
1751305837.3759391,3.0306217670440674,0.7940928339958191,1.0321160554885864,0.5096511840820312
1751305837.3959355,3.0305795669555664,0.7940693497657776,1.0321097373962402,0.5096858143806458
1751305837.4059348,3.030545473098755,0.7940603494644165,1.0321192741394043,0.5096742510795593
1751305837.4259286,3.0305685997009277,0.7940852046012878,1.032118797302246,0.5096586346626282
1751305837.4359274,3.0305821895599365,0.7940423488616943,1.0321160554885864,0.5096696019172668
1751305837.4559171,3.0305705070495605,0.7940979599952698,1.0321236848831177,0.5096696019172668
1751305837.4759445,3.0305724143981934,0.7940989136695862,1.032111406326294,0.5096635818481445
1751305837.4859483,3.0305891036987305,0.7940820455551147,1.0321248769760132,0.5096685886383057
1751305837.505932,3.030593156814575,0.7940939664840698,1.0321251153945923,0.5096608400344849
1751305837.5159316,3.0305542945861816,0.7940602898597717,1.0321156978607178,0.5096592307090759
1751305837.5359132,3.0305593013763428,0.7940435409545898,1.032131552696228,0.5096686482429504
1751305837.5559466,3.0305774211883545,0.7940933704376221,1.0321276187896729,0.5096561908721924
1751305837.566689,3.030588150024414,0.7940152883529663,1.0321147441864014,0.5096541047096252
1751305837.5860465,3.030568838119507,0.7940459847450256,1.0321186780929565,0.5096679925918579
1751305837.5960686,3.030546188354492,0.7940714359283447,1.0321197509765625,0.5096609592437744
1751305837.606218,3.030596971511841,0.7940436601638794,1.0321367979049683,0.5096495747566223
1751305837.6259575,3.030587911605835,0.7940853834152222,1.0321424007415771,0.5096656084060669
1751305837.6459188,3.030578851699829,0.7941069006919861,1.0321263074874878,0.5096622109413147
1751305837.655995,3.03057861328125,0.7940706014633179,1.03212308883667,0.509652853012085
1751305837.675924,3.030604600906372,0.7940864562988281,1.032132625579834,0.5096749663352966
1751305837.685921,3.030588388442993,0.7940767407417297,1.0321201086044312,0.509678304195404
1751305837.7059014,3.030547618865967,0.7940598130226135,1.0321279764175415,0.5096645355224609
1751305837.7159884,3.030545234680176,0.7940701842308044,1.032124400138855,0.5096795558929443
1751305837.7359226,3.0306031703948975,0.7940650582313538,1.032117247581482,0.5096616148948669
1751305837.755933,3.0305867195129395,0.7940862774848938,1.0321208238601685,0.5096632242202759
1751305837.7659442,3.0305585861206055,0.7940713763237,1.032129168510437,0.5096776485443115
1751305837.7859266,3.0305540561676025,0.7940419912338257,1.0320937633514404,0.5096549987792969
1751305837.7959206,3.030609130859375,0.7941139340400696,1.0321247577667236,0.5096725821495056
1751305837.8159733,3.030586004257202,0.7941073775291443,1.032127022743225,0.5096744894981384
1751305837.825928,3.0305569171905518,0.7940722703933716,1.0320963859558105,0.5096551179885864
1751305837.8458922,3.030585289001465,0.7940568327903748,1.0321354866027832,0.5096848011016846
1751305837.8676894,3.030590295791626,0.7940574288368225,1.0321112871170044,0.5096603631973267
1751305837.8764548,3.0305628776550293,0.7940834760665894,1.0321120023727417,0.5096498131752014
1751305837.8959332,3.030526638031006,0.7940430045127869,1.0321334600448608,0.5096800923347473
1751305837.9059718,3.0305962562561035,0.7940787076950073,1.0321245193481445,0.5096575021743774
1751305837.9259408,3.0305891036987305,0.7941025495529175,1.0321074724197388,0.5096606612205505
1751305837.9359398,3.030550956726074,0.7940848469734192,1.03212308883667,0.5096781849861145
1751305837.9559338,3.030575752258301,0.79405677318573,1.0321166515350342,0.5096401572227478
1751305837.9659479,3.0305659770965576,0.7940589189529419,1.0321177244186401,0.5096625685691833
1751305837.9860735,3.0305678844451904,0.7940698266029358,1.03211510181427,0.5096871852874756
1751305838.0059352,3.0305817127227783,0.7941132187843323,1.0321004390716553,0.5096429586410522
1751305838.0159478,3.0305535793304443,0.7940850257873535,1.0321199893951416,0.5096794962882996
1751305838.0359478,3.0306105613708496,0.7940818071365356,1.0321317911148071,0.5096688866615295
1751305838.0460885,3.030592679977417,0.7940755486488342,1.0321143865585327,0.5096480250358582
1751305838.0659466,3.0305709838867188,0.7940945625305176,1.032128095626831,0.5096715688705444
1751305838.07596,3.0305697917938232,0.7940838932991028,1.0321379899978638,0.5096692442893982
1751305838.0959167,3.0305793285369873,0.7940921783447266,1.0321208238601685,0.5096619129180908
1751305838.1060143,3.030585765838623,0.7940740585327148,1.0321372747421265,0.5096911787986755
1751305838.1259613,3.0305655002593994,0.7940911650657654,1.0321204662322998,0.5096511244773865
1751305838.1459365,3.0306005477905273,0.7940573692321777,1.0321223735809326,0.5096543431282043
1751305838.1659458,3.0305721759796143,0.7940598130226135,1.03212571144104,0.5096898078918457
1751305838.1760092,3.0305330753326416,0.794043779373169,1.0321036577224731,0.5096424221992493
1751305838.1960063,3.030545473098755,0.7940768599510193,1.0321062803268433,0.5096739530563354
1751305838.205965,3.0305848121643066,0.7941119074821472,1.0321283340454102,0.5096874833106995
1751305838.2261844,3.030583381652832,0.7940970659255981,1.0321108102798462,0.5096479654312134
1751305838.2360108,3.030534505844116,0.7941054701805115,1.0321322679519653,0.5096814632415771
1751305838.2559543,3.030543088912964,0.7940678596496582,1.0321168899536133,0.5096708536148071
1751305838.2659693,3.030552625656128,0.7940373420715332,1.0321106910705566,0.5096446871757507
1751305838.2859614,3.030569076538086,0.7940778732299805,1.0321273803710938,0.5096797347068787
1751305838.2960248,3.0305612087249756,0.794074296951294,1.032131552696228,0.5096617937088013
1751305838.3160052,3.0305371284484863,0.7940906286239624,1.032110571861267,0.5096517205238342
1751305838.3359687,3.030590057373047,0.7940948605537415,1.0321329832077026,0.5096766948699951
1751305838.3459523,3.0305755138397217,0.7940750122070312,1.0321075916290283,0.5096546411514282
1751305838.365892,3.0305535793304443,0.7940460443496704,1.0321075916290283,0.5096462965011597
1751305838.3759384,3.03055739402771,0.794116735458374,1.032126545906067,0.5096855163574219
1751305838.3959844,3.0305910110473633,0.7940824627876282,1.0321316719055176,0.5096496939659119
1751305838.4060166,3.030569076538086,0.7940717935562134,1.0321191549301147,0.5096487402915955
1751305838.4259107,3.0305335521698,0.7940504550933838,1.0321221351623535,0.5096808075904846
1751305838.4359517,3.030527114868164,0.7940616607666016,1.0321240425109863,0.5096638798713684
1751305838.4559553,3.0305724143981934,0.7940824031829834,1.0321059226989746,0.5096439719200134
1751305838.4659414,3.0305681228637695,0.7940649390220642,1.032128930091858,0.5096858143806458
1751305838.4859853,3.0305535793304443,0.7940601110458374,1.0321186780929565,0.5096543431282043
1751305838.4960148,3.030562400817871,0.7940937876701355,1.0321125984191895,0.5096591114997864
1751305838.5159328,3.0305967330932617,0.7940776944160461,1.0321166515350342,0.5096874237060547
1751305838.5365155,3.030594825744629,0.7940738797187805,1.0321094989776611,0.5096588134765625
1751305838.545955,3.030543088912964,0.7940939664840698,1.0321152210235596,0.5096709132194519
1751305838.566033,3.030546188354492,0.7940763235092163,1.0321162939071655,0.5096856355667114
1751305838.5760128,3.0305488109588623,0.7940806150436401,1.0321050882339478,0.5096694827079773
1751305838.5959373,3.030597448348999,0.7940807938575745,1.0321210622787476,0.5096753835678101
1751305838.6160057,3.030580997467041,0.7940901517868042,1.0321272611618042,0.5096798539161682
1751305838.6263738,3.030564308166504,0.7940889000892639,1.0321025848388672,0.509654700756073
1751305838.6460176,3.030585527420044,0.794084370136261,1.032110333442688,0.5096728801727295
1751305838.6559806,3.0305795669555664,0.7940675616264343,1.032126784324646,0.5096815824508667
1751305838.6760285,3.0305745601654053,0.7940981984138489,1.032110333442688,0.5096444487571716
1751305838.685923,3.0305659770965576,0.794091522693634,1.0321223735809326,0.5096867084503174
1751305838.7059033,3.0305933952331543,0.7941168546676636,1.0321215391159058,0.509689211845398
1751305838.7160108,3.0305819511413574,0.7940869927406311,1.0321069955825806,0.5096603631973267
1751305838.7359524,3.0305440425872803,0.7940898537635803,1.0321391820907593,0.5096826553344727
1751305838.7559383,3.0305376052856445,0.7940682172775269,1.032122254371643,0.5096734762191772
1751305838.7659352,3.030566453933716,0.7940428853034973,1.0320942401885986,0.5096453428268433
1751305838.7859445,3.0305683612823486,0.7940608263015747,1.0321449041366577,0.5096868276596069
1751305838.7966661,3.030562162399292,0.7940654158592224,1.0321305990219116,0.509684681892395
1751305838.8159177,3.030546188354492,0.7940319180488586,1.0321029424667358,0.5096389055252075
1751305838.8259315,3.0305488109588623,0.7940958738327026,1.0321241617202759,0.5096815228462219
1751305838.8460248,3.0305802822113037,0.7940593957901001,1.0321125984191895,0.5096433162689209
1751305838.865952,3.0305545330047607,0.7940433621406555,1.0321276187896729,0.5096700191497803
1751305838.87595,3.0305612087249756,0.7941028475761414,1.0321305990219116,0.5096724033355713
1751305838.8960223,3.0305542945861816,0.7940893769264221,1.0321025848388672,0.5096449255943298
1751305838.9059482,3.0305588245391846,0.7940670251846313,1.0321167707443237,0.5096626877784729
1751305838.9259138,3.030561685562134,0.7940759658813477,1.0321269035339355,0.509668231010437
1751305838.9359279,3.030596971511841,0.794072687625885,1.0321226119995117,0.5096520781517029
1751305838.9559236,3.03057599067688,0.794068455696106,1.032096028327942,0.5096553564071655
1751305838.9659162,3.030581474304199,0.7940691709518433,1.0321080684661865,0.5096725225448608
1751305838.9859042,3.0305609703063965,0.7940607070922852,1.0321069955825806,0.5096446871757507
1751305839.005945,3.030564069747925,0.7940923571586609,1.0321158170700073,0.509662926197052
1751305839.0159621,3.030555248260498,0.7940512299537659,1.0321205854415894,0.5096661448478699
1751305839.0359528,3.0305652618408203,0.7940824031829834,1.0321015119552612,0.5096431374549866
1751305839.0459824,3.0305707454681396,0.7940994501113892,1.032128095626831,0.5096750259399414
1751305839.0659559,3.030536651611328,0.7940593957901001,1.0321134328842163,0.5096598863601685
1751305839.085897,3.03056001663208,0.7940813302993774,1.0320929288864136,0.5096474289894104
1751305839.09599,3.0305824279785156,0.7940826416015625,1.0321109294891357,0.509663999080658
1751305839.105931,3.0305709838867188,0.794091522693634,1.0321238040924072,0.5096685290336609
1751305839.125909,3.030508041381836,0.7940542101860046,1.0321038961410522,0.5096489787101746
1751305839.1359954,3.0305395126342773,0.7940508723258972,1.0321247577667236,0.5096845626831055
1751305839.1560018,3.0305798053741455,0.7940574884414673,1.0321085453033447,0.509669840335846
1751305839.1759155,3.030564546585083,0.7941104173660278,1.032104253768921,0.5096551775932312
1751305839.185923,3.0305521488189697,0.7940815091133118,1.0321272611618042,0.5096994042396545
1751305839.2059245,3.0305674076080322,0.7940978407859802,1.0321134328842163,0.5096436142921448
1751305839.2159965,3.0305676460266113,0.7940807938575745,1.0321061611175537,0.5096390843391418
1751305839.2359676,3.0305635929107666,0.794062614440918,1.0321232080459595,0.5096921920776367
1751305839.2559204,3.030550003051758,0.7940852046012878,1.0321117639541626,0.5096564292907715
1751305839.2659192,3.0305368900299072,0.794084370136261,1.032124638557434,0.5096524953842163
1751305839.2859073,3.030576467514038,0.7940525412559509,1.03213369846344,0.5096843242645264
1751305839.2960043,3.030568838119507,0.7940751314163208,1.0320916175842285,0.5096387267112732
1751305839.3159704,3.030545949935913,0.7940976619720459,1.0321217775344849,0.5096833109855652
1751305839.3359187,3.030573844909668,0.7940921187400818,1.0321218967437744,0.5096690058708191
1751305839.3459218,3.030585289001465,0.7940583229064941,1.0321006774902344,0.5096529126167297
1751305839.3659832,3.030573606491089,0.7941082715988159,1.0321089029312134,0.5096563100814819
1751305839.3759127,3.0305678844451904,0.7940777540206909,1.032128095626831,0.5096721649169922
1751305839.3959143,3.030562400817871,0.794073760509491,1.0321017503738403,0.5096442103385925
1751305839.405952,3.030573606491089,0.794097900390625,1.0321170091629028,0.5096774697303772
1751305839.425903,3.0305662155151367,0.7940903902053833,1.0321054458618164,0.5096803307533264
1751305839.4359543,3.030562400817871,0.7940698862075806,1.0321029424667358,0.5096591114997864
1751305839.4559286,3.030583143234253,0.7940971851348877,1.0321203470230103,0.509682834148407
1751305839.4759676,3.0305776596069336,0.7941062450408936,1.0321136713027954,0.5096532106399536
1751305839.4859111,3.030547618865967,0.7940731644630432,1.032109022140503,0.5096468329429626
1751305839.5059607,3.030543565750122,0.79407799243927,1.0321190357208252,0.5096748471260071
1751305839.515946,3.030566692352295,0.7940719127655029,1.0321053266525269,0.5096577405929565
1751305839.5359535,3.03057599067688,0.7940933704376221,1.0321049690246582,0.5096456408500671
1751305839.546749,3.0305516719818115,0.7940728068351746,1.0321277379989624,0.509688138961792
1751305839.565945,3.030552387237549,0.7940956950187683,1.0321218967437744,0.5096787810325623
1751305839.5859246,3.030553102493286,0.7940698862075806,1.032110571861267,0.5096573233604431
1751305839.5960267,3.0305604934692383,0.7940754294395447,1.0321259498596191,0.5096789002418518
1751305839.6159403,3.030564546585083,0.7940800189971924,1.0321162939071655,0.5096736550331116
1751305839.6259158,3.0305404663085938,0.7940812706947327,1.0321080684661865,0.5096411108970642
1751305839.63602,3.0305874347686768,0.7940633893013,1.0321282148361206,0.509681761264801
1751305839.6560187,3.0305724143981934,0.7940632700920105,1.0321248769760132,0.5096510052680969
1751305839.6759121,3.0305397510528564,0.7940629124641418,1.0321309566497803,0.5096529126167297
1751305839.6859083,3.0305440425872803,0.7940502166748047,1.0321295261383057,0.5096673965454102
1751305839.705939,3.03058123588562,0.7941039204597473,1.0321156978607178,0.5096323490142822
1751305839.7159276,3.0306057929992676,0.7940927147865295,1.0321043729782104,0.5096508264541626
1751305839.7360091,3.030569553375244,0.7940673232078552,1.0321310758590698,0.5096858739852905
1751305839.7459495,3.030543327331543,0.794087290763855,1.0321056842803955,0.5096336603164673
1751305839.7659128,3.03057599067688,0.7940818667411804,1.0321028232574463,0.5096743106842041
1751305839.7759879,3.0305583477020264,0.7940762042999268,1.0321106910705566,0.5096617341041565
1751305839.7959552,3.0305352210998535,0.7940539717674255,1.0321016311645508,0.5096413493156433
1751305839.816712,3.0305352210998535,0.7940511703491211,1.0321251153945923,0.5096534490585327
1751305839.8259473,3.030581474304199,0.7940893769264221,1.0321251153945923,0.5096877217292786
1751305839.8459609,3.030553102493286,0.7940800189971924,1.0320826768875122,0.5096438527107239
1751305839.8659406,3.030538320541382,0.7940458059310913,1.0321189165115356,0.5096655488014221
1751305839.8759396,3.0305819511413574,0.7940643429756165,1.032118320465088,0.5096818804740906
1751305839.895904,3.030571460723877,0.7940762042999268,1.0320987701416016,0.5096470713615417
1751305839.9059608,3.030571937561035,0.7940744757652283,1.0321296453475952,0.5096728205680847
1751305839.9258997,3.030560255050659,0.7940654754638672,1.032105565071106,0.5096582770347595
1751305839.9359562,3.0305535793304443,0.7940753698348999,1.0320907831192017,0.5096434354782104
1751305839.9559796,3.030592918395996,0.7940884232521057,1.0321284532546997,0.509674608707428
1751305839.9659722,3.03054141998291,0.7940399646759033,1.0321236848831177,0.5096627473831177
1751305839.9858768,3.0305488109588623,0.7940569519996643,1.0320889949798584,0.5096558928489685
1751305840.0059035,3.030578136444092,0.7940843105316162,1.0321297645568848,0.5096853375434875
1751305840.0159209,3.0305678844451904,0.7940521240234375,1.032104730606079,0.5096676349639893
1751305840.0359554,3.0305426120758057,0.7940634489059448,1.0320873260498047,0.5096609592437744
1751305840.0459342,3.0305535793304443,0.7940801978111267,1.0321295261383057,0.5096835494041443
1751305840.0659845,3.030574083328247,0.7940622568130493,1.0321134328842163,0.5096690058708191
1751305840.0859115,3.030545711517334,0.7940625548362732,1.0321234464645386,0.5096718668937683
1751305840.0959253,3.0305216312408447,0.7940468788146973,1.0321283340454102,0.5096982717514038
1751305840.1159246,3.030547618865967,0.7940859794616699,1.032102346420288,0.5096524953842163
1751305840.1259305,3.030606746673584,0.7940815091133118,1.0321005582809448,0.5096690654754639
1751305840.1459126,3.030531883239746,0.7940441966056824,1.0321404933929443,0.5096820592880249
1751305840.1560962,3.030541181564331,0.794076144695282,1.032099962234497,0.5096389651298523
1751305840.1759214,3.0305774211883545,0.7940609455108643,1.0320900678634644,0.5096582770347595
1751305840.1859267,3.030568838119507,0.7940588593482971,1.032121181488037,0.5096845030784607
1751305840.205906,3.0305428504943848,0.7940497398376465,1.0321073532104492,0.5096425414085388
1751305840.22591,3.030585527420044,0.7940899729728699,1.0321153402328491,0.5096863508224487
1751305840.235951,3.0305655002593994,0.794084906578064,1.0321152210235596,0.5096805691719055
1751305840.2459314,3.030557155609131,0.7940780520439148,1.032112717628479,0.5096284747123718
1751305840.2659357,3.0305798053741455,0.7940661311149597,1.0321390628814697,0.5096771121025085
1751305840.2860045,3.030571937561035,0.7940977811813354,1.0321159362792969,0.509675920009613
1751305840.2959356,3.030576229095459,0.7940804958343506,1.032098412513733,0.5096386671066284
1751305840.3159301,3.0305721759796143,0.7940732836723328,1.0321319103240967,0.5096917748451233
1751305840.3359213,3.030566453933716,0.794080913066864,1.0321149826049805,0.5096522569656372
1751305840.3559203,3.030604362487793,0.794060468673706,1.0321043729782104,0.5096414089202881
1751305840.3659449,3.0305800437927246,0.7940638661384583,1.0321382284164429,0.5096800327301025
1751305840.376226,3.0305566787719727,0.7940818667411804,1.0321248769760132,0.5096577405929565
1751305840.3959177,3.030555248260498,0.7940680384635925,1.0321180820465088,0.5096472501754761
1751305840.4059489,3.030582904815674,0.7940622568130493,1.0321348905563354,0.5096772313117981
1751305840.4259057,3.0305700302124023,0.7940660715103149,1.032097339630127,0.5096519589424133
1751305840.4359436,3.0305840969085693,0.794067919254303,1.0321009159088135,0.5096449255943298
1751305840.455902,3.0305957794189453,0.7940938472747803,1.0321439504623413,0.5096880793571472
1751305840.4759152,3.030580520629883,0.7940676808357239,1.0321054458618164,0.5096409916877747
1751305840.4859157,3.030564308166504,0.7940889000892639,1.0321024656295776,0.5096375346183777
1751305840.4959147,3.0305984020233154,0.7940865159034729,1.0321444272994995,0.5096943378448486
1751305840.5159173,3.030564308166504,0.7940982580184937,1.0321130752563477,0.5096628665924072
1751305840.5359168,3.0305593013763428,0.7940659523010254,1.0321215391159058,0.5096496939659119
1751305840.5459154,3.0305728912353516,0.7940871715545654,1.0321258306503296,0.5096821188926697
1751305840.5659122,3.030590295791626,0.7941213250160217,1.032111644744873,0.5096468329429626
1751305840.5763605,3.0305771827697754,0.7940847277641296,1.0321096181869507,0.5096505880355835
1751305840.595927,3.0305674076080322,0.7940635681152344,1.0321532487869263,0.5096739530563354
1751305840.605918,3.0305936336517334,0.7940846681594849,1.032102346420288,0.5096355676651001
1751305840.62592,3.0305705070495605,0.7940850257873535,1.0320961475372314,0.509672224521637
1751305840.6359384,3.0305514335632324,0.7940694093704224,1.0321506261825562,0.5096628069877625
1751305840.6559148,3.0305910110473633,0.7940853238105774,1.0321086645126343,0.5096275806427002
1751305840.6759367,3.030606508255005,0.794124960899353,1.0321160554885864,0.5096787810325623
1751305840.695933,3.030574321746826,0.7940784692764282,1.0321177244186401,0.5096578598022461
1751305840.7059739,3.030555248260498,0.7940694689750671,1.0321123600006104,0.5096271634101868
1751305840.7159448,3.0305726528167725,0.7940720915794373,1.0321106910705566,0.5096709728240967
1751305840.7359579,3.03059983253479,0.7941179871559143,1.0321112871170044,0.509688138961792
1751305840.7459235,3.0305676460266113,0.7940784096717834,1.032099962234497,0.5096272826194763
1751305840.765913,3.0305891036987305,0.7940822243690491,1.0321308374404907,0.509695291519165
1751305840.7859468,3.030524730682373,0.7940695285797119,1.0321153402328491,0.5096595287322998
1751305840.7959428,3.030592918395996,0.7940787076950073,1.0321130752563477,0.5096330046653748
1751305840.8159745,3.030599355697632,0.794092059135437,1.0321253538131714,0.5096940398216248
1751305840.8368409,3.0305254459381104,0.794074535369873,1.0320992469787598,0.5096530318260193
1751305840.84597,3.030585765838623,0.7940748333930969,1.0321283340454102,0.5096431970596313
1751305840.8559487,3.030580997467041,0.7940859198570251,1.0321401357650757,0.5096818208694458
1751305840.8760672,3.0305702686309814,0.7940764427185059,1.0321190357208252,0.5096608400344849
1751305840.8960433,3.030547618865967,0.7940660119056702,1.0321117639541626,0.5096442103385925
1751305840.9059947,3.030569314956665,0.7940701246261597,1.032161831855774,0.509690523147583
1751305840.9259026,3.0305533409118652,0.7940734028816223,1.0321077108383179,0.5096527934074402
1751305840.9359214,3.0305538177490234,0.794058084487915,1.032110333442688,0.5096377730369568
1751305840.955977,3.030536413192749,0.7940365672111511,1.0321506261825562,0.5096879601478577
1751305840.9766033,3.030561685562134,0.7940611839294434,1.0321093797683716,0.5096293687820435
1751305840.985984,3.030606746673584,0.7940638065338135,1.032118558883667,0.5096469521522522
1751305840.9959693,3.0305681228637695,0.7940577864646912,1.0321608781814575,0.509674608707428
1751305841.0159397,3.030566453933716,0.7940655946731567,1.0321216583251953,0.5096335411071777
1751305841.036031,3.0305728912353516,0.794064998626709,1.0321259498596191,0.5096858739852905
1751305841.045982,3.030628204345703,0.7940831780433655,1.0321353673934937,0.5096628665924072
1751305841.066045,3.0306005477905273,0.7940805554389954,1.0321273803710938,0.5096503496170044
1751305841.0859349,3.03056001663208,0.7940553426742554,1.0321457386016846,0.5096768736839294
1751305841.0959723,3.0305707454681396,0.7940592169761658,1.0321452617645264,0.509670615196228
1751305841.1160212,3.030583620071411,0.7940596342086792,1.032112956047058,0.5096427202224731
1751305841.1260393,3.030606508255005,0.794063150882721,1.0321367979049683,0.5096812844276428
1751305841.1459627,3.030517339706421,0.7940545678138733,1.0321180820465088,0.5096733570098877
1751305841.1560419,3.0305802822113037,0.794060468673706,1.0321193933486938,0.5096360445022583
1751305841.1760457,3.030639410018921,0.7941074967384338,1.0321719646453857,0.5096851587295532
1751305841.1859622,3.0305984020233154,0.7940779328346252,1.0321447849273682,0.5096966624259949
1751305841.2059553,3.0305087566375732,0.7940669655799866,1.0321121215820312,0.5096338987350464
1751305841.2160437,3.030611991882324,0.7940999269485474,1.0321648120880127,0.5096560120582581
1751305841.23604,3.0306334495544434,0.7940921187400818,1.032139778137207,0.5096784234046936
1751305841.2559795,3.030545711517334,0.7940580248832703,1.0321136713027954,0.5096424221992493
1751305841.2659712,3.0305447578430176,0.7940769195556641,1.0321428775787354,0.5096699595451355
1751305841.285941,3.0306386947631836,0.794126570224762,1.0321166515350342,0.509663462638855
1751305841.3059382,3.0306053161621094,0.7940853238105774,1.0321228504180908,0.5096597075462341
1751305841.316006,3.030546188354492,0.794062614440918,1.0321334600448608,0.5096713304519653
1751305841.3259284,3.0305254459381104,0.7940703630447388,1.0321284532546997,0.5096604824066162
1751305841.3459668,3.0306332111358643,0.7941023111343384,1.0321071147918701,0.5096482038497925
1751305841.3659065,3.0305700302124023,0.7940664291381836,1.0321301221847534,0.509690523147583
1751305841.3759742,3.0305397510528564,0.7940763235092163,1.0321106910705566,0.5096344947814941
1751305841.385935,3.0305685997009277,0.7940709590911865,1.0321044921875,0.5096695423126221
1751305841.4059095,3.0305707454681396,0.7940768003463745,1.0321168899536133,0.5096953511238098
1751305841.4259157,3.0305569171905518,0.794058084487915,1.0321091413497925,0.5096621513366699
1751305841.4359593,3.030565023422241,0.7940633296966553,1.0321201086044312,0.5096403360366821
1751305841.455996,3.0305492877960205,0.7940869331359863,1.0321327447891235,0.5096885561943054
1751305841.4659548,3.030557870864868,0.7940380573272705,1.0321133136749268,0.5096334218978882
1751305841.485955,3.0305912494659424,0.7940613031387329,1.0321124792099,0.5096756815910339
1751305841.4959388,3.030576705932617,0.794105052947998,1.032139539718628,0.5096670985221863
1751305841.5159292,3.0305776596069336,0.794090211391449,1.0321035385131836,0.5096463561058044
1751305841.5359726,3.0305821895599365,0.7940813302993774,1.0321205854415894,0.5096656680107117
1751305841.5459218,3.0305914878845215,0.7941023111343384,1.0321311950683594,0.5096384286880493
1751305841.5659826,3.030602216720581,0.7941105961799622,1.0321192741394043,0.5096361637115479
1751305841.5760353,3.030557870864868,0.7940734624862671,1.032113790512085,0.5096733570098877
1751305841.5961835,3.0305747985839844,0.7940531373023987,1.0321195125579834,0.509641170501709
1751305841.605935,3.0306029319763184,0.7940985560417175,1.032105803489685,0.5096385478973389
1751305841.6259208,3.030561685562134,0.7940921783447266,1.0321115255355835,0.509672224521637
1751305841.6459193,3.0305864810943604,0.7940496802330017,1.0321338176727295,0.5096309781074524
1751305841.6559272,3.0305919647216797,0.7940607070922852,1.0321128368377686,0.5096455812454224
1751305841.6760168,3.0305802822113037,0.7941115498542786,1.032119870185852,0.5096615552902222
1751305841.6859632,3.0305838584899902,0.7940850853919983,1.032119631767273,0.509649395942688
1751305841.7059186,3.030585289001465,0.7940518260002136,1.0321321487426758,0.5096286535263062
1751305841.7159262,3.030597448348999,0.7940704822540283,1.0321407318115234,0.5096675753593445
1751305841.7359047,3.030534267425537,0.7940590977668762,1.0321028232574463,0.5096598267555237
1751305841.755924,3.0305604934692383,0.7940794825553894,1.0321282148361206,0.509639322757721
1751305841.7659247,3.0306224822998047,0.7940837740898132,1.0321476459503174,0.50969398021698
1751305841.785933,3.030597686767578,0.794080913066864,1.0321171283721924,0.5096378922462463
1751305841.7959225,3.0305752754211426,0.7940887808799744,1.0321173667907715,0.5096172094345093
1751305841.8159256,3.0305540561676025,0.7940952181816101,1.0321236848831177,0.5096959471702576
1751305841.825962,3.0306167602539062,0.7940776944160461,1.032106876373291,0.5096229910850525
1751305841.845966,3.0305733680725098,0.7940946817398071,1.032145380973816,0.5096861124038696
1751305841.865934,3.030517578125,0.7940858602523804,1.0321178436279297,0.5096926689147949
1751305841.8760018,3.030564546585083,0.7940518856048584,1.0320996046066284,0.5096253752708435
1751305841.8960152,3.0306289196014404,0.7941107153892517,1.0321364402770996,0.5096758604049683
1751305841.9061036,3.030599355697632,0.7940694689750671,1.0321435928344727,0.5096591711044312
1751305841.9260168,3.030550956726074,0.7940542697906494,1.0320940017700195,0.5096430778503418
1751305841.9359398,3.0305583477020264,0.7940666675567627,1.032104730606079,0.5096563696861267
1751305841.9559689,3.0305991172790527,0.7940527200698853,1.0321255922317505,0.5096371173858643
1751305841.9659317,3.030616044998169,0.7940303087234497,1.0321290493011475,0.5096322298049927
1751305841.9859443,3.0305674076080322,0.7940821647644043,1.0321121215820312,0.5096755623817444
1751305842.006399,3.0305428504943848,0.7940760850906372,1.0320839881896973,0.5096558332443237
1751305842.0159268,3.030654191970825,0.7940753698348999,1.0321238040924072,0.5096387267112732
1751305842.0359156,3.0306053161621094,0.7940902709960938,1.0321470499038696,0.5096850991249084
1751305842.0459101,3.030534505844116,0.7940729856491089,1.0320965051651,0.5096520781517029
1751305842.0659173,3.0305521488189697,0.7940620183944702,1.0320961475372314,0.5096356868743896
1751305842.0759656,3.0306057929992676,0.7940767407417297,1.032130241394043,0.5096538662910461
1751305842.0959165,3.030590534210205,0.7940613627433777,1.032122254371643,0.509678840637207
1751305842.1159134,3.0305495262145996,0.7940747737884521,1.0321215391159058,0.5096401572227478
1751305842.1259322,3.030573844909668,0.7940571904182434,1.03211510181427,0.5096824169158936
1751305842.145908,3.030564308166504,0.7940757870674133,1.0320733785629272,0.5096651911735535
1751305842.1559312,3.030604600906372,0.7940853238105774,1.032155990600586,0.5096439123153687
1751305842.175989,3.030585289001465,0.794083833694458,1.0321494340896606,0.509688675403595
1751305842.1859717,3.030575752258301,0.7941057085990906,1.0320996046066284,0.5096758008003235
1751305842.205937,3.0306267738342285,0.7940824031829834,1.0321215391159058,0.5096665620803833
1751305842.2159755,3.030630350112915,0.7940828800201416,1.0321499109268188,0.5096664428710938
1751305842.2359934,3.0305697917938232,0.7940564751625061,1.0321217775344849,0.5096630454063416
1751305842.2559114,3.030592441558838,0.7940778732299805,1.0320940017700195,0.5096690058708191
1751305842.2659254,3.0305724143981934,0.7940518856048584,1.0321085453033447,0.5096737742424011
1751305842.2859187,3.030583381652832,0.7940780520439148,1.0321059226989746,0.5096616148948669
1751305842.2959259,3.0305662155151367,0.7940744161605835,1.0321331024169922,0.5096880197525024
1751305842.31592,3.030566692352295,0.7940672636032104,1.0321024656295776,0.5096631050109863
1751305842.3259208,3.030597686767578,0.7940808534622192,1.0320866107940674,0.5096554160118103
1751305842.3459187,3.030576467514038,0.7940493822097778,1.0321028232574463,0.5096791386604309
1751305842.365937,3.030578136444092,0.7940924763679504,1.0321420431137085,0.5096717476844788
1751305842.3759367,3.0305771827697754,0.7941039800643921,1.032111644744873,0.5096628069877625
1751305842.3959308,3.0306060314178467,0.7940694093704224,1.0321025848388672,0.5096670389175415
1751305842.4059803,3.030526876449585,0.7940860986709595,1.0321054458618164,0.5096707940101624
1751305842.4259534,3.030620813369751,0.7941175699234009,1.032139778137207,0.5096616744995117
1751305842.435947,3.0306358337402344,0.7940670251846313,1.0321314334869385,0.5096685886383057
1751305842.4559417,3.030529260635376,0.7940738797187805,1.0320757627487183,0.5096607804298401
1751305842.465951,3.0305416584014893,0.7940423488616943,1.0320782661437988,0.5096509456634521
1751305842.4859774,3.030592679977417,0.7940835356712341,1.03213369846344,0.5096730589866638
1751305842.5059803,3.0306429862976074,0.7941043376922607,1.0321348905563354,0.5096644163131714
1751305842.5159514,3.0305628776550293,0.7940633893013,1.0320963859558105,0.5096497535705566
1751305842.5359602,3.0305495262145996,0.7940636873245239,1.0321159362792969,0.509650468826294
1751305842.5561485,3.0305962562561035,0.7940676212310791,1.032132625579834,0.5096738338470459
1751305842.565995,3.030609130859375,0.794035792350769,1.0321204662322998,0.509644091129303
1751305842.5759714,3.0305705070495605,0.794044017791748,1.0321115255355835,0.5096570253372192
1751305842.595976,3.03053617477417,0.7940650582313538,1.0320920944213867,0.5096750259399414
1751305842.6060684,3.0305745601654053,0.794052004814148,1.0321141481399536,0.5096385478973389
1751305842.6259754,3.0306198596954346,0.7940803170204163,1.032145380973816,0.5096721053123474
1751305842.6459637,3.0305659770965576,0.7940456867218018,1.0321011543273926,0.5096553564071655
1751305842.6559758,3.030560255050659,0.7940573692321777,1.032103419303894,0.5096368789672852
1751305842.6760685,3.0306148529052734,0.7940961122512817,1.032137393951416,0.5096616744995117
1751305842.6959198,3.030613660812378,0.7940706014633179,1.0321279764175415,0.5096316337585449
1751305842.7059455,3.0305936336517334,0.794096052646637,1.0321155786514282,0.509634792804718
1751305842.7160823,3.030546188354492,0.7940581440925598,1.032120943069458,0.5096657276153564
1751305842.7359746,3.0305991172790527,0.7940842509269714,1.032114863395691,0.509633481502533
1751305842.745934,3.030586004257202,0.7940933704376221,1.0321485996246338,0.5096669793128967
1751305842.7659006,3.030590534210205,0.7940545678138733,1.0321484804153442,0.5096623301506042
1751305842.785928,3.030550956726074,0.7940599918365479,1.0321063995361328,0.5096486806869507
1751305842.795943,3.030580759048462,0.7940526604652405,1.0321455001831055,0.5096775889396667
1751305842.8159764,3.030574083328247,0.7940486073493958,1.0321589708328247,0.5096582770347595
1751305842.8259282,3.030567169189453,0.794086754322052,1.0321320295333862,0.5096567273139954
1751305842.8458967,3.0305683612823486,0.7940598726272583,1.0321264266967773,0.5096756219863892
1751305842.8659232,3.030599355697632,0.794062077999115,1.0321565866470337,0.5096575021743774
1751305842.8759942,3.030595541000366,0.7940772175788879,1.0321407318115234,0.5096527934074402
1751305842.895913,3.030543565750122,0.7940511703491211,1.0321325063705444,0.509670615196228
1751305842.9059682,3.0305871963500977,0.794076681137085,1.0321202278137207,0.5096651315689087
1751305842.925929,3.030599594116211,0.7941049933433533,1.0321301221847534,0.5096685290336609
1751305842.93607,3.0305874347686768,0.794085681438446,1.0321260690689087,0.509670615196228
1751305842.9559932,3.0305707454681396,0.7941004037857056,1.0321359634399414,0.5096701383590698
1751305842.9659283,3.030576705932617,0.7940900325775146,1.0320994853973389,0.5096624493598938
1751305842.985975,3.0306124687194824,0.794101357460022,1.0321279764175415,0.5096588134765625
1751305842.9960945,3.0305843353271484,0.7940683364868164,1.0321341753005981,0.5096875429153442
1751305843.0159802,3.030587911605835,0.7940593361854553,1.0321274995803833,0.5096432566642761
1751305843.0360034,3.0305514335632324,0.7940859198570251,1.032116413116455,0.5096818804740906
1751305843.0459843,3.0305614471435547,0.794058084487915,1.0321063995361328,0.5096906423568726
1751305843.0659714,3.030604839324951,0.7940983176231384,1.0321282148361206,0.5096443295478821
1751305843.0763438,3.030571699142456,0.7940689921379089,1.0321388244628906,0.5096825957298279
1751305843.0959506,3.030595302581787,0.7940424084663391,1.032122254371643,0.5096712708473206
1751305843.106089,3.030566930770874,0.7940952181816101,1.0321067571640015,0.5096428394317627
1751305843.1259716,3.030583620071411,0.7940905690193176,1.0321383476257324,0.5096763372421265
1751305843.1362677,3.0305871963500977,0.794040322303772,1.0321314334869385,0.5096535682678223
1751305843.1559436,3.030630588531494,0.7940843105316162,1.0321241617202759,0.5096473693847656
1751305843.1760054,3.030590534210205,0.7940536141395569,1.0321221351623535,0.5096886157989502
1751305843.1860108,3.0305542945861816,0.7940694093704224,1.0320961475372314,0.5096477270126343
1751305843.2059672,3.0305755138397217,0.7940582036972046,1.0321061611175537,0.5096370577812195
1751305843.2159197,3.030644416809082,0.7940883636474609,1.032146692276001,0.5096774101257324
1751305843.2360227,3.030580997467041,0.7940759658813477,1.0321084260940552,0.5096622109413147
1751305843.2561574,3.0305252075195312,0.7940655946731567,1.0320930480957031,0.5096495747566223
1751305843.265965,3.0306146144866943,0.7940799593925476,1.0321534872055054,0.5096855759620667
1751305843.2859356,3.0306289196014404,0.7940701246261597,1.0321258306503296,0.5096490383148193
1751305843.3059645,3.030552625656128,0.7940782904624939,1.0321027040481567,0.5096706748008728
1751305843.316047,3.030557155609131,0.7940729856491089,1.0321145057678223,0.509677529335022
1751305843.3360424,3.0306124687194824,0.7940598130226135,1.0320957899093628,0.5096513032913208
1751305843.3459644,3.0306057929992676,0.7940610647201538,1.032138705253601,0.509674608707428
1751305843.3659513,3.0305888652801514,0.7940775156021118,1.0321310758590698,0.5096771121025085
1751305843.375939,3.0305371284484863,0.794058620929718,1.0321098566055298,0.5096432566642761
1751305843.385948,3.0306010246276855,0.7940608263015747,1.0320909023284912,0.5096732974052429
1751305843.4060183,3.0306127071380615,0.794082760810852,1.0321524143218994,0.5096765160560608
1751305843.4259698,3.0305659770965576,0.7940694689750671,1.0321142673492432,0.5096362829208374
1751305843.4459503,3.0306177139282227,0.7940592765808105,1.0321002006530762,0.5096805691719055
1751305843.4560745,3.0305891036987305,0.7940898537635803,1.0321202278137207,0.5096468925476074
1751305843.465957,3.030581474304199,0.794063150882721,1.0321241617202759,0.5096323490142822
1751305843.4860568,3.030583143234253,0.7940853834152222,1.0321147441864014,0.5096734166145325
1751305843.5060096,3.0306077003479004,0.794063925743103,1.0321080684661865,0.50965815782547
1751305843.5159993,3.030606746673584,0.7940633893013,1.0321180820465088,0.5096461176872253
1751305843.536101,3.030587673187256,0.7940599322319031,1.0321192741394043,0.5096666812896729
1751305843.545977,3.0305874347686768,0.7940642237663269,1.0321054458618164,0.5096715092658997
1751305843.56597,3.0306310653686523,0.7940634489059448,1.032128095626831,0.5096438527107239
1751305843.5759287,3.030634880065918,0.7940901517868042,1.0321322679519653,0.5096559524536133
1751305843.5959861,3.0305511951446533,0.7940753698348999,1.032102346420288,0.5096573233604431
1751305843.6059678,3.030593156814575,0.7941049337387085,1.0321104526519775,0.5096278786659241
1751305843.625951,3.030658006668091,0.7941248416900635,1.0321303606033325,0.5096807479858398
1751305843.646323,3.03059720993042,0.7940315008163452,1.0321091413497925,0.5096620917320251
1751305843.6560798,3.0305848121643066,0.7940881848335266,1.032130479812622,0.5096359252929688
1751305843.675929,3.030640125274658,0.7940959334373474,1.0321311950683594,0.5096734166145325
1751305843.6959257,3.0305986404418945,0.7940199375152588,1.032097339630127,0.5096396803855896
1751305843.705972,3.030566692352295,0.7940124869346619,1.032106637954712,0.5096285939216614
1751305843.716238,3.030621290206909,0.7940893769264221,1.0321327447891235,0.509680449962616
1751305843.7360637,3.0306355953216553,0.7940765023231506,1.0321171283721924,0.5096554756164551
1751305843.7459314,3.030620813369751,0.7940717935562134,1.0320940017700195,0.5096524953842163
1751305843.7659447,3.030622720718384,0.7940648198127747,1.0321485996246338,0.509670615196228
1751305843.776063,3.0306200981140137,0.7940737009048462,1.0321205854415894,0.509648859500885
1751305843.7959726,3.030609607696533,0.7940283417701721,1.0321041345596313,0.5096532702445984
1751305843.8159335,3.030597448348999,0.794061541557312,1.0321335792541504,0.5096558928489685
1751305843.8259814,3.0306172370910645,0.7940723896026611,1.0321232080459595,0.509641170501709
1751305843.8459604,3.030649185180664,0.7940614819526672,1.0321353673934937,0.5096952319145203
1751305843.8560266,3.0306386947631836,0.7940908670425415,1.0321290493011475,0.5096714496612549
1751305843.8859513,3.030642032623291,0.7940850257873535,1.0321152210235596,0.5096631050109863
1751305843.895961,3.030585765838623,0.794062077999115,1.03212571144104,0.5096818208694458
1751305843.9059708,3.0306005477905273,0.7940545082092285,1.0321277379989624,0.5096542239189148
1751305843.9259596,3.0306596755981445,0.7940826416015625,1.0321223735809326,0.5096593499183655
1751305843.9360297,3.030621290206909,0.7940425276756287,1.0321217775344849,0.5096749663352966
1751305843.956041,3.030580997467041,0.7940564155578613,1.032120943069458,0.5096609592437744
1751305843.976016,3.030574321746826,0.7940328121185303,1.0321176052093506,0.5096606612205505
1751305843.9859574,3.0306665897369385,0.7940675616264343,1.0321353673934937,0.5096662044525146
1751305843.9961214,3.030609607696533,0.794062077999115,1.0321099758148193,0.509679913520813
1751305844.0164018,3.0305800437927246,0.7940230965614319,1.0321044921875,0.5096436738967896
1751305844.035998,3.030665874481201,0.7940776944160461,1.0321203470230103,0.5096511244773865
1751305844.0472302,3.0306475162506104,0.7940642237663269,1.0321141481399536,0.5096842646598816
1751305844.0660279,3.0306124687194824,0.7940254807472229,1.0321122407913208,0.5096489191055298
1751305844.0860379,3.0306053161621094,0.794066309928894,1.0321305990219116,0.5096733570098877
1751305844.0962408,3.0306766033172607,0.7940484285354614,1.0321073532104492,0.5096622705459595
1751305844.1160321,3.0306191444396973,0.7940534353256226,1.032124400138855,0.5096579194068909
1751305844.125987,3.030608654022217,0.7940470576286316,1.0321182012557983,0.5096805691719055
1751305844.1459844,3.0306236743927,0.7940466403961182,1.032111406326294,0.5096578001976013
1751305844.1659925,3.0306644439697266,0.7940654754638672,1.032102346420288,0.5096611380577087
1751305844.1760798,3.030667543411255,0.7940810322761536,1.0321236848831177,0.5096756815910339
1751305844.1859941,3.0306341648101807,0.7940706014633179,1.0321259498596191,0.5096563696861267
1751305844.2059913,3.030604362487793,0.7940770983695984,1.0320992469787598,0.5096613168716431
1751305844.2260697,3.0306527614593506,0.7940622568130493,1.0321195125579834,0.5096513628959656
1751305844.2359514,3.0306169986724854,0.7940511703491211,1.0321028232574463,0.5096492767333984
1751305844.2559435,3.030627727508545,0.7940927147865295,1.0321165323257446,0.5096739530563354
1751305844.2659407,3.030625343322754,0.7940661311149597,1.0321071147918701,0.5096665024757385
1751305844.2760003,3.0306262969970703,0.7940388321876526,1.0320950746536255,0.5096438527107239
1751305844.2960186,3.0306105613708496,0.7940791249275208,1.0321160554885864,0.5096813440322876
1751305844.31615,3.030616283416748,0.794059693813324,1.0321332216262817,0.5096836090087891
1751305844.3360095,3.030653715133667,0.7940595149993896,1.0320979356765747,0.5096417665481567
1751305844.3459365,3.030635118484497,0.794035017490387,1.0320991277694702,0.5096697211265564
1751305844.3560712,3.0306386947631836,0.7940690517425537,1.0321199893951416,0.5096640586853027
1751305844.3759534,3.0306177139282227,0.7940653562545776,1.0321123600006104,0.509655773639679
1751305844.3959258,3.0306057929992676,0.7940473556518555,1.0321086645126343,0.5096582174301147
1751305844.406098,3.0306355953216553,0.794046938419342,1.032126784324646,0.5096585750579834
1751305844.4259253,3.0306129455566406,0.7940493822097778,1.0320994853973389,0.5096561312675476
1751305844.4459486,3.0305421352386475,0.79403156042099,1.0321028232574463,0.5096803307533264
1751305844.4559562,3.030550241470337,0.7940434217453003,1.0320967435836792,0.5096752643585205
1751305844.47591,3.030637741088867,0.7940840721130371,1.0321147441864014,0.5096570253372192
1751305844.4859314,3.0306055545806885,0.7940772175788879,1.0321049690246582,0.5096769332885742
1751305844.4959178,3.030515432357788,0.7940378189086914,1.0321139097213745,0.5096738934516907
1751305844.5159287,3.030604839324951,0.7940448522567749,1.0321134328842163,0.5096378922462463
1751305844.526105,3.0306408405303955,0.7940821647644043,1.0321276187896729,0.5096858739852905
1751305844.5459352,3.030581474304199,0.7940301299095154,1.0321191549301147,0.5096964240074158
1751305844.5659304,3.0305278301239014,0.7940577864646912,1.0321102142333984,0.5096330046653748
1751305844.5760427,3.0306313037872314,0.7940683960914612,1.0321279764175415,0.5096839666366577
1751305844.5959759,3.0306127071380615,0.7940427660942078,1.032101035118103,0.5096738338470459
1751305844.6059673,3.0305254459381104,0.7940478324890137,1.0321040153503418,0.5096409320831299
1751305844.6259413,3.0305845737457275,0.7940542697906494,1.0321344137191772,0.5096951127052307
1751305844.6459136,3.030613660812378,0.7940700054168701,1.0320814847946167,0.5096613764762878
1751305844.6559784,3.030550241470337,0.7940673232078552,1.032105565071106,0.5096719264984131
1751305844.6759703,3.0305802822113037,0.7940701246261597,1.0321362018585205,0.5096861124038696
1751305844.6861854,3.030637502670288,0.794106125831604,1.0320943593978882,0.5096467733383179
1751305844.7059124,3.030627965927124,0.7940620183944702,1.0321060419082642,0.5096888542175293
1751305844.7259133,3.0305798053741455,0.7940648794174194,1.0321153402328491,0.5096917152404785
1751305844.7359705,3.03057861328125,0.7940942049026489,1.0321062803268433,0.5096430778503418
1751305844.7459896,3.0306379795074463,0.7940765023231506,1.0321221351623535,0.5096922516822815
1751305844.766196,3.030597448348999,0.7940530776977539,1.0321013927459717,0.5096750259399414
1751305844.7759726,3.0305538177490234,0.7941009402275085,1.032080888748169,0.5096525549888611
1751305844.7959106,3.030592918395996,0.7940674424171448,1.0321221351623535,0.5096905827522278
1751305844.8162243,3.0305967330932617,0.7941087484359741,1.0321285724639893,0.5096932053565979
1751305844.8259306,3.0305705070495605,0.7940383553504944,1.032083511352539,0.5096622705459595
1751305844.8459105,3.030564546585083,0.7940858602523804,1.0321186780929565,0.509667694568634
1751305844.866276,3.0305655002593994,0.7940783500671387,1.0321118831634521,0.5096828937530518
1751305844.876235,3.030593156814575,0.7940661907196045,1.0321086645126343,0.5096462368965149
1751305844.8859155,3.0305862426757812,0.7940509915351868,1.0321239233016968,0.5096721649169922
1751305844.9059687,3.030531406402588,0.7941153049468994,1.0320842266082764,0.5096741914749146
1751305844.9259217,3.0305776596069336,0.7940548658370972,1.0320826768875122,0.5096487998962402
1751305844.9459043,3.0306150913238525,0.7940882444381714,1.0321540832519531,0.5096783638000488
1751305844.955968,3.030543804168701,0.7940740585327148,1.0321052074432373,0.5096655488014221
1751305844.9659314,3.030503273010254,0.7940629124641418,1.0320796966552734,0.5096420645713806
1751305844.9859147,3.0305545330047607,0.7940754890441895,1.0321166515350342,0.5096766352653503
1751305845.0059104,3.030644178390503,0.7940914034843445,1.0321400165557861,0.5096719861030579
1751305845.0160415,3.0306038856506348,0.794070303440094,1.0321022272109985,0.5096598863601685
1751305845.035993,3.030540704727173,0.7940486073493958,1.0321307182312012,0.5096848011016846
1751305845.045925,3.030588150024414,0.7940463423728943,1.0321077108383179,0.5096508860588074
1751305845.0659451,3.0306386947631836,0.7940677404403687,1.032101035118103,0.5096484422683716
1751305845.0759866,3.0306243896484375,0.7940899729728699,1.0321274995803833,0.5096830725669861
1751305845.0959814,3.0305542945861816,0.7940640449523926,1.0320934057235718,0.5096420645713806
1751305845.1160083,3.030651807785034,0.7940478920936584,1.032119631767273,0.5096833109855652
1751305845.1259274,3.0306458473205566,0.7940701246261597,1.0321290493011475,0.50970059633255
1751305845.145917,3.030571460723877,0.7940524220466614,1.032122015953064,0.5096448063850403
1751305845.1561368,3.0305745601654053,0.794057309627533,1.0321084260940552,0.5096717476844788
1751305845.1761358,3.0305960178375244,0.7940505743026733,1.032104253768921,0.509689450263977
1751305845.1859355,3.0306246280670166,0.7940621972084045,1.0321115255355835,0.5096542835235596
1751305845.205959,3.030582904815674,0.7940680980682373,1.0321217775344849,0.5096567869186401
1751305845.2160108,3.030571222305298,0.7940497398376465,1.0321238040924072,0.5096834301948547
1751305845.2361877,3.03057861328125,0.7940694689750671,1.032089114189148,0.5096502900123596
1751305845.246007,3.0306034088134766,0.7940879464149475,1.0321098566055298,0.5096683502197266
1751305845.265942,3.030576229095459,0.7940428256988525,1.0321288108825684,0.5096809267997742
1751305845.2862234,3.0305819511413574,0.7940958142280579,1.0321115255355835,0.5096610188484192
1751305845.2960293,3.030611276626587,0.7940686941146851,1.032102346420288,0.5096542835235596
1751305845.3162034,3.0306036472320557,0.7940801382064819,1.0321271419525146,0.5096947550773621
1751305845.3259397,3.0306029319763184,0.7940853834152222,1.0321162939071655,0.5096469521522522
1751305845.3459277,3.0306084156036377,0.7941161394119263,1.03212571144104,0.5096926689147949
1751305845.3660498,3.0306129455566406,0.7940827012062073,1.0321310758590698,0.5096780061721802
1751305845.3760161,3.0306105613708496,0.7940778136253357,1.0321069955825806,0.5096402764320374
1751305845.396002,3.0306131839752197,0.7940947413444519,1.0321475267410278,0.5096870064735413
1751305845.4162056,3.0305988788604736,0.7940598726272583,1.032133936882019,0.509677529335022
1751305845.4259408,3.0306007862091064,0.7940513491630554,1.0321077108383179,0.5096517205238342
1751305845.4360282,3.0306146144866943,0.794070839881897,1.032112956047058,0.5096845030784607
1751305845.456059,3.0305862426757812,0.7940499782562256,1.0321069955825806,0.5096599459648132
1751305845.476012,3.030607223510742,0.7940549850463867,1.032117486000061,0.509662389755249
1751305845.4859262,3.030616044998169,0.7940359711647034,1.0321353673934937,0.5096882581710815
1751305845.496014,3.0306129455566406,0.7940638661384583,1.0321022272109985,0.5096696615219116
1751305845.5160806,3.030604362487793,0.7940302491188049,1.0321123600006104,0.5096517205238342
1751305845.535928,3.030609369277954,0.7940908670425415,1.0321584939956665,0.509689211845398
1751305845.5559325,3.0306026935577393,0.794038712978363,1.0321128368377686,0.5096341371536255
1751305845.566049,3.030595064163208,0.7940595746040344,1.032087802886963,0.5096315741539001
1751305845.576057,3.0306057929992676,0.7940812706947327,1.0321438312530518,0.5096929669380188
1751305845.5960262,3.030607223510742,0.7940471768379211,1.032139778137207,0.5096389055252075
1751305845.6059508,3.0305957794189453,0.7940664291381836,1.0321218967437744,0.5096520185470581
1751305845.6259332,3.0305802822113037,0.7940475344657898,1.0321383476257324,0.5096949338912964
1751305845.6460364,3.0306122303009033,0.7940577268600464,1.0321109294891357,0.5096376538276672
1751305845.6560106,3.030623435974121,0.7940839529037476,1.032118558883667,0.5096853375434875
1751305845.6760154,3.0305979251861572,0.7940622568130493,1.032145380973816,0.5096917748451233
1751305845.6859539,3.0305705070495605,0.7940523624420166,1.0321166515350342,0.5096559524536133
1751305845.705942,3.0306248664855957,0.794108510017395,1.032104730606079,0.5096622109413147
1751305845.7160928,3.030616283416748,0.7940802574157715,1.032124400138855,0.509718120098114
1751305845.7360103,3.030585765838623,0.7940817475318909,1.0321142673492432,0.5096461772918701
1751305845.7559347,3.0305817127227783,0.7940909266471863,1.0321213006973267,0.5096955299377441
1751305845.7660255,3.030604362487793,0.7940747737884521,1.0321104526519775,0.5096951127052307
1751305845.7859478,3.030579090118408,0.7940835952758789,1.0321037769317627,0.5096458196640015
1751305845.7960188,3.0306053161621094,0.7940837740898132,1.0321283340454102,0.5096794366836548
1751305845.8259516,3.03059983253479,0.7940718531608582,1.0321041345596313,0.5096676349639893
1751305845.8359413,3.030569076538086,0.7940870523452759,1.0321018695831299,0.5096637010574341
1751305845.84593,3.0306010246276855,0.7941110730171204,1.0321425199508667,0.5096977353096008
1751305845.865929,3.0305867195129395,0.7940711975097656,1.0321097373962402,0.5096439719200134
1751305845.8760138,3.030585289001465,0.7940673828125,1.032094955444336,0.5096490383148193
1751305845.8960197,3.0305943489074707,0.7940995097160339,1.0321389436721802,0.5096985101699829
1751305845.9059687,3.030573844909668,0.7940636873245239,1.032116413116455,0.509653627872467
1751305845.9259434,3.030574321746826,0.794096052646637,1.0321130752563477,0.5096701383590698
1751305845.9360178,3.0305840969085693,0.7940811514854431,1.0321274995803833,0.5096962451934814
1751305845.9559922,3.0305821895599365,0.7941044569015503,1.0320936441421509,0.5096439719200134
1751305845.9659524,3.0306077003479004,0.7941067218780518,1.032104253768921,0.5096522569656372
1751305845.9859297,3.0305895805358887,0.7940964698791504,1.032143235206604,0.509707510471344
1751305845.9960146,3.0305914878845215,0.7940716743469238,1.0321121215820312,0.5096459984779358
1751305846.0159924,3.030595064163208,0.7940562963485718,1.032103180885315,0.5096725821495056
1751305846.0360916,3.030592203140259,0.7941313982009888,1.0321223735809326,0.5096995234489441
1751305846.046021,3.030604124069214,0.7940709590911865,1.0321108102798462,0.509650468826294
1751305846.0659418,3.030609369277954,0.794094979763031,1.0321097373962402,0.5096638798713684
1751305846.0760145,3.030613422393799,0.7940970063209534,1.0321205854415894,0.5096882581710815
1751305846.0959983,3.0305793285369873,0.7940759658813477,1.0320912599563599,0.5096548795700073
1751305846.1059535,3.030595302581787,0.7940935492515564,1.032128095626831,0.5096721649169922
1751305846.1259532,3.0306196212768555,0.794079065322876,1.0321452617645264,0.5096927285194397
1751305846.1359427,3.0305864810943604,0.794095516204834,1.0320842266082764,0.5096412897109985
1751305846.1560097,3.0306050777435303,0.7941028475761414,1.0321263074874878,0.5096842050552368
1751305846.175985,3.030564546585083,0.794101357460022,1.0321440696716309,0.5096959471702576
1751305846.1859307,3.030627965927124,0.7940837740898132,1.0321123600006104,0.5096534490585327
1751305846.2059252,3.0305726528167725,0.7940934300422668,1.0321067571640015,0.5096778273582458
1751305846.2159977,3.030592918395996,0.7940775156021118,1.032116174697876,0.5096755027770996
1751305846.236406,3.0306262969970703,0.794093132019043,1.0321043729782104,0.5096510052680969
1751305846.2459357,3.0306308269500732,0.7941047549247742,1.032137155532837,0.5097066760063171
1751305846.2659836,3.0305962562561035,0.7941082715988159,1.0320994853973389,0.5096773505210876
1751305846.2859511,3.0305750370025635,0.7940700650215149,1.0320959091186523,0.5096630454063416
1751305846.2959979,3.0306036472320557,0.794093906879425,1.0321424007415771,0.5097023844718933
1751305846.315999,3.030627489089966,0.7940855026245117,1.0321362018585205,0.5096979737281799
1751305846.3259351,3.0306262969970703,0.7940806150436401,1.0320922136306763,0.5096481442451477
1751305846.3460557,3.0305848121643066,0.7941036820411682,1.0321158170700073,0.5097070932388306
1751305846.356001,3.0306284427642822,0.794111967086792,1.0321152210235596,0.5096793174743652
1751305846.3760037,3.0306551456451416,0.7941092252731323,1.0321178436279297,0.5096694231033325
1751305846.3959618,3.030606746673584,0.7941080331802368,1.0321279764175415,0.5097081065177917
1751305846.4059687,3.0305769443511963,0.7940981388092041,1.0320923328399658,0.5096654295921326
1751305846.4261365,3.030658721923828,0.7941219806671143,1.0321301221847534,0.5096806287765503
1751305846.4360287,3.0306804180145264,0.7941194176673889,1.032153606414795,0.5097029209136963
1751305846.4560437,3.0305917263031006,0.7940887212753296,1.0321104526519775,0.5096720457077026
1751305846.4760046,3.0305984020233154,0.7940847873687744,1.0321156978607178,0.509689450263977
1751305846.4859505,3.030651092529297,0.7940961718559265,1.0321468114852905,0.5096803903579712
1751305846.5062675,3.0306384563446045,0.7941123843193054,1.0321235656738281,0.5096679925918579
1751305846.5160503,3.0305910110473633,0.7940571308135986,1.0321120023727417,0.5096977353096008
1751305846.536017,3.0306034088134766,0.7940970659255981,1.032117247581482,0.5096847414970398
1751305846.5460448,3.0306529998779297,0.7940943837165833,1.0321083068847656,0.5096601843833923
1751305846.5659547,3.030637741088867,0.7940955758094788,1.032132863998413,0.5096672177314758
1751305846.585956,3.03058123588562,0.7940999269485474,1.032122254371643,0.5096778869628906
1751305846.5972557,3.030593156814575,0.7940778136253357,1.0321134328842163,0.5096592903137207
1751305846.616026,3.030609607696533,0.7941159009933472,1.0321346521377563,0.5096834897994995
1751305846.6259384,3.030636787414551,0.7940595149993896,1.0321357250213623,0.5096914172172546
1751305846.6470172,3.03059458732605,0.7940890192985535,1.0321040153503418,0.5096551775932312
1751305846.6560087,3.030597686767578,0.7941038608551025,1.0321263074874878,0.5096947550773621
1751305846.6761289,3.030632257461548,0.7940797209739685,1.0321071147918701,0.5096768140792847
1751305846.6962883,3.0306308269500732,0.7940685153007507,1.0321106910705566,0.5096666216850281
1751305846.716011,3.030606269836426,0.7940818071365356,1.032111406326294,0.5096819996833801
1751305846.8159955,3.0306522846221924,0.7940890789031982,1.032118320465088,0.5096397995948792
1751305846.8259375,3.0306499004364014,0.7940885424613953,1.0321006774902344,0.5096518397331238
1751305846.8460038,3.030698537826538,0.7940852046012878,1.032118320465088,0.5096801519393921
1751305846.8559892,3.03070330619812,0.794080376625061,1.032110333442688,0.5096566677093506
1751305846.8859386,3.0306437015533447,0.7940871715545654,1.0321333408355713,0.5096950531005859
1751305846.896137,3.030649423599243,0.7940855026245117,1.0321345329284668,0.5096508264541626
1751305846.907338,3.0306789875030518,0.7940979599952698,1.0321018695831299,0.5096412301063538
1751305846.9268749,3.0306670665740967,0.794051468372345,1.0321184396743774,0.5096814036369324
1751305846.9360738,3.030651330947876,0.794066309928894,1.0321295261383057,0.5096815824508667
1751305846.9560814,3.030646324157715,0.7940459251403809,1.032121181488037,0.5096578001976013
1751305846.965974,3.0306618213653564,0.7940633893013,1.0321160554885864,0.5096666216850281
1751305846.9860294,3.030651807785034,0.7940620183944702,1.0321272611618042,0.5096953511238098
1751305846.9960117,3.030627489089966,0.7940679788589478,1.0320972204208374,0.5096539258956909
1751305847.0160065,3.030644416809082,0.7940614223480225,1.0321301221847534,0.5096806287765503
1751305847.0359635,3.0306546688079834,0.7940697073936462,1.0321372747421265,0.5096886157989502
1751305847.046034,3.030669927597046,0.7940564751625061,1.032099962234497,0.5096591711044312
1751305847.0670586,3.0306735038757324,0.7940697073936462,1.0321109294891357,0.5096625089645386
1751305847.085941,3.0306499004364014,0.7940556406974792,1.0321199893951416,0.5096679925918579
1751305847.0959272,3.030665874481201,0.7940526008605957,1.032109022140503,0.5096601247787476
1751305847.1160245,3.030688524246216,0.7940436601638794,1.0321234464645386,0.5096992254257202
1751305847.126151,3.0306575298309326,0.7940624356269836,1.0321179628372192,0.5096769332885742
1751305847.1459324,3.030651807785034,0.7940569519996643,1.0321170091629028,0.5096449255943298
1751305847.1560137,3.030683994293213,0.7940545678138733,1.032117486000061,0.5096898674964905
1751305847.175998,3.030673027038574,0.7940670251846313,1.0320994853973389,0.5096799731254578
1751305847.1862469,3.0306878089904785,0.7940726280212402,1.0320937633514404,0.5096690058708191
1751305847.205937,3.0306825637817383,0.7940731644630432,1.0321342945098877,0.5097031593322754
1751305847.2160323,3.030689001083374,0.7940552830696106,1.032123327255249,0.5096887350082397
1751305847.2360375,3.030700445175171,0.7940473556518555,1.0320968627929688,0.5096651911735535
1751305847.2459533,3.030677318572998,0.7940574884414673,1.0321162939071655,0.509698212146759
1751305847.2659495,3.0307021141052246,0.7940655946731567,1.0321048498153687,0.5096604228019714
1751305847.2859454,3.0306930541992188,0.7940607666969299,1.032116413116455,0.5096707344055176
1751305847.2960124,3.0307042598724365,0.7940458059310913,1.0321177244186401,0.5096868872642517
1751305847.3162894,3.0306637287139893,0.7940555214881897,1.0321145057678223,0.5096692442893982
1751305847.336,3.030700206756592,0.7940618395805359,1.0321083068847656,0.5096786022186279
1751305847.3459318,3.0306854248046875,0.7940338253974915,1.0321362018585205,0.5096884965896606
1751305847.3559945,3.030690908432007,0.7940623164176941,1.0321199893951416,0.509673535823822
1751305847.3766973,3.0306918621063232,0.7940477728843689,1.032102346420288,0.5096704959869385
1751305847.3960094,3.030697822570801,0.7940484285354614,1.0321378707885742,0.509698212146759
1751305847.406004,3.0306828022003174,0.794032633304596,1.0321139097213745,0.50966477394104
1751305847.425956,3.030683755874634,0.7940661311149597,1.0321261882781982,0.5096747875213623
1751305847.4360209,3.0306785106658936,0.7940729856491089,1.0321215391159058,0.5096966028213501
1751305847.4559965,3.0306825637817383,0.7940451502799988,1.0321062803268433,0.5096703171730042
1751305847.4659638,3.0306875705718994,0.7940548062324524,1.032110571861267,0.5096782445907593
1751305847.485938,3.0306708812713623,0.7940697073936462,1.032135248184204,0.5096951723098755
1751305847.4959836,3.0306942462921143,0.794064462184906,1.0321122407913208,0.5096625089645386
1751305847.5159948,3.030670404434204,0.7940528988838196,1.0321123600006104,0.5096943974494934
1751305847.5360315,3.030661106109619,0.794045090675354,1.0321346521377563,0.5096884965896606
1751305847.5459747,3.030672550201416,0.7940313220024109,1.0321264266967773,0.5096661448478699
1751305847.565954,3.0306549072265625,0.7940725088119507,1.0321167707443237,0.5096673965454102
1751305847.5759938,3.030686616897583,0.7940725088119507,1.0321338176727295,0.509699285030365
1751305847.595995,3.030651569366455,0.7940609455108643,1.0321121215820312,0.5096592307090759
1751305847.6159291,3.030641555786133,0.7940599322319031,1.0321500301361084,0.5097100734710693
1751305847.6260583,3.0306284427642822,0.7940660715103149,1.0321332216262817,0.5096875429153442
1751305847.6406906,3.030653238296509,0.7940595746040344,1.0320991277694702,0.5096573233604431
1751305847.6560597,3.030656337738037,0.7940759062767029,1.0321253538131714,0.5097079277038574
1751305847.676025,3.0306756496429443,0.7940741181373596,1.0321158170700073,0.5096815824508667
1751305847.686185,3.0306785106658936,0.7940724492073059,1.032118797302246,0.5096738338470459
1751305847.7059336,3.0306668281555176,0.794071614742279,1.032130479812622,0.5096935629844666
1751305847.7160332,3.03063702583313,0.794062614440918,1.0321111679077148,0.509677529335022
1751305847.7360148,3.0306506156921387,0.7941025495529175,1.0321205854415894,0.5096592307090759
1751305847.7459562,3.030695915222168,0.794130802154541,1.032137155532837,0.5097013115882874
1751305847.765945,3.030663251876831,0.7941026091575623,1.0320957899093628,0.5096694231033325
1751305847.785946,3.030634641647339,0.794111430644989,1.0321087837219238,0.5096728801727295
1751305847.795982,3.0306930541992188,0.7940969467163086,1.0321340560913086,0.5096871852874756
1751305847.8160536,3.030669689178467,0.7941078543663025,1.0321234464645386,0.5096806883811951
1751305847.8259382,3.0306146144866943,0.7940707802772522,1.0321074724197388,0.509675145149231
1751305847.8459625,3.0306315422058105,0.7940546870231628,1.0321335792541504,0.5096959471702576
1751305847.855975,3.0306453704833984,0.7940836548805237,1.0321044921875,0.5096818804740906
1751305847.8761184,3.0306551456451416,0.7940702438354492,1.032121181488037,0.509678065776825
1751305847.8859143,3.030620574951172,0.7940717935562134,1.0321412086486816,0.5096884965896606
1751305847.9059343,3.0306410789489746,0.7940962910652161,1.0321109294891357,0.5096701979637146
1751305847.9259415,3.0306499004364014,0.7941019535064697,1.0321264266967773,0.5096885561943054
1751305847.9360561,3.030654191970825,0.7940800189971924,1.0321409702301025,0.5096829533576965
1751305847.9560409,3.030640125274658,0.7940760850906372,1.0321136713027954,0.5096697211265564
1751305847.9661007,3.0306015014648438,0.7940868735313416,1.0321199893951416,0.5096851587295532
1751305847.9859822,3.030665159225464,0.7940782308578491,1.0321239233016968,0.5096918344497681
1751305847.995977,3.0306224822998047,0.7940831780433655,1.032118797302246,0.5096597671508789
1751305848.0160842,3.0305776596069336,0.7940813302993774,1.032129168510437,0.5096864104270935
1751305848.0260053,3.0306272506713867,0.7940962910652161,1.0321269035339355,0.5096718668937683
1751305848.0459294,3.0306451320648193,0.7940608263015747,1.0321247577667236,0.5096534490585327
1751305848.065919,3.030611753463745,0.7941064834594727,1.032131314277649,0.509682834148407
1751305848.0761023,3.030575752258301,0.7940856218338013,1.032128095626831,0.5096697211265564
1751305848.095997,3.0306215286254883,0.7941080927848816,1.0321100950241089,0.5096607208251953
1751305848.1159961,3.0306177139282227,0.7941187024116516,1.032131314277649,0.5096863508224487
1751305848.1259348,3.0306122303009033,0.7941064834594727,1.0321205854415894,0.5096752047538757
1751305848.1459818,3.0305564403533936,0.7940740585327148,1.032113790512085,0.5096803307533264
1751305848.1659393,3.030616044998169,0.7940942645072937,1.0321358442306519,0.5096911787986755
1751305848.176177,3.0305910110473633,0.7940595746040344,1.0321149826049805,0.5096694231033325
1751305848.1859603,3.030611276626587,0.7940888404846191,1.0321199893951416,0.5096672773361206
1751305848.2059457,3.0305988788604736,0.7941214442253113,1.0321310758590698,0.5096906423568726
1751305848.2159834,3.0306284427642822,0.7941256761550903,1.0321228504180908,0.509670078754425
1751305848.2359822,3.030648708343506,0.7941022515296936,1.0321215391159058,0.509681224822998
1751305848.2460198,3.0306386947631836,0.7941060066223145,1.0321269035339355,0.5096949338912964
1751305848.2659242,3.0305898189544678,0.7940998077392578,1.0321124792099,0.5096580982208252
1751305848.2860067,3.030630350112915,0.7940855622291565,1.0321247577667236,0.5096744894981384
1751305848.2960641,3.030635118484497,0.7940889000892639,1.0321300029754639,0.5096912384033203
1751305848.3159235,3.0305793285369873,0.7940766215324402,1.032111406326294,0.5096750259399414
1751305848.3259864,3.030613660812378,0.794082760810852,1.0321321487426758,0.5096601247787476
1751305848.3460665,3.0306243896484375,0.7941004037857056,1.0321269035339355,0.5096845626831055
1751305848.3568025,3.0306220054626465,0.7941063046455383,1.0321134328842163,0.5096657872200012
1751305848.3759656,3.030611753463745,0.7940784692764282,1.0321203470230103,0.5096862316131592
1751305848.3859205,3.030632257461548,0.7940939664840698,1.0321093797683716,0.5096755027770996
1751305848.4059517,3.030627727508545,0.7940711975097656,1.0321118831634521,0.5096648931503296
1751305848.4259326,3.0306174755096436,0.7940505743026733,1.0321341753005981,0.509678840637207
1751305848.436102,3.03061842918396,0.7940517067909241,1.0321205854415894,0.5096684694290161
1751305848.4561157,3.030606985092163,0.7940780520439148,1.0321098566055298,0.509655773639679
1751305848.4659472,3.030643939971924,0.7940860390663147,1.0321345329284668,0.5096858143806458
1751305848.4860804,3.030614137649536,0.7940968871116638,1.032123327255249,0.5096707940101624
1751305848.5059419,3.0306196212768555,0.7940535545349121,1.032114028930664,0.5096496343612671
1751305848.516016,3.030648946762085,0.7940953373908997,1.032133936882019,0.5096962451934814
1751305848.53598,3.0306525230407715,0.7940728068351746,1.0321176052093506,0.5096554160118103
1751305848.5461025,3.0306310653686523,0.794076681137085,1.0321202278137207,0.5096532106399536
1751305848.56593,3.030627727508545,0.7940700650215149,1.0321208238601685,0.5096930265426636
1751305848.586072,3.0306546688079834,0.7940720915794373,1.0321227312088013,0.5096573233604431
1751305848.595984,3.0306475162506104,0.7940986752510071,1.0321348905563354,0.5096685290336609
1751305848.6159987,3.0306217670440674,0.7940889000892639,1.0321390628814697,0.509685218334198
1751305848.6259308,3.030622720718384,0.7940398454666138,1.0321307182312012,0.5096619129180908
1751305848.6360147,3.030653238296509,0.7940660119056702,1.0321135520935059,0.5096864700317383
1751305848.6559284,3.0306360721588135,0.7940706610679626,1.0321159362792969,0.5096977353096008
1751305848.6760573,3.0306079387664795,0.794052004814148,1.032114028930664,0.5096617937088013
1751305848.6868296,3.0306332111358643,0.794079065322876,1.0321251153945923,0.5096829533576965
1751305848.7059257,3.0306320190429688,0.7940858602523804,1.0321177244186401,0.509679913520813
1751305848.716016,3.0306239128112793,0.7941110134124756,1.0321111679077148,0.5096723437309265
1751305848.736157,3.0306026935577393,0.7941082119941711,1.0321218967437744,0.509677529335022
1751305848.7459342,3.030620574951172,0.7940813899040222,1.0321277379989624,0.5096831321716309
1751305848.7659347,3.030616044998169,0.7940805554389954,1.032116174697876,0.509673535823822
1751305848.7761424,3.030595302581787,0.7940874099731445,1.0321307182312012,0.5096848011016846
1751305848.7960844,3.0306077003479004,0.7940908074378967,1.03212308883667,0.50968337059021
1751305848.8160625,3.0306382179260254,0.7940934896469116,1.0321135520935059,0.5096686482429504
1751305848.8259833,3.030616521835327,0.7940362691879272,1.0321223735809326,0.5096656084060669
1751305848.845973,3.030566692352295,0.7940461039543152,1.0321359634399414,0.5096619129180908
1751305848.865953,3.0305495262145996,0.7940583825111389,1.0321186780929565,0.5096656680107117
1751305848.8759842,3.0306315422058105,0.7940856218338013,1.032135009765625,0.5096723437309265
1751305848.8959794,3.0306050777435303,0.7940877676010132,1.0321186780929565,0.509672999382019
1751305848.9060295,3.03057861328125,0.7940958142280579,1.0321260690689087,0.5096641182899475
1751305848.9259343,3.030611276626587,0.7940953969955444,1.0321323871612549,0.5096846222877502
1751305848.9359803,3.030627727508545,0.7941051125526428,1.0321340560913086,0.5096613168716431
1751305848.9559944,3.030627727508545,0.7940987348556519,1.032130241394043,0.5096637606620789
1751305848.965957,3.030573844909668,0.7941038608551025,1.0321367979049683,0.5096697807312012
1751305848.9859655,3.030613660812378,0.7941181659698486,1.032116174697876,0.5096620917320251
1751305848.9960666,3.030596971511841,0.7940912246704102,1.032130241394043,0.5096551775932312
1751305849.0159247,3.030632972717285,0.7940749526023865,1.0321402549743652,0.5096698999404907
1751305849.0259182,3.0305848121643066,0.7940921187400818,1.0321214199066162,0.5096653699874878
1751305849.0459123,3.030608654022217,0.7940756678581238,1.0321271419525146,0.5096614360809326
1751305849.0659478,3.0306453704833984,0.7940976619720459,1.0321446657180786,0.5096728205680847
1751305849.0859542,3.0305979251861572,0.7940971851348877,1.032122254371643,0.5096729397773743
1751305849.0959692,3.0305941104888916,0.7940970659255981,1.032109022140503,0.5096626877784729
1751305849.1059494,3.030611515045166,0.7941060662269592,1.0321310758590698,0.5096856355667114
1751305849.1259303,3.0306403636932373,0.7940868735313416,1.0321156978607178,0.5096707940101624
1751305849.1459725,3.0306098461151123,0.7940806746482849,1.0321238040924072,0.5096808671951294
1751305849.1560254,3.03061842918396,0.7941074967384338,1.0321385860443115,0.5096720457077026
1751305849.1759746,3.0306313037872314,0.7940840125083923,1.0321294069290161,0.5096683502197266
1751305849.1859317,3.0306012630462646,0.7940648794174194,1.0321232080459595,0.5096795558929443
1751305849.2059228,3.0306172370910645,0.7940776348114014,1.0321307182312012,0.5096836686134338
1751305849.216022,3.0306107997894287,0.7940741777420044,1.032125473022461,0.5096662044525146
1751305849.238566,3.0306363105773926,0.7940963506698608,1.0321146249771118,0.5096729397773743
1751305849.2459261,3.0306243896484375,0.7941005229949951,1.032122015953064,0.5096737146377563
1751305849.2659223,3.030627965927124,0.7940996289253235,1.032120943069458,0.509663462638855
1751305849.2763221,3.0306220054626465,0.794106125831604,1.032127857208252,0.5096721053123474
1751305849.2962098,3.030625581741333,0.7940838932991028,1.0321167707443237,0.5096726417541504
1751305849.3159258,3.0306482315063477,0.7940968871116638,1.0321228504180908,0.5096591114997864
1751305849.325938,3.030613660812378,0.7940648198127747,1.0321191549301147,0.5096732378005981
1751305849.3459291,3.0306079387664795,0.7940709590911865,1.0321307182312012,0.5096817016601562
1751305849.3560116,3.0306396484375,0.7940951585769653,1.032112956047058,0.5096669793128967
1751305849.3761537,3.0306360721588135,0.7941112518310547,1.0321177244186401,0.5096860527992249
1751305849.3859231,3.0306103229522705,0.7940718531608582,1.0321204662322998,0.509666383266449
1751305849.4060912,3.0306475162506104,0.794110119342804,1.0321204662322998,0.5096678137779236
1751305849.4259264,3.030656576156616,0.7940915822982788,1.0321424007415771,0.5096793174743652
1751305849.436278,3.0306293964385986,0.794093132019043,1.0321242809295654,0.5096864700317383
1751305849.4560013,3.03060245513916,0.794069766998291,1.0321125984191895,0.5096604824066162
1751305849.4659314,3.030658006668091,0.7941098809242249,1.0321424007415771,0.5096829533576965
1751305849.4859989,3.0306172370910645,0.7941176295280457,1.0321307182312012,0.5096733570098877
1751305849.5060518,3.0306031703948975,0.7940706610679626,1.032122254371643,0.5096606612205505
1751305849.516024,3.0306191444396973,0.7941036224365234,1.0321208238601685,0.5096944570541382
1751305849.536011,3.0306107997894287,0.794094443321228,1.0321242809295654,0.5096604228019714
1751305849.5460544,3.030609369277954,0.79408198595047,1.0321197509765625,0.5096752643585205
1751305849.56593,3.0306198596954346,0.7940909266471863,1.0321247577667236,0.5096933245658875
1751305849.5859382,3.0305919647216797,0.7941017150878906,1.0321111679077148,0.5096614956855774
1751305849.595958,3.0306098461151123,0.7940722703933716,1.0321264266967773,0.509679913520813
1751305849.616171,3.030594825744629,0.7940913438796997,1.032122254371643,0.5096831321716309
1751305849.6259983,3.030583620071411,0.794055700302124,1.0321111679077148,0.5096724033355713
1751305849.6459205,3.030630350112915,0.7940955758094788,1.0321272611618042,0.5096746683120728
1751305849.6559312,3.0306167602539062,0.7940965294837952,1.0321131944656372,0.5096973776817322
1751305849.6759436,3.0305771827697754,0.794038712978363,1.032102108001709,0.5096614360809326
1751305849.6859615,3.0305910110473633,0.7940798401832581,1.032112717628479,0.509662389755249
1751305849.7059593,3.0306482315063477,0.7940894365310669,1.0321341753005981,0.5096879005432129
1751305849.71598,3.0306122303009033,0.7940546274185181,1.0321024656295776,0.5096719264984131
1751305849.736063,3.0306332111358643,0.7940828800201416,1.0321252346038818,0.5096594095230103
1751305849.7459438,3.030644178390503,0.7940863370895386,1.0321481227874756,0.5096821784973145
1751305849.7660377,3.030653953552246,0.7940855622291565,1.032116413116455,0.5096539258956909
1751305849.7776864,3.030646324157715,0.7940776348114014,1.0321286916732788,0.5096778273582458
1751305849.795924,3.0306577682495117,0.7940768003463745,1.0321342945098877,0.5096744298934937
1751305849.8159308,3.030653715133667,0.7940797209739685,1.0321093797683716,0.5096606612205505
1751305849.8259187,3.030670166015625,0.7940741777420044,1.0321249961853027,0.5096727013587952
1751305849.845925,3.030656337738037,0.7940489649772644,1.0321197509765625,0.5096752643585205
1751305849.8659601,3.030656099319458,0.7940620183944702,1.0321121215820312,0.5096669793128967
1751305849.876007,3.0306553840637207,0.794064998626709,1.032132625579834,0.5096787810325623
1751305849.8959222,3.0306687355041504,0.794089674949646,1.0321345329284668,0.5096873044967651
1751305849.9059496,3.030642509460449,0.7940735220909119,1.0321149826049805,0.509654700756073
1751305849.9267313,3.0306499004364014,0.7940875291824341,1.0321261882781982,0.5097055435180664
1751305849.9359388,3.0306389331817627,0.7940799593925476,1.032137393951416,0.5096904635429382
1751305849.9559295,3.0306410789489746,0.7940807342529297,1.0321202278137207,0.5096662640571594
1751305849.9659264,3.0306320190429688,0.7940720915794373,1.0321359634399414,0.5096831321716309
1751305849.9859254,3.030634880065918,0.7940548062324524,1.032121181488037,0.5096783638000488
1751305849.9959128,3.0306520462036133,0.794053852558136,1.0321125984191895,0.509663999080658
1751305850.0159779,3.030630111694336,0.7940589785575867,1.0321438312530518,0.509692370891571
1751305850.0359824,3.0306081771850586,0.7940738201141357,1.0321264266967773,0.5096617937088013
1751305850.04594,3.0306313037872314,0.7940771579742432,1.0321098566055298,0.5096572637557983
1751305850.0660107,3.0306522846221924,0.7940939664840698,1.0321414470672607,0.5096918940544128
1751305850.0863867,3.0305991172790527,0.7940680980682373,1.0321192741394043,0.5096509456634521
1751305850.0960038,3.030606508255005,0.7940599918365479,1.032121181488037,0.5096463561058044
1751305850.1059363,3.0306148529052734,0.7940807342529297,1.0321325063705444,0.5096854567527771
1751305850.126009,3.0306284427642822,0.7940822243690491,1.0321190357208252,0.5096503496170044
1751305850.1362348,3.030635356903076,0.794086217880249,1.032122015953064,0.5096681714057922
1751305850.1560886,3.0306272506713867,0.7941305041313171,1.0321205854415894,0.5096874237060547
1751305850.1759906,3.0306363105773926,0.7941071391105652,1.0321091413497925,0.5096577405929565
1751305850.185938,3.0306332111358643,0.7940914034843445,1.0321179628372192,0.509663462638855
1751305850.205931,3.030625820159912,0.794079065322876,1.032135009765625,0.5096935629844666
1751305850.2160175,3.030609130859375,0.7941080331802368,1.0321130752563477,0.5096588134765625
1751305850.2359936,3.0306332111358643,0.7940940260887146,1.0321240425109863,0.5096727609634399
1751305850.255979,3.0306529998779297,0.7941018342971802,1.0321242809295654,0.5096901059150696
1751305850.2659225,3.030622959136963,0.7940802574157715,1.0321075916290283,0.5096498131752014
1751305850.2859838,3.0306267738342285,0.7940842509269714,1.0321269035339355,0.5096825957298279
1751305850.2965872,3.0306315422058105,0.7940896153450012,1.0321255922317505,0.509685754776001
1751305850.3160985,3.0306413173675537,0.7941117286682129,1.0320974588394165,0.5096527338027954
1751305850.3263617,3.0306410789489746,0.7941275835037231,1.0321110486984253,0.509681761264801
1751305850.345915,3.0306107997894287,0.7941061854362488,1.032127022743225,0.5096983909606934
1751305850.36592,3.030625104904175,0.7940940856933594,1.0320993661880493,0.5096749663352966
1751305850.376361,3.0306034088134766,0.7941151261329651,1.0321189165115356,0.5096970796585083
1751305850.3968706,3.0306379795074463,0.7940972447395325,1.032130479812622,0.5096672773361206
1751305850.4059165,3.030611515045166,0.794105052947998,1.0321065187454224,0.5096628665924072
1751305850.4259174,3.030609130859375,0.7940758466720581,1.032134771347046,0.5096879601478577
1751305850.4363685,3.030634880065918,0.7940976619720459,1.0321283340454102,0.5096815824508667
1751305850.4560082,3.030579090118408,0.7940292954444885,1.0321016311645508,0.5096660852432251
1751305850.4759362,3.030618906021118,0.7940803170204163,1.0321407318115234,0.5096831917762756
1751305850.4859405,3.0306291580200195,0.7940677404403687,1.0321142673492432,0.5096750259399414
1751305850.497146,3.0306379795074463,0.7940899729728699,1.0321071147918701,0.5096592307090759
1751305850.5160096,3.030634880065918,0.794098973274231,1.0321474075317383,0.5096922516822815
1751305850.5360134,3.0306220054626465,0.7940726280212402,1.0321146249771118,0.5096502304077148
1751305850.5461795,3.0306038856506348,0.7940278053283691,1.03211510181427,0.5096760988235474
1751305850.5659432,3.030616283416748,0.7941074371337891,1.0321334600448608,0.5096977353096008
1751305850.5860004,3.030656337738037,0.7940929532051086,1.0321052074432373,0.5096556544303894
1751305850.5964005,3.030658006668091,0.7941241264343262,1.0321409702301025,0.509681761264801
1751305850.6059225,3.030634880065918,0.7940753102302551,1.032153606414795,0.5096744894981384
1751305850.6259434,3.030641555786133,0.7940608859062195,1.0321053266525269,0.5096612572669983
1751305850.6374032,3.0306503772735596,0.7941260933876038,1.0321400165557861,0.5096709728240967
1751305850.6559956,3.0306289196014404,0.7941058278083801,1.0321351289749146,0.5096883773803711
1751305850.676077,3.0306262969970703,0.7941006422042847,1.0321162939071655,0.5096617937088013
1751305850.6860445,3.0306103229522705,0.7940266132354736,1.0321294069290161,0.5096955895423889
1751305850.705943,3.030627727508545,0.7940740585327148,1.0321160554885864,0.5096912980079651
1751305850.716034,3.0306107997894287,0.7940791249275208,1.0321216583251953,0.5096551775932312
1751305850.7361007,3.030626058578491,0.7940738201141357,1.0321214199066162,0.509677529335022
1751305850.7459247,3.0306153297424316,0.7940651178359985,1.0321272611618042,0.509682834148407
1751305850.7659333,3.030597448348999,0.794058620929718,1.032097339630127,0.5096524357795715
1751305850.7859433,3.0306272506713867,0.7941026091575623,1.0321297645568848,0.5097134709358215
1751305850.795976,3.030597686767578,0.7940899133682251,1.032104730606079,0.5096643567085266
1751305850.8160808,3.0306198596954346,0.7941320538520813,1.0321128368377686,0.5096726417541504
1751305850.8259685,3.0306148529052734,0.7940654754638672,1.03212571144104,0.509705126285553
1751305850.8459334,3.03062105178833,0.7940698862075806,1.0321184396743774,0.5096650719642639
1751305850.8561714,3.03063702583313,0.7941288352012634,1.0321083068847656,0.5096685290336609
1751305850.8759654,3.030640125274658,0.7941111326217651,1.0321476459503174,0.5096929669380188
1751305850.8959212,3.0306265354156494,0.7940636873245239,1.0321221351623535,0.5096688270568848
1751305850.905946,3.0306203365325928,0.7940633893013,1.0321111679077148,0.5096811056137085
1751305850.9259527,3.0306241512298584,0.7940938472747803,1.032119870185852,0.5096989274024963
1751305850.936048,3.0306427478790283,0.7941041588783264,1.0321279764175415,0.5096839070320129
1751305850.9560142,3.030646800994873,0.7941035032272339,1.0321173667907715,0.5096957087516785
1751305850.965932,3.030628204345703,0.7941136360168457,1.0321333408355713,0.5097092986106873
1751305850.9859874,3.030611991882324,0.7940874695777893,1.0321133136749268,0.5096700191497803
1751305850.9959872,3.030635356903076,0.7940860390663147,1.0321218967437744,0.5096985697746277
1751305851.0163035,3.03064227104187,0.7941006422042847,1.0321415662765503,0.5096938014030457
1751305851.036082,3.03062105178833,0.7940924763679504,1.0321078300476074,0.5096657276153564
1751305851.0459208,3.030634641647339,0.7940582633018494,1.0321307182312012,0.5096902251243591
1751305851.0672832,3.030616283416748,0.7940754294395447,1.0321311950683594,0.509704053401947
1751305851.0859385,3.030640125274658,0.7940888404846191,1.032114028930664,0.509671151638031
1751305851.0960906,3.030611515045166,0.7940652370452881,1.0321261882781982,0.5096943974494934
1751305851.1162064,3.030592918395996,0.7940637469291687,1.0321223735809326,0.5096955895423889
1751305851.1259382,3.0306217670440674,0.7940593957901001,1.0321104526519775,0.5096630454063416
1751305851.1459377,3.0306262969970703,0.79408198595047,1.032133936882019,0.5096918940544128
1751305851.1560826,3.030606985092163,0.7940694093704224,1.0321359634399414,0.5096853971481323
1751305851.1759546,3.0306177139282227,0.7940580248832703,1.0321184396743774,0.5096649527549744
1751305851.1961787,3.030595541000366,0.7940130829811096,1.0321344137191772,0.5097028613090515
1751305851.2059236,3.0306148529052734,0.7940579056739807,1.0321252346038818,0.5096684098243713
1751305851.2160592,3.0306286811828613,0.7940739989280701,1.0321221351623535,0.5096549987792969
1751305851.2360692,3.030658483505249,0.7941426634788513,1.0321307182312012,0.5096995830535889
1751305851.2560387,3.030643939971924,0.7940729260444641,1.0321210622787476,0.5096715688705444
1751305851.265937,3.0306396484375,0.7940641641616821,1.0321284532546997,0.5096657872200012
1751305851.2859385,3.030635356903076,0.7941007614135742,1.0321346521377563,0.5096994042396545
1751305851.296107,3.030658006668091,0.79410320520401,1.0321251153945923,0.5096686482429504
1751305851.3160899,3.0306413173675537,0.7941118478775024,1.0321303606033325,0.5096867680549622
1751305851.3259265,3.0306694507598877,0.7941009402275085,1.032138466835022,0.5096926689147949
1751305851.3460157,3.030636787414551,0.7940736413002014,1.0321271419525146,0.5096496939659119
1751305851.365994,3.0306243896484375,0.7940449118614197,1.0321308374404907,0.5096592307090759
1751305851.3760514,3.030614137649536,0.7940541505813599,1.0321333408355713,0.5097038149833679
1751305851.3961415,3.0305938720703125,0.7940752506256104,1.0321166515350342,0.5096574425697327
1751305851.4059415,3.0306477546691895,0.7940957546234131,1.0321390628814697,0.5096735954284668
1751305851.4259455,3.0306336879730225,0.7940849661827087,1.032132863998413,0.5096911787986755
1751305851.436052,3.0306243896484375,0.7941302061080933,1.0321184396743774,0.5096518397331238
1751305851.4560344,3.030618190765381,0.7941262125968933,1.0321171283721924,0.5096694231033325
1751305851.466084,3.030646324157715,0.7941333651542664,1.032138466835022,0.5096884369850159
1751305851.4859574,3.0306146144866943,0.794117271900177,1.0321154594421387,0.5096609592437744
1751305851.496168,3.0306484699249268,0.7940795421600342,1.0321277379989624,0.5096734762191772
1751305851.516049,3.0306389331817627,0.7940974831581116,1.0321366786956787,0.5097029209136963
1751305851.536044,3.0306015014648438,0.7940855622291565,1.0321191549301147,0.5096504092216492
1751305851.5560677,3.0306320190429688,0.7940734028816223,1.032138705253601,0.5096954107284546
1751305851.5562096,3.0306272506713867,0.794096827507019,1.0321481227874756,0.5097116827964783
1751305851.5763063,3.030595064163208,0.7940691709518433,1.0321089029312134,0.5096625685691833
1751305851.596123,3.0306003093719482,0.794099748134613,1.032124400138855,0.5096867680549622
1751305851.6069787,3.030595302581787,0.7941327691078186,1.0321414470672607,0.5096907615661621
1751305851.6269953,3.030586004257202,0.7940757274627686,1.0321226119995117,0.5096478462219238
1751305851.636061,3.0305795669555664,0.7940959930419922,1.032148003578186,0.509709894657135
1751305851.656063,3.0305936336517334,0.7940804362297058,1.03212571144104,0.509665846824646
1751305851.6761105,3.0305964946746826,0.7940635085105896,1.0321208238601685,0.5096613764762878
1751305851.6859167,3.03058123588562,0.794053316116333,1.0321507453918457,0.5096995830535889
1751305851.706198,3.0305886268615723,0.7940521836280823,1.032149076461792,0.5096619129180908
1751305851.7159855,3.030594825744629,0.7940623164176941,1.0321024656295776,0.509657621383667
1751305851.7359672,3.0306239128112793,0.7941012382507324,1.0321383476257324,0.509700357913971
1751305851.7459323,3.0306053161621094,0.7940899729728699,1.0321099758148193,0.5096622109413147
1751305851.7659333,3.030629873275757,0.7940602898597717,1.032126784324646,0.5096741318702698
1751305851.7859652,3.0306127071380615,0.794100821018219,1.0321342945098877,0.5096936821937561
1751305851.7959719,3.0306146144866943,0.7940755486488342,1.0321106910705566,0.5096575021743774
1751305851.816641,3.0305819511413574,0.794076681137085,1.0321239233016968,0.5096866488456726
1751305851.836183,3.030580759048462,0.7940548062324524,1.0321362018585205,0.5096955895423889
1751305851.8559341,3.030596971511841,0.7940576076507568,1.0321025848388672,0.5096448659896851
1751305851.865982,3.030609607696533,0.7940940856933594,1.032143235206604,0.5096864104270935
1751305851.875954,3.0306127071380615,0.7941019535064697,1.0321362018585205,0.509675920009613
1751305851.8959382,3.030641794204712,0.7941010594367981,1.0321111679077148,0.5096538662910461
1751305851.9059117,3.030637502670288,0.7940967679023743,1.032135009765625,0.5096755027770996
1751305851.9259036,3.0306179523468018,0.7940967082977295,1.0321227312088013,0.5096817016601562
1751305851.9372225,3.03059983253479,0.7940822839736938,1.032104253768921,0.5096654295921326
1751305851.95594,3.0306355953216553,0.794087827205658,1.032141089439392,0.5096989870071411
1751305851.9659138,3.030606269836426,0.7940742373466492,1.0321484804153442,0.5096899271011353
1751305851.9859307,3.0306012630462646,0.7940827012062073,1.032109022140503,0.5096452236175537
1751305852.005906,3.0306332111358643,0.7940605878829956,1.0321239233016968,0.5096914172172546
1751305852.016011,3.030618190765381,0.7940678000450134,1.0321340560913086,0.5096821784973145
1751305852.0359635,3.030641555786133,0.7940931916236877,1.0321171283721924,0.5096576809883118
1751305852.0459177,3.0306270122528076,0.7940880656242371,1.0321458578109741,0.5097177624702454
1751305852.0659037,3.0305886268615723,0.7940764427185059,1.032121181488037,0.5096604228019714
1751305852.0858967,3.0306410789489746,0.794087290763855,1.0321158170700073,0.509681224822998
1751305852.0959537,3.0306177139282227,0.7940705418586731,1.0321331024169922,0.5097209215164185
1751305852.115926,3.0305817127227783,0.7940686345100403,1.0321049690246582,0.5096545815467834
1751305852.12592,3.030628204345703,0.7940839529037476,1.0321455001831055,0.5096984505653381
1751305852.1359773,3.030601978302002,0.7940836548805237,1.0321362018585205,0.5097137689590454
1751305852.1559227,3.030629873275757,0.7941010594367981,1.0321018695831299,0.5096473693847656
1751305852.1659591,3.030611038208008,0.7941116094589233,1.0321067571640015,0.5096487998962402
1751305852.1859007,3.0306155681610107,0.7941057682037354,1.0321424007415771,0.5096979737281799
1751305852.2059083,3.0306003093719482,0.7940623760223389,1.0320923328399658,0.509644091129303
1751305852.216089,3.03058123588562,0.7940675616264343,1.0321125984191895,0.5096549391746521
1751305852.2359054,3.0305862426757812,0.7940918803215027,1.032148838043213,0.5097046494483948
1751305852.2459352,3.030640125274658,0.79408860206604,1.0321044921875,0.5096504092216492
1751305852.2658982,3.0306332111358643,0.7941145300865173,1.032128095626831,0.5096873044967651
1751305852.2859075,3.030606985092163,0.7940813899040222,1.032131314277649,0.5096727609634399
1751305852.2959638,3.030604362487793,0.7940908074378967,1.0321173667907715,0.5096522569656372
1751305852.3159666,3.0306127071380615,0.794082522392273,1.0321046113967896,0.5096790194511414
1751305852.3359857,3.030597686767578,0.7940607070922852,1.0321227312088013,0.5096672177314758
1751305852.3460064,3.0305862426757812,0.7940443754196167,1.0321143865585327,0.5096484422683716
1751305852.3560033,3.0306124687194824,0.7940988540649414,1.0321239233016968,0.5096789598464966
1751305852.3759568,3.030632734298706,0.7940728068351746,1.0321247577667236,0.5096741318702698
1751305852.3859193,3.0306131839752197,0.7940887808799744,1.0321136713027954,0.5096491575241089
1751305852.4061594,3.0306248664855957,0.7941213846206665,1.032135009765625,0.5096901059150696
1751305852.425908,3.030604839324951,0.7940687537193298,1.032125473022461,0.5096634030342102
1751305852.4459195,3.030616044998169,0.7940587997436523,1.0321178436279297,0.5096588134765625
1751305852.4560294,3.030595541000366,0.7940781116485596,1.0321402549743652,0.5096836090087891
1751305852.4659185,3.030623435974121,0.7940881848335266,1.0321286916732788,0.5096768736839294
1751305852.4858978,3.0305728912353516,0.7940221428871155,1.0321083068847656,0.5096789598464966
1751305852.5059178,3.0305981636047363,0.794065535068512,1.0321308374404907,0.5097017288208008
1751305852.51597,3.030632257461548,0.7940872311592102,1.0321117639541626,0.5096616148948669
1751305852.5359313,3.030587911605835,0.7940202951431274,1.0321098566055298,0.5096599459648132
1751305852.5459166,3.0305957794189453,0.7940815091133118,1.0321418046951294,0.5096964240074158
1751305852.5659158,3.0305962562561035,0.7940638661384583,1.0321085453033447,0.5096511244773865
1751305852.5859,3.0305862426757812,0.7940146923065186,1.0321260690689087,0.50968337059021
1751305852.5959656,3.030606985092163,0.7941257357597351,1.0321394205093384,0.5097083449363708
1751305852.6159637,3.0306167602539062,0.7940685153007507,1.0321317911148071,0.5096473693847656
1751305852.6259122,3.030580997467041,0.794087290763855,1.0321311950683594,0.5096709728240967
1751305852.6458972,3.030614137649536,0.7940712571144104,1.032128930091858,0.5096994638442993
1751305852.6559646,3.030580997467041,0.7940499782562256,1.032105803489685,0.509644627571106
1751305852.6759593,3.030566930770874,0.7940279245376587,1.0321288108825684,0.509692907333374
1751305852.685943,3.03059720993042,0.7940824031829834,1.0321251153945923,0.5097138285636902
1751305852.705914,3.0306103229522705,0.7940431237220764,1.0320992469787598,0.5096580982208252
1751305852.7162676,3.0305633544921875,0.7940054535865784,1.0321179628372192,0.5096869468688965
1751305852.7359803,3.030604362487793,0.7940816879272461,1.0321329832077026,0.5096889734268188
1751305852.745903,3.0305707454681396,0.7940188646316528,1.0321016311645508,0.5096572637557983
1751305852.7659166,3.030588388442993,0.7940773963928223,1.0321276187896729,0.509696364402771
1751305852.7859292,3.0306103229522705,0.7940840125083923,1.0321171283721924,0.509661853313446
1751305852.7959626,3.0306057929992676,0.794061541557312,1.0320857763290405,0.5096657276153564
1751305852.8160121,3.030604124069214,0.7940800786018372,1.0321158170700073,0.5096854567527771
1751305852.8259084,3.0306224822998047,0.7940781712532043,1.0321356058120728,0.5096913576126099
1751305852.8459125,3.030585527420044,0.7940637469291687,1.0321098566055298,0.5096732378005981
1751305852.855945,3.030588150024414,0.7940903306007385,1.0321241617202759,0.5097013115882874
1751305852.8759663,3.030582904815674,0.794066846370697,1.0321171283721924,0.5096743106842041
1751305852.8959363,3.0306122303009033,0.7940757870674133,1.0321019887924194,0.5096651911735535
1751305852.9059205,3.0306005477905273,0.7940805554389954,1.0321167707443237,0.5097029209136963
1751305852.925921,3.030601739883423,0.794049084186554,1.032118320465088,0.5096588134765625
1751305852.93596,3.030590772628784,0.7940728068351746,1.0321035385131836,0.5096561908721924
1751305852.9559462,3.030590057373047,0.7940557599067688,1.0321388244628906,0.5096968412399292
1751305852.9659173,3.0305919647216797,0.7940725684165955,1.0321069955825806,0.5096542835235596
1751305852.9859204,3.0306084156036377,0.7940816283226013,1.032109260559082,0.5096710324287415
1751305852.9959602,3.0305962562561035,0.7940778136253357,1.032135009765625,0.5097066164016724
1751305853.0159638,3.030613422393799,0.79408198595047,1.0321093797683716,0.5096589922904968
1751305853.0260074,3.030595064163208,0.7941058874130249,1.0321189165115356,0.5096970200538635
1751305853.045899,3.030602216720581,0.7940754294395447,1.032137393951416,0.5096926093101501
1751305853.0659025,3.0305914878845215,0.7941102385520935,1.0321224927902222,0.5096631646156311
1751305853.08591,3.0306200981140137,0.7940830588340759,1.032141923904419,0.5096994042396545
1751305853.0959523,3.030592918395996,0.7940841317176819,1.0321398973464966,0.5096993446350098
1751305853.1059206,3.030583381652832,0.7940834760665894,1.0321156978607178,0.5096592307090759
1751305853.1259477,3.030616283416748,0.7940505743026733,1.032135009765625,0.5096909999847412
1751305853.1359584,3.030614137649536,0.7940902709960938,1.0321255922317505,0.5096859335899353
1751305853.1559603,3.030588388442993,0.7940704822540283,1.032112717628479,0.5096564888954163
1751305853.175984,3.0305631160736084,0.7939937710762024,1.032135009765625,0.5097071528434753
1751305853.1859148,3.030575752258301,0.7940740585327148,1.0321424007415771,0.5097042918205261
1751305853.2059689,3.030602216720581,0.794021725654602,1.0321283340454102,0.5096879601478577
1751305853.2160075,3.030588150024414,0.7940898537635803,1.032126784324646,0.5097025632858276
1751305853.2360892,3.030592918395996,0.7940512895584106,1.0321298837661743,0.5096884369850159
1751305853.2459784,3.0305919647216797,0.7940712571144104,1.0321156978607178,0.5096575617790222
1751305853.265965,3.0306220054626465,0.7940566539764404,1.0321491956710815,0.509700357913971
1751305853.2859948,3.030576705932617,0.7940644025802612,1.0321162939071655,0.5096873641014099
1751305853.2960923,3.03057599067688,0.7940704226493835,1.0321128368377686,0.5096541047096252
1751305853.3162587,3.0305910110473633,0.794091522693634,1.03214430809021,0.5096958875656128
1751305853.3260224,3.030626058578491,0.7940747737884521,1.0321229696273804,0.5096942782402039
1751305853.3459644,3.030583620071411,0.7940766215324402,1.0321446657180786,0.5096948742866516
1751305853.365978,3.030593156814575,0.7940941452980042,1.0321398973464966,0.509710967540741
1751305853.3761482,3.0305888652801514,0.7940781712532043,1.0321238040924072,0.5096634030342102
1751305853.395951,3.0305984020233154,0.7941122055053711,1.0321316719055176,0.5096633434295654
1751305853.4067192,3.030581474304199,0.7941022515296936,1.032155156135559,0.5096957683563232
1751305853.4259696,3.0305914878845215,0.794115424156189,1.032111406326294,0.5096510648727417
1751305853.4359634,3.0306100845336914,0.7941092848777771,1.0321203470230103,0.509656548500061
1751305853.4560025,3.0306010246276855,0.7941153645515442,1.032135248184204,0.5096795558929443
1751305853.4761057,3.0305705070495605,0.7940765023231506,1.032118558883667,0.509647786617279
1751305853.4859707,3.030596971511841,0.7940747141838074,1.0321438312530518,0.5096840858459473
1751305853.5059717,3.030630111694336,0.7940804362297058,1.0321458578109741,0.5096948742866516
1751305853.5159585,3.0305874347686768,0.7940683364868164,1.0321087837219238,0.5096458196640015
1751305853.535941,3.0306005477905273,0.7940853238105774,1.032135009765625,0.5096882581710815
1751305853.5459352,3.0305893421173096,0.7941057085990906,1.0321400165557861,0.5096819996833801
1751305853.565948,3.0306270122528076,0.7940828204154968,1.0321273803710938,0.5096482038497925
1751305853.5759618,3.0306057929992676,0.7940587401390076,1.0321323871612549,0.5096681714057922
1751305853.5959284,3.0306220054626465,0.7940813302993774,1.0321322679519653,0.5096619129180908
1751305853.6059852,3.0306315422058105,0.7941209673881531,1.032112717628479,0.5096458196640015
1751305853.6259162,3.030627965927124,0.7940692901611328,1.0321505069732666,0.5096774697303772
1751305853.635917,3.030622720718384,0.7940934896469116,1.032146692276001,0.5096630454063416
1751305853.6559582,3.0306313037872314,0.794109046459198,1.0321285724639893,0.5096502304077148
1751305853.676231,3.030637741088867,0.7940886616706848,1.0321569442749023,0.5096842050552368
1751305853.686362,3.0306339263916016,0.7940881252288818,1.0321404933929443,0.5096549391746521
1751305853.70595,3.0306262969970703,0.7940497398376465,1.0321242809295654,0.5096275210380554
1751305853.715938,3.0306203365325928,0.7940844297409058,1.0321457386016846,0.5096845626831055
1751305853.7359533,3.0306122303009033,0.7940521240234375,1.0321426391601562,0.5096668004989624
1751305853.7560852,3.0306451320648193,0.7940626740455627,1.0321346521377563,0.5096359848976135
1751305853.7659676,3.030639886856079,0.794114351272583,1.0321571826934814,0.5096927881240845
1751305853.7759426,3.0306031703948975,0.7940789461135864,1.0321239233016968,0.5096514225006104
1751305853.7959278,3.0305731296539307,0.7940013408660889,1.0321067571640015,0.509645402431488
1751305853.815917,3.0306334495544434,0.794084906578064,1.0321521759033203,0.5096884369850159
1751305853.8259234,3.030609607696533,0.7940497994422913,1.0321259498596191,0.5096592307090759
1751305853.8459249,3.0305850505828857,0.7940773367881775,1.0321273803710938,0.5096432566642761
1751305853.8659072,3.030618190765381,0.7940921783447266,1.0321552753448486,0.5096904039382935
1751305853.8759277,3.030609130859375,0.7940773963928223,1.032116174697876,0.5096378922462463
1751305853.8961363,3.0305941104888916,0.7940850853919983,1.032127857208252,0.509660542011261
1751305853.9059582,3.030635356903076,0.7940972447395325,1.0321464538574219,0.5096905827522278
1751305853.9259775,3.030625581741333,0.7940768599510193,1.0321152210235596,0.5096377730369568
1751305853.9360538,3.030642032623291,0.7940868139266968,1.0321135520935059,0.5096614956855774
1751305853.9560413,3.030590772628784,0.7940623760223389,1.0321383476257324,0.5096715688705444
1751305853.9659529,3.0306103229522705,0.7940607070922852,1.0321228504180908,0.5096480846405029
1751305853.9859116,3.030662775039673,0.7940794229507446,1.032134771347046,0.5096653699874878
1751305853.9965787,3.030622959136963,0.7940590977668762,1.0321385860443115,0.5096838474273682
1751305854.0159185,3.030580759048462,0.7940407991409302,1.032108187675476,0.5096402168273926
1751305854.0359147,3.0306131839752197,0.7940843105316162,1.0321446657180786,0.5096771121025085
1751305854.0460134,3.030656337738037,0.7940333485603333,1.032137393951416,0.5096597075462341
1751305854.0659437,3.0306270122528076,0.7940652966499329,1.0321087837219238,0.5096498131752014
1751305854.075968,3.030616521835327,0.7940739989280701,1.0321153402328491,0.5096637606620789
1751305854.095928,3.0306177139282227,0.7940547466278076,1.0321322679519653,0.5096758008003235
1751305854.1160338,3.030643939971924,0.7940746545791626,1.0321152210235596,0.509648323059082
1751305854.125946,3.0306222438812256,0.794057309627533,1.0321323871612549,0.5096717476844788
1751305854.1459591,3.0306248664855957,0.7940770387649536,1.0321171283721924,0.5096848607063293
1751305854.1559756,3.0306646823883057,0.7940715551376343,1.0320976972579956,0.5096394419670105
1751305854.1760185,3.030639410018921,0.7940829396247864,1.0321416854858398,0.5096810460090637
1751305854.1859457,3.0306200981140137,0.7940837144851685,1.0321202278137207,0.5096420645713806
1751305854.2059426,3.0306200981140137,0.7940802574157715,1.032106637954712,0.5096331238746643
1751305854.2259393,3.0306355953216553,0.7940507531166077,1.0321435928344727,0.5096742510795593
1751305854.2360017,3.030642509460449,0.7940850257873535,1.032117486000061,0.5096439123153687
1751305854.2560842,3.030609607696533,0.7940526008605957,1.032103180885315,0.5096489191055298
1751305854.2659323,3.030625343322754,0.7940921187400818,1.0321367979049683,0.5096801519393921
1751305854.2859845,3.0306358337402344,0.794090747833252,1.032110333442688,0.5096549987792969
1751305854.2961404,3.0305817127227783,0.7940457463264465,1.0321013927459717,0.5096603631973267
1751305854.316036,3.0305871963500977,0.7940839529037476,1.0321447849273682,0.5096879005432129
1751305854.3265922,3.0306177139282227,0.7940608263015747,1.0321396589279175,0.5096636414527893
1751305854.3459384,3.0306453704833984,0.794087290763855,1.0321153402328491,0.5096772313117981
1751305854.3565867,3.0306055545806885,0.7940735220909119,1.032127857208252,0.5096837878227234
1751305854.376058,3.030601739883423,0.7940255403518677,1.0321178436279297,0.5096426010131836
1751305854.3864083,3.030639171600342,0.7940628528594971,1.0321286916732788,0.509667694568634
1751305854.4059577,3.030635118484497,0.7940505146980286,1.0321274995803833,0.5096818208694458
1751305854.4259315,3.030595302581787,0.7940322160720825,1.032102108001709,0.5096348524093628
1751305854.4360113,3.0306031703948975,0.7940775156021118,1.0321084260940552,0.5096558928489685
1751305854.4560456,3.030635356903076,0.7940489649772644,1.032133936882019,0.5096731185913086
1751305854.4659271,3.030658006668091,0.7940369844436646,1.0321106910705566,0.5096476078033447
1751305854.4859118,3.030586004257202,0.7940464019775391,1.0321240425109863,0.509663999080658
1751305854.4961684,3.0306267738342285,0.794037938117981,1.0321327447891235,0.5096800923347473
1751305854.5160573,3.030653238296509,0.7940710783004761,1.0321176052093506,0.5096520781517029
1751305854.536003,3.030646562576294,0.7940478324890137,1.0321242809295654,0.5096715688705444
1751305854.5459404,3.0306034088134766,0.7940449714660645,1.03211510181427,0.5096662640571594
1751305854.5661097,3.0305962562561035,0.7940478324890137,1.0321089029312134,0.5096549391746521
1751305854.5859532,3.0306625366210938,0.7940855622291565,1.0321290493011475,0.5096959471702576
1751305854.5961213,3.0306148529052734,0.7940635681152344,1.032119631767273,0.50965815782547
1751305854.6160579,3.0305776596069336,0.7940614223480225,1.0321141481399536,0.5096672773361206
1751305854.626019,3.0306098461151123,0.7940515279769897,1.032127022743225,0.5096849203109741
1751305854.6462245,3.0306684970855713,0.794048011302948,1.0321273803710938,0.5096509456634521
1751305854.6659312,3.0306458473205566,0.7940701246261597,1.0321087837219238,0.5096572041511536
1751305854.6759326,3.0306289196014404,0.7940879464149475,1.0321235656738281,0.5096622705459595
1751305854.6859515,3.0306315422058105,0.7940675020217896,1.032132625579834,0.5096616744995117
1751305854.7059157,3.030651092529297,0.7940534949302673,1.032124400138855,0.5096632242202759
1751305854.715921,3.0306403636932373,0.7940568327903748,1.032124638557434,0.509676456451416
1751305854.7360322,3.0305988788604736,0.7940413951873779,1.0321166515350342,0.5096632838249207
1751305854.7459245,3.0306360721588135,0.7940402030944824,1.0321241617202759,0.5096471905708313
1751305854.7659242,3.0306382179260254,0.7940651178359985,1.0321520566940308,0.5096806287765503
1751305854.7859132,3.030637502670288,0.7940496206283569,1.032128095626831,0.5096406936645508
1751305854.7960737,3.0306315422058105,0.7940643429756165,1.0321357250213623,0.5096660256385803
1751305854.815986,3.0306496620178223,0.7940689325332642,1.0321319103240967,0.5096767544746399
1751305854.836105,3.0306363105773926,0.7940386533737183,1.0321108102798462,0.5096463561058044
1751305854.8459241,3.030604839324951,0.7940444946289062,1.0321238040924072,0.5096855759620667
1751305854.865962,3.0306246280670166,0.7940753698348999,1.032122254371643,0.5096689462661743
1751305854.8759215,3.030660629272461,0.7940587401390076,1.0321245193481445,0.5096574425697327
1751305854.8959734,3.030653476715088,0.7940824627876282,1.0321241617202759,0.5096753835678101
1751305854.9059541,3.030618667602539,0.7940450310707092,1.0321338176727295,0.509661853313446
1751305854.9259331,3.030632257461548,0.794058084487915,1.0321282148361206,0.5096468925476074
1751305854.9459076,3.0306215286254883,0.7940512895584106,1.0321247577667236,0.5096778273582458
1751305854.9560392,3.0306406021118164,0.7940377593040466,1.0321189165115356,0.5096601247787476
1751305854.9659462,3.0306310653686523,0.7940583229064941,1.0321072340011597,0.509644091129303
1751305854.9859722,3.030576705932617,0.7939974069595337,1.0321252346038818,0.5096681714057922
1751305855.0059693,3.03066349029541,0.7940616011619568,1.0321269035339355,0.5096672177314758
1751305855.0161242,3.0306410789489746,0.7940690517425537,1.0321285724639893,0.5096567273139954
1751305855.035948,3.0305986404418945,0.7940697073936462,1.0321465730667114,0.509684681892395
1751305855.0460892,3.030590057373047,0.794071614742279,1.0321321487426758,0.5096680521965027
1751305855.0659564,3.0306317806243896,0.7940884232521057,1.0321258306503296,0.5096520185470581
1751305855.0760925,3.0306179523468018,0.7940641045570374,1.0321229696273804,0.5096794366836548
1751305855.0960996,3.0305895805358887,0.7940775752067566,1.0321166515350342,0.5096522569656372
1751305855.1159737,3.0305416584014893,0.7940966486930847,1.0321314334869385,0.5096572041511536
1751305855.1259491,3.0305354595184326,0.7941411137580872,1.0321427583694458,0.5096684098243713
1751305855.1459363,3.0304510593414307,0.794107973575592,1.0321075916290283,0.5096639394760132
1751305855.155938,3.030452251434326,0.7938227653503418,1.0321307182312012,0.5096514225006104
1751305855.1760123,3.030670404434204,0.7934238910675049,1.0321298837661743,0.5096890926361084
1751305855.1859636,3.0311522483825684,0.793519914150238,1.0321190357208252,0.5096414685249329
1751305855.2060795,3.0312135219573975,0.7933312058448792,1.0321195125579834,0.5096462368965149
1751305855.2160282,3.031125068664551,0.7928145527839661,1.0321311950683594,0.509685218334198
1751305855.2360613,3.030841588973999,0.7921850681304932,1.0321166515350342,0.5096582770347595
1751305855.256043,3.0302975177764893,0.7915007472038269,1.032127022743225,0.5096670985221863
1751305855.2660222,3.029278039932251,0.7905757427215576,1.0321260690689087,0.5096659064292908
1751305855.2866204,3.02752685546875,0.7891275882720947,1.032118558883667,0.5096542835235596
1751305855.2960804,3.025895357131958,0.7873319983482361,1.0321255922317505,0.5096620321273804
1751305855.3160565,3.0233638286590576,0.7851670980453491,1.0321264266967773,0.5096567869186401
1751305855.3259807,3.021695375442505,0.7840033173561096,1.0321098566055298,0.5096603631973267
1751305855.3461044,3.018393039703369,0.7810139656066895,1.0321259498596191,0.5096641778945923
1751305855.3561246,3.0143861770629883,0.7782658934593201,1.0321332216262817,0.5096750855445862
1751305855.3761935,3.010542631149292,0.7747253179550171,1.0321167707443237,0.5096642971038818
1751305855.386065,3.006420850753784,0.7716303467750549,1.0321248769760132,0.5096803903579712
1751305855.4059453,3.0032505989074707,0.7682002782821655,1.0321215391159058,0.509680449962616
1751305855.4259272,2.9994568824768066,0.7651895880699158,1.0321170091629028,0.5096632838249207
1751305855.4359918,2.9977316856384277,0.7636051774024963,1.0321284532546997,0.5096681118011475
1751305855.4559336,2.9948220252990723,0.760326087474823,1.032120704650879,0.5096815228462219
1751305855.4659286,2.991450548171997,0.7573826909065247,1.0321085453033447,0.5096661448478699
1751305855.4859421,2.989048480987549,0.7542256712913513,1.0321300029754639,0.5096769332885742
1751305855.4960868,2.9854629039764404,0.7515215873718262,1.0321251153945923,0.5096815228462219
1751305855.5160458,2.9829227924346924,0.7485933303833008,1.0321086645126343,0.5096616744995117
1751305855.525929,2.980003833770752,0.7458299994468689,1.0321309566497803,0.5096888542175293
1751305855.5459254,2.978973627090454,0.7443364858627319,1.0321271419525146,0.50968337059021
1751305855.5660267,2.9762563705444336,0.7415644526481628,1.03213632106781,0.5096578001976013
1751305855.5760682,2.9725208282470703,0.7389258742332458,1.032148838043213,0.5096827149391174
1751305855.5959303,2.9693260192871094,0.7356990575790405,1.03213632106781,0.5096719264984131
1751305855.605938,2.9658098220825195,0.7321715950965881,1.0321273803710938,0.5096592307090759
1751305855.6260068,2.961817502975464,0.7282260060310364,1.0321252346038818,0.509702742099762
1751305855.6359406,2.957481861114502,0.7230881452560425,1.031898856163025,0.5096709132194519
1751305855.6560614,2.9524712562561035,0.7172055244445801,1.0313715934753418,0.5096967220306396
1751305855.6760092,2.949683427810669,0.7137414216995239,1.0309933423995972,0.509728729724884
1751305855.6859787,2.9432332515716553,0.7066331505775452,1.0299105644226074,0.5097349286079407
1751305855.7061067,2.9325311183929443,0.694589376449585,1.0275708436965942,0.5096433758735657
1751305855.715983,2.928891181945801,0.6900824308395386,1.0265910625457764,0.5095928907394409
1751305855.7360275,2.9210939407348633,0.6806839108467102,1.0242764949798584,0.5094520449638367
1751305855.7460139,2.9126906394958496,0.6704956889152527,1.021507740020752,0.5092810988426208
1751305855.7659307,2.9039645195007324,0.6598440408706665,1.0183924436569214,0.5090848207473755
1751305855.7859313,2.894805908203125,0.6487523913383484,1.0149469375610352,0.5088398456573486
1751305855.7959337,2.8901450634002686,0.6429270505905151,1.0131022930145264,0.5087146759033203
1751305855.8159804,2.880678653717041,0.6310166120529175,1.0091304779052734,0.5084742307662964
1751305855.825962,2.8657872676849365,0.6127661466598511,1.0025502443313599,0.5079910755157471
1751305855.8459415,2.8553361892700195,0.6005207300186157,0.997692346572876,0.5076978802680969
1751305855.865963,2.8441131114959717,0.5881677865982056,0.9924466013908386,0.5072638988494873
1751305855.8764114,2.8385045528411865,0.5820419788360596,0.989595890045166,0.5070613026618958
1751305855.8959944,2.827033042907715,0.5699424147605896,0.9837109446525574,0.5066148042678833
1751305855.9060616,2.8154239654541016,0.5574805736541748,0.9774038195610046,0.506160318851471
1751305855.9259715,2.804208993911743,0.5440237522125244,0.9707993865013123,0.5056158900260925
1751305855.9364085,2.7978248596191406,0.5375755429267883,0.9673482775688171,0.5053432583808899
1751305855.9560606,2.785959482192993,0.5242679119110107,0.9601606130599976,0.5047938823699951
1751305855.9662466,2.773627519607544,0.5110986828804016,0.9525882005691528,0.5041336417198181
1751305855.9860988,2.7613608837127686,0.4973515570163727,0.9447168707847595,0.5034523010253906
1751305856.0059316,2.7483901977539062,0.4836433231830597,0.9364303946495056,0.5027217268943787
1751305856.0161602,2.7352559566497803,0.4695306718349457,0.9278264045715332,0.5019422769546509
1751305856.036091,2.722099542617798,0.4549716114997864,0.9189210534095764,0.5012121200561523
1751305856.0459607,2.7093985080718994,0.43955615162849426,0.9096117615699768,0.5003867149353027
1751305856.0659602,2.6971311569213867,0.4236345589160919,0.8999823927879333,0.499582976102829
1751305856.076067,2.6910269260406494,0.415665864944458,0.8950229287147522,0.499252587556839
1751305856.0960774,2.6784727573394775,0.3996078670024872,0.8848247528076172,0.49840861558914185
1751305856.116113,2.665565252304077,0.3835793733596802,0.8742067813873291,0.4976198375225067
1751305856.1259556,2.652104616165161,0.3678411841392517,0.8633005619049072,0.49691250920295715
1751305856.1459816,2.6375956535339355,0.35251063108444214,0.8520944714546204,0.49621403217315674
1751305856.1559832,2.6222100257873535,0.33803385496139526,0.8405947685241699,0.49553102254867554
1751305856.176179,2.6065170764923096,0.32361772656440735,0.8288686871528625,0.4948479235172272
1751305856.1984344,2.5901944637298584,0.30935853719711304,0.8169150948524475,0.4941454529762268
1751305856.205997,2.572946071624756,0.2962239682674408,0.8048622608184814,0.4934232234954834
1751305856.216071,2.564305543899536,0.2897355854511261,0.7988415360450745,0.49307018518447876
1751305856.2362604,2.5462193489074707,0.27758288383483887,0.7867808938026428,0.4923138916492462
1751305856.24613,2.5272064208984375,0.26639339327812195,0.7746714949607849,0.49149519205093384
1751305856.2661219,2.5081446170806885,0.2554626762866974,0.7626224160194397,0.49067556858062744
1751305856.2859857,2.4880459308624268,0.24526706337928772,0.7506303191184998,0.4897855818271637
1751305856.2995105,2.477665424346924,0.24052849411964417,0.7446399331092834,0.4893322288990021
1751305856.3160188,2.4569039344787598,0.23128286004066467,0.7326815128326416,0.4884743392467499
1751305856.3361647,2.4261152744293213,0.21626222133636475,0.7147822976112366,0.48692554235458374
1751305856.3459432,2.4159042835235596,0.2113843858242035,0.7087838053703308,0.48640644550323486
1751305856.3660545,2.395587682723999,0.2017519623041153,0.6969320178031921,0.4853805601596832
1751305856.3765502,2.3743879795074463,0.19225230813026428,0.685111403465271,0.48426321148872375
1751305856.3960567,2.353260040283203,0.18336468935012817,0.6733500361442566,0.48318541049957275
1751305856.4064543,2.3318161964416504,0.17536772787570953,0.6615465879440308,0.48201751708984375
1751305856.425946,2.309812068939209,0.16807320713996887,0.6497361063957214,0.4807526171207428
1751305856.4360173,2.2882204055786133,0.1610603630542755,0.6380847096443176,0.4796079695224762
1751305856.4560432,2.277346611022949,0.1578202247619629,0.6322346329689026,0.47899046540260315
1751305856.4659622,2.255122184753418,0.1514022946357727,0.6205133199691772,0.47764506936073303
1751305856.4859476,2.2221970558166504,0.14164799451828003,0.6029669046401978,0.47567179799079895
1751305856.5059242,2.211228132247925,0.1383681446313858,0.5970461368560791,0.4749752879142761
1751305856.5159452,2.1888933181762695,0.13179942965507507,0.5853233337402344,0.473516583442688
1751305856.5259597,2.16703200340271,0.12497642636299133,0.5735732316970825,0.4720463752746582
1751305856.54596,2.1447410583496094,0.1182217076420784,0.5618605017662048,0.47054651379585266
1751305856.5659144,2.1226165294647217,0.11170883476734161,0.5501152873039246,0.468941330909729
1751305856.5859206,2.1003317832946777,0.10496359318494797,0.538366436958313,0.46738412976264954
1751305856.5961115,2.078267812728882,0.0974564254283905,0.5265065431594849,0.46571341156959534
1751305856.6159215,2.0674068927764893,0.09349719434976578,0.5205730199813843,0.4649145007133484
1751305856.6259217,2.045741081237793,0.08534280955791473,0.5087370276451111,0.4633307158946991
1751305856.6459267,2.0244412422180176,0.07627525180578232,0.4968862533569336,0.46159932017326355
1751305856.6560075,2.0034308433532715,0.06622665375471115,0.48507729172706604,0.4598875343799591
1751305856.6760223,1.9823863506317139,0.0565631240606308,0.47323527932167053,0.45817261934280396
1751305856.6859717,1.961205244064331,0.04632403701543808,0.46144357323646545,0.4563179612159729
1751305856.7059689,1.9503755569458008,0.04111459106206894,0.45548495650291443,0.45543715357780457
1751305856.7259302,1.9187146425247192,0.02610776014626026,0.43798044323921204,0.45270076394081116
1751305856.7359438,1.908300757408142,0.021004483103752136,0.43219122290611267,0.4517652988433838
1751305856.7459724,1.886509656906128,0.011757608503103256,0.42093509435653687,0.4498501718044281
1751305856.765944,1.8647606372833252,0.003115229308605194,0.4100038409233093,0.44801443815231323
1751305856.7859304,1.8429222106933594,-0.0050065964460372925,0.3992481827735901,0.4462435841560364
1751305856.795942,1.82058846950531,-0.011994929984211922,0.3888595700263977,0.4445171058177948
1751305856.8159535,1.7969865798950195,-0.01761207915842533,0.3786673843860626,0.4429236650466919
1751305856.825976,1.7854799032211304,-0.02044827863574028,0.37372690439224243,0.44212278723716736
1751305856.8459573,1.762632131576538,-0.025091253221035004,0.36383387446403503,0.4406481385231018
1751305856.8560188,1.7389297485351562,-0.028221698477864265,0.35417506098747253,0.4393135905265808
1751305856.8760374,1.7156459093093872,-0.030793054029345512,0.34456706047058105,0.43809258937835693
1751305856.8959384,1.6919786930084229,-0.03272714465856552,0.3349125385284424,0.4369887113571167
1751305856.905983,1.6684569120407104,-0.033431850373744965,0.32521334290504456,0.43596959114074707
1751305856.9160206,1.656456708908081,-0.03331157565116882,0.32035157084465027,0.43549710512161255
1751305856.9359317,1.6330376863479614,-0.03363020718097687,0.31054919958114624,0.4346764087677002
1751305856.9559295,1.5974904298782349,-0.032479383051395416,0.2956567406654358,0.43374574184417725
1751305856.965945,1.5857789516448975,-0.03193984925746918,0.29062390327453613,0.43343019485473633
1751305856.9859283,1.5623971223831177,-0.030331432819366455,0.2805824875831604,0.4329414367675781
1751305856.99593,1.5389620065689087,-0.02822728082537651,0.27051594853401184,0.43255922198295593
1751305857.0159366,1.5156315565109253,-0.02504761703312397,0.26030442118644714,0.43222370743751526
1751305857.02598,1.4920026063919067,-0.021229824051260948,0.2501920163631439,0.43208885192871094
1751305857.0459368,1.4804226160049438,-0.01958709955215454,0.24515505135059357,0.43204402923583984
1751305857.0659456,1.4568908214569092,-0.015870707109570503,0.23479491472244263,0.43195849657058716
1751305857.0761023,1.4334572553634644,-0.012124555185437202,0.22437933087348938,0.4321085810661316
1751305857.0960476,1.4100383520126343,-0.007849260233342648,0.21376028656959534,0.4323059022426605
1751305857.1059606,1.3870652914047241,-0.002804138697683811,0.20293526351451874,0.43261104822158813
1751305857.1260529,1.3643702268600464,0.002880910411477089,0.19195979833602905,0.43305540084838867
1751305857.1461284,1.3414976596832275,0.009229159913957119,0.18078352510929108,0.4335399866104126
1751305857.1562622,1.3189607858657837,0.01647908240556717,0.16958032548427582,0.43405526876449585
1751305857.1768136,1.2966856956481934,0.024749021977186203,0.158351331949234,0.4346768856048584
1751305857.1860986,1.285587191581726,0.028858458623290062,0.15260551869869232,0.43495750427246094
1751305857.205959,1.2524250745773315,0.041560716927051544,0.13536880910396576,0.4358461797237396
1751305857.2160597,1.2416146993637085,0.046356506645679474,0.1296338438987732,0.43616199493408203
1751305857.2359707,1.219865083694458,0.05604320392012596,0.11804495751857758,0.4367588758468628
1751305857.2459705,1.1986113786697388,0.0661766305565834,0.10655348002910614,0.43738439679145813
1751305857.2660048,1.1775875091552734,0.07716641575098038,0.09506133198738098,0.43809932470321655
1751305857.275938,1.1568604707717896,0.08847794681787491,0.08347306400537491,0.4386686384677887
1751305857.296037,1.136179804801941,0.10007321834564209,0.0718851163983345,0.43936970829963684
1751305857.3159547,1.1259745359420776,0.10592704266309738,0.06611000746488571,0.43971872329711914
1751305857.3262045,1.0961527824401855,0.12544557452201843,0.04854216054081917,0.4406120479106903
1751305857.3459594,1.086039662361145,0.13176804780960083,0.042658984661102295,0.4409792125225067
1751305857.35594,1.0666180849075317,0.14520886540412903,0.03083614632487297,0.4416663646697998
1751305857.3759596,1.0476419925689697,0.15958847105503082,0.01881175860762596,0.4422897696495056
1751305857.3960617,1.028933048248291,0.17412666976451874,0.006742933765053749,0.44301822781562805
1751305857.4059591,1.0103826522827148,0.18872767686843872,-0.005281031131744385,0.4437156319618225
1751305857.4260116,0.992527425289154,0.20421284437179565,-0.017461519688367844,0.44439584016799927
1751305857.435963,0.9751001596450806,0.2203293889760971,-0.029487745836377144,0.4451567828655243
1751305857.4559789,0.9574352502822876,0.23599687218666077,-0.04161595553159714,0.4458061754703522
1751305857.4660008,0.9489285945892334,0.2443271428346634,-0.04765068739652634,0.44611477851867676
1751305857.4859717,0.9324894547462463,0.2614654302597046,-0.05958191677927971,0.44685494899749756
1751305857.5059488,0.9161763191223145,0.27863749861717224,-0.07148008793592453,0.4475037753582001
1751305857.5159383,0.9001321792602539,0.2957448661327362,-0.083348348736763,0.4481147229671478
1751305857.5359876,0.884322464466095,0.31322357058525085,-0.09516406804323196,0.4488111436367035
1751305857.5459561,0.8764059543609619,0.32199007272720337,-0.1010119765996933,0.44912388920783997
1751305857.5659282,0.8605077266693115,0.33928415179252625,-0.11278838664293289,0.44975537061691284
1751305857.5759377,0.844944417476654,0.3570762276649475,-0.12440673261880875,0.4504883885383606
1751305857.5959263,0.8300470113754272,0.375907838344574,-0.13587810099124908,0.4511197805404663
1751305857.6059241,0.8155179619789124,0.3947561979293823,-0.14731761813163757,0.4517279863357544
1751305857.6259289,0.801746666431427,0.4138152003288269,-0.15849831700325012,0.4523707330226898
1751305857.645942,0.7884803414344788,0.4333128035068512,-0.16948935389518738,0.4529227316379547
1751305857.6560063,0.7758868932723999,0.45342496037483215,-0.18023192882537842,0.45341143012046814
1751305857.6760106,0.7637928128242493,0.47371014952659607,-0.1908370405435562,0.4538649320602417
1751305857.6859527,0.7582369446754456,0.4841081202030182,-0.19609732925891876,0.4540412425994873
1751305857.7059572,0.7416641712188721,0.5155841112136841,-0.21176348626613617,0.4544885456562042
1751305857.7261112,0.7359850406646729,0.5259616374969482,-0.21692870557308197,0.45459651947021484
1751305857.7359533,0.7258273363113403,0.5471654534339905,-0.22743511199951172,0.4546465575695038
1751305857.7559664,0.7161213755607605,0.5688353180885315,-0.23793290555477142,0.45462948083877563
1751305857.7659402,0.7070128917694092,0.5905100107192993,-0.24841608107089996,0.4544931948184967
1751305857.7859247,0.6984137296676636,0.6124053001403809,-0.2588789463043213,0.45419877767562866
1751305857.795997,0.6907602548599243,0.6349936127662659,-0.2693231999874115,0.45379266142845154
1751305857.8160198,0.6870377659797668,0.6463140249252319,-0.274574339389801,0.4535447955131531
1751305857.8259346,0.6798182725906372,0.6687610149383545,-0.2851138114929199,0.4528445303440094
1751305857.845922,0.6730501651763916,0.6915298104286194,-0.29564228653907776,0.45204219222068787
1751305857.8659518,0.6672278642654419,0.7146722078323364,-0.3060978055000305,0.45112156867980957
1751305857.8759353,0.661231279373169,0.7376683354377747,-0.3168421685695648,0.4503917694091797
1751305857.8859472,0.6566071510314941,0.7607961893081665,-0.32726964354515076,0.44923630356788635
1751305857.9060166,0.6524340510368347,0.7841833829879761,-0.33768922090530396,0.4479003846645355
1751305857.925947,0.6484946608543396,0.8075660467147827,-0.3481297492980957,0.4464532732963562
1751305857.9370859,0.6469017863273621,0.8191453814506531,-0.3533202111721039,0.44570693373680115
1751305857.9559467,0.6423160433769226,0.8542225956916809,-0.3689683973789215,0.44328200817108154
1751305857.9762645,0.6391049027442932,0.8775748014450073,-0.37934979796409607,0.4415595233440399
1751305857.9859486,0.6355438828468323,0.9009536504745483,-0.38980868458747864,0.43969297409057617
1751305858.00607,0.6336991190910339,0.9126850366592407,-0.3950977921485901,0.4386986792087555
1751305858.01596,0.6297762989997864,0.9361083507537842,-0.40569067001342773,0.4366070628166199
1751305858.0359945,0.624681293964386,0.9588432908058167,-0.4162946343421936,0.4343680143356323
1751305858.0559938,0.6187852621078491,0.9817558526992798,-0.42675071954727173,0.43202638626098633
1751305858.0660362,0.615445077419281,0.9930599927902222,-0.4318898022174835,0.4308796525001526
1751305858.0859268,0.6044082641601562,1.0261424779891968,-0.4467869699001312,0.4272712469100952
1751305858.0959556,0.5951743721961975,1.0478719472885132,-0.4563233256340027,0.42485472559928894
1751305858.1159894,0.5905189514160156,1.0587143898010254,-0.46102792024612427,0.4236436188220978
1751305858.1259482,0.5806283950805664,1.0799310207366943,-0.47034838795661926,0.4213298261165619
1751305858.1360197,0.5696279406547546,1.100245475769043,-0.47951966524124146,0.4192045331001282
1751305858.1559856,0.5575191378593445,1.1201223134994507,-0.4885946214199066,0.4172012507915497
1751305858.176005,0.5444098114967346,1.139732837677002,-0.49767208099365234,0.41534435749053955
1751305858.185953,0.5309814810752869,1.1589999198913574,-0.5068213939666748,0.41366779804229736
1751305858.2062416,0.5241072177886963,1.1683324575424194,-0.5114549994468689,0.4128740131855011
1751305858.2259707,0.5019332766532898,1.1959328651428223,-0.5255992412567139,0.4107721745967865
1751305858.2360177,0.48681536316871643,1.2137889862060547,-0.535309910774231,0.40957310795783997
1751305858.2559712,0.47887641191482544,1.2226800918579102,-0.5402632355690002,0.4090336561203003
1751305858.2659605,0.4631254971027374,1.2401689291000366,-0.5503607392311096,0.4081043004989624
1751305858.2859783,0.4463294744491577,1.2571959495544434,-0.5606273412704468,0.40727365016937256
1751305858.2960103,0.42907869815826416,1.2737575769424438,-0.5710685849189758,0.40664076805114746
1751305858.3160613,0.42041343450546265,1.2820050716400146,-0.5763223171234131,0.4063892960548401
1751305858.3259635,0.40273118019104004,1.2977849245071411,-0.5869429707527161,0.4058981239795685
1751305858.3459678,0.38482293486595154,1.3128875494003296,-0.5977111458778381,0.4055703580379486
1751305858.3659647,0.35695216059684753,1.33464515209198,-0.6140470504760742,0.40524062514305115
1751305858.385998,0.33784815669059753,1.3486766815185547,-0.6249294281005859,0.4052228331565857
1751305858.3860812,0.32840341329574585,1.3556416034698486,-0.6304398775100708,0.4052738845348358
1751305858.405974,0.3088398873806,1.368906021118164,-0.6414659023284912,0.40538206696510315
1751305858.426034,0.28867048025131226,1.3818045854568481,-0.6524706482887268,0.4056791365146637
1751305858.4360654,0.26832568645477295,1.394002079963684,-0.6633922457695007,0.40606412291526794
1751305858.455962,0.2582806348800659,1.3999454975128174,-0.6688798666000366,0.4062756896018982
1751305858.475928,0.22746144235134125,1.4169847965240479,-0.6853516697883606,0.40710145235061646
1751305858.485942,0.2169056385755539,1.4222568273544312,-0.6908081769943237,0.4074383080005646
1751305858.5059583,0.19573351740837097,1.4325408935546875,-0.7017351388931274,0.40816015005111694
1751305858.516011,0.1741475909948349,1.4424667358398438,-0.7126402854919434,0.409045547246933
1751305858.5359426,0.15239687263965607,1.4518241882324219,-0.7237330675125122,0.4099962115287781
1751305858.5459328,0.13050535321235657,1.460485816001892,-0.7349771857261658,0.4111038148403168
1751305858.565926,0.11942826211452484,1.4643255472183228,-0.7406691908836365,0.4117008447647095
1751305858.5860145,0.0857485681772232,1.475106120109558,-0.7579441070556641,0.4136384427547455
1751305858.5959764,0.06321611255407333,1.481988787651062,-0.7696453928947449,0.41507628560066223
1751305858.6063569,0.0518360435962677,1.4850578308105469,-0.7755513787269592,0.4158336818218231
1751305858.6259582,0.02871420606970787,1.4906054735183716,-0.787425696849823,0.4173952341079712
1751305858.6362154,0.005530357360839844,1.4957810640335083,-0.7993226647377014,0.41897687315940857
1751305858.6559238,-0.005926456302404404,1.498159646987915,-0.805232048034668,0.41975751519203186
1751305858.67593,-0.02914627268910408,1.5023750066757202,-0.8170775771141052,0.42129456996917725
1751305858.6859467,-0.052518777549266815,1.5057415962219238,-0.8286831378936768,0.42283666133880615
1751305858.7059436,-0.07597531378269196,1.5086019039154053,-0.8400459289550781,0.42430973052978516
1751305858.7160645,-0.09943513572216034,1.5110692977905273,-0.8510127663612366,0.42576971650123596
1751305858.7359362,-0.1230236291885376,1.5129867792129517,-0.8615117073059082,0.42709460854530334
1751305858.7559867,-0.1460963636636734,1.5140072107315063,-0.8715319633483887,0.4283943176269531
1751305858.7659311,-0.16877281665802002,1.514630675315857,-0.8810260891914368,0.4295579195022583
1751305858.7859588,-0.19129571318626404,1.5146502256393433,-0.890114963054657,0.4306269586086273
1751305858.7963634,-0.20248007774353027,1.514603853225708,-0.8944599628448486,0.43111854791641235
1751305858.8161752,-0.235172301530838,1.5134773254394531,-0.9064652323722839,0.43244579434394836
1751305858.8259473,-0.24586568772792816,1.51236891746521,-0.910079836845398,0.43284887075424194
1751305858.8459246,-0.2758866250514984,1.5083993673324585,-0.9201151132583618,0.4338870048522949
1751305858.8659449,-0.28533563017845154,1.5069689750671387,-0.923094630241394,0.4341776967048645
1751305858.8759522,-0.3026551604270935,1.5037624835968018,-0.9284915924072266,0.43461763858795166
1751305858.8960376,-0.318661630153656,1.499659538269043,-0.9332102537155151,0.43497395515441895
1751305858.9059253,-0.3331090807914734,1.4944734573364258,-0.9372093081474304,0.435183048248291
1751305858.925928,-0.3399668335914612,1.4920598268508911,-0.9388526678085327,0.43519988656044006
1751305858.9360185,-0.35813379287719727,1.4844141006469727,-0.9427879452705383,0.4351271688938141
1751305858.9560068,-0.36346784234046936,1.481637954711914,-0.943690836429596,0.4350704550743103
1751305858.9659355,-0.37356966733932495,1.4763665199279785,-0.9447205066680908,0.435004860162735
1751305858.9859529,-0.38741302490234375,1.4692409038543701,-0.9446607828140259,0.4350684881210327
1751305859.0059323,-0.39178168773651123,1.4671270847320557,-0.9442762732505798,0.4351311922073364
1751305859.016004,-0.4003494083881378,1.4632171392440796,-0.9430562853813171,0.4353395402431488
1751305859.0259802,-0.4086167514324188,1.4600714445114136,-0.9413970112800598,0.4355720281600952
1751305859.0460415,-0.4171563982963562,1.4577627182006836,-0.9392722249031067,0.43588078022003174
1751305859.0659418,-0.4261074662208557,1.455650806427002,-0.9368823170661926,0.43622875213623047
1751305859.0860631,-0.43539056181907654,1.4535690546035767,-0.9341188669204712,0.4366735816001892
1751305859.096084,-0.44024133682250977,1.452532410621643,-0.932580292224884,0.43690794706344604
1751305859.1060526,-0.45024099946022034,1.450012445449829,-0.9292592406272888,0.43742042779922485
1751305859.1259422,-0.46092626452445984,1.44722318649292,-0.9255003929138184,0.4379881024360657
1751305859.1459744,-0.47220417857170105,1.4442616701126099,-0.9213913679122925,0.4385848045349121
1751305859.1562538,-0.4842350482940674,1.4407758712768555,-0.9168998599052429,0.43924304842948914
1751305859.176091,-0.4964997172355652,1.436940312385559,-0.9122879505157471,0.439879447221756
1751305859.1859848,-0.5028700828552246,1.4347891807556152,-0.9101758599281311,0.4401867389678955
1751305859.2059624,-0.5159754157066345,1.4303092956542969,-0.9063202142715454,0.4407237470149994
1751305859.2159388,-0.5300129652023315,1.4252010583877563,-0.9029057025909424,0.4411386251449585
1751305859.236105,-0.5444498062133789,1.4196857213974,-0.900037944316864,0.4414462447166443
1751305859.245924,-0.5593184232711792,1.4140654802322388,-0.8976040482521057,0.4416979253292084
1751305859.2659783,-0.5743200182914734,1.4081069231033325,-0.8956838250160217,0.44189056754112244
1751305859.2859664,-0.5893220901489258,1.4016475677490234,-0.8942616581916809,0.44202834367752075
1751305859.2960541,-0.6044028401374817,1.3947710990905762,-0.8932873606681824,0.4421829879283905
1751305859.3160472,-0.6197510361671448,1.387499451637268,-0.8927342891693115,0.44222116470336914
1751305859.3259556,-0.6275181770324707,1.3836908340454102,-0.8926427364349365,0.44222575426101685
1751305859.345921,-0.6431376934051514,1.3755465745925903,-0.8927772045135498,0.4422028064727783
1751305859.3560648,-0.6586036086082458,1.3669190406799316,-0.8930842280387878,0.4421553313732147
1751305859.3765259,-0.6744260787963867,1.3578402996063232,-0.8934550285339355,0.4421080946922302
1751305859.3960364,-0.6905860304832458,1.3483811616897583,-0.8938568234443665,0.44208645820617676
1751305859.4067051,-0.7067400813102722,1.3386776447296143,-0.8942784070968628,0.4420165717601776
1751305859.4259946,-0.7230713367462158,1.3285443782806396,-0.8946889042854309,0.441976398229599
1751305859.4360757,-0.7395195364952087,1.3176929950714111,-0.8951268792152405,0.44192513823509216
1751305859.4560165,-0.756103515625,1.3065812587738037,-0.8955851197242737,0.44188815355300903
1751305859.4759514,-0.7724552154541016,1.2950273752212524,-0.896009087562561,0.4418473541736603
1751305859.485934,-0.780534029006958,1.2888405323028564,-0.8962047100067139,0.44182366132736206
1751305859.5059311,-0.7968658804893494,1.2763339281082153,-0.896446168422699,0.4418003559112549
1751305859.5160031,-0.8130137324333191,1.2632216215133667,-0.8963159918785095,0.4417773187160492
1751305859.5360286,-0.8288858532905579,1.2495901584625244,-0.8958135843276978,0.44185686111450195
1751305859.545976,-0.8368681073188782,1.242575764656067,-0.8954048156738281,0.44194138050079346
1751305859.565942,-0.8606703281402588,1.2209364175796509,-0.8935699462890625,0.4422350525856018
1751305859.576057,-0.8685452342033386,1.213513970375061,-0.89275723695755,0.4423683285713196
1751305859.5959408,-0.8841111063957214,1.1980302333831787,-0.8908758759498596,0.4426989257335663
1751305859.6160882,-0.9067200422286987,1.1742863655090332,-0.8872156739234924,0.4433292746543884
1751305859.6259286,-0.9141384959220886,1.1661204099655151,-0.8858250975608826,0.44358229637145996
1751305859.6459622,-0.9285942912101746,1.149764060974121,-0.8828393220901489,0.4440762400627136
1751305859.655929,-0.9427569508552551,1.1328626871109009,-0.8795279264450073,0.44464200735092163
1751305859.6760073,-0.9565632343292236,1.1151682138442993,-0.875910222530365,0.4452519416809082
1751305859.6859713,-0.9634209871292114,1.1061127185821533,-0.8739760518074036,0.4455845355987549
1751305859.705975,-0.9833927750587463,1.078944444656372,-0.8676140308380127,0.4467088580131531
1751305859.7160106,-0.9897843599319458,1.069541335105896,-0.8653685450553894,0.4471111595630646
1751305859.7360618,-1.0021371841430664,1.0504087209701538,-0.8605193495750427,0.4479176104068756
1751305859.7559876,-1.0141230821609497,1.0314204692840576,-0.855226457118988,0.4488450884819031
1751305859.7659717,-1.025722622871399,1.011823296546936,-0.8496498465538025,0.4498142898082733
1751305859.7859929,-1.037066102027893,0.9919906258583069,-0.8436955809593201,0.4508174955844879
1751305859.7960117,-1.042944073677063,0.9821782112121582,-0.8406110405921936,0.45134875178337097
1751305859.816009,-1.054446816444397,0.9622541666030884,-0.8341449499130249,0.4524552822113037
1751305859.8259745,-1.065900444984436,0.9423208832740784,-0.827241837978363,0.45363253355026245
1751305859.846126,-1.0844122171401978,0.9130129814147949,-0.8162539601325989,0.45551028847694397
1751305859.865976,-1.0974899530410767,0.8941507935523987,-0.8084887862205505,0.4568878710269928
1751305859.8763425,-1.10434091091156,0.8849195837974548,-0.804427981376648,0.45758551359176636
1751305859.8959236,-1.1187083721160889,0.8668663501739502,-0.7960999608039856,0.45900481939315796
1751305859.905982,-1.1336948871612549,0.8493481874465942,-0.7876596450805664,0.46048328280448914
1751305859.9259388,-1.149426817893982,0.8324463367462158,-0.7792618274688721,0.46187007427215576
1751305859.9359908,-1.1574138402938843,0.824045717716217,-0.775122344493866,0.46248266100883484
1751305859.9560041,-1.1826177835464478,0.8000182509422302,-0.7632400989532471,0.4643937647342682
1751305859.965946,-1.1914920806884766,0.7924714684486389,-0.7595235705375671,0.46494820713996887
1751305859.985928,-1.2097525596618652,0.7779311537742615,-0.7525219321250916,0.46598994731903076
1751305859.9959831,-1.2285100221633911,0.763935387134552,-0.7461586594581604,0.46689122915267944
1751305860.0160272,-1.247738003730774,0.7506855130195618,-0.7404250502586365,0.46770572662353516
1751305860.0360105,-1.2676323652267456,0.7380567193031311,-0.7353949546813965,0.4683796167373657
1751305860.0459654,-1.2878224849700928,0.7257202863693237,-0.7311670184135437,0.46894386410713196
1751305860.0660608,-1.298064947128296,0.719694197177887,-0.7293416857719421,0.46918222308158875
1751305860.0763683,-1.3296135663986206,0.7029718160629272,-0.7255057096481323,0.4697273373603821
1751305860.0960371,-1.3402807712554932,0.697708785533905,-0.7248368859291077,0.4698454737663269
1751305860.1059623,-1.3618065118789673,0.6876235604286194,-0.72444087266922,0.4699995815753937
1751305860.1260085,-1.383293867111206,0.6781236529350281,-0.7249382734298706,0.4701487421989441
1751305860.1459482,-1.405313491821289,0.6690133810043335,-0.7261207699775696,0.47032031416893005
1751305860.1560516,-1.4277145862579346,0.6606910824775696,-0.7279818654060364,0.4704391360282898
1751305860.1762335,-1.450456976890564,0.6531857252120972,-0.7303323149681091,0.47055259346961975
1751305860.185956,-1.473017692565918,0.6458185911178589,-0.7331568598747253,0.47053179144859314
1751305860.2059917,-1.4955546855926514,0.6384956240653992,-0.7363188862800598,0.47051650285720825
1751305860.2160754,-1.5067800283432007,0.6348639726638794,-0.737989604473114,0.4704504907131195
1751305860.2459505,-1.5406436920166016,0.6242823600769043,-0.7435405850410461,0.4701937735080719
1751305860.2560112,-1.5631458759307861,0.6167299151420593,-0.7476134896278381,0.46999531984329224
1751305860.265945,-1.5744149684906006,0.6127027273178101,-0.7497944831848145,0.4698758125305176
1751305860.2859662,-1.596686601638794,0.604248583316803,-0.754525899887085,0.4696006178855896
1751305860.2960422,-1.618403434753418,0.5947675704956055,-0.7596794962882996,0.4692581295967102
1751305860.3159738,-1.6396057605743408,0.584291934967041,-0.7652296423912048,0.4688571095466614
1751305860.3259733,-1.6500492095947266,0.5787080526351929,-0.7681171298027039,0.4686543643474579
1751305860.3459783,-1.6707509756088257,0.5673004388809204,-0.7742802500724792,0.46814534068107605
1751305860.3560293,-1.6908472776412964,0.5549588203430176,-0.7808234691619873,0.46760380268096924
1751305860.376006,-1.710516333580017,0.5416629314422607,-0.7878369688987732,0.4669768214225769
1751305860.38596,-1.7298297882080078,0.5276222229003906,-0.7952508926391602,0.4662887454032898
1751305860.4059381,-1.7488259077072144,0.5132487416267395,-0.8031060695648193,0.4654863774776459
1751305860.4259305,-1.758186936378479,0.5058735013008118,-0.8071591258049011,0.4650573432445526
1751305860.436006,-1.7764995098114014,0.49054938554763794,-0.815615177154541,0.464066743850708
1751305860.4560459,-1.794353723526001,0.47466757893562317,-0.8243284821510315,0.4630625545978546
1751305860.465925,-1.8117754459381104,0.45842617750167847,-0.8333302736282349,0.46189337968826294
1751305860.485935,-1.8284320831298828,0.44119226932525635,-0.8425586819648743,0.4606240689754486
1751305860.4961088,-1.8444894552230835,0.423427939414978,-0.8520456552505493,0.4593347907066345
1751305860.516235,-1.860202431678772,0.40522491931915283,-0.8617984056472778,0.4578600227832794
1751305860.5359716,-1.8753293752670288,0.38635367155075073,-0.8717429637908936,0.4562743604183197
1751305860.545921,-1.8901197910308838,0.36717769503593445,-0.8819279074668884,0.45458436012268066
1751305860.565917,-1.8974562883377075,0.3577142059803009,-0.8870667219161987,0.4536835253238678
1751305860.585966,-1.9190499782562256,0.3291424512863159,-0.9026259183883667,0.4509347379207611
1751305860.596256,-1.9264421463012695,0.31974485516548157,-0.9079067707061768,0.44996148347854614
1751305860.6160142,-1.941508412361145,0.30115756392478943,-0.918394923210144,0.44798770546913147
1751305860.6259599,-1.9566949605941772,0.2827136218547821,-0.928954541683197,0.4459528923034668
1751305860.645952,-1.9717657566070557,0.26438653469085693,-0.9395306706428528,0.44383344054222107
1751305860.6560125,-1.9864052534103394,0.24555432796478271,-0.9501832723617554,0.4416848421096802
1751305860.676092,-2.000532865524292,0.22645220160484314,-0.9609941244125366,0.4394994080066681
1751305860.6960533,-2.014389991760254,0.20721927285194397,-0.9719328880310059,0.43722304701805115
1751305860.7059982,-2.028214693069458,0.18784984946250916,-0.9830639362335205,0.4349309206008911
1751305860.7160633,-2.035353660583496,0.17849943041801453,-0.9886458516120911,0.43377062678337097
1751305860.7360244,-2.049851417541504,0.15938344597816467,-0.9998419284820557,0.4315119683742523
1751305860.7460854,-2.0644991397857666,0.14057160913944244,-1.0110266208648682,0.4292892515659332
1751305860.7659478,-2.080051898956299,0.12247879803180695,-1.0219579935073853,0.4270891845226288
1751305860.7859933,-2.096155881881714,0.10474330931901932,-1.032585859298706,0.424983412027359
1751305860.7961023,-2.112805128097534,0.0875188410282135,-1.042905330657959,0.42295634746551514
1751305860.8159456,-2.1213533878326416,0.07912640273571014,-1.04796302318573,0.4219721257686615
1751305860.825949,-2.1389434337615967,0.06295708566904068,-1.0578290224075317,0.42010653018951416
1751305860.8459597,-2.16658091545105,0.03980211913585663,-1.0719375610351562,0.4176456332206726
1751305860.856087,-2.1759679317474365,0.03243008628487587,-1.0764366388320923,0.4169258773326874
1751305860.8760393,-2.195373058319092,0.018422603607177734,-1.085167407989502,0.4157036244869232
1751305860.8960056,-2.215587615966797,0.0056221336126327515,-1.093611478805542,0.41473153233528137
1751305860.905928,-2.2362964153289795,-0.00640442967414856,-1.1017959117889404,0.41406485438346863
1751305860.9259336,-2.257233142852783,-0.017691921442747116,-1.109740972518921,0.4136897027492523
1751305860.9360435,-2.278653144836426,-0.028554076328873634,-1.1175830364227295,0.4135822355747223
1751305860.9559913,-2.2894110679626465,-0.03396192193031311,-1.1214638948440552,0.4136487543582916
1751305860.9659424,-2.3113386631011963,-0.0439373180270195,-1.1292800903320312,0.4139247536659241
1751305860.9860864,-2.333456039428711,-0.05355298891663551,-1.1371883153915405,0.41446301341056824
1751305860.9961197,-2.355781078338623,-0.06260479986667633,-1.1450271606445312,0.4152892529964447
1751305861.0160823,-2.378432273864746,-0.070945605635643,-1.1529322862625122,0.416317880153656
1751305861.0361562,-2.400857925415039,-0.0786663144826889,-1.1609166860580444,0.4176121652126312
1751305861.0560205,-2.423772096633911,-0.08581776916980743,-1.168999195098877,0.41916683316230774
1751305861.0665517,-2.4353673458099365,-0.08917644619941711,-1.173108696937561,0.42004653811454773
1751305861.0760055,-2.458803653717041,-0.09530442953109741,-1.1813795566558838,0.4219937324523926
1751305861.0960286,-2.4822120666503906,-0.10094520449638367,-1.1898231506347656,0.42420467734336853
1751305861.1159384,-2.5058858394622803,-0.10563685745000839,-1.1984121799468994,0.4267222583293915
1751305861.1259778,-2.529935836791992,-0.11017297208309174,-1.2071865797042847,0.4294825494289398
1751305861.1460285,-2.5538203716278076,-0.11419961601495743,-1.2161363363265991,0.4324773848056793
1751305861.155997,-2.5778629779815674,-0.11743688583374023,-1.2252157926559448,0.4357418417930603
1751305861.1760287,-2.6016502380371094,-0.1204008162021637,-1.2344591617584229,0.4392484724521637
1751305861.1860354,-2.6259396076202393,-0.12237205356359482,-1.2439019680023193,0.4429154396057129
1751305861.205958,-2.6375153064727783,-0.12381133437156677,-1.248701810836792,0.4448937177658081
1751305861.2160325,-2.6621880531311035,-0.12409717589616776,-1.2584296464920044,0.44896796345710754
1751305861.236428,-2.6858866214752197,-0.12504154443740845,-1.268269658088684,0.45324674248695374
1751305861.2559526,-2.710242986679077,-0.1253451704978943,-1.2782304286956787,0.4577295780181885
1751305861.2659662,-2.734459638595581,-0.12410653382539749,-1.2882328033447266,0.4623773694038391
1751305861.285984,-2.758265495300293,-0.12214982509613037,-1.2983825206756592,0.46721553802490234
1751305861.2959485,-2.781930685043335,-0.11986446380615234,-1.3085699081420898,0.4722501039505005
1751305861.316442,-2.793611764907837,-0.11892639845609665,-1.3136314153671265,0.47481223940849304
1751305861.3362324,-2.8299529552459717,-0.11637452989816666,-1.3289713859558105,0.48270753026008606
1751305861.3459864,-2.842024326324463,-0.11498753726482391,-1.3341130018234253,0.48540982604026794
1751305861.3659801,-2.865643262863159,-0.11085133254528046,-1.3444509506225586,0.4909406900405884
1751305861.3807583,-2.8891546726226807,-0.10687720030546188,-1.3548437356948853,0.4965271055698395
1751305861.386149,-2.9121968746185303,-0.10302848368883133,-1.3653324842453003,0.502327024936676
1751305861.4060376,-2.9353690147399902,-0.0973069965839386,-1.3758891820907593,0.5081445574760437
1751305861.4259522,-2.9590487480163574,-0.09129500389099121,-1.3865493535995483,0.5139464735984802
1751305861.4361482,-2.9707412719726562,-0.08828675746917725,-1.3919203281402588,0.5169016718864441
1751305861.4560409,-2.9930169582366943,-0.08235626667737961,-1.402650237083435,0.5227962136268616
1751305861.466002,-3.015711545944214,-0.07558093219995499,-1.4133461713790894,0.5286067724227905
1751305861.485996,-3.038334369659424,-0.06767062842845917,-1.4239453077316284,0.5343718528747559
1751305861.5059478,-3.0606722831726074,-0.05953454598784447,-1.4344639778137207,0.5400400161743164
1751305861.5159492,-3.0828664302825928,-0.05041147768497467,-1.444877028465271,0.5456278920173645
1751305861.535997,-3.1045031547546387,-0.0401594340801239,-1.4551283121109009,0.5510530471801758
1751305861.5459225,-3.1262521743774414,-0.029834052547812462,-1.46500825881958,0.5562703609466553
1751305861.5659244,-3.136686086654663,-0.024575158953666687,-1.4697299003601074,0.5587804913520813
1751305861.5760515,-3.1577160358428955,-0.014097015373408794,-1.478851556777954,0.5636576414108276
1751305861.5960126,-3.1785125732421875,-0.002833249047398567,-1.4873170852661133,0.5681484937667847
1751305861.6159763,-3.1992406845092773,0.009423639625310898,-1.495158076286316,0.5723048448562622
1751305861.625947,-3.219606637954712,0.022375937551259995,-1.5023367404937744,0.5761186480522156
1751305861.6459205,-3.239851951599121,0.03509015217423439,-1.5088237524032593,0.5795421004295349
1751305861.6559508,-3.2596523761749268,0.04808442294597626,-1.514545202255249,0.5826022028923035
1751305861.6759946,-3.2784676551818848,0.06256289780139923,-1.5195238590240479,0.5852738618850708
1751305861.6861117,-3.2964978218078613,0.07730058580636978,-1.5237030982971191,0.5875617861747742
1751305861.7060165,-3.31510066986084,0.09181219339370728,-1.5270278453826904,0.589418888092041
1751305861.716032,-3.3243229389190674,0.09911291301250458,-1.528340458869934,0.5901896953582764
1751305861.7360616,-3.3418707847595215,0.11495580524206161,-1.5303069353103638,0.5913494825363159
1751305861.7459626,-3.3586854934692383,0.13114528357982635,-1.5312690734863281,0.5920437574386597
1751305861.765941,-3.3748586177825928,0.1469014436006546,-1.5314809083938599,0.5923076272010803
1751305861.776052,-3.3909568786621094,0.1617354154586792,-1.5312169790267944,0.5921152830123901
1751305861.795994,-3.3981971740722656,0.1692531257867813,-1.5309135913848877,0.5919368267059326
1751305861.8159626,-3.412663698196411,0.1834600865840912,-1.5301737785339355,0.5915664434432983
1751305861.8259275,-3.4261393547058105,0.19728633761405945,-1.5292500257492065,0.5912297368049622
1751305861.845918,-3.439505100250244,0.20965787768363953,-1.5282328128814697,0.5909732580184937
1751305861.855959,-3.4528563022613525,0.22078576683998108,-1.5272338390350342,0.5906335711479187
1751305861.8759596,-3.464345932006836,0.23112188279628754,-1.526350975036621,0.5902187824249268
1751305861.8959694,-3.4757823944091797,0.2403765469789505,-1.5255593061447144,0.589873194694519
1751305861.905921,-3.4864144325256348,0.24873271584510803,-1.524875521659851,0.5896714329719543
1751305861.925911,-3.4955685138702393,0.25630447268486023,-1.5242857933044434,0.5894988775253296
1751305861.9359782,-3.5001542568206787,0.25957655906677246,-1.5240365266799927,0.5893873572349548
1751305861.956015,-3.5083703994750977,0.26582780480384827,-1.5236947536468506,0.5892243981361389
1751305861.965929,-3.5158562660217285,0.27135950326919556,-1.5234767198562622,0.5890895128250122
1751305861.985918,-3.522096633911133,0.27611544728279114,-1.5234044790267944,0.5891261100769043
1751305861.996032,-3.5275590419769287,0.2800658941268921,-1.5234675407409668,0.5891702175140381
1751305862.0160697,-3.5324385166168213,0.2836987376213074,-1.523499846458435,0.5891441702842712
1751305862.0359998,-3.5370125770568848,0.2872082591056824,-1.5235064029693604,0.5891335606575012
1751305862.045954,-3.541940450668335,0.29048871994018555,-1.5234969854354858,0.5891205668449402
1751305862.0659125,-3.543722152709961,0.29217997193336487,-1.5234953165054321,0.5891245007514954
1751305862.0759964,-3.546988010406494,0.2956494987010956,-1.5235060453414917,0.5891615152359009
1751305862.0879173,-3.5508038997650146,0.2983218729496002,-1.5235016345977783,0.5891252160072327
1751305862.115975,-3.554443597793579,0.30075448751449585,-1.5235073566436768,0.5891445279121399
1751305862.125966,-3.5576252937316895,0.303402841091156,-1.5235071182250977,0.5891417264938354
1751305862.1459806,-3.5603792667388916,0.30570560693740845,-1.5234999656677246,0.5891398191452026
1751305862.1570249,-3.5632097721099854,0.30767297744750977,-1.5235034227371216,0.5891370177268982
1751305862.1768312,-3.5644145011901855,0.3086964190006256,-1.5235157012939453,0.589129626750946
1751305862.1860042,-3.56689453125,0.31038951873779297,-1.523494839668274,0.5891386866569519
1751305862.2059522,-3.56881046295166,0.3117881417274475,-1.5235142707824707,0.5891152024269104
1751305862.2260637,-3.5712499618530273,0.31358906626701355,-1.5235011577606201,0.5891393423080444
1751305862.2359624,-3.5726237297058105,0.3146865963935852,-1.523502230644226,0.5891143083572388
1751305862.255986,-3.5727999210357666,0.31539928913116455,-1.5235031843185425,0.589119553565979
1751305862.2659993,-3.573530435562134,0.3164501488208771,-1.5234949588775635,0.5891450047492981
1751305862.2759492,-3.5741143226623535,0.3169300854206085,-1.5234875679016113,0.5891209840774536
1751305862.2959774,-3.5747175216674805,0.31701576709747314,-1.5234968662261963,0.5891403555870056
1751305862.3159535,-3.5748462677001953,0.3173115849494934,-1.5235037803649902,0.5891344547271729
1751305862.3359427,-3.5750041007995605,0.3174861669540405,-1.5235083103179932,0.5891401171684265
1751305862.3459475,-3.575026035308838,0.31750550866127014,-1.5235145092010498,0.5891367197036743
1751305862.3659523,-3.5749523639678955,0.317588210105896,-1.5235157012939453,0.589133620262146
1751305862.3763309,-3.5748770236968994,0.31746166944503784,-1.523501992225647,0.5891203284263611
1751305862.3959062,-3.574582099914551,0.3173030614852905,-1.5235034227371216,0.5891589522361755
1751305862.4060488,-3.5746142864227295,0.3170223832130432,-1.5235086679458618,0.5891297459602356
1751305862.425909,-3.57397198677063,0.3168710172176361,-1.5235202312469482,0.5891320109367371
1751305862.4359286,-3.573728084564209,0.31679439544677734,-1.5235247611999512,0.58915114402771
1751305862.4559197,-3.573108673095703,0.31643006205558777,-1.52350914478302,0.5891382098197937
1751305862.4759204,-3.572875738143921,0.31629425287246704,-1.523499608039856,0.5891519784927368
1751305862.4859471,-3.572659730911255,0.3158488869667053,-1.5235038995742798,0.5891550779342651
1751305862.4959302,-3.5726542472839355,0.3153764605522156,-1.5235016345977783,0.5891450643539429
1751305862.515945,-3.5719897747039795,0.31525641679763794,-1.523483157157898,0.5891619920730591
1751305862.5359364,-3.571600914001465,0.31493666768074036,-1.523515224456787,0.589148998260498
1751305862.5459368,-3.5713565349578857,0.31465238332748413,-1.5235075950622559,0.5891197323799133
1751305862.5660958,-3.5710744857788086,0.3143766224384308,-1.5235190391540527,0.5891405344009399
1751305862.575925,-3.5708441734313965,0.31430092453956604,-1.5235140323638916,0.5891417264938354
1751305862.5959158,-3.5705950260162354,0.31408560276031494,-1.5234943628311157,0.5891287922859192
1751305862.6159155,-3.570376396179199,0.31369566917419434,-1.5235230922698975,0.5891293883323669
1751305862.6259158,-3.5703396797180176,0.3135756850242615,-1.523523211479187,0.5891333222389221
1751305862.6459577,-3.569845676422119,0.31363263726234436,-1.5235031843185425,0.5891257524490356
1751305862.655954,-3.569925308227539,0.31351596117019653,-1.5235182046890259,0.589144229888916
1751305862.675954,-3.5698561668395996,0.31333619356155396,-1.5235220193862915,0.589141309261322
1751305862.6859407,-3.5697624683380127,0.31333959102630615,-1.5235012769699097,0.5891368985176086
1751305862.705899,-3.5697579383850098,0.3132823705673218,-1.5234947204589844,0.5891647934913635
1751305862.7159395,-3.569789409637451,0.31326448917388916,-1.5234862565994263,0.589165985584259
1751305862.7359242,-3.569939136505127,0.31320613622665405,-1.5235038995742798,0.5891433954238892
1751305862.7459226,-3.5698659420013428,0.3133303225040436,-1.523512363433838,0.5891517400741577
1751305862.765927,-3.5698530673980713,0.313435822725296,-1.5235037803649902,0.5891456604003906
1751305862.7859051,-3.5700016021728516,0.31344154477119446,-1.5235097408294678,0.5891367197036743
1751305862.7959943,-3.5699081420898438,0.3136056959629059,-1.5235207080841064,0.5891557931900024
1751305862.8159294,-3.5700228214263916,0.3136010766029358,-1.5235135555267334,0.5891606211662292
1751305862.8359432,-3.5702438354492188,0.31361982226371765,-1.5235068798065186,0.589150607585907
1751305862.8459437,-3.5700626373291016,0.3137272298336029,-1.5235058069229126,0.5891571044921875
1751305862.8559477,-3.5700302124023438,0.31380707025527954,-1.5235263109207153,0.5891423225402832
1751305862.875975,-3.5702977180480957,0.3136775493621826,-1.5235172510147095,0.5891425609588623
1751305862.896917,-3.5700132846832275,0.31387874484062195,-1.523506999015808,0.5891698002815247
1751305862.9160569,-3.570326089859009,0.31369420886039734,-1.5235157012939453,0.5891427397727966
1751305862.9259477,-3.5701699256896973,0.31380677223205566,-1.5235103368759155,0.5891425013542175
1751305862.9359548,-3.5701286792755127,0.3138388395309448,-1.523521065711975,0.5891558527946472
1751305862.9560556,-3.570214033126831,0.31375938653945923,-1.5235235691070557,0.5891501307487488
1751305862.9659503,-3.570148468017578,0.3137761056423187,-1.5235106945037842,0.5891554951667786
1751305862.9859319,-3.570192337036133,0.3136497139930725,-1.5235148668289185,0.5891551971435547
1751305863.0059216,-3.569974422454834,0.3137522041797638,-1.523512601852417,0.5891481637954712
1751305863.0159285,-3.5701136589050293,0.3136540651321411,-1.5235192775726318,0.5891552567481995
1751305863.036086,-3.5699315071105957,0.3137058913707733,-1.5235140323638916,0.5891513228416443
1751305863.045976,-3.570096969604492,0.3135637044906616,-1.5235191583633423,0.5891481041908264
1751305863.0659614,-3.570091724395752,0.31351375579833984,-1.5235127210617065,0.5891658067703247
1751305863.086051,-3.569974184036255,0.3135313093662262,-1.5235185623168945,0.5891436338424683
1751305863.095964,-3.5699379444122314,0.313536673784256,-1.5235185623168945,0.5891509652137756
1751305863.1159298,-3.5700111389160156,0.31347548961639404,-1.523516058921814,0.5891533493995667
1751305863.1259303,-3.569910764694214,0.3135816156864166,-1.5235213041305542,0.5891429781913757
1751305863.1459436,-3.5697712898254395,0.3136666417121887,-1.5235307216644287,0.5891489386558533
1751305863.1559267,-3.569754123687744,0.31369343400001526,-1.5235108137130737,0.5891587734222412
1751305863.1761343,-3.5700442790985107,0.3135090470314026,-1.5235148668289185,0.5891605615615845
1751305863.185956,-3.5697989463806152,0.31369876861572266,-1.5235202312469482,0.5891414284706116
1751305863.2058983,-3.569977283477783,0.31356561183929443,-1.5235122442245483,0.5891678929328918
1751305863.215921,-3.5698044300079346,0.3136798143386841,-1.5235141515731812,0.5891644954681396
1751305863.2359118,-3.569899320602417,0.31363680958747864,-1.5235137939453125,0.5891335010528564
1751305863.255906,-3.57016658782959,0.3134613633155823,-1.5235215425491333,0.5891527533531189
1751305863.265937,-3.569812536239624,0.31370115280151367,-1.5235241651535034,0.5891375541687012
1751305863.285912,-3.5699470043182373,0.31360602378845215,-1.5235207080841064,0.5891336798667908
1751305863.2959986,-3.5699334144592285,0.3136061728000641,-1.5235096216201782,0.5891463756561279
1751305863.3159604,-3.569823980331421,0.31369292736053467,-1.5235106945037842,0.5891550183296204
1751305863.3359985,-3.5699820518493652,0.3135181963443756,-1.5235120058059692,0.58916175365448
1751305863.3459404,-3.569788694381714,0.31367772817611694,-1.5235011577606201,0.5891685485839844
1751305863.356049,-3.5697598457336426,0.3136579394340515,-1.5235204696655273,0.5891406536102295
1751305863.3759823,-3.5698325634002686,0.31360945105552673,-1.5235161781311035,0.5891610383987427
1751305863.3859537,-3.569875717163086,0.31354427337646484,-1.523512840270996,0.5891539454460144
1751305863.405888,-3.5696752071380615,0.3136598467826843,-1.5235222578048706,0.5891517400741577
1751305863.4160068,-3.5698111057281494,0.31361159682273865,-1.5235064029693604,0.5891578197479248
1751305863.4360077,-3.569793224334717,0.3136064112186432,-1.523522973060608,0.5891556739807129
1751305863.4560575,-3.569737434387207,0.31367960572242737,-1.5235180854797363,0.5891458988189697
1751305863.4659426,-3.5700249671936035,0.31350141763687134,-1.5235153436660767,0.5891402959823608
1751305863.4859207,-3.5699450969696045,0.31346362829208374,-1.523517370223999,0.5891570448875427
1751305863.5059245,-3.5698654651641846,0.31358781456947327,-1.5235148668289185,0.5891634225845337
1751305863.5159397,-3.5698986053466797,0.31350526213645935,-1.5235190391540527,0.5891596674919128
1751305863.535982,-3.5697879791259766,0.31361690163612366,-1.5235155820846558,0.5891640782356262
1751305863.5459516,-3.569765090942383,0.3136456608772278,-1.5235363245010376,0.5891556739807129
1751305863.565927,-3.5698091983795166,0.31360211968421936,-1.5235238075256348,0.5891482830047607
1751305863.5860019,-3.569784164428711,0.31364262104034424,-1.5235246419906616,0.5891587734222412
1751305863.5959978,-3.5698752403259277,0.3135606646537781,-1.5235296487808228,0.5891556143760681
1751305863.605969,-3.5699543952941895,0.31352776288986206,-1.5235267877578735,0.5891504287719727
1751305863.6259196,-3.5697200298309326,0.3136407434940338,-1.5235357284545898,0.5891577005386353
1751305863.635952,-3.5698297023773193,0.31358015537261963,-1.523521900177002,0.5891655087471008
1751305863.6559434,-3.5698282718658447,0.3135913908481598,-1.5235178470611572,0.5891603231430054
1751305863.6759255,-3.5698490142822266,0.31356191635131836,-1.5235233306884766,0.5891766548156738
1751305863.695924,-3.569871664047241,0.3135450482368469,-1.5235443115234375,0.5891589522361755
1751305863.7059274,-3.569805383682251,0.3135789930820465,-1.5235358476638794,0.5891653299331665
1751305863.72591,-3.5697290897369385,0.3136637210845947,-1.5235224962234497,0.589168131351471
1751305863.7359402,-3.5698676109313965,0.3135538697242737,-1.5235273838043213,0.5891584157943726
1751305863.7459228,-3.5697569847106934,0.31361323595046997,-1.5235286951065063,0.589169979095459
1751305863.765952,-3.569718599319458,0.3136429190635681,-1.5235280990600586,0.5891697406768799
1751305863.785921,-3.5699050426483154,0.31352245807647705,-1.5235271453857422,0.5891750454902649
1751305863.796047,-3.569904088973999,0.313489705324173,-1.523528814315796,0.5891583561897278
1751305863.8159463,-3.569657802581787,0.31366825103759766,-1.5235332250595093,0.5891717076301575
1751305863.8259282,-3.5697360038757324,0.3136207163333893,-1.523534893989563,0.5891733765602112
1751305863.8459406,-3.569819450378418,0.3135550022125244,-1.5235421657562256,0.58916836977005
1751305863.865888,-3.5696380138397217,0.3136588931083679,-1.5235371589660645,0.5891745686531067
1751305863.8759696,-3.569800615310669,0.31357675790786743,-1.52354896068573,0.5891625881195068
1751305863.8862143,-3.5698435306549072,0.31349435448646545,-1.5235462188720703,0.589157223701477
1751305863.9059098,-3.569847345352173,0.31352654099464417,-1.5235481262207031,0.5891603231430054
1751305863.9258876,-3.5697364807128906,0.313604474067688,-1.5235482454299927,0.5891550779342651
1751305863.9359643,-3.569880247116089,0.3134838044643402,-1.5235445499420166,0.5891487002372742
1751305863.955928,-3.569798469543457,0.3135349452495575,-1.5235440731048584,0.5891566872596741
1751305863.9759629,-3.5697805881500244,0.3135356903076172,-1.5235438346862793,0.589145839214325
1751305863.9859316,-3.5698037147521973,0.31347739696502686,-1.5235337018966675,0.5891681909561157
1751305864.005893,-3.569754123687744,0.31353265047073364,-1.5235551595687866,0.5891470909118652
1751305864.0260346,-3.5698766708374023,0.31348493695259094,-1.5235427618026733,0.5891478061676025
1751305864.0360255,-3.5696628093719482,0.3135998845100403,-1.5235459804534912,0.589150071144104
1751305864.045966,-3.569676160812378,0.3135431110858917,-1.5235397815704346,0.589130163192749
1751305864.0659547,-3.569814920425415,0.31346583366394043,-1.5235350131988525,0.5891624689102173
1751305864.076032,-3.5699124336242676,0.3134285509586334,-1.5235264301300049,0.5891638994216919
1751305864.095958,-3.5699238777160645,0.3133943974971771,-1.5235308408737183,0.5891503095626831
1751305864.105948,-3.5699009895324707,0.3134123682975769,-1.5235286951065063,0.5891706943511963
1751305864.1259356,-3.5696935653686523,0.31356722116470337,-1.5235353708267212,0.5891532301902771
1751305864.1459515,-3.569838523864746,0.3134777247905731,-1.5235313177108765,0.589153528213501
1751305864.156012,-3.569683074951172,0.31356191635131836,-1.5235365629196167,0.5891599059104919
1751305864.1759999,-3.56968355178833,0.3135576546192169,-1.5235563516616821,0.58915776014328
1751305864.1859572,-3.569603204727173,0.3136153519153595,-1.5235341787338257,0.5891610980033875
1751305864.2059364,-3.569741725921631,0.3135124742984772,-1.5235297679901123,0.5891604423522949
1751305864.216032,-3.569810628890991,0.313480943441391,-1.5235414505004883,0.5891620516777039
1751305864.2359889,-3.5695643424987793,0.3136262893676758,-1.5235496759414673,0.5891624093055725
1751305864.245958,-3.569734573364258,0.3135451674461365,-1.5235501527786255,0.5891621112823486
1751305864.265942,-3.5696804523468018,0.31352996826171875,-1.5235333442687988,0.589167058467865
1751305864.2859182,-3.5695786476135254,0.3135981559753418,-1.523529291152954,0.5891802310943604
1751305864.2959864,-3.569711446762085,0.31352174282073975,-1.5235437154769897,0.5891720652580261
1751305864.3158977,-3.5697920322418213,0.31349945068359375,-1.5235483646392822,0.5891675353050232
1751305864.3359215,-3.569715738296509,0.3135041892528534,-1.5235631465911865,0.5891553163528442
1751305864.3459253,-3.5696592330932617,0.31356146931648254,-1.523538589477539,0.5891700983047485
1751305864.355949,-3.5695505142211914,0.3136076033115387,-1.5235416889190674,0.5891724824905396
1751305864.3759065,-3.5698232650756836,0.31341004371643066,-1.5235413312911987,0.5891686081886292
1751305864.3959377,-3.569594144821167,0.3135625720024109,-1.5235600471496582,0.5891538262367249
1751305864.4159443,-3.569836378097534,0.3133919835090637,-1.5235310792922974,0.5891788601875305
1751305864.425921,-3.56967830657959,0.31348299980163574,-1.5235483646392822,0.5891637206077576
1751305864.4359393,-3.5697593688964844,0.3134517967700958,-1.5235620737075806,0.5891528725624084
1751305864.4559267,-3.5697851181030273,0.31341737508773804,-1.5235477685928345,0.5891685485839844
1751305864.4659348,-3.5697760581970215,0.31340301036834717,-1.5235426425933838,0.589141309261322
1751305864.4859502,-3.569720506668091,0.3134663999080658,-1.5235391855239868,0.589164137840271
1751305864.4959397,-3.5697884559631348,0.31342118978500366,-1.5235333442687988,0.5891621112823486
1751305864.5159316,-3.5698344707489014,0.3133711516857147,-1.5235525369644165,0.5891554951667786
1751305864.5359406,-3.569542169570923,0.31356388330459595,-1.5235438346862793,0.5891751050949097
1751305864.5463917,-3.5697455406188965,0.313408225774765,-1.5235402584075928,0.5891563892364502
1751305864.5659318,-3.5698890686035156,0.3133123517036438,-1.5235388278961182,0.5891834497451782
1751305864.5859358,-3.5699539184570312,0.3132685124874115,-1.5235384702682495,0.5891622304916382
1751305864.5960085,-3.5698325634002686,0.3133096992969513,-1.5235408544540405,0.5891487002372742
1751305864.6059632,-3.5695595741271973,0.31356409192085266,-1.523529052734375,0.5891566872596741
1751305864.6259227,-3.5698282718658447,0.3133968412876129,-1.5235387086868286,0.5891552567481995
1751305864.6459346,-3.5695700645446777,0.3135184645652771,-1.5235342979431152,0.5891624093055725
1751305864.655946,-3.56958270072937,0.31354236602783203,-1.5235440731048584,0.5891554355621338
1751305864.6759562,-3.569636106491089,0.31347566843032837,-1.5235341787338257,0.5891387462615967
1751305864.6859798,-3.56973934173584,0.31337520480155945,-1.5235291719436646,0.5891575813293457
1751305864.7059667,-3.569897174835205,0.31327658891677856,-1.5235228538513184,0.5891520380973816
1751305864.7159543,-3.56960129737854,0.31349584460258484,-1.5235309600830078,0.5891605019569397
1751305864.735952,-3.569735527038574,0.3133965730667114,-1.5235373973846436,0.5891352295875549
1751305864.74593,-3.569835901260376,0.313323974609375,-1.5235304832458496,0.5891497135162354
1751305864.7659237,-3.5694804191589355,0.31358128786087036,-1.52351713180542,0.5891551375389099
1751305864.7859464,-3.569453001022339,0.31358978152275085,-1.52351975440979,0.5891427993774414
1751305864.7959404,-3.569627523422241,0.31349077820777893,-1.523534893989563,0.5891489386558533
1751305864.8159606,-3.5698037147521973,0.3133101463317871,-1.5235369205474854,0.5891598463058472
1751305864.8259244,-3.5698068141937256,0.3133128881454468,-1.5235302448272705,0.5891450643539429
1751305864.845944,-3.5698609352111816,0.3133068382740021,-1.5235258340835571,0.5891637206077576
1751305864.8560033,-3.5697507858276367,0.31336355209350586,-1.5235252380371094,0.5891680121421814
1751305864.875927,-3.5696964263916016,0.31341373920440674,-1.5235267877578735,0.5891475677490234
1751305864.885932,-3.56977915763855,0.3133324682712555,-1.5235285758972168,0.5891478657722473
1751305864.9060585,-3.570020914077759,0.31318846344947815,-1.5235246419906616,0.5891588926315308
1751305864.9259293,-3.569751262664795,0.3133743107318878,-1.5235238075256348,0.5891435146331787
1751305864.9459317,-3.5696353912353516,0.3134462237358093,-1.5235285758972168,0.5891533493995667
1751305864.955951,-3.569805860519409,0.31337398290634155,-1.523534893989563,0.5891542434692383
1751305864.9660797,-3.5699312686920166,0.3132692277431488,-1.5235337018966675,0.589162290096283
1751305864.9859447,-3.569913625717163,0.3132583200931549,-1.523530125617981,0.5891575813293457
1751305865.0059376,-3.5698070526123047,0.313331663608551,-1.5235400199890137,0.5891448855400085
1751305865.0162058,-3.56974720954895,0.31337395310401917,-1.523531198501587,0.5891671776771545
1751305865.0360477,-3.5698370933532715,0.31331849098205566,-1.5235289335250854,0.589173436164856
1751305865.045981,-3.5698821544647217,0.31329458951950073,-1.5235192775726318,0.5891604423522949
1751305865.0659506,-3.569934368133545,0.313292920589447,-1.5235395431518555,0.5891597867012024
1751305865.076086,-3.569831609725952,0.31333357095718384,-1.5235322713851929,0.5891614556312561
1751305865.096062,-3.569885730743408,0.313266783952713,-1.523525595664978,0.5891600251197815
1751305865.1159275,-3.569675922393799,0.3134455382823944,-1.5235196352005005,0.5891749262809753
1751305865.1259522,-3.569598436355591,0.3134680390357971,-1.5235421657562256,0.5891591906547546
1751305865.145934,-3.569756507873535,0.31338271498680115,-1.523543357849121,0.5891647338867188
1751305865.1560426,-3.56994366645813,0.3132917284965515,-1.5235373973846436,0.5891636610031128
1751305865.1765337,-3.5698864459991455,0.31326824426651,-1.5235240459442139,0.589165985584259
1751305865.185959,-3.5699033737182617,0.31329259276390076,-1.523535966873169,0.5891568660736084
1751305865.2059216,-3.5698442459106445,0.31332769989967346,-1.523537516593933,0.5891501903533936
1751305865.2159445,-3.5697684288024902,0.3133706748485565,-1.523545742034912,0.5891532897949219
1751305865.2359269,-3.569694995880127,0.3134041428565979,-1.5235382318496704,0.5891588926315308
1751305865.2559228,-3.5698130130767822,0.31331294775009155,-1.5235458612442017,0.5891559720039368
1751305865.2659085,-3.569788694381714,0.31333041191101074,-1.523552656173706,0.5891676545143127
1751305865.2859242,-3.56982684135437,0.31331518292427063,-1.523544192314148,0.5891597270965576
1751305865.2959278,-3.5698165893554688,0.31330227851867676,-1.5235490798950195,0.589171826839447
1751305865.3159196,-3.5698904991149902,0.3132043480873108,-1.5235320329666138,0.5891636610031128
1751305865.3259447,-3.5698399543762207,0.31322139501571655,-1.5235346555709839,0.5891422629356384
1751305865.345933,-3.569859743118286,0.3132402002811432,-1.5235399007797241,0.5891653299331665
1751305865.3659232,-3.5698838233947754,0.3132179379463196,-1.523550033569336,0.5891422629356384
1751305865.3766625,-3.569847345352173,0.3132195472717285,-1.5235446691513062,0.5891401767730713
1751305865.3959718,-3.5697240829467773,0.3133215308189392,-1.5235254764556885,0.5891687870025635
1751305865.415986,-3.5696780681610107,0.31333690881729126,-1.5235404968261719,0.5891445875167847
1751305865.425975,-3.569606065750122,0.313357949256897,-1.5235313177108765,0.5891649723052979
1751305865.435934,-3.5696160793304443,0.313345730304718,-1.5235350131988525,0.5891587734222412
1751305865.4559245,-3.5696187019348145,0.31337809562683105,-1.5235347747802734,0.589139461517334
1751305865.4659312,-3.5694308280944824,0.3134837746620178,-1.5235196352005005,0.5891423225402832
1751305865.485935,-3.5694973468780518,0.31343939900398254,-1.523550033569336,0.5891557335853577
1751305865.4959161,-3.5695314407348633,0.31340929865837097,-1.523539662361145,0.589152991771698
1751305865.5159423,-3.5697181224823,0.3132961690425873,-1.523518443107605,0.5891727209091187
1751305865.535938,-3.569711685180664,0.3133280873298645,-1.5235214233398438,0.5891575813293457
1751305865.545947,-3.569563388824463,0.31344303488731384,-1.523534893989563,0.5891370177268982
1751305865.5659401,-3.569869041442871,0.31327712535858154,-1.5235346555709839,0.5891556739807129
1751305865.5859065,-3.5698509216308594,0.3132929801940918,-1.523529052734375,0.589154839515686
1751305865.595977,-3.569770574569702,0.31334567070007324,-1.523537039756775,0.5891584753990173
1751305865.6059346,-3.5698800086975098,0.3132706582546234,-1.5235340595245361,0.5891790390014648
1751305865.6259553,-3.5699615478515625,0.3131715655326843,-1.5235340595245361,0.589159369468689
1751305865.6360009,-3.5698907375335693,0.3131673038005829,-1.523524522781372,0.5891698598861694
1751305865.6559882,-3.569607734680176,0.313403844833374,-1.5235300064086914,0.5891634821891785
1751305865.676036,-3.5696966648101807,0.31334906816482544,-1.5235192775726318,0.589167058467865
1751305865.686074,-3.569633722305298,0.31338220834732056,-1.5235257148742676,0.5891748070716858
1751305865.7061005,-3.569737195968628,0.31330397725105286,-1.5235289335250854,0.5891583561897278
1751305865.7259576,-3.5697219371795654,0.3133007287979126,-1.5235000848770142,0.5891812443733215
1751305865.7360053,-3.569810152053833,0.31325826048851013,-1.5235087871551514,0.58916836977005
1751305865.7559984,-3.5696914196014404,0.31332167983055115,-1.523530125617981,0.5891749858856201
1751305865.7659554,-3.569546699523926,0.3133905529975891,-1.523525357246399,0.5891826748847961
1751305865.7858994,-3.569636583328247,0.3133452832698822,-1.523539423942566,0.5891591906547546
1751305865.7959912,-3.5697948932647705,0.3132694661617279,-1.5235412120819092,0.5891780853271484
1751305865.8160956,-3.5697901248931885,0.3132469654083252,-1.5235450267791748,0.5891767144203186
1751305865.8259196,-3.5698587894439697,0.3131626546382904,-1.523551106452942,0.5891396999359131
1751305865.8459141,-3.569624185562134,0.31334981322288513,-1.5235424041748047,0.5891672372817993
1751305865.8659148,-3.5696234703063965,0.31338196992874146,-1.5235422849655151,0.5891607403755188
1751305865.8759353,-3.5696792602539062,0.31334739923477173,-1.5235447883605957,0.5891647934913635
1751305865.8959696,-3.5696587562561035,0.31327641010284424,-1.523528814315796,0.5891804695129395
1751305865.9059176,-3.5696756839752197,0.3132953941822052,-1.5235472917556763,0.5891512632369995
1751305865.9259472,-3.569521188735962,0.3133973777294159,-1.5235304832458496,0.58917635679245
1751305865.936015,-3.5695526599884033,0.31340646743774414,-1.5235371589660645,0.5891780853271484
1751305865.956041,-3.5695159435272217,0.3133866488933563,-1.5235527753829956,0.5891613960266113
1751305865.9662995,-3.5697548389434814,0.3132128417491913,-1.5235241651535034,0.5891459584236145
1751305865.985925,-3.5697596073150635,0.3132604956626892,-1.5235360860824585,0.5891525149345398
1751305866.0059338,-3.569636344909668,0.3133075535297394,-1.5235307216644287,0.5891476273536682
1751305866.0160775,-3.5697059631347656,0.31323444843292236,-1.5235326290130615,0.5891541242599487
1751305866.0360024,-3.5697450637817383,0.3132159411907196,-1.523538589477539,0.5891553163528442
1751305866.0459323,-3.56965970993042,0.31326350569725037,-1.5235401391983032,0.5891632437705994
1751305866.065983,-3.569420576095581,0.3134225010871887,-1.5235499143600464,0.5891609191894531
1751305866.0760407,-3.5694940090179443,0.3134271204471588,-1.5235328674316406,0.5891624689102173
1751305866.0959144,-3.5695812702178955,0.31332701444625854,-1.5235249996185303,0.5891542434692383
1751305866.1059299,-3.569908618927002,0.3131217956542969,-1.5235337018966675,0.5891576409339905
1751305866.1259162,-3.5694382190704346,0.31343159079551697,-1.5235352516174316,0.5891530513763428
1751305866.145919,-3.5694687366485596,0.3134058713912964,-1.5235308408737183,0.589144229888916
1751305866.1559234,-3.5696072578430176,0.3133012056350708,-1.523520588874817,0.5891684889793396
1751305866.1759162,-3.56957745552063,0.3133045434951782,-1.5235352516174316,0.5891590118408203
1751305866.1859312,-3.569622755050659,0.31327205896377563,-1.5235357284545898,0.5891355276107788
1751305866.205914,-3.5697343349456787,0.31320998072624207,-1.5235422849655151,0.5891473889350891
1751305866.2160997,-3.5693695545196533,0.313450425863266,-1.5235273838043213,0.5891584753990173
1751305866.2359257,-3.56950306892395,0.3134080767631531,-1.5235294103622437,0.5891586542129517
1751305866.2459228,-3.5696523189544678,0.31329822540283203,-1.523553729057312,0.5891571044921875
1751305866.2660382,-3.5697948932647705,0.31319350004196167,-1.523532748222351,0.5891636610031128
1751305866.2759175,-3.569476366043091,0.3134281635284424,-1.5235244035720825,0.5891498327255249
1751305866.2959855,-3.5695366859436035,0.3134234845638275,-1.523517370223999,0.5891618132591248
1751305866.3160865,-3.5696628093719482,0.31327542662620544,-1.5235321521759033,0.5891657471656799
1751305866.3259473,-3.5698940753936768,0.31308525800704956,-1.5235320329666138,0.5891516208648682
1751305866.3458984,-3.569861650466919,0.31312301754951477,-1.5235247611999512,0.5891823172569275
1751305866.3559685,-3.569467306137085,0.31342390179634094,-1.5235276222229004,0.5891457796096802
1751305866.3759637,-3.5695018768310547,0.31337493658065796,-1.5235384702682495,0.5891592502593994
1751305866.3859637,-3.56965708732605,0.31326237320899963,-1.5235474109649658,0.5891638398170471
1751305866.4059439,-3.5698082447052,0.31314119696617126,-1.5235494375228882,0.5891339182853699
1751305866.426037,-3.569822072982788,0.3131384551525116,-1.5235416889190674,0.5891398787498474
1751305866.4360719,-3.569758892059326,0.3131243884563446,-1.5235264301300049,0.5891825556755066
1751305866.4559937,-3.5696299076080322,0.3132409453392029,-1.5235328674316406,0.5891316533088684
1751305866.4760022,-3.5696938037872314,0.31324803829193115,-1.5235334634780884,0.5891627669334412
1751305866.4859614,-3.569728136062622,0.31323790550231934,-1.523532748222351,0.5891592502593994
1751305866.505993,-3.56984281539917,0.31310638785362244,-1.52354097366333,0.5891468524932861
1751305866.5159624,-3.569735527038574,0.3132108449935913,-1.5235521793365479,0.5891718864440918
1751305866.5360167,-3.5697338581085205,0.3131850063800812,-1.5235494375228882,0.5891658067703247
1751305866.546437,-3.569679021835327,0.3132212460041046,-1.5235342979431152,0.5891571044921875
1751305866.5659595,-3.5697104930877686,0.31319522857666016,-1.5235416889190674,0.5891753435134888
1751305866.5760007,-3.5696568489074707,0.3132169544696808,-1.5235404968261719,0.589177668094635
1751305866.595941,-3.5697948932647705,0.3131650388240814,-1.5235381126403809,0.5891757011413574
1751305866.6059349,-3.5697906017303467,0.31314191222190857,-1.5235481262207031,0.5891791582107544
1751305866.6259356,-3.5696728229522705,0.3132120668888092,-1.5235390663146973,0.5891584157943726
1751305866.6459553,-3.5697505474090576,0.3131691813468933,-1.523545503616333,0.5891788005828857
1751305866.6560414,-3.569859743118286,0.3131083548069,-1.5235328674316406,0.5891880989074707
1751305866.6759794,-3.5696475505828857,0.3132251799106598,-1.5235610008239746,0.5891600847244263
1751305866.696529,-3.5696935653686523,0.31320545077323914,-1.5235401391983032,0.5891669988632202
1751305866.7059588,-3.569774866104126,0.3131403923034668,-1.5235466957092285,0.5891719460487366
1751305866.725923,-3.5696897506713867,0.3131667673587799,-1.5235542058944702,0.58916836977005
1751305866.736003,-3.5696160793304443,0.31320473551750183,-1.5235505104064941,0.5891672968864441
1751305866.745913,-3.5692896842956543,0.3134787976741791,-1.523564100265503,0.5891764163970947
1751305866.7659688,-3.569222927093506,0.3135334253311157,-1.523560643196106,0.5891895294189453
1751305866.7859566,-3.5693087577819824,0.31344306468963623,-1.5235739946365356,0.5891700983047485
1751305866.7960625,-3.569582939147949,0.31327828764915466,-1.5235509872436523,0.589198887348175
1751305866.8159297,-3.569633960723877,0.31321457028388977,-1.5235623121261597,0.5891807079315186
1751305866.8259718,-3.5697689056396484,0.3131279945373535,-1.5235698223114014,0.5891870856285095
1751305866.8459733,-3.5696585178375244,0.3131723403930664,-1.5235650539398193,0.5892086625099182
1751305866.8660429,-3.5695607662200928,0.3132742643356323,-1.5235830545425415,0.5891774296760559
1751305866.8760076,-3.569486379623413,0.3133060336112976,-1.5235810279846191,0.5892178416252136
1751305866.896689,-3.5694570541381836,0.31332018971443176,-1.523582100868225,0.589195728302002
1751305866.9059536,-3.5694363117218018,0.31332290172576904,-1.5235787630081177,0.5891962051391602
1751305866.925898,-3.5695137977600098,0.3132539987564087,-1.5235792398452759,0.589206337928772
1751305866.9360456,-3.569485902786255,0.31325286626815796,-1.523573398590088,0.5891870856285095
1751305866.9559822,-3.569565773010254,0.3132270574569702,-1.5235755443572998,0.5891957879066467
1751305866.965959,-3.5695531368255615,0.31325075030326843,-1.5235750675201416,0.5891969799995422
1751305866.985906,-3.5692787170410156,0.3134005665779114,-1.5235811471939087,0.5891876220703125
1751305866.9959323,-3.569394588470459,0.3133435547351837,-1.5235800743103027,0.5891838073730469
1751305867.0159726,-3.5692875385284424,0.3133867681026459,-1.5235730409622192,0.5891960263252258
1751305867.0360112,-3.569416046142578,0.313286691904068,-1.5235629081726074,0.5891802906990051
1751305867.0460093,-3.569551706314087,0.31317201256752014,-1.5235779285430908,0.5891804099082947
1751305867.0659657,-3.5694775581359863,0.3132593631744385,-1.5235731601715088,0.5891896486282349
1751305867.075939,-3.569443464279175,0.3133403956890106,-1.523569941520691,0.5891943573951721
1751305867.0959437,-3.569556474685669,0.313192218542099,-1.5235718488693237,0.5891704559326172
1751305867.105942,-3.5695641040802,0.3132305145263672,-1.5235610008239746,0.5891906023025513
1751305867.1259382,-3.569535255432129,0.313215970993042,-1.5235540866851807,0.5891677141189575
1751305867.1459496,-3.569603681564331,0.3131725788116455,-1.523564338684082,0.5891701579093933
1751305867.156103,-3.569563150405884,0.3131357729434967,-1.5235626697540283,0.5891790986061096
1751305867.1760116,-3.569626569747925,0.31311243772506714,-1.5235493183135986,0.5891658663749695
1751305867.185947,-3.5696475505828857,0.31310397386550903,-1.5235538482666016,0.589158833026886
1751305867.2059643,-3.5692920684814453,0.3133869469165802,-1.5235532522201538,0.5891585946083069
1751305867.215983,-3.569383144378662,0.31338000297546387,-1.5235544443130493,0.5891661643981934
1751305867.2359796,-3.569525957107544,0.31318432092666626,-1.523553490638733,0.5891541242599487
1751305867.2560854,-3.569822072982788,0.31294190883636475,-1.5235469341278076,0.5891673564910889
1751305867.2659411,-3.569704055786133,0.31304797530174255,-1.523544192314148,0.5891489386558533
1751305867.28598,-3.5693976879119873,0.3132568597793579,-1.5235446691513062,0.5891485214233398
1751305867.2960522,-3.569427251815796,0.3132043778896332,-1.5235552787780762,0.5891386270523071
1751305867.3160536,-3.569627523422241,0.31308624148368835,-1.5235388278961182,0.5891459584236145
1751305867.3259687,-3.569701671600342,0.3130286931991577,-1.523529052734375,0.5891513824462891
1751305867.3459237,-3.5698368549346924,0.3129502236843109,-1.52352774143219,0.5891576409339905
1751305867.3560233,-3.569706916809082,0.31300225853919983,-1.523538589477539,0.5891426801681519
1751305867.3759716,-3.569669246673584,0.31303471326828003,-1.523528814315796,0.589153528213501
1751305867.3859215,-3.569690465927124,0.31300419569015503,-1.5235440731048584,0.5891509652137756
