time,x1,y1,x2,y2
1751306408.9896553,3.6810851097106934,-0.23884634673595428,2.503139019012451,-0.8059495687484741
1751306409.00593,3.68064284324646,-0.23914068937301636,2.5031654834747314,-0.8059616088867188
1751306409.0259771,3.680633068084717,-0.23914924263954163,2.5031559467315674,-0.8059436678886414
1751306409.0359886,3.6805295944213867,-0.2391444891691208,2.5031490325927734,-0.805978000164032
1751306409.0559418,3.680635929107666,-0.23912695050239563,2.5031535625457764,-0.8059486746788025
1751306409.0761588,3.6806514263153076,-0.23911163210868835,2.5031378269195557,-0.8059684634208679
1751306409.0859542,3.681161403656006,-0.2389226108789444,2.503152847290039,-0.8059625029563904
1751306409.0959852,3.681230306625366,-0.23890207707881927,2.503157615661621,-0.8059611916542053
1751306409.1159809,3.680649518966675,-0.23910954594612122,2.5031356811523438,-0.8059513568878174
1751306409.1359293,3.681209087371826,-0.23882198333740234,2.5031368732452393,-0.8059884905815125
1751306409.1459992,3.6806774139404297,-0.2391057312488556,2.5031611919403076,-0.8059425354003906
1751306409.166002,3.680694341659546,-0.239087775349617,2.5031440258026123,-0.8059539198875427
1751306409.1759293,3.681133985519409,-0.23897525668144226,2.5031509399414062,-0.805963933467865
1751306409.1959565,3.68125319480896,-0.23879826068878174,2.503143787384033,-0.805961549282074
1751306409.2062125,3.6812334060668945,-0.2388281375169754,2.5031747817993164,-0.8059560060501099
1751306409.2259352,3.6812021732330322,-0.2389107644557953,2.5031325817108154,-0.8059642910957336
1751306409.2459002,3.680542230606079,-0.2391638308763504,2.503145933151245,-0.8059553503990173
1751306409.2560947,3.6811630725860596,-0.2389271855354309,2.503157138824463,-0.8059619665145874
1751306409.2759454,3.681248188018799,-0.2389008104801178,2.503152847290039,-0.80596524477005
1751306409.285958,3.6812233924865723,-0.23889029026031494,2.503145933151245,-0.8059660792350769
1751306409.305944,3.680638551712036,-0.23914869129657745,2.503153085708618,-0.8059628009796143
1751306409.3159292,3.680666923522949,-0.2391304224729538,2.50313663482666,-0.8059719204902649
1751306409.335932,3.6806540489196777,-0.23913173377513885,2.5031275749206543,-0.8059706687927246
1751306409.3559065,3.6806488037109375,-0.23915478587150574,2.503141403198242,-0.8059549927711487
1751306409.365927,3.6806979179382324,-0.23914262652397156,2.5031638145446777,-0.8059802651405334
1751306409.3859305,3.68070125579834,-0.23911400139331818,2.5031614303588867,-0.8059682846069336
1751306409.3959703,3.6806480884552,-0.2391669601202011,2.503134250640869,-0.8059574961662292
1751306409.4159214,3.680642604827881,-0.2391381859779358,2.5031514167785645,-0.8059689402580261
1751306409.425927,3.680637836456299,-0.23915231227874756,2.5031442642211914,-0.8059661388397217
1751306409.4459205,3.680680990219116,-0.23912781476974487,2.503145933151245,-0.80596524477005
1751306409.4559271,3.6811301708221436,-0.23900392651557922,2.5031545162200928,-0.8059642910957336
1751306409.4759245,3.6812374591827393,-0.238850399851799,2.503141403198242,-0.8059607148170471
1751306409.4959111,3.680657386779785,-0.23912954330444336,2.50315260887146,-0.8059669733047485
1751306409.505923,3.680659294128418,-0.23915913701057434,2.5031402111053467,-0.8059908151626587
1751306409.5258985,3.6811232566833496,-0.23899711668491364,2.5031285285949707,-0.8059602975845337
1751306409.5359266,3.6812267303466797,-0.23891782760620117,2.5031521320343018,-0.8059802055358887
1751306409.5559032,3.6806533336639404,-0.23915722966194153,2.5031609535217285,-0.8059694170951843
1751306409.575905,3.681199312210083,-0.23885789513587952,2.5031416416168213,-0.8059771060943604
1751306409.585923,3.681084394454956,-0.23885032534599304,2.5031204223632812,-0.8059868812561035
1751306409.5959501,3.6810872554779053,-0.2388835847377777,2.5031497478485107,-0.8059923052787781
1751306409.6159346,3.6806483268737793,-0.23914717137813568,2.5031495094299316,-0.8059861063957214
1751306409.6359363,3.680643320083618,-0.23915046453475952,2.5031394958496094,-0.8059819340705872
1751306409.6459506,3.6811959743499756,-0.2389533817768097,2.5031678676605225,-0.805980920791626
1751306409.665941,3.681222677230835,-0.23888522386550903,2.5031497478485107,-0.8059964776039124
1751306409.6861107,3.681185722351074,-0.2389037013053894,2.5031256675720215,-0.805989682674408
1751306409.6959298,3.681192636489868,-0.23892360925674438,2.5031447410583496,-0.8059857487678528
1751306409.7059703,3.680929660797119,-0.23938007652759552,2.5031542778015137,-0.805982768535614
1751306409.7259157,3.6809864044189453,-0.23931273818016052,2.5031421184539795,-0.8059850335121155
1751306409.7458987,3.6806223392486572,-0.2391456663608551,2.5031418800354004,-0.8059861660003662
1751306409.755934,3.681225299835205,-0.2388228178024292,2.5031323432922363,-0.8059884309768677
1751306409.77594,3.681244373321533,-0.23892727494239807,2.5031516551971436,-0.8060062527656555
1751306409.7859373,3.6806678771972656,-0.23912423849105835,2.503157615661621,-0.8059996366500854
1751306409.8059306,3.6806600093841553,-0.23917227983474731,2.5031630992889404,-0.8059887290000916
1751306409.8159528,3.681239604949951,-0.23883943259716034,2.5031442642211914,-0.8059844374656677
1751306409.8358955,3.681199550628662,-0.23889227211475372,2.503138780593872,-0.8059952855110168
1751306409.8559194,3.681201696395874,-0.2389184683561325,2.503168821334839,-0.8059893846511841
1751306409.865932,3.6806118488311768,-0.2391229271888733,2.5031239986419678,-0.8059995770454407
1751306409.885935,3.6806671619415283,-0.23911869525909424,2.503155469894409,-0.8059767484664917
1751306409.8959184,3.681215524673462,-0.23891882598400116,2.5031585693359375,-0.8060011863708496
1751306409.9159143,3.680647373199463,-0.23912964761257172,2.5031464099884033,-0.8059834837913513
1751306409.925962,3.6806344985961914,-0.2391502559185028,2.5031564235687256,-0.8059919476509094
1751306409.945929,3.680635452270508,-0.23913300037384033,2.5031418800354004,-0.8059881329536438
1751306409.9659407,3.6806845664978027,-0.2391045093536377,2.5031487941741943,-0.8059722185134888
1751306409.9759152,3.6811225414276123,-0.23902752995491028,2.5031652450561523,-0.8059773445129395
1751306409.995932,3.681074857711792,-0.2388499230146408,2.5031235218048096,-0.8059867024421692
1751306410.0059495,3.6810977458953857,-0.23883123695850372,2.5031468868255615,-0.8059672117233276
1751306410.0258965,3.6806511878967285,-0.23913151025772095,2.5031545162200928,-0.8059678673744202
1751306410.0359304,3.6812586784362793,-0.23886603116989136,2.503170967102051,-0.805989682674408
1751306410.0559113,3.68123459815979,-0.2388341873884201,2.5031585693359375,-0.8059743046760559
1751306410.0659199,3.680629014968872,-0.23910044133663177,2.503140449523926,-0.8059612512588501
1751306410.0859177,3.680666446685791,-0.23915995657444,2.503159523010254,-0.8059661388397217
1751306410.1058948,3.680670738220215,-0.23913149535655975,2.5031466484069824,-0.8059611916542053
1751306410.115931,3.6806552410125732,-0.23911598324775696,2.5031559467315674,-0.8059665560722351
1751306410.135919,3.6806588172912598,-0.23913870751857758,2.503150463104248,-0.8059679269790649
1751306410.1459153,3.6811439990997314,-0.23886223137378693,2.5031726360321045,-0.8059653043746948
1751306410.165903,3.6812589168548584,-0.23887963593006134,2.503145694732666,-0.8059604167938232
1751306410.1759315,3.6806254386901855,-0.23912979662418365,2.5031440258026123,-0.8059670925140381
1751306410.1959257,3.6806588172912598,-0.23913036286830902,2.503148078918457,-0.8059579730033875
1751306410.2159193,3.681229591369629,-0.2389000952243805,2.503162384033203,-0.805974006652832
1751306410.2259157,3.681211471557617,-0.23892676830291748,2.503160238265991,-0.8059715032577515
1751306410.245911,3.680644989013672,-0.2391308695077896,2.5031445026397705,-0.8059632778167725
1751306410.2559223,3.680647850036621,-0.2391374707221985,2.50313663482666,-0.8059757351875305
1751306410.275918,3.6806156635284424,-0.23918285965919495,2.503138780593872,-0.805973470211029
1751306410.285961,3.680670976638794,-0.2391192615032196,2.503174304962158,-0.8059578537940979
1751306410.3059397,3.6811513900756836,-0.23897458612918854,2.503148078918457,-0.8059764504432678
1751306410.3259225,3.6806368827819824,-0.2391357719898224,2.503140687942505,-0.8059512972831726
1751306410.3359797,3.6806626319885254,-0.2391355037689209,2.50317120552063,-0.8059725761413574
1751306410.3559012,3.6806375980377197,-0.2391369491815567,2.50313401222229,-0.8059704303741455
1751306410.3659265,3.6806297302246094,-0.23916864395141602,2.503131866455078,-0.8059746026992798
1751306410.3859217,3.6805832386016846,-0.23915742337703705,2.5031821727752686,-0.8059681057929993
1751306410.3959663,3.6812267303466797,-0.23890435695648193,2.503143548965454,-0.8059755563735962
1751306410.4159148,3.681187152862549,-0.23892556130886078,2.5031416416168213,-0.8059733510017395
1751306410.4259348,3.6806399822235107,-0.23913268744945526,2.5031545162200928,-0.8059561848640442
1751306410.4459195,3.680642604827881,-0.2391873598098755,2.5031490325927734,-0.8059847354888916
1751306410.4659016,3.68117618560791,-0.23895221948623657,2.5031557083129883,-0.8059723973274231
1751306410.4759364,3.6810343265533447,-0.23889970779418945,2.5031464099884033,-0.8059634566307068
1751306410.495931,3.681077480316162,-0.23889398574829102,2.5031447410583496,-0.8059857487678528
1751306410.5059488,3.6812641620635986,-0.23890581727027893,2.503159284591675,-0.80597323179245
1751306410.525917,3.6806490421295166,-0.2391379326581955,2.5031557083129883,-0.8059616684913635
1751306410.5359385,3.681168556213379,-0.23892302811145782,2.5031609535217285,-0.8059809803962708
1751306410.5559306,3.681244373321533,-0.23884865641593933,2.5031490325927734,-0.8059733510017395
1751306410.5659454,3.6812691688537598,-0.2388167381286621,2.5031487941741943,-0.8059696555137634
1751306410.5859253,3.680652379989624,-0.23915186524391174,2.5031542778015137,-0.8059751987457275
1751306410.5959265,3.6806089878082275,-0.23916395008563995,2.5031442642211914,-0.8059651851654053
1751306410.615939,3.6806817054748535,-0.23911601305007935,2.5031447410583496,-0.805975079536438
1751306410.625959,3.681140661239624,-0.23900508880615234,2.5031685829162598,-0.8059729337692261
1751306410.6459358,3.681248188018799,-0.23882758617401123,2.503156900405884,-0.8059622645378113
1751306410.665951,3.681077241897583,-0.23887400329113007,2.503134250640869,-0.8059713840484619
1751306410.6759713,3.6812167167663574,-0.23888562619686127,2.5031492710113525,-0.8059845566749573
1751306410.6959736,3.6812567710876465,-0.2388639599084854,2.503168821334839,-0.8059772253036499
1751306410.71591,3.680654287338257,-0.23913347721099854,2.5031447410583496,-0.80597323179245
1751306410.735935,3.6811954975128174,-0.2388240098953247,2.5031545162200928,-0.8059807419776917
1751306410.7460258,3.6810646057128906,-0.23887038230895996,2.50315260887146,-0.805976390838623
1751306410.756251,3.6811046600341797,-0.2388635128736496,2.503152370452881,-0.805962324142456
1751306410.7759626,3.681232213973999,-0.23892119526863098,2.503171443939209,-0.8060110211372375
1751306410.7859294,3.6806023120880127,-0.23915356397628784,2.503127336502075,-0.8059670329093933
1751306410.805915,3.6811485290527344,-0.23898153007030487,2.503119468688965,-0.8059693574905396
1751306410.8159177,3.68125057220459,-0.23891235888004303,2.5031678676605225,-0.8059764504432678
1751306410.8359241,3.68062162399292,-0.2391487956047058,2.503150701522827,-0.8059660196304321
1751306410.855968,3.6806252002716064,-0.23914402723312378,2.5031518936157227,-0.8059619069099426
1751306410.865943,3.681154727935791,-0.238967165350914,2.50314998626709,-0.8059903383255005
1751306410.8859231,3.6810872554779053,-0.23888720571994781,2.5031752586364746,-0.8059649467468262
1751306410.8959198,3.6806297302246094,-0.2391834557056427,2.503146171569824,-0.8059893846511841
1751306410.915945,3.6806552410125732,-0.2391483336687088,2.5031580924987793,-0.805976390838623
1751306410.9359267,3.6806464195251465,-0.2391255646944046,2.5031490325927734,-0.805957555770874
1751306410.9459503,3.681159496307373,-0.23898543417453766,2.503164768218994,-0.8059816956520081
1751306410.965921,3.68123459815979,-0.23883740603923798,2.503143072128296,-0.8059865832328796
1751306410.975925,3.6810364723205566,-0.23893535137176514,2.503141403198242,-0.8059706687927246
1751306410.985937,3.6806323528289795,-0.23914894461631775,2.5031051635742188,-0.8059784173965454
1751306411.0059395,3.6806511878967285,-0.23915790021419525,2.5031845569610596,-0.8059703707695007
1751306411.025944,3.680619239807129,-0.23917479813098907,2.5031533241271973,-0.8059757351875305
1751306411.035979,3.6811277866363525,-0.2389499545097351,2.5031261444091797,-0.8059682846069336
1751306411.0559387,3.6810991764068604,-0.238900825381279,2.5031447410583496,-0.8059974908828735
1751306411.0659704,3.6812775135040283,-0.23889800906181335,2.5031795501708984,-0.8059699535369873
1751306411.085947,3.680638551712036,-0.23912577331066132,2.5031180381774902,-0.8059871196746826
1751306411.0959446,3.680637836456299,-0.23919498920440674,2.5031535625457764,-0.8059879541397095
1751306411.1159744,3.681180715560913,-0.23884432017803192,2.503145217895508,-0.8059804439544678
1751306411.135996,3.681246042251587,-0.2388971447944641,2.503150701522827,-0.8059892058372498
1751306411.1459846,3.680927276611328,-0.23941297829151154,2.503122568130493,-0.805975615978241
1751306411.1659906,3.6811814308166504,-0.2388286292552948,2.5031466484069824,-0.8059670925140381
1751306411.1759543,3.6811888217926025,-0.23891231417655945,2.5031533241271973,-0.8059836030006409
1751306411.195976,3.680631637573242,-0.2391672432422638,2.503150701522827,-0.8059635162353516
1751306411.2064998,3.6806137561798096,-0.23914629220962524,2.5031425952911377,-0.8059625625610352
1751306411.2359366,3.681227684020996,-0.23890569806098938,2.5031521320343018,-0.8059854507446289
1751306411.2459223,3.680635929107666,-0.23915155231952667,2.5031638145446777,-0.8059586882591248
1751306411.2560284,3.6809306144714355,-0.23937006294727325,2.503155469894409,-0.805959939956665
1751306411.2759483,3.6812245845794678,-0.23894132673740387,2.5031449794769287,-0.8060045838356018
1751306411.286196,3.6806647777557373,-0.23914195597171783,2.503156900405884,-0.8059541583061218
1751306411.3061094,3.6809284687042236,-0.23940880596637726,2.5031495094299316,-0.8059639930725098
1751306411.3159401,3.6812241077423096,-0.23893603682518005,2.503157138824463,-0.8059933185577393
1751306411.3359525,3.680619955062866,-0.23913392424583435,2.5031497478485107,-0.8059794306755066
1751306411.3459418,3.6806371212005615,-0.23915715515613556,2.5031521320343018,-0.8059684038162231
1751306411.3659632,3.6812713146209717,-0.23887652158737183,2.5031754970550537,-0.8059896230697632
1751306411.3858755,3.680666446685791,-0.23910599946975708,2.5031628608703613,-0.8059664964675903
1751306411.405917,3.681133270263672,-0.23898163437843323,2.503147840499878,-0.8059685230255127
1751306411.415927,3.681279182434082,-0.23884733021259308,2.503170967102051,-0.805992841720581
1751306411.4359128,3.6812217235565186,-0.2388637512922287,2.503164768218994,-0.8059611916542053
1751306411.4459624,3.681203842163086,-0.23889143764972687,2.503159523010254,-0.8059635162353516
1751306411.465914,3.680626630783081,-0.23916828632354736,2.5031559467315674,-0.8059813380241394
1751306411.4759285,3.6812374591827393,-0.23889940977096558,2.503159284591675,-0.8059637546539307
1751306411.4959137,3.681236743927002,-0.2389383465051651,2.503185987472534,-0.8059849739074707
1751306411.5059412,3.681198835372925,-0.2389189451932907,2.5031564235687256,-0.8059882521629333
1751306411.5259035,3.6805944442749023,-0.23918773233890533,2.503126859664917,-0.8059582114219666
1751306411.535916,3.680664300918579,-0.23914778232574463,2.503171443939209,-0.8059937953948975
1751306411.5559204,3.681177854537964,-0.2389913648366928,2.503200054168701,-0.8059951066970825
1751306411.5659552,3.681220769882202,-0.23887161910533905,2.5031237602233887,-0.8059614896774292
1751306411.5858953,3.6812353134155273,-0.23889441788196564,2.5031681060791016,-0.805993378162384
1751306411.6059222,3.6812591552734375,-0.23883485794067383,2.50315523147583,-0.8059898018836975
1751306411.6159394,3.680665969848633,-0.239109069108963,2.5031533241271973,-0.8059735894203186
1751306411.6359377,3.6812524795532227,-0.23890656232833862,2.5031447410583496,-0.8059951663017273
1751306411.6459816,3.6812374591827393,-0.23893781006336212,2.5031421184539795,-0.8059735298156738
1751306411.665934,3.6806609630584717,-0.23912650346755981,2.5031578540802,-0.8059659004211426
1751306411.6759362,3.6811623573303223,-0.23901496827602386,2.503174066543579,-0.8059940934181213
1751306411.6959498,3.680643320083618,-0.23914475739002228,2.503145456314087,-0.8059765696525574
1751306411.7059445,3.680622100830078,-0.23915301263332367,2.503122091293335,-0.8059670925140381
1751306411.7259276,3.681180477142334,-0.2389967292547226,2.5031654834747314,-0.8059888482093811
1751306411.7459233,3.6812632083892822,-0.23891404271125793,2.5031838417053223,-0.8059800267219543
1751306411.7559443,3.680939197540283,-0.2393687516450882,2.503157615661621,-0.8059666752815247
1751306411.775909,3.6806387901306152,-0.2391704022884369,2.5031356811523438,-0.8059873580932617
1751306411.7859442,3.6812527179718018,-0.23883602023124695,2.503161668777466,-0.8059777021408081
1751306411.8059545,3.6812667846679688,-0.2388916015625,2.5031802654266357,-0.805972695350647
1751306411.816551,3.681277275085449,-0.23891210556030273,2.5031754970550537,-0.8059778809547424
1751306411.8359442,3.6806888580322266,-0.23913149535655975,2.5031578540802,-0.8059666752815247
1751306411.8559344,3.681023597717285,-0.23931629955768585,2.5031886100769043,-0.8059636950492859
1751306411.865942,3.681196689605713,-0.23886050283908844,2.5031890869140625,-0.8060009479522705
1751306411.8859234,3.6812541484832764,-0.23888491094112396,2.5031611919403076,-0.8059542179107666
1751306411.8959513,3.680729627609253,-0.23914316296577454,2.503183603286743,-0.8059667348861694
1751306411.9159162,3.681276798248291,-0.23881098628044128,2.5031983852386475,-0.8059894442558289
1751306411.9259293,3.6811089515686035,-0.2388698011636734,2.503160238265991,-0.8059848546981812
1751306411.9459229,3.681243658065796,-0.23884795606136322,2.5031654834747314,-0.8059914708137512
1751306411.9559238,3.681239604949951,-0.23887957632541656,2.5031533241271973,-0.8059993982315063
1751306411.9758813,3.680661678314209,-0.23919296264648438,2.503180742263794,-0.8059725165367126
1751306411.98593,3.6807029247283936,-0.23914021253585815,2.50319504737854,-0.8059853315353394
1751306412.005934,3.6806836128234863,-0.2391272932291031,2.5031492710113525,-0.8059775829315186
1751306412.0259962,3.6806817054748535,-0.23914951086044312,2.5031681060791016,-0.8059775829315186
1751306412.03597,3.6807303428649902,-0.23912766575813293,2.50317645072937,-0.8059722781181335
1751306412.05615,3.6806788444519043,-0.2391856610774994,2.5031821727752686,-0.8059850335121155
1751306412.0659633,3.6806750297546387,-0.23913687467575073,2.503143548965454,-0.8059660196304321
1751306412.0859425,3.680670738220215,-0.23915138840675354,2.5031909942626953,-0.8059715032577515
1751306412.1059163,3.6812310218811035,-0.2388651818037033,2.503202199935913,-0.8059918284416199
1751306412.115925,3.6807055473327637,-0.23913511633872986,2.5031421184539795,-0.8059691190719604
1751306412.1359239,3.6806745529174805,-0.23915623128414154,2.503173589706421,-0.805971086025238
1751306412.1459346,3.6806654930114746,-0.2391786426305771,2.5031867027282715,-0.8059781193733215
1751306412.1659281,3.68125319480896,-0.23884114623069763,2.503169298171997,-0.8059759140014648
1751306412.1761267,3.681312084197998,-0.23887495696544647,2.5031816959381104,-0.8059867024421692
1751306412.195939,3.680694341659546,-0.23913249373435974,2.503159761428833,-0.8059894442558289
1751306412.2159255,3.6812551021575928,-0.23884519934654236,2.5031771659851074,-0.8059767484664917
1751306412.2261136,3.6811482906341553,-0.23890219628810883,2.503190040588379,-0.8059846758842468
1751306412.2459247,3.6812829971313477,-0.23888637125492096,2.5031626224517822,-0.8059812188148499
1751306412.2559352,3.6806740760803223,-0.23916153609752655,2.503147840499878,-0.8059862852096558
1751306412.2759614,3.680662155151367,-0.23917321860790253,2.5031707286834717,-0.8059830069541931
1751306412.28596,3.6811866760253906,-0.23895421624183655,2.5031702518463135,-0.8059889078140259
1751306412.3059158,3.681276559829712,-0.23888830840587616,2.5031604766845703,-0.8059724569320679
1751306412.3159583,3.680696964263916,-0.2391108274459839,2.503164052963257,-0.8059815168380737
1751306412.3359408,3.681154489517212,-0.23898190259933472,2.503166437149048,-0.8059719204902649
1751306412.35594,3.681286096572876,-0.23890623450279236,2.503185987472534,-0.805975079536438
1751306412.3659275,3.680699586868286,-0.2391221970319748,2.5031611919403076,-0.8059812784194946
1751306412.3859127,3.6806914806365967,-0.23914852738380432,2.5031545162200928,-0.805986225605011
1751306412.3959293,3.6812784671783447,-0.2388637512922287,2.5031886100769043,-0.8059818744659424
1751306412.4159534,3.681195020675659,-0.23885634541511536,2.5031867027282715,-0.8059821128845215
1751306412.425918,3.681267023086548,-0.23891061544418335,2.5031638145446777,-0.8059836626052856
1751306412.446199,3.6811892986297607,-0.23900219798088074,2.5031967163085938,-0.8059803247451782
1751306412.465943,3.681257486343384,-0.23884139955043793,2.5031654834747314,-0.805970311164856
1751306412.4759386,3.6810038089752197,-0.23931393027305603,2.503166437149048,-0.8059823513031006
1751306412.49592,3.6805977821350098,-0.2391507774591446,2.503159523010254,-0.8059877157211304
1751306412.505963,3.680673837661743,-0.23911477625370026,2.5031633377075195,-0.8059684038162231
1751306412.5259547,3.681236505508423,-0.23889416456222534,2.5031838417053223,-0.8059727549552917
1751306412.5459142,3.6806888580322266,-0.23912100493907928,2.5031847953796387,-0.8059744238853455
1751306412.5559566,3.6809616088867188,-0.2393983006477356,2.5031585693359375,-0.8059727549552917
1751306412.5659351,3.680697202682495,-0.23913896083831787,2.5031704902648926,-0.8059756755828857
1751306412.5859554,3.6812989711761475,-0.2388836145401001,2.5031988620758057,-0.8059743046760559
1751306412.5959454,3.6812732219696045,-0.23890788853168488,2.5031607151031494,-0.805969774723053
1751306412.6159809,3.680708885192871,-0.23915812373161316,2.5031657218933105,-0.8059785962104797
1751306412.6359537,3.6805760860443115,-0.23915815353393555,2.5031516551971436,-0.8059785962104797
1751306412.6459386,3.68068265914917,-0.23914432525634766,2.503159284591675,-0.8059579133987427
1751306412.665948,3.6811881065368652,-0.23899513483047485,2.5031847953796387,-0.8059858083724976
1751306412.6760175,3.681302547454834,-0.23884040117263794,2.503171443939209,-0.8059635162353516
1751306412.6959486,3.681225538253784,-0.23884938657283783,2.5031585693359375,-0.8059801459312439
1751306412.7059562,3.681274175643921,-0.23890382051467896,2.503175735473633,-0.8059845566749573
1751306412.725932,3.680664539337158,-0.23915714025497437,2.5031421184539795,-0.8059722185134888
1751306412.7364147,3.6807217597961426,-0.23910565674304962,2.5031604766845703,-0.8059632182121277
1751306412.7559433,3.6812572479248047,-0.2388996034860611,2.5031747817993164,-0.8059808611869812
1751306412.7659464,3.6812710762023926,-0.23881803452968597,2.503152370452881,-0.8059685826301575
1751306412.7859414,3.6807382106781006,-0.23911930620670319,2.50317645072937,-0.8059902191162109
1751306412.8059633,3.6812469959259033,-0.23888780176639557,2.5031228065490723,-0.8059751391410828
1751306412.825914,3.6812753677368164,-0.23884376883506775,2.503171443939209,-0.805961012840271
1751306412.8359435,3.681234121322632,-0.2388385385274887,2.503185510635376,-0.8059802055358887
1751306412.8559446,3.6812632083892822,-0.23889468610286713,2.503145933151245,-0.8059639930725098
1751306412.8659759,3.6807074546813965,-0.2391355037689209,2.5031232833862305,-0.805970311164856
1751306412.8859394,3.680720567703247,-0.2391500473022461,2.5031774044036865,-0.8059773445129395
1751306412.8967507,3.680656671524048,-0.23918947577476501,2.503154754638672,-0.8059862852096558
1751306412.9159207,3.681291341781616,-0.2388773113489151,2.5031611919403076,-0.8059749007225037
1751306412.9259834,3.681300640106201,-0.23887085914611816,2.503173351287842,-0.8059759736061096
1751306412.9459624,3.6813132762908936,-0.23880839347839355,2.5031447410583496,-0.8059608340263367
1751306412.9658837,3.6807286739349365,-0.23912926018238068,2.503176689147949,-0.8059787154197693
1751306412.9759092,3.6807174682617188,-0.23915675282478333,2.5031583309173584,-0.8059631586074829
1751306412.9959276,3.6811718940734863,-0.2388300597667694,2.5031328201293945,-0.8059762716293335
1751306413.0059283,3.6812756061553955,-0.23889829218387604,2.5031752586364746,-0.8059707283973694
1751306413.0259557,3.6806788444519043,-0.23919209837913513,2.5031795501708984,-0.8059649467468262
1751306413.0359244,3.680696964263916,-0.23912650346755981,2.503154754638672,-0.8059645891189575
1751306413.0559218,3.6811914443969727,-0.23896947503089905,2.5031700134277344,-0.8059712648391724
1751306413.0659852,3.681256055831909,-0.23881816864013672,2.503178358078003,-0.8059667348861694
1751306413.0859528,3.681135416030884,-0.23887425661087036,2.503150224685669,-0.8059827089309692
1751306413.0959747,3.681278705596924,-0.23891790211200714,2.5031542778015137,-0.805972158908844
1751306413.1159465,3.680680990219116,-0.23914432525634766,2.5031473636627197,-0.8059672713279724
1751306413.1359456,3.6812949180603027,-0.2388124018907547,2.503190279006958,-0.8059719800949097
1751306413.145978,3.6810991764068604,-0.23893855512142181,2.503145456314087,-0.8059756755828857
1751306413.1659467,3.680701494216919,-0.23914344608783722,2.5031661987304688,-0.805972695350647
1751306413.176053,3.68070650100708,-0.23915740847587585,2.5031821727752686,-0.805959939956665
1751306413.1959755,3.681302309036255,-0.2388933002948761,2.5031449794769287,-0.8059748411178589
1751306413.2159412,3.680699348449707,-0.23912835121154785,2.503164529800415,-0.8059741854667664
1751306413.225955,3.6812028884887695,-0.23901517689228058,2.503182888031006,-0.8059840798377991
1751306413.2459548,3.681101083755493,-0.23885726928710938,2.503147602081299,-0.8059520125389099
1751306413.256012,3.6807403564453125,-0.23915977776050568,2.5031816959381104,-0.8059751987457275
1751306413.2759242,3.680666923522949,-0.2391965538263321,2.5031683444976807,-0.8059756755828857
1751306413.2858872,3.680670738220215,-0.2391432821750641,2.5031299591064453,-0.8059787154197693
1751306413.305957,3.680706739425659,-0.2391614317893982,2.5031793117523193,-0.8059613704681396
1751306413.3159542,3.6812021732330322,-0.23898033797740936,2.5031650066375732,-0.8059890270233154
1751306413.3359118,3.681272506713867,-0.23884445428848267,2.5031628608703613,-0.8059669137001038
1751306413.3459303,3.6813082695007324,-0.23891639709472656,2.503195285797119,-0.8059775233268738
1751306413.3659136,3.681286573410034,-0.23890110850334167,2.503171682357788,-0.8059870600700378
1751306413.3858917,3.6812570095062256,-0.23888996243476868,2.50317120552063,-0.8059859275817871
1751306413.3959339,3.6812849044799805,-0.23894016444683075,2.5031683444976807,-0.805991530418396
1751306413.4159105,3.680701732635498,-0.23913468420505524,2.5031697750091553,-0.8059729337692261
1751306413.4359353,3.6813366413116455,-0.23890440165996552,2.5031919479370117,-0.8059937953948975
1751306413.4459517,3.681285858154297,-0.2389422357082367,2.5031492710113525,-0.8059852123260498
1751306413.465946,3.681241035461426,-0.2389122098684311,2.5031673908233643,-0.8059788942337036
1751306413.4759457,3.681300401687622,-0.23893257975578308,2.503192186355591,-0.8059797883033752
1751306413.495929,3.681312322616577,-0.23889197409152985,2.503182888031006,-0.8059823513031006
1751306413.5059662,3.680717945098877,-0.239127054810524,2.5031630992889404,-0.8059715628623962
1751306413.5259464,3.6812477111816406,-0.2389569729566574,2.503155469894409,-0.8059832453727722
1751306413.5359583,3.681281089782715,-0.23890873789787292,2.503187417984009,-0.8059924244880676
1751306413.5559695,3.6813039779663086,-0.23889899253845215,2.50319242477417,-0.8059794902801514
1751306413.5659404,3.681286573410034,-0.23890900611877441,2.503192663192749,-0.8059816360473633
1751306413.585886,3.6809558868408203,-0.2393796741962433,2.5031306743621826,-0.8059703707695007
1751306413.595933,3.6807093620300293,-0.23919063806533813,2.5032012462615967,-0.8059844970703125
1751306413.6159003,3.681297540664673,-0.23888786137104034,2.5031931400299072,-0.8059787154197693
1751306413.6359406,3.6812639236450195,-0.23890875279903412,2.5031442642211914,-0.8059862852096558
1751306413.6459322,3.6807057857513428,-0.23919560015201569,2.5031914710998535,-0.8059680461883545
1751306413.6658955,3.68129825592041,-0.23888063430786133,2.503170967102051,-0.805989682674408
1751306413.685902,3.68068790435791,-0.23914669454097748,2.5031936168670654,-0.8059770464897156
1751306413.6959307,3.6806130409240723,-0.2391887605190277,2.5031824111938477,-0.8059802055358887
1751306413.7059755,3.681256055831909,-0.23890455067157745,2.5031518936157227,-0.8059829473495483
1751306413.7259173,3.681274890899658,-0.2389465868473053,2.503157138824463,-0.8059948682785034
1751306413.7359164,3.6810362339019775,-0.23936383426189423,2.5031943321228027,-0.805988609790802
1751306413.7559426,3.6812357902526855,-0.23892474174499512,2.5031440258026123,-0.8059749603271484
1751306413.7758892,3.6807093620300293,-0.23916643857955933,2.5031869411468506,-0.8059741854667664
1751306413.785916,3.6806864738464355,-0.23915763199329376,2.503185272216797,-0.8059845566749573
1751306413.8059063,3.6810262203216553,-0.23934665322303772,2.5031838417053223,-0.8059782981872559
1751306413.815939,3.681257486343384,-0.23890769481658936,2.503173828125,-0.8059821724891663
1751306413.8359327,3.681251287460327,-0.23891377449035645,2.5031750202178955,-0.8059901595115662
1751306413.8459554,3.6809797286987305,-0.23942799866199493,2.5031869411468506,-0.8059701323509216
1751306413.8659217,3.6812589168548584,-0.23885858058929443,2.5031960010528564,-0.8059722185134888
1751306413.8859115,3.6806764602661133,-0.2391374409198761,2.5031166076660156,-0.8059698939323425
1751306413.8959463,3.681229829788208,-0.23900023102760315,2.503185510635376,-0.8059810996055603
1751306413.915947,3.681325674057007,-0.23889781534671783,2.5032107830047607,-0.8059810400009155
1751306413.9259915,3.681257963180542,-0.23890644311904907,2.5031521320343018,-0.805984616279602
1751306413.9562716,3.681232452392578,-0.23900248110294342,2.5032079219818115,-0.8059696555137634
1751306413.9659963,3.6812567710876465,-0.2389121651649475,2.503173351287842,-0.8059806227684021
1751306413.9759521,3.6812660694122314,-0.23891276121139526,2.5031650066375732,-0.8059655427932739
1751306413.9959033,3.680729866027832,-0.2391473352909088,2.503199815750122,-0.8059860467910767
1751306414.006158,3.6806790828704834,-0.23911944031715393,2.5031352043151855,-0.8059645295143127
1751306414.0259326,3.680752754211426,-0.23918390274047852,2.503188133239746,-0.805993378162384
1751306414.035923,3.6812217235565186,-0.23892802000045776,2.5031979084014893,-0.8059753179550171
1751306414.0559201,3.681273937225342,-0.23891319334506989,2.5031399726867676,-0.805980384349823
1751306414.0659437,3.6812548637390137,-0.23888596892356873,2.5031700134277344,-0.8059743642807007
1751306414.0859122,3.6806981563568115,-0.23914353549480438,2.503199577331543,-0.805984616279602
1751306414.1059103,3.680678606033325,-0.23915231227874756,2.503167152404785,-0.8059766292572021
1751306414.1159222,3.681220769882202,-0.23883460462093353,2.5031886100769043,-0.8059759736061096
1751306414.135914,3.6810829639434814,-0.23889082670211792,2.5031650066375732,-0.8059715628623962
1751306414.1459248,3.681215286254883,-0.2388746738433838,2.503208875656128,-0.8059782385826111
1751306414.1659641,3.681304454803467,-0.23888221383094788,2.503211259841919,-0.8059882521629333
1751306414.1759207,3.680959701538086,-0.2393922507762909,2.5031588077545166,-0.8059720396995544
1751306414.1959574,3.6812570095062256,-0.2388046830892563,2.503176212310791,-0.805989682674408
1751306414.2059555,3.681260585784912,-0.23893432319164276,2.5031895637512207,-0.8059730529785156
1751306414.2259395,3.6812527179718018,-0.2389129251241684,2.5031673908233643,-0.8059815168380737
1751306414.2358928,3.6806952953338623,-0.2391349822282791,2.503206253051758,-0.8059695363044739
1751306414.2559202,3.6811864376068115,-0.2388332635164261,2.503145217895508,-0.8059734106063843
1751306414.2759278,3.681068181991577,-0.2389163374900818,2.5031960010528564,-0.8059757351875305
1751306414.2859218,3.681124687194824,-0.23884829878807068,2.503200054168701,-0.8059751987457275
1751306414.3059149,3.6806483268737793,-0.2391689419746399,2.503180503845215,-0.8059805631637573
1751306414.3162484,3.6806447505950928,-0.23915453255176544,2.5031626224517822,-0.805989682674408
1751306414.3359375,3.6807100772857666,-0.239130437374115,2.5032260417938232,-0.8059770464897156
1751306414.3559077,3.681251287460327,-0.23887331783771515,2.5031566619873047,-0.8059880137443542
1751306414.3659139,3.6812591552734375,-0.23887091875076294,2.503169298171997,-0.8059722781181335
1751306414.3759172,3.680694580078125,-0.23912987112998962,2.5032029151916504,-0.8059643507003784
1751306414.3958995,3.6811554431915283,-0.23899950087070465,2.503175735473633,-0.805988609790802
1751306414.415921,3.6812586784362793,-0.2388918697834015,2.5031871795654297,-0.8059507012367249
1751306414.4259267,3.6806440353393555,-0.23916397988796234,2.503175973892212,-0.8059626817703247
1751306414.4459114,3.681264877319336,-0.2388494908809662,2.503173589706421,-0.8059809803962708
1751306414.455928,3.681216239929199,-0.23885774612426758,2.5032060146331787,-0.8059729933738708
1751306414.4759147,3.6812751293182373,-0.23891504108905792,2.5031776428222656,-0.8059704899787903
1751306414.4959211,3.680687189102173,-0.23913423717021942,2.503153085708618,-0.8059899210929871
1751306414.5059216,3.6807029247283936,-0.23914067447185516,2.503194808959961,-0.8059791922569275
1751306414.525949,3.681291103363037,-0.23891153931617737,2.5031471252441406,-0.8059915900230408
1751306414.535937,3.6812498569488525,-0.23892085254192352,2.5031638145446777,-0.8059790730476379
1751306414.5559385,3.681264638900757,-0.2389344722032547,2.5031681060791016,-0.8059753179550171
1751306414.5759177,3.681259870529175,-0.23890861868858337,2.503194570541382,-0.8059771656990051
1751306414.5859635,3.6812634468078613,-0.23888695240020752,2.5031707286834717,-0.8059746026992798
1751306414.605925,3.6812446117401123,-0.23892554640769958,2.5031745433807373,-0.8059804439544678
1751306414.61595,3.6807000637054443,-0.2391015589237213,2.5031726360321045,-0.8059622645378113
1751306414.6359248,3.68121337890625,-0.23895633220672607,2.5031850337982178,-0.8060019612312317
1751306414.6459348,3.681241273880005,-0.23893363773822784,2.503154754638672,-0.8059800863265991
1751306414.665884,3.680677890777588,-0.23913690447807312,2.5031697750091553,-0.8059872984886169
1751306414.6759272,3.681164264678955,-0.2389824092388153,2.5031538009643555,-0.8059898614883423
1751306414.6959426,3.6812846660614014,-0.23885492980480194,2.5031728744506836,-0.8059903979301453
1751306414.715932,3.6812925338745117,-0.23881804943084717,2.5031800270080566,-0.8059720396995544
1751306414.726485,3.6806588172912598,-0.23915325105190277,2.5031590461730957,-0.8059818744659424
1751306414.7459173,3.680722236633301,-0.23910850286483765,2.503180980682373,-0.8059789538383484
1751306414.7559144,3.6812632083892822,-0.23890508711338043,2.5031614303588867,-0.8059930205345154
1751306414.775914,3.681246280670166,-0.23890675604343414,2.503143548965454,-0.8059749007225037
1751306414.7859185,3.680976152420044,-0.23939576745033264,2.5031626224517822,-0.805981457233429
1751306414.805918,3.6810336112976074,-0.23931445181369781,2.5031683444976807,-0.8059806823730469
1751306414.8159096,3.6813130378723145,-0.23883545398712158,2.5031685829162598,-0.8059923052787781
1751306414.8359392,3.6811516284942627,-0.23884907364845276,2.503140926361084,-0.8059823513031006
1751306414.8562531,3.6812212467193604,-0.23884138464927673,2.5031213760375977,-0.8059719204902649
1751306414.8659875,3.681326389312744,-0.23887163400650024,2.5031912326812744,-0.805978536605835
1751306414.8859286,3.6813080310821533,-0.2389061450958252,2.503178119659424,-0.8059656023979187
1751306414.8959405,3.68064284324646,-0.23916412889957428,2.5031580924987793,-0.8059768676757812
1751306414.91593,3.6807169914245605,-0.23911717534065247,2.5031864643096924,-0.8059625029563904
1751306414.9359453,3.681198835372925,-0.23894715309143066,2.5031473636627197,-0.8059655427932739
1751306414.9459555,3.681215763092041,-0.2388603538274765,2.5031630992889404,-0.8059845566749573
1751306414.9559422,3.68129563331604,-0.23889952898025513,2.503160238265991,-0.8059672713279724
1751306414.9760275,3.680983304977417,-0.2394053041934967,2.5031185150146484,-0.8059617280960083
1751306414.9863944,3.6807339191436768,-0.23915448784828186,2.5031752586364746,-0.8059952259063721
1751306415.0058994,3.681274890899658,-0.23889382183551788,2.5031630992889404,-0.8059454560279846
1751306415.0259027,3.6812262535095215,-0.23892934620380402,2.50313663482666,-0.8059730529785156
1751306415.0459657,3.680755615234375,-0.23911458253860474,2.5031838417053223,-0.8059633374214172
1751306415.0559447,3.6805641651153564,-0.2391686588525772,2.5031681060791016,-0.8059608340263367
1751306415.0659666,3.6806740760803223,-0.23916929960250854,2.5031559467315674,-0.8059905767440796
1751306415.085951,3.6807074546813965,-0.23914745450019836,2.5031402111053467,-0.8059609532356262
1751306415.0959322,3.6812167167663574,-0.23885087668895721,2.5031442642211914,-0.805957555770874
1751306415.1159902,3.6807236671447754,-0.2391374111175537,2.503178596496582,-0.8059694170951843
1751306415.1359491,3.681185722351074,-0.2389410436153412,2.5031561851501465,-0.8059618473052979
1751306415.1459634,3.6811163425445557,-0.23887278139591217,2.5031285285949707,-0.8059666752815247
1751306415.1659636,3.681297779083252,-0.23887526988983154,2.503152847290039,-0.8059715032577515
1751306415.1859484,3.6806747913360596,-0.2391386479139328,2.5031492710113525,-0.8059514164924622
1751306415.2059443,3.6806793212890625,-0.2391529232263565,2.5031230449676514,-0.8059692978858948
1751306415.2060294,3.6811811923980713,-0.23897287249565125,2.503175973892212,-0.8059573173522949
1751306415.2260325,3.6812636852264404,-0.23891586065292358,2.5031394958496094,-0.8059787750244141
1751306415.2459562,3.6807198524475098,-0.23914507031440735,2.503160238265991,-0.805971622467041
1751306415.256153,3.6806793212890625,-0.2391470968723297,2.503124475479126,-0.8059506416320801
1751306415.275948,3.680670976638794,-0.23917219042778015,2.5031588077545166,-0.805968701839447
1751306415.2860062,3.681255340576172,-0.2388313263654709,2.5031795501708984,-0.8059601187705994
1751306415.3059645,3.681252956390381,-0.23890839517116547,2.503131866455078,-0.8059691190719604
1751306415.3259532,3.681253671646118,-0.23890039324760437,2.5031206607818604,-0.8059664368629456
1751306415.3359702,3.6812522411346436,-0.2388996034860611,2.503147602081299,-0.8059614896774292
1751306415.3559651,3.6807138919830322,-0.2391219437122345,2.503154993057251,-0.8059667348861694
1751306415.375921,3.6807045936584473,-0.23916080594062805,2.503155469894409,-0.8059670329093933
1751306415.385989,3.6806728839874268,-0.23914963006973267,2.5031511783599854,-0.8059539794921875
1751306415.3959315,3.6806447505950928,-0.23918873071670532,2.5031538009643555,-0.8059790730476379
1751306415.4159524,3.6811909675598145,-0.23896285891532898,2.503159761428833,-0.8059827089309692
1751306415.4259248,3.680999755859375,-0.23889507353305817,2.5031583309173584,-0.8059611916542053
1751306415.445956,3.680664539337158,-0.2391289621591568,2.50313663482666,-0.8059715628623962
1751306415.455921,3.6811912059783936,-0.2389785349369049,2.50317120552063,-0.8059578537940979
1751306415.4759202,3.6812894344329834,-0.23885834217071533,2.5031487941741943,-0.8059806823730469
1751306415.4859295,3.6806881427764893,-0.23913726210594177,2.5031166076660156,-0.8059689402580261
1751306415.505924,3.6811814308166504,-0.23896455764770508,2.5031700134277344,-0.8059502840042114
1751306415.5259223,3.6812500953674316,-0.23893268406391144,2.50313401222229,-0.805976152420044
1751306415.545922,3.680997848510742,-0.2393471747636795,2.5031678676605225,-0.8059521913528442
1751306415.5559318,3.6806752681732178,-0.23914086818695068,2.503157138824463,-0.8059694170951843
1751306415.5659747,3.680654287338257,-0.2391616255044937,2.503150224685669,-0.805962085723877
1751306415.5859165,3.6812074184417725,-0.23892804980278015,2.503169298171997,-0.8059654235839844
1751306415.6059456,3.6806893348693848,-0.23915201425552368,2.5031473636627197,-0.8059832453727722
1751306415.6259437,3.6812660694122314,-0.23890219628810883,2.5031685829162598,-0.8059579730033875
1751306415.6359313,3.6812832355499268,-0.23880302906036377,2.503164768218994,-0.8059537410736084
1751306415.6559336,3.6807005405426025,-0.2391558438539505,2.503171682357788,-0.8059573173522949
1751306415.6659262,3.680715322494507,-0.2391182780265808,2.503176689147949,-0.8059684038162231
1751306415.6859868,3.680675506591797,-0.23914718627929688,2.5031321048736572,-0.8059724569320679
1751306415.6959405,3.680678129196167,-0.23911963403224945,2.503150463104248,-0.8059706091880798
1751306415.7059484,3.6811985969543457,-0.23900608718395233,2.503185272216797,-0.805967390537262
1751306415.7259195,3.681276798248291,-0.23890049755573273,2.5031538009643555,-0.8059737086296082
1751306415.7359347,3.680708408355713,-0.2391371726989746,2.503169536590576,-0.8059732913970947
1751306415.7559447,3.6806836128234863,-0.2391718477010727,2.503164291381836,-0.8059641122817993
1751306415.7759404,3.681236743927002,-0.23883692920207977,2.5031378269195557,-0.8059693574905396
1751306415.78593,3.6810240745544434,-0.2388918697834015,2.5031747817993164,-0.8059715032577515
1751306415.8059142,3.6806881427764893,-0.2391301393508911,2.503138780593872,-0.8059590458869934
1751306415.8259068,3.68070387840271,-0.2391687035560608,2.5031559467315674,-0.805962085723877
1751306415.845951,3.6807026863098145,-0.2391316145658493,2.503162384033203,-0.805967390537262
1751306415.8559196,3.6806728839874268,-0.239155113697052,2.5031449794769287,-0.8059694170951843
1751306415.8659432,3.681257486343384,-0.23882991075515747,2.5031638145446777,-0.8059737682342529
1751306415.8859196,3.681143045425415,-0.23889076709747314,2.503161907196045,-0.8059758543968201
1751306415.905916,3.6812961101531982,-0.23890583217144012,2.5031521320343018,-0.8059868216514587
1751306415.9159286,3.6812918186187744,-0.2389223724603653,2.503160238265991,-0.8060042262077332
1751306415.925935,3.681281805038452,-0.23892979323863983,2.5031490325927734,-0.8059704899787903
1751306415.94592,3.680978298187256,-0.23942230641841888,2.503143787384033,-0.805988073348999
1751306415.965913,3.6813013553619385,-0.2388916313648224,2.503169059753418,-0.805976152420044
1751306415.9759095,3.681241273880005,-0.23893187940120697,2.5031228065490723,-0.8059751987457275
1751306415.9959118,3.6812684535980225,-0.23893460631370544,2.5031440258026123,-0.805988073348999
1751306416.0059218,3.6813130378723145,-0.23890720307826996,2.503195285797119,-0.805972695350647
1751306416.0260246,3.681229591369629,-0.23894406855106354,2.5031275749206543,-0.8059813380241394
1751306416.0359714,3.6812663078308105,-0.23890957236289978,2.503159284591675,-0.8060014247894287
1751306416.0559728,3.6812713146209717,-0.2389083355665207,2.50317120552063,-0.8059784173965454
1751306416.0659513,3.6812853813171387,-0.23889675736427307,2.5031464099884033,-0.8059793710708618
1751306416.0859609,3.6807451248168945,-0.23914144933223724,2.5031847953796387,-0.8060010075569153
1751306416.0959387,3.6812641620635986,-0.23892149329185486,2.5031533241271973,-0.8059729933738708
1751306416.1159418,3.681264638900757,-0.23891566693782806,2.503150701522827,-0.8059782385826111
1751306416.1359706,3.6810142993927,-0.23940342664718628,2.503164529800415,-0.8059645891189575
1751306416.1459591,3.6812784671783447,-0.23891431093215942,2.5031676292419434,-0.8059778213500977
1751306416.1659727,3.6812667846679688,-0.23888438940048218,2.5031580924987793,-0.8059810996055603
1751306416.1759422,3.681264638900757,-0.23892833292484283,2.503166913986206,-0.8059737086296082
1751306416.195945,3.680607318878174,-0.23923340439796448,2.503180503845215,-0.8059856295585632
1751306416.2159598,3.6812920570373535,-0.23886892199516296,2.503162145614624,-0.8059532642364502
1751306416.2259545,3.681262254714966,-0.23893022537231445,2.503138780593872,-0.8059821128845215
1751306416.2459483,3.6807689666748047,-0.23913943767547607,2.503197431564331,-0.8059639930725098
1751306416.2559514,3.6810083389282227,-0.23939302563667297,2.503159284591675,-0.8059620261192322
1751306416.2759552,3.680720567703247,-0.23917894065380096,2.5031518936157227,-0.8059820532798767
1751306416.2859602,3.6812610626220703,-0.23884157836437225,2.5031473636627197,-0.8059616088867188
1751306416.3070712,3.681295871734619,-0.23891280591487885,2.503161668777466,-0.8059632182121277
1751306416.3159523,3.6812903881073,-0.2389230877161026,2.503159999847412,-0.8059970140457153
1751306416.3360167,3.6806282997131348,-0.23916815221309662,2.503159284591675,-0.8059647083282471
1751306416.3567636,3.6805832386016846,-0.2392125278711319,2.5031445026397705,-0.80597323179245
1751306416.3660052,3.6812782287597656,-0.23888200521469116,2.503154993057251,-0.8059870600700378
1751306416.3859708,3.681293249130249,-0.23893260955810547,2.5031871795654297,-0.8059645295143127
1751306416.3959663,3.6809792518615723,-0.23939673602581024,2.503140449523926,-0.8059811592102051
1751306416.4159553,3.6812548637390137,-0.23890066146850586,2.5031650066375732,-0.805974006652832
1751306416.4259355,3.6812446117401123,-0.2389044612646103,2.503166913986206,-0.8059653639793396
1751306416.4459376,3.681260585784912,-0.23891769349575043,2.503180980682373,-0.8059901595115662
1751306416.4560816,3.6812655925750732,-0.23892742395401,2.503190755844116,-0.8059753775596619
1751306416.4762468,3.68125057220459,-0.23891007900238037,2.503152847290039,-0.8059945702552795
1751306416.495955,3.6812453269958496,-0.23892883956432343,2.503170967102051,-0.8059862852096558
1751306416.5059438,3.6807384490966797,-0.2391417920589447,2.5031864643096924,-0.8059753179550171
1751306416.5259387,3.681170701980591,-0.2390211820602417,2.5031535625457764,-0.8059875965118408
1751306416.5359337,3.681258201599121,-0.23892328143119812,2.503157377243042,-0.8059831261634827
1751306416.5559359,3.680725336074829,-0.2391507625579834,2.5031814575195312,-0.8059735298156738
1751306416.5659878,3.6812732219696045,-0.23890554904937744,2.503176212310791,-0.8059880137443542
1751306416.585963,3.6807432174682617,-0.23910796642303467,2.503174304962158,-0.8059518337249756
1751306416.6059494,3.680968999862671,-0.2393699735403061,2.50313401222229,-0.8059658408164978
1751306416.6159725,3.68125319480896,-0.2389165461063385,2.5031797885894775,-0.8059868216514587
1751306416.6359448,3.6810147762298584,-0.23937633633613586,2.5032122135162354,-0.8059677481651306
1751306416.6463282,3.6812291145324707,-0.23894023895263672,2.5031464099884033,-0.8059889674186707
1751306416.6659603,3.6812543869018555,-0.23889923095703125,2.5031821727752686,-0.8059783577919006
1751306416.6859667,3.6812679767608643,-0.2389020323753357,2.503182888031006,-0.8059796094894409
1751306416.6959543,3.681264638900757,-0.2388955056667328,2.50317120552063,-0.8059927821159363
1751306416.7059786,3.681231737136841,-0.23890042304992676,2.5031659603118896,-0.8059913516044617
1751306416.7259662,3.680724620819092,-0.23914143443107605,2.5031635761260986,-0.8059749603271484
1751306416.74594,3.6812846660614014,-0.2388269305229187,2.5031819343566895,-0.8059784770011902
1751306416.7559836,3.681273937225342,-0.23890769481658936,2.503182888031006,-0.8059892654418945
1751306416.77595,3.6812472343444824,-0.23892605304718018,2.503114938735962,-0.805988073348999
1751306416.785974,3.681267023086548,-0.23892362415790558,2.5031630992889404,-0.8059731125831604
1751306416.805948,3.6812491416931152,-0.23895393311977386,2.5031983852386475,-0.8059667348861694
1751306416.825968,3.680734157562256,-0.2391422688961029,2.503185749053955,-0.805981457233429
1751306416.8359807,3.6812825202941895,-0.23888838291168213,2.5031650066375732,-0.8059707283973694
1751306416.8559256,3.6812496185302734,-0.23891371488571167,2.5031542778015137,-0.8059682846069336
1751306416.8668559,3.6812849044799805,-0.23890472948551178,2.503174066543579,-0.8059839010238647
1751306416.8859174,3.681037664413452,-0.2394026517868042,2.503194570541382,-0.8059763312339783
1751306416.8963952,3.6812543869018555,-0.23892183601856232,2.503129720687866,-0.8059726357460022
1751306416.9159381,3.6812825202941895,-0.23889443278312683,2.5031917095184326,-0.805974543094635
1751306416.9259386,3.6807515621185303,-0.23914556205272675,2.503176689147949,-0.8059659600257874
1751306416.9459476,3.68131947517395,-0.23887944221496582,2.503178119659424,-0.8059808611869812
1751306416.9560006,3.6812915802001953,-0.2389158308506012,2.5031912326812744,-0.8059695959091187
1751306416.9759312,3.680997371673584,-0.23939980566501617,2.5031609535217285,-0.8059728145599365
1751306416.9859395,3.681344509124756,-0.23881547152996063,2.5031890869140625,-0.8059868216514587
1751306417.0059252,3.6813344955444336,-0.23887896537780762,2.5032074451446533,-0.8059617877006531
1751306417.0259972,3.6812360286712646,-0.23893952369689941,2.503143310546875,-0.8059837222099304
1751306417.0361776,3.681302070617676,-0.23891764879226685,2.5031697750091553,-0.8059943914413452
1751306417.0559614,3.6813220977783203,-0.23892098665237427,2.5032196044921875,-0.8059759140014648
1751306417.065999,3.6813130378723145,-0.23890863358974457,2.5031797885894775,-0.8059736490249634
1751306417.0860174,3.6812820434570312,-0.23892128467559814,2.5031685829162598,-0.8059803247451782
1751306417.096101,3.681258201599121,-0.23892921209335327,2.503180742263794,-0.805964469909668
1751306417.1160834,3.680767297744751,-0.2391493171453476,2.503183126449585,-0.8059945702552795
1751306417.1359744,3.681298017501831,-0.23888376355171204,2.5031981468200684,-0.8059437870979309
1751306417.1459782,3.680675983428955,-0.2391865998506546,2.5031509399414062,-0.8059821128845215
1751306417.165979,3.6807684898376465,-0.23913224041461945,2.503196954727173,-0.805986762046814
1751306417.1759646,3.6807801723480225,-0.23914556205272675,2.503220558166504,-0.805968165397644
1751306417.1959796,3.6812562942504883,-0.2388991415500641,2.503183603286743,-0.805981457233429
1751306417.2059948,3.6807196140289307,-0.2391420602798462,2.5031652450561523,-0.8059768676757812
1751306417.226158,3.6812055110931396,-0.2389402538537979,2.5031769275665283,-0.8059664368629456
1751306417.2459571,3.68131422996521,-0.23882579803466797,2.5031745433807373,-0.8059903383255005
1751306417.2559571,3.681272506713867,-0.23890180885791779,2.5031683444976807,-0.8059655427932739
1751306417.2764087,3.680995225906372,-0.23940648138523102,2.5031583309173584,-0.805971622467041
1751306417.2859647,3.681269407272339,-0.23892687261104584,2.5031728744506836,-0.8059887290000916
1751306417.3059802,3.681248903274536,-0.2389124482870102,2.5032050609588623,-0.8059637546539307
1751306417.3159416,3.680988073348999,-0.2393825799226761,2.503174066543579,-0.8059952855110168
1751306417.3359382,3.6812944412231445,-0.23879770934581757,2.503174066543579,-0.8059608340263367
1751306417.3459938,3.681291103363037,-0.2388932704925537,2.5031802654266357,-0.8059775829315186
1751306417.365966,3.6812989711761475,-0.23890048265457153,2.5032010078430176,-0.8059930801391602
1751306417.3859806,3.6812362670898438,-0.2389097660779953,2.5031778812408447,-0.805966317653656
1751306417.3961077,3.681278944015503,-0.23890110850334167,2.5031611919403076,-0.8059810400009155
1751306417.4160414,3.6807591915130615,-0.23912346363067627,2.503225803375244,-0.8059807419776917
1751306417.4259737,3.6810128688812256,-0.23938146233558655,2.503204584121704,-0.8059579133987427
1751306417.4459617,3.6807093620300293,-0.23916426301002502,2.503176212310791,-0.8059878945350647
1751306417.4560738,3.6807281970977783,-0.23915347456932068,2.503178596496582,-0.8059739470481873
1751306417.4760325,3.681229591369629,-0.2388553023338318,2.5031967163085938,-0.8059771656990051
1751306417.495994,3.681317090988159,-0.238881453871727,2.503201961517334,-0.8059976696968079
1751306417.5059235,3.6812620162963867,-0.23888783156871796,2.50315523147583,-0.8059670329093933
1751306417.5259106,3.681259870529175,-0.23894114792346954,2.503169298171997,-0.8059852123260498
1751306417.5359344,3.6807587146759033,-0.2391085922718048,2.5032219886779785,-0.805976927280426
1751306417.5559072,3.6812140941619873,-0.23895929753780365,2.5031871795654297,-0.8059771060943604
1751306417.5663345,3.6812541484832764,-0.23890765011310577,2.5031630992889404,-0.8059787750244141
1751306417.5859163,3.6812584400177,-0.2389136701822281,2.50317645072937,-0.8059756755828857
1751306417.5959213,3.681295871734619,-0.23889301717281342,2.503218173980713,-0.8059682846069336
1751306417.6159077,3.6812946796417236,-0.23889075219631195,2.50317120552063,-0.805989682674408
1751306417.6361275,3.681262969970703,-0.2388887107372284,2.503185749053955,-0.8059589266777039
1751306417.6459286,3.681257724761963,-0.23891353607177734,2.5031721591949463,-0.8059909343719482
1751306417.6659138,3.6806514263153076,-0.23913197219371796,2.5031871795654297,-0.8059787750244141
1751306417.6759126,3.6809892654418945,-0.23937533795833588,2.503175973892212,-0.8059715032577515
1751306417.695906,3.6812424659729004,-0.23884208500385284,2.50313663482666,-0.8059695363044739
1751306417.7059333,3.680718421936035,-0.23915128409862518,2.5031843185424805,-0.8059661984443665
1751306417.725896,3.6811866760253906,-0.23899972438812256,2.503166675567627,-0.8059759140014648
1751306417.74591,3.6812238693237305,-0.2389119267463684,2.5031731128692627,-0.8059812188148499
1751306417.755914,3.6807284355163574,-0.23908784985542297,2.5031869411468506,-0.8059655427932739
1751306417.7759,3.6812758445739746,-0.23890911042690277,2.5031638145446777,-0.8059753179550171
1751306417.7859187,3.6812729835510254,-0.23889824748039246,2.5031850337982178,-0.8059749603271484
1751306417.8059223,3.681243419647217,-0.2389015406370163,2.5031750202178955,-0.8059553503990173
1751306417.825897,3.680665969848633,-0.2391916662454605,2.5031588077545166,-0.8059890866279602
1751306417.8359156,3.680720090866089,-0.2391381859779358,2.5031771659851074,-0.8059552311897278
1751306417.84592,3.6812925338745117,-0.23890095949172974,2.50317120552063,-0.8059741854667664
1751306417.865899,3.681239366531372,-0.2389211356639862,2.503135919570923,-0.8059772253036499
1751306417.8858974,3.681302070617676,-0.2389003336429596,2.5031630992889404,-0.8059785962104797
1751306417.8959167,3.6810054779052734,-0.2394043505191803,2.5031802654266357,-0.8059707283973694
1751306417.9159064,3.681272268295288,-0.23891699314117432,2.5031790733337402,-0.8059860467910767
1751306417.9259393,3.6806960105895996,-0.23913195729255676,2.5031607151031494,-0.8059673309326172
1751306417.9459145,3.68127703666687,-0.23889482021331787,2.50314998626709,-0.805982768535614
1751306417.955922,3.681281328201294,-0.2389110028743744,2.5031988620758057,-0.8059678673744202
1751306417.9759085,3.681234836578369,-0.23891212046146393,2.503127098083496,-0.8059799671173096
1751306417.9959147,3.681267738342285,-0.23890474438667297,2.5031604766845703,-0.8059887290000916
1751306418.0059252,3.680772066116333,-0.2391025274991989,2.5031752586364746,-0.8059636354446411
1751306418.0260193,3.6811723709106445,-0.23900631070137024,2.503146171569824,-0.8059843182563782
1751306418.0459723,3.6810302734375,-0.2389150708913803,2.50315260887146,-0.8059667944908142
1751306418.0559464,3.681293487548828,-0.2388806790113449,2.5031747817993164,-0.8059664964675903
1751306418.0659692,3.6813127994537354,-0.23885224759578705,2.5031685829162598,-0.8059770464897156
1751306418.085942,3.681243658065796,-0.2389528751373291,2.503180742263794,-0.8059703707695007
1751306418.095945,3.680971622467041,-0.23937420547008514,2.5031328201293945,-0.8059635758399963
1751306418.1159348,3.681262254714966,-0.23889441788196564,2.503140926361084,-0.8059940934181213
1751306418.135936,3.681293487548828,-0.23889122903347015,2.50319766998291,-0.8059508204460144
1751306418.1459894,3.680988073348999,-0.23940782248973846,2.5031325817108154,-0.8059763312339783
1751306418.1659632,3.681243419647217,-0.23892010748386383,2.5031685829162598,-0.8059567213058472
1751306418.1760442,3.680696487426758,-0.2391550987958908,2.503171682357788,-0.8059488534927368
1751306418.1959653,3.6812939643859863,-0.2389138787984848,2.50317645072937,-0.8059723973274231
1751306418.2059557,3.681257724761963,-0.23892144858837128,2.5031683444976807,-0.8059707283973694
1751306418.2261753,3.6809849739074707,-0.23933599889278412,2.5031447410583496,-0.8059419393539429
1751306418.2359488,3.6812949180603027,-0.23887884616851807,2.503176212310791,-0.8059675693511963
1751306418.2559316,3.6806159019470215,-0.23916184902191162,2.503194570541382,-0.8059599995613098
1751306418.2760358,3.6811716556549072,-0.23900039494037628,2.5031418800354004,-0.8059540390968323
1751306418.2959373,3.6813008785247803,-0.23889781534671783,2.503166437149048,-0.8059820532798767
1751306418.306005,3.6807661056518555,-0.23911967873573303,2.5031940937042236,-0.805952787399292
1751306418.325988,3.6807093620300293,-0.23914788663387299,2.5031516551971436,-0.8059812784194946
1751306418.3359773,3.6811983585357666,-0.23898249864578247,2.503169059753418,-0.8059610724449158
1751306418.3559494,3.681273937225342,-0.23890656232833862,2.5031473636627197,-0.8059675097465515
1751306418.3659952,3.6807637214660645,-0.2391340434551239,2.503192901611328,-0.8059782981872559
1751306418.3859985,3.681177854537964,-0.23901759088039398,2.503171920776367,-0.8059570789337158
1751306418.3959448,3.6812984943389893,-0.23885540664196014,2.5031449794769287,-0.8059723377227783
1751306418.4159596,3.681274890899658,-0.2389100342988968,2.5032012462615967,-0.8059770464897156
1751306418.4259665,3.6806728839874268,-0.23915863037109375,2.50317645072937,-0.805960476398468
1751306418.4459507,3.6812727451324463,-0.23881837725639343,2.503136396408081,-0.8059836030006409
1751306418.4563074,3.6812899112701416,-0.2388928383588791,2.5031588077545166,-0.8059664368629456
1751306418.4859726,3.6810271739959717,-0.23935872316360474,2.503166437149048,-0.805974543094635
1751306418.4959283,3.681103467941284,-0.2392108291387558,2.5031700134277344,-0.8059685230255127
1751306418.505934,3.6812472343444824,-0.23890440165996552,2.5031509399414062,-0.8059561848640442
1751306418.5259113,3.6807188987731934,-0.23915517330169678,2.5031516551971436,-0.8059666752815247
1751306418.5360405,3.6807773113250732,-0.23910680413246155,2.5032079219818115,-0.8059498071670532
1751306418.5559123,3.68074107170105,-0.23913463950157166,2.5031590461730957,-0.805962085723877
1751306418.565936,3.68061900138855,-0.2391432374715805,2.5031676292419434,-0.8059631586074829
1751306418.5859098,3.681286334991455,-0.2388416826725006,2.503187417984009,-0.8059704899787903
1751306418.5959365,3.6811695098876953,-0.2388966828584671,2.503206968307495,-0.8059495687484741
1751306418.6159132,3.6807494163513184,-0.2391093671321869,2.5031630992889404,-0.8059834837913513
1751306418.62603,3.6812021732330322,-0.23894040286540985,2.5031659603118896,-0.8059394955635071
1751306418.6458948,3.681156873703003,-0.23888930678367615,2.5031509399414062,-0.8059749007225037
1751306418.6659102,3.681335926055908,-0.23887792229652405,2.5031683444976807,-0.8059849143028259
1751306418.6759188,3.6807448863983154,-0.239144429564476,2.5031700134277344,-0.8059583902359009
1751306418.6959124,3.681196689605713,-0.23892934620380402,2.5031399726867676,-0.8059734106063843
1751306418.7159133,3.6811790466308594,-0.23888035118579865,2.503180742263794,-0.8059666752815247
1751306418.725927,3.6811747550964355,-0.23888792097568512,2.5031983852386475,-0.805959939956665
1751306418.7359161,3.68070912361145,-0.2391306459903717,2.5031540393829346,-0.8059677481651306
1751306418.7563002,3.681321382522583,-0.2388841062784195,2.503174066543579,-0.805966854095459
1751306418.766402,3.6813127994537354,-0.23888859152793884,2.5031704902648926,-0.8059534430503845
1751306418.785902,3.681337356567383,-0.2388792335987091,2.503187656402588,-0.8059747815132141
1751306418.805907,3.681290626525879,-0.23891547322273254,2.5031607151031494,-0.8059523701667786
1751306418.8159153,3.6806955337524414,-0.23914626240730286,2.503127098083496,-0.8059632778167725
1751306418.8359644,3.6806604862213135,-0.2391197681427002,2.5031936168670654,-0.8059551119804382
1751306418.8559115,3.6807360649108887,-0.2391635924577713,2.503195285797119,-0.8059531450271606
1751306418.8659208,3.6812522411346436,-0.23882316052913666,2.5031816959381104,-0.8059618473052979
1751306418.8859122,3.681262969970703,-0.238891139626503,2.503167152404785,-0.8059731721878052
1751306418.9059052,3.6813056468963623,-0.23891372978687286,2.5031650066375732,-0.8059730529785156
1751306418.9159176,3.681234836578369,-0.23894348740577698,2.5031726360321045,-0.8059800267219543
1751306418.9259217,3.6812543869018555,-0.2389073222875595,2.5031802654266357,-0.8059411644935608
1751306418.945906,3.6807122230529785,-0.2391333431005478,2.5031349658966064,-0.8059653043746948
1751306418.965912,3.6813223361968994,-0.23887796700000763,2.5031917095184326,-0.8059591054916382
1751306418.9759018,3.6807239055633545,-0.23915806412696838,2.5031683444976807,-0.805967390537262
1751306418.9959786,3.6807034015655518,-0.23915241658687592,2.503154993057251,-0.8059785962104797
1751306419.0059311,3.681292772293091,-0.23891817033290863,2.5031867027282715,-0.8059536218643188
1751306419.025946,3.680716037750244,-0.23915375769138336,2.5031797885894775,-0.8059723377227783
1751306419.0459535,3.6812102794647217,-0.23893535137176514,2.503171920776367,-0.8059502840042114
1751306419.0559232,3.6812829971313477,-0.23884887993335724,2.5031540393829346,-0.8059753179550171
1751306419.0759284,3.681028366088867,-0.23936651647090912,2.5031843185424805,-0.8059678673744202
1751306419.0859601,3.6813066005706787,-0.2389267086982727,2.5032236576080322,-0.8059639930725098
1751306419.1059432,3.6812431812286377,-0.23892325162887573,2.5031797885894775,-0.8059436082839966
1751306419.1159298,3.680696725845337,-0.239142507314682,2.503157138824463,-0.8059675097465515
1751306419.1359305,3.6812210083007812,-0.23898445069789886,2.5032103061676025,-0.8059430718421936
1751306419.1560116,3.6811344623565674,-0.23886243999004364,2.503169536590576,-0.8059612512588501
1751306419.16592,3.681094169616699,-0.2388933300971985,2.5031898021698,-0.8059702515602112
1751306419.1759138,3.6806931495666504,-0.2391492873430252,2.5031745433807373,-0.8059633374214172
1751306419.195915,3.680678129196167,-0.23913273215293884,2.5031590461730957,-0.8059618473052979
1751306419.2059162,3.681291103363037,-0.23885826766490936,2.503183364868164,-0.8059719800949097
1751306419.2259066,3.681288480758667,-0.23890015482902527,2.503166437149048,-0.8059492707252502
1751306419.2469695,3.680680751800537,-0.23914435505867004,2.5031471252441406,-0.8059729337692261
1751306419.2559147,3.6807432174682617,-0.23913490772247314,2.5032010078430176,-0.8059514164924622
1751306419.2759154,3.681225538253784,-0.2388518899679184,2.5031495094299316,-0.8059507012367249
1751306419.2861104,3.6807303428649902,-0.2391224503517151,2.503183126449585,-0.8059689402580261
1751306419.3059413,3.6807174682617188,-0.23913268744945526,2.503161907196045,-0.8059439659118652
1751306419.325905,3.681302785873413,-0.23890922963619232,2.5031931400299072,-0.8059689402580261
1751306419.3359203,3.6812944412231445,-0.23893894255161285,2.503185510635376,-0.8059735894203186
1751306419.3559043,3.6807093620300293,-0.2391355186700821,2.503148317337036,-0.8059499859809875
1751306419.3659253,3.6807172298431396,-0.23912739753723145,2.5031745433807373,-0.8059676885604858
1751306419.3859062,3.6812734603881836,-0.23882260918617249,2.503206968307495,-0.8059717416763306
1751306419.3959212,3.6812634468078613,-0.23890866339206696,2.5031609535217285,-0.8059672713279724
1751306419.415913,3.681258201599121,-0.2389378547668457,2.503161668777466,-0.8059791922569275
1751306419.4259434,3.68129563331604,-0.23891697824001312,2.503204584121704,-0.8059452772140503
1751306419.4459276,3.680711507797241,-0.2391434907913208,2.503178358078003,-0.8059619069099426
1751306419.455945,3.6811904907226562,-0.2389935702085495,2.5031886100769043,-0.8059597015380859
1751306419.4759316,3.6812634468078613,-0.2389051765203476,2.5031816959381104,-0.8059491515159607
1751306419.4959168,3.6807258129119873,-0.23911285400390625,2.5031702518463135,-0.8059691190719604
1751306419.506975,3.6807312965393066,-0.23912979662418365,2.5031967163085938,-0.8059536814689636
1751306419.525907,3.6811881065368652,-0.2390023171901703,2.5031578540802,-0.805964469909668
1751306419.5360785,3.681309461593628,-0.2388012707233429,2.5031707286834717,-0.8059617877006531
1751306419.556382,3.6812803745269775,-0.23890110850334167,2.503176212310791,-0.8059545159339905
1751306419.565937,3.6807241439819336,-0.23913127183914185,2.5031826496124268,-0.8059746623039246
1751306419.5859125,3.6805856227874756,-0.23917710781097412,2.503159284591675,-0.805962085723877
1751306419.6058931,3.681302547454834,-0.2388695627450943,2.503170967102051,-0.8059497475624084
1751306419.6159136,3.6812844276428223,-0.23886795341968536,2.503167152404785,-0.8059743046760559
1751306419.635905,3.6810333728790283,-0.23931804299354553,2.5031814575195312,-0.8059425950050354
1751306419.6459212,3.6810336112976074,-0.23932383954524994,2.5031416416168213,-0.805965006351471
1751306419.6659021,3.6812965869903564,-0.23881642520427704,2.5031802654266357,-0.8059684634208679
1751306419.6859124,3.680729389190674,-0.2391492873430252,2.5031676292419434,-0.8059545159339905
1751306419.6959198,3.68100905418396,-0.23937682807445526,2.5031800270080566,-0.8059616684913635
1751306419.7059124,3.6813089847564697,-0.23881632089614868,2.5031826496124268,-0.8059532642364502
1751306419.72591,3.6811938285827637,-0.2388426810503006,2.5031490325927734,-0.8059463500976562
1751306419.7459056,3.6807126998901367,-0.23913073539733887,2.503166437149048,-0.8059713244438171
1751306419.755927,3.6812191009521484,-0.23896266520023346,2.503194570541382,-0.8059457540512085
1751306419.7759368,3.6812641620635986,-0.23889073729515076,2.5031442642211914,-0.8059577345848083
1751306419.7860782,3.6812808513641357,-0.2389121651649475,2.503150463104248,-0.8059743642807007
1751306419.8063638,3.680642604827881,-0.23918436467647552,2.5032055377960205,-0.8059455156326294
1751306419.8159282,3.680729389190674,-0.2391107976436615,2.5031497478485107,-0.8059555292129517
1751306419.8359158,3.681300640106201,-0.2388145923614502,2.5031723976135254,-0.8059460520744324
1751306419.8559341,3.6813035011291504,-0.23890537023544312,2.5031890869140625,-0.8059627413749695
1751306419.8659265,3.6807339191436768,-0.23913335800170898,2.503166913986206,-0.8059723377227783
1751306419.8859189,3.6812732219696045,-0.2388489991426468,2.503156900405884,-0.8059548735618591
1751306419.8959181,3.680744171142578,-0.23913457989692688,2.503171682357788,-0.8059523105621338
1751306419.9159324,3.680741548538208,-0.2391357421875,2.5031542778015137,-0.8059689998626709
1751306419.9259157,3.681244373321533,-0.2389642745256424,2.503171443939209,-0.8059454560279846
1751306419.945907,3.6811532974243164,-0.23889493942260742,2.5031702518463135,-0.8059573769569397
1751306419.9658983,3.6807541847229004,-0.23912130296230316,2.5031914710998535,-0.8059677481651306
1751306419.9759014,3.6807472705841064,-0.2391268014907837,2.5031895637512207,-0.8059545755386353
1751306419.99593,3.6807632446289062,-0.2391229122877121,2.503187656402588,-0.8059797883033752
1751306420.005917,3.6812376976013184,-0.23883676528930664,2.503202438354492,-0.8059496879577637
1751306420.0259204,3.681142807006836,-0.23888680338859558,2.5031559467315674,-0.8059613704681396
1751306420.0359306,3.6807425022125244,-0.23911839723587036,2.503187894821167,-0.8059603571891785
1751306420.0559335,3.6807701587677,-0.23913228511810303,2.503204345703125,-0.8059488534927368
1751306420.0659237,3.681264638900757,-0.23887532949447632,2.503159761428833,-0.8059554696083069
1751306420.08592,3.6807353496551514,-0.2391410917043686,2.503161907196045,-0.80597323179245
1751306420.096072,3.680755615234375,-0.23911833763122559,2.503197431564331,-0.8059431314468384
1751306420.115915,3.6813297271728516,-0.2387983798980713,2.5031607151031494,-0.805975079536438
1751306420.1359205,3.6812186241149902,-0.2388690710067749,2.5031838417053223,-0.8059527277946472
1751306420.1459267,3.6813082695007324,-0.2389041781425476,2.5031657218933105,-0.8059614896774292
1751306420.165916,3.6813478469848633,-0.2388952523469925,2.5031888484954834,-0.805966854095459
1751306420.1759148,3.681046485900879,-0.23935522139072418,2.5031919479370117,-0.8059576749801636
1751306420.196971,3.6806118488311768,-0.23914308845996857,2.5031578540802,-0.8059675693511963
1751306420.2064674,3.6807548999786377,-0.2391587644815445,2.5032036304473877,-0.805980384349823
1751306420.2259164,3.681313991546631,-0.23888029158115387,2.503174066543579,-0.8059527277946472
1751306420.2359195,3.6812591552734375,-0.23891261219978333,2.5031752586364746,-0.8059737086296082
1751306420.2559767,3.6813342571258545,-0.23888948559761047,2.5032126903533936,-0.8059564232826233
1751306420.2759132,3.6813158988952637,-0.2389097511768341,2.503173351287842,-0.8059619665145874
1751306420.2859232,3.680751323699951,-0.23912951350212097,2.5031862258911133,-0.8059483766555786
1751306420.3059194,3.681276321411133,-0.2389281839132309,2.5031750202178955,-0.8059709072113037
1751306420.3159254,3.6807432174682617,-0.2391132116317749,2.5031843185424805,-0.8059545755386353
1751306420.3359172,3.6807408332824707,-0.23916693031787872,2.5032081604003906,-0.8059775233268738
1751306420.3461401,3.6812334060668945,-0.2389174997806549,2.5031840801239014,-0.8059514760971069
1751306420.365918,3.6807408332824707,-0.23913294076919556,2.50317645072937,-0.8059699535369873
1751306420.385943,3.681257724761963,-0.23896926641464233,2.5032081604003906,-0.8059648275375366
1751306420.3959289,3.681187629699707,-0.2388865351676941,2.503178596496582,-0.8059630990028381
1751306420.415916,3.681318521499634,-0.23893393576145172,2.503154754638672,-0.8059698343276978
1751306420.425931,3.680623769760132,-0.23915067315101624,2.503211498260498,-0.8059507012367249
1751306420.4459217,3.6807518005371094,-0.23912206292152405,2.503197193145752,-0.8059759736061096
1751306420.4559162,3.681229829788208,-0.23898708820343018,2.5032036304473877,-0.8059765100479126
1751306420.4759142,3.681298017501831,-0.2389100193977356,2.503159523010254,-0.805956244468689
1751306420.4859207,3.680765151977539,-0.2391442209482193,2.5031862258911133,-0.8059784770011902
1751306420.5059233,3.6813271045684814,-0.23891276121139526,2.503194808959961,-0.8059728145599365
1751306420.5259142,3.6813137531280518,-0.23889467120170593,2.503171682357788,-0.8059722185134888
1751306420.5359435,3.6812984943389893,-0.23891086876392365,2.503195285797119,-0.8059824705123901
1751306420.5559077,3.6813042163848877,-0.23890763521194458,2.503197193145752,-0.8059486746788025
1751306420.5659175,3.681283712387085,-0.23888812959194183,2.5031862258911133,-0.8059641122817993
1751306420.5859115,3.6807501316070557,-0.2391427904367447,2.5032103061676025,-0.8059768080711365
1751306420.605911,3.681063652038574,-0.23920594155788422,2.5031917095184326,-0.8059597611427307
1751306420.615915,3.681293249130249,-0.23887094855308533,2.5031845569610596,-0.8059707283973694
1751306420.6359034,3.6807332038879395,-0.23915837705135345,2.5032031536102295,-0.8059659004211426
1751306420.6459239,3.681286096572876,-0.2389201670885086,2.503180503845215,-0.8059597611427307
1751306420.6659117,3.681267738342285,-0.23890885710716248,2.5031955242156982,-0.8059635162353516
1751306420.675918,3.6812641620635986,-0.23891566693782806,2.5031888484954834,-0.8059614896774292
1751306420.6969695,3.6812849044799805,-0.23888592422008514,2.5032148361206055,-0.8059638142585754
1751306420.7060885,3.6812593936920166,-0.23892518877983093,2.503171443939209,-0.8059731125831604
1751306420.7259033,3.6812920570373535,-0.23890942335128784,2.5032005310058594,-0.8059545755386353
1751306420.7459178,3.6813015937805176,-0.23888565599918365,2.5032026767730713,-0.805989682674408
1751306420.7559159,3.6810216903686523,-0.23935110867023468,2.5032148361206055,-0.8059574365615845
1751306420.7759109,3.6812846660614014,-0.2389097660779953,2.503187656402588,-0.8059551119804382
1751306420.7859168,3.6812682151794434,-0.2389088124036789,2.5031652450561523,-0.8059576749801636
1751306420.8059137,3.681281805038452,-0.23890967667102814,2.503197193145752,-0.8059669137001038
1751306420.8159142,3.6807644367218018,-0.23910017311573029,2.503160238265991,-0.8059776425361633
1751306420.8359008,3.681262254714966,-0.238808736205101,2.5029306411743164,-0.8059406876564026
1751306420.8559084,3.681292772293091,-0.23886583745479584,2.502786636352539,-0.8059824705123901
1751306420.865943,3.68076491355896,-0.23914062976837158,2.5024425983428955,-0.8059948682785034
1751306420.8859296,3.6813158988952637,-0.2388870269060135,2.501929759979248,-0.8059847950935364
1751306420.8959181,3.6812539100646973,-0.23892250657081604,2.5011274814605713,-0.8060276508331299
1751306420.9159,3.681279420852661,-0.23891493678092957,2.5006959438323975,-0.8060732483863831
1751306420.9259424,3.681328773498535,-0.2389032244682312,2.4996538162231445,-0.8061210513114929
1751306420.946018,3.6810197830200195,-0.23936396837234497,2.4983627796173096,-0.8062025904655457
1751306420.9659011,3.681292772293091,-0.23890890181064606,2.496922254562378,-0.8062890768051147
1751306420.9767828,3.681305170059204,-0.23891180753707886,2.4952099323272705,-0.8063677549362183
1751306420.9959216,3.6810200214385986,-0.2393689602613449,2.4933977127075195,-0.8064835667610168
1751306421.0059354,3.6813466548919678,-0.23881612718105316,2.4914283752441406,-0.8065658211708069
1751306421.0259588,3.681267023086548,-0.2388538271188736,2.4904112815856934,-0.8066070079803467
1751306421.0359323,3.6813294887542725,-0.23887377977371216,2.487205743789673,-0.8067658543586731
1751306421.0559063,3.6813547611236572,-0.23888790607452393,2.4861037731170654,-0.8068386316299438
1751306421.076074,3.680697202682495,-0.2391374558210373,2.4826831817626953,-0.8070278167724609
1751306421.085924,3.680997610092163,-0.23937998712062836,2.4815244674682617,-0.807094395160675
1751306421.1059024,3.681300640106201,-0.2389024794101715,2.4791064262390137,-0.8072003722190857
1751306421.1159208,3.6807241439819336,-0.2391255497932434,2.4767837524414062,-0.8073217272758484
1751306421.1359086,3.6812868118286133,-0.2389068752527237,2.4744343757629395,-0.8074356913566589
1751306421.1459134,3.6806793212890625,-0.23913168907165527,2.4719977378845215,-0.8075032830238342
1751306421.1659043,3.6806933879852295,-0.23916231095790863,2.470829963684082,-0.807544469833374
1751306421.1759155,3.681309700012207,-0.23890991508960724,2.4685325622558594,-0.8076456189155579
1751306421.1959114,3.6812615394592285,-0.2388937771320343,2.4661946296691895,-0.8076742887496948
1751306421.2059333,3.681285858154297,-0.23890066146850586,2.463865280151367,-0.8078014850616455
1751306421.225898,3.6810202598571777,-0.23933100700378418,2.4614779949188232,-0.8078588843345642
1751306421.2461798,3.681299924850464,-0.23888562619686127,2.459137439727783,-0.8080069422721863
1751306421.2569828,3.681293249130249,-0.23889529705047607,2.456867218017578,-0.8080293536186218
1751306421.2759104,3.681236743927002,-0.2389218956232071,2.4545140266418457,-0.8080363273620605
1751306421.285916,3.681274175643921,-0.23890013992786407,2.453395128250122,-0.8080666065216064
1751306421.3059173,3.6813321113586426,-0.23889724910259247,2.451066017150879,-0.8081730604171753
1751306421.3159351,3.6812825202941895,-0.23886719346046448,2.4485979080200195,-0.8082398176193237
1751306421.3359218,3.681297779083252,-0.23887541890144348,2.4452178478240967,-0.8083452582359314
1751306421.355902,3.6812796592712402,-0.23887015879154205,2.444075107574463,-0.8083556294441223
1751306421.3784585,3.6812987327575684,-0.23888669908046722,2.440534830093384,-0.8084931373596191
1751306421.3759363,3.681298017501831,-0.23889951407909393,2.439352512359619,-0.8085139989852905
1751306421.3959174,3.680595874786377,-0.23916122317314148,2.4369635581970215,-0.8085809946060181
1751306421.415911,3.681297540664673,-0.23887231945991516,2.4346208572387695,-0.8086594343185425
1751306421.4359136,3.6812846660614014,-0.2388981431722641,2.4322586059570312,-0.8086749315261841
1751306421.4459293,3.6812868118286133,-0.2388899028301239,2.4310338497161865,-0.8087123036384583
1751306421.455946,3.6812610626220703,-0.23892326653003693,2.4287688732147217,-0.8087500333786011
1751306421.4759183,3.6812829971313477,-0.23890334367752075,2.4264702796936035,-0.8087567090988159
1751306421.4862692,3.681281566619873,-0.23887743055820465,2.4240827560424805,-0.8088126182556152
1751306421.5059025,3.6812498569488525,-0.23892956972122192,2.4217352867126465,-0.8088210225105286
1751306421.525915,3.68070387840271,-0.23912787437438965,2.4193904399871826,-0.8088876008987427
1751306421.5359159,3.6812775135040283,-0.23888202011585236,2.417055130004883,-0.8089635968208313
1751306421.5559895,3.681270122528076,-0.23889946937561035,2.4146926403045654,-0.8089157342910767
1751306421.575898,3.6809842586517334,-0.23940594494342804,2.4124131202697754,-0.8089831471443176
1751306421.5863552,3.680715560913086,-0.23913460969924927,2.411237955093384,-0.8089850544929504
1751306421.5959282,3.681260824203491,-0.2388945370912552,2.4089174270629883,-0.8089930415153503
1751306421.6158998,3.6812894344329834,-0.2388836294412613,2.406529664993286,-0.8090521097183228
1751306421.6259184,3.6812493801116943,-0.2389044463634491,2.404168128967285,-0.80903160572052
1751306421.645906,3.6806905269622803,-0.2391168773174286,2.4018144607543945,-0.8090636134147644
1751306421.665901,3.680741310119629,-0.2391122281551361,2.3995418548583984,-0.809089183807373
1751306421.6865945,3.680619239807129,-0.23915289342403412,2.3971750736236572,-0.8090805411338806
1751306421.695923,3.681253433227539,-0.23888657987117767,2.3948824405670166,-0.8090835809707642
1751306421.715907,3.6806952953338623,-0.2390790581703186,2.392714500427246,-0.8090706467628479
1751306421.7259133,3.680955410003662,-0.2393738180398941,2.3916373252868652,-0.8090591430664062
1751306421.745909,3.6811907291412354,-0.23892512917518616,2.389519453048706,-0.8090828061103821
1751306421.755913,3.6806797981262207,-0.23911283910274506,2.387577533721924,-0.8091224431991577
1751306421.7759013,3.6812326908111572,-0.23890165984630585,2.3855810165405273,-0.8091687560081482
1751306421.7859151,3.681201457977295,-0.23889119923114777,2.383718729019165,-0.80913907289505
1751306421.8059132,3.681201457977295,-0.23892199993133545,2.3827965259552,-0.8091405630111694
1751306421.8159149,3.6809895038604736,-0.2393285185098648,2.38090181350708,-0.8091525435447693
1751306421.8359156,3.6811776161193848,-0.23890730738639832,2.3780832290649414,-0.8091772198677063
1751306421.8559196,3.681173324584961,-0.23889045417308807,2.377171277999878,-0.8091607093811035
1751306421.8659217,3.681243658065796,-0.23888777196407318,2.375314474105835,-0.8091503381729126
1751306421.8859103,3.680602788925171,-0.2391493320465088,2.3734588623046875,-0.8090726137161255
1751306421.8959153,3.681192636489868,-0.2388426661491394,2.3715646266937256,-0.8090780377388
1751306421.915919,3.681255578994751,-0.23886790871620178,2.3697071075439453,-0.8090452551841736
1751306421.925925,3.6806740760803223,-0.2391228973865509,2.367823839187622,-0.8089665770530701
1751306421.9459133,3.680973768234253,-0.2393789440393448,2.366837978363037,-0.8089286088943481
1751306421.9559112,3.6812376976013184,-0.23890766501426697,2.364856243133545,-0.8088240027427673
1751306421.9759064,3.680696487426758,-0.23912227153778076,2.362828493118286,-0.808750331401825
1751306421.9959261,3.681168556213379,-0.23894381523132324,2.3607709407806396,-0.8086655735969543
1751306422.0059917,3.6811633110046387,-0.23885291814804077,2.3587841987609863,-0.808588445186615
1751306422.0259025,3.6812386512756348,-0.23890909552574158,2.356762170791626,-0.808492124080658
1751306422.0359147,3.681197166442871,-0.23892265558242798,2.355672836303711,-0.8084434866905212
1751306422.0558991,3.680738687515259,-0.2391146868467331,2.353679895401001,-0.8083318471908569
1751306422.065915,3.6812424659729004,-0.23887565732002258,2.351538896560669,-0.8082155585289001
1751306422.085913,3.681215286254883,-0.23889878392219543,2.3495609760284424,-0.8080679774284363
1751306422.1059053,3.68118953704834,-0.23890769481658936,2.3474717140197754,-0.8079453110694885
1751306422.1159124,3.6812360286712646,-0.2388910949230194,2.345306158065796,-0.8078643679618835
1751306422.135901,3.6811892986297607,-0.23891979455947876,2.3433539867401123,-0.8077008724212646
1751306422.145917,3.6812350749969482,-0.2388831079006195,2.3412158489227295,-0.807540237903595
1751306422.1659358,3.68117356300354,-0.23893845081329346,2.3402020931243896,-0.8074529767036438
1751306422.1759121,3.681011915206909,-0.23935391008853912,2.3381705284118652,-0.807304859161377
1751306422.1959057,3.681234121322632,-0.23889854550361633,2.336002826690674,-0.8071368336677551
1751306422.2059114,3.6812586784362793,-0.2389075756072998,2.333923816680908,-0.8070209622383118
1751306422.225915,3.6812326908111572,-0.23889261484146118,2.3317620754241943,-0.8067736029624939
1751306422.2359095,3.6812493801116943,-0.2388729602098465,2.3296666145324707,-0.8065981864929199
1751306422.2559092,3.6812551021575928,-0.23888878524303436,2.3276138305664062,-0.8064092397689819
1751306422.2659948,3.680684804916382,-0.23910696804523468,2.326505661010742,-0.8062812089920044
1751306422.285902,3.681199073791504,-0.238892063498497,2.3244285583496094,-0.8061001896858215
1751306422.305906,3.6812801361083984,-0.23887857794761658,2.3224267959594727,-0.8058822751045227
1751306422.315914,3.6806936264038086,-0.23908641934394836,2.320296049118042,-0.8056592345237732
1751306422.3359015,3.681166648864746,-0.23897576332092285,2.318193197250366,-0.8054434657096863
1751306422.3559055,3.681121587753296,-0.23884010314941406,2.316045045852661,-0.805190920829773
1751306422.365893,3.6812541484832764,-0.23889262974262238,2.3140552043914795,-0.8050102591514587
1751306422.3759072,3.681241512298584,-0.23889029026031494,2.311951160430908,-0.804718017578125
1751306422.3960686,3.680677890777588,-0.2391296625137329,2.3097689151763916,-0.8044190406799316
1751306422.4159257,3.6812491416931152,-0.23885920643806458,2.3077609539031982,-0.8041849136352539
1751306422.4263308,3.6812875270843506,-0.23880010843276978,2.306741952896118,-0.8040387630462646
1751306422.4459295,3.681217670440674,-0.23888424038887024,2.3045270442962646,-0.8037375211715698
1751306422.4559033,3.681259870529175,-0.2389044314622879,2.30245304107666,-0.8034576177597046
1751306422.4759092,3.6812379360198975,-0.23890383541584015,2.3003909587860107,-0.803134560585022
1751306422.4959006,3.680968999862671,-0.23934805393218994,2.2982263565063477,-0.8028283715248108
1751306422.5059013,3.6812491416931152,-0.23882615566253662,2.2961008548736572,-0.8025488257408142
1751306422.5259027,3.68125057220459,-0.23886482417583466,2.2939717769622803,-0.8022104501724243
1751306422.5359242,3.6812403202056885,-0.23890002071857452,2.2919681072235107,-0.8018971085548401
1751306422.555954,3.6812562942504883,-0.2388862669467926,2.2898786067962646,-0.8015571236610413
1751306422.5659094,3.681196689605713,-0.23889866471290588,2.288771867752075,-0.8014174103736877
1751306422.5858943,3.6811976432800293,-0.23890213668346405,2.286661386489868,-0.8011102676391602
1751306422.5959022,3.6812498569488525,-0.23887935280799866,2.284595251083374,-0.8007071018218994
1751306422.6159058,3.6806557178497314,-0.23912262916564941,2.282470464706421,-0.8003478050231934
1751306422.635946,3.681236982345581,-0.23889820277690887,2.280442237854004,-0.8000139594078064
1751306422.6459107,3.6812374591827393,-0.23887698352336884,2.278423309326172,-0.7996165752410889
1751306422.6659043,3.681246042251587,-0.2388821244239807,2.2763848304748535,-0.7992910742759705
1751306422.6759026,3.680954933166504,-0.2393745481967926,2.274254560470581,-0.7989078760147095
1751306422.6959248,3.680996894836426,-0.23925882577896118,2.272144317626953,-0.7985358834266663
1751306422.70592,3.6812334060668945,-0.23890075087547302,2.271125555038452,-0.7983346581459045
1751306422.7260094,3.681229829788208,-0.23890647292137146,2.269045352935791,-0.7978417277336121
1751306422.7459137,3.6812453269958496,-0.2388891726732254,2.266963481903076,-0.7974743247032166
1751306422.7559052,3.6812148094177246,-0.23889127373695374,2.2648367881774902,-0.7970326542854309
1751306422.7759151,3.6812312602996826,-0.2389163076877594,2.2627573013305664,-0.796634316444397
1751306422.7859118,3.6806933879852295,-0.2391025424003601,2.2606377601623535,-0.7961903214454651
1751306422.8059063,3.681154251098633,-0.2389512062072754,2.2585768699645996,-0.7957561016082764
1751306422.8259127,3.6812214851379395,-0.23888346552848816,2.2564797401428223,-0.7953701019287109
1751306422.8359168,3.68123197555542,-0.2388927936553955,2.2544004917144775,-0.7948828935623169
1751306422.8459804,3.6806797981262207,-0.23910799622535706,2.253389596939087,-0.7946525812149048
1751306422.8659208,3.6811985969543457,-0.23888373374938965,2.251307487487793,-0.7942113876342773
1751306422.8859417,3.681227922439575,-0.2389100342988968,2.2492661476135254,-0.7937285304069519
1751306422.8959148,3.681187868118286,-0.2389194220304489,2.247121572494507,-0.7932511568069458
1751306422.9159331,3.681183338165283,-0.23888017237186432,2.245023012161255,-0.7927840948104858
1751306422.925907,3.68056583404541,-0.2391461431980133,2.2430455684661865,-0.7922892570495605
1751306422.9459121,3.6811435222625732,-0.238957479596138,2.2409987449645996,-0.7918153405189514
1751306422.966005,3.681187629699707,-0.23888586461544037,2.2389042377471924,-0.7912889122962952
1751306422.9759223,3.6806693077087402,-0.23911547660827637,2.237879514694214,-0.7910583019256592
1751306422.9959292,3.6811366081237793,-0.2389434576034546,2.2358901500701904,-0.7905916571617126
1751306423.0059805,3.681205987930298,-0.23891481757164001,2.2337961196899414,-0.7900175452232361
1751306423.025908,3.6806418895721436,-0.2391229122877121,2.2316484451293945,-0.7894758582115173
1751306423.0359137,3.6812167167663574,-0.2388971447944641,2.2296156883239746,-0.7890045046806335
1751306423.055911,3.681217908859253,-0.23890568315982819,2.227465867996216,-0.7884228229522705
1751306423.0659118,3.680530309677124,-0.2391316145658493,2.226407766342163,-0.7881349325180054
1751306423.0859141,3.68123459815979,-0.23891597986221313,2.224350690841675,-0.78755122423172
1751306423.1060338,3.6812069416046143,-0.23891262710094452,2.221165657043457,-0.7867063283920288
1751306423.1159248,3.681222677230835,-0.23889899253845215,2.2200639247894287,-0.7863978743553162
1751306423.1359296,3.680696725845337,-0.23911568522453308,2.2179014682769775,-0.7857598066329956
1751306423.1459143,3.6811816692352295,-0.23890824615955353,2.2157866954803467,-0.785190761089325
1751306423.1659143,3.6806766986846924,-0.23912356793880463,2.213657855987549,-0.7845807075500488
1751306423.1759095,3.6809840202331543,-0.2393711656332016,2.212616443634033,-0.7842534184455872
1751306423.1959093,3.6811811923980713,-0.2389160692691803,2.2104010581970215,-0.7836320996284485
1751306423.2059138,3.6809539794921875,-0.23941592872142792,2.2082791328430176,-0.7830201983451843
1751306423.2259097,3.681227207183838,-0.23888911306858063,2.2050998210906982,-0.7820802330970764
1751306423.2459116,3.68125319480896,-0.23886705935001373,2.204022169113159,-0.781792402267456
1751306423.2559097,3.6812360286712646,-0.23890767991542816,2.2019731998443604,-0.7811418771743774
1751306423.2759383,3.6812238693237305,-0.23891785740852356,2.199780225753784,-0.7804372310638428
1751306423.2859175,3.6812095642089844,-0.2389191836118698,2.197660207748413,-0.7797596454620361
1751306423.305915,3.6812446117401123,-0.2389461249113083,2.196596145629883,-0.7794196605682373
1751306423.3158963,3.6812286376953125,-0.2388855218887329,2.1944758892059326,-0.7787671685218811
1751306423.3359056,3.6811797618865967,-0.23890259861946106,2.1913461685180664,-0.7777363657951355
1751306423.3558986,3.681227207183838,-0.238892063498497,2.1902642250061035,-0.7773525714874268
1751306423.3659062,3.6811885833740234,-0.23889704048633575,2.1880791187286377,-0.7766849994659424
1751306423.3859115,3.6812498569488525,-0.238905668258667,2.186000347137451,-0.7759813070297241
1751306423.3959103,3.6812007427215576,-0.23889243602752686,2.183790683746338,-0.7752300500869751
1751306423.4159076,3.6812503337860107,-0.23890049755573273,2.1816675662994385,-0.7745019793510437
1751306423.4359086,3.6812217235565186,-0.23890750110149384,2.17952036857605,-0.7736929059028625
1751306423.4458983,3.6812379360198975,-0.2388797104358673,2.1783993244171143,-0.7733123302459717
1751306423.4567962,3.680964231491089,-0.23938994109630585,2.1762399673461914,-0.7726064324378967
1751306423.4759352,3.6812052726745605,-0.2388755828142166,2.174023151397705,-0.7718521952629089
1751306423.495919,3.6812283992767334,-0.2389049232006073,2.171804666519165,-0.771048367023468
1751306423.505915,3.681256055831909,-0.2388719767332077,2.1696243286132812,-0.7702630162239075
1751306423.5259182,3.6806766986846924,-0.23911964893341064,2.16741681098938,-0.7694891691207886
1751306423.5364091,3.6806540489196777,-0.2391413450241089,2.1662847995758057,-0.76908278465271
1751306423.5559285,3.681279420852661,-0.2388879656791687,2.1640753746032715,-0.7682201862335205
1751306423.575933,3.6812517642974854,-0.23890352249145508,2.1607279777526855,-0.767037570476532
1751306423.5859327,3.681241035461426,-0.2388988584280014,2.159559726715088,-0.7666003704071045
1751306423.5959253,3.681218385696411,-0.2389172911643982,2.1572389602661133,-0.7657108306884766
1751306423.6159308,3.6812586784362793,-0.23888927698135376,2.155001640319824,-0.7649233341217041
1751306423.6361673,3.68125319480896,-0.2389214187860489,2.1527295112609863,-0.7640188932418823
1751306423.6462226,3.6812188625335693,-0.2389022707939148,2.150425434112549,-0.76313716173172
1751306423.6659718,3.6812078952789307,-0.23893074691295624,2.149261951446533,-0.7627049684524536
1751306423.6761823,3.6811907291412354,-0.2389029562473297,2.1470155715942383,-0.7618309855461121
1751306423.696247,3.680659770965576,-0.2391217201948166,2.1446850299835205,-0.7609539031982422
1751306423.7060096,3.681243658065796,-0.23892749845981598,2.1423702239990234,-0.7600706815719604
1751306423.7259285,3.6811861991882324,-0.23887619376182556,2.140124797821045,-0.7591689825057983
1751306423.7359273,3.681226968765259,-0.23891009390354156,2.1378185749053955,-0.7582685351371765
1751306423.7560337,3.681253433227539,-0.23891045153141022,2.135617733001709,-0.7574381232261658
1751306423.776182,3.6809937953948975,-0.23936547338962555,2.1332509517669678,-0.7565346956253052
1751306423.7960465,3.6812705993652344,-0.23890842497348785,2.131006956100464,-0.7556575536727905
1751306423.8059266,3.681267261505127,-0.23889315128326416,2.1298444271087646,-0.7551823854446411
1751306423.815972,3.681272029876709,-0.23888489603996277,2.127573251724243,-0.7542945146560669
1751306423.8359299,3.681234359741211,-0.23893238604068756,2.125243902206421,-0.7533912062644958
1751306423.8561819,3.6812682151794434,-0.23889996111392975,2.1229162216186523,-0.752386212348938
1751306423.8659663,3.681305408477783,-0.23889069259166718,2.1206374168395996,-0.7514668107032776
1751306423.8859603,3.6812856197357178,-0.2389165312051773,2.118290662765503,-0.7504987120628357
1751306423.8960714,3.681274890899658,-0.23887979984283447,2.1159682273864746,-0.7496072053909302
1751306423.915955,3.681250810623169,-0.23891279101371765,2.1148018836975098,-0.749157190322876
1751306423.9263864,3.681283712387085,-0.23886649310588837,2.1124937534332275,-0.7482261061668396
1751306423.9459617,3.681281566619873,-0.23890089988708496,2.110185384750366,-0.7472926378250122
1751306423.955929,3.6812546253204346,-0.2388996183872223,2.1078388690948486,-0.7463423013687134
1751306423.9761188,3.6812965869903564,-0.2388608306646347,2.1055891513824463,-0.7454100251197815
1751306423.9859705,3.6812667846679688,-0.23887112736701965,2.103389024734497,-0.7445287704467773
1751306424.0066638,3.681274890899658,-0.2389042228460312,2.1010735034942627,-0.743553638458252
1751306424.0259726,3.68118953704834,-0.23891666531562805,2.098782539367676,-0.7426483035087585
1751306424.0459764,3.6812498569488525,-0.23891031742095947,2.0965914726257324,-0.7417483925819397
1751306424.0559525,3.681293249130249,-0.23889802396297455,2.0955286026000977,-0.7412852048873901
1751306424.065942,3.6812734603881836,-0.23887167870998383,2.093245506286621,-0.7403200268745422
1751306424.0859232,3.6812362670898438,-0.23893217742443085,2.090954542160034,-0.7393764853477478
1751306424.105939,3.680989980697632,-0.23934826254844666,2.0887579917907715,-0.7384591698646545
1751306424.115927,3.6812949180603027,-0.2388845682144165,2.086468458175659,-0.7375103235244751
1751306424.1359677,3.6813137531280518,-0.2388756424188614,2.0842676162719727,-0.7365837693214417
1751306424.1459632,3.68123459815979,-0.23889155685901642,2.081969738006592,-0.7356261610984802
1751306424.1659422,3.6812310218811035,-0.23888932168483734,2.0797629356384277,-0.73473060131073
1751306424.1859813,3.681274890899658,-0.2389034479856491,2.0775046348571777,-0.7337694764137268
1751306424.1959457,3.6812710762023926,-0.23885053396224976,2.075242757797241,-0.7328253984451294
1751306424.2059374,3.681227922439575,-0.23887860774993896,2.0741541385650635,-0.7323375940322876
1751306424.2259455,3.681234121322632,-0.23886947333812714,2.0719666481018066,-0.7313990592956543
1751306424.2459517,3.6812374591827393,-0.23887568712234497,2.0697476863861084,-0.7304984927177429
1751306424.255926,3.6812522411346436,-0.23889240622520447,2.067587375640869,-0.7295046448707581
1751306424.2759326,3.6804981231689453,-0.23916390538215637,2.0653114318847656,-0.728606641292572
1751306424.2859833,3.680905342102051,-0.2394244521856308,2.0642385482788086,-0.7281951904296875
1751306424.3059583,3.6812520027160645,-0.2388845533132553,2.062058687210083,-0.7272263765335083
1751306424.3159432,3.681269645690918,-0.2388608455657959,2.0597760677337646,-0.7262256741523743
1751306424.335982,3.6806790828704834,-0.23912188410758972,2.0564873218536377,-0.7248378396034241
1751306424.3559399,3.681140184402466,-0.2389627993106842,2.055368185043335,-0.7243567705154419
1751306424.3669925,3.6812431812286377,-0.23889049887657166,2.053124189376831,-0.7234102487564087
1751306424.3859684,3.6812615394592285,-0.2388940453529358,2.0508580207824707,-0.7224112153053284
1751306424.3959348,3.68122935295105,-0.2388966828584671,2.0485973358154297,-0.7214697599411011
1751306424.4159324,3.681246042251587,-0.2388818860054016,2.0474913120269775,-0.721005380153656
1751306424.4259338,3.6812667846679688,-0.23886753618717194,2.0452845096588135,-0.7200402021408081
1751306424.4459598,3.6812236309051514,-0.238862544298172,2.0430572032928467,-0.7190867066383362
1751306424.4659371,3.68123722076416,-0.23888418078422546,2.039778470993042,-0.7176449298858643
1751306424.4759724,3.681241273880005,-0.2388511300086975,2.0386290550231934,-0.7171468734741211
1751306424.4959471,3.681227684020996,-0.23888109624385834,2.0363502502441406,-0.7161957025527954
1751306424.5059423,3.6812660694122314,-0.23888060450553894,2.03410267829895,-0.7151710987091064
1751306424.5259852,3.6812305450439453,-0.23889070749282837,2.0318872928619385,-0.714187741279602
1751306424.5461574,3.6812589168548584,-0.23886403441429138,2.0296123027801514,-0.7132248878479004
1751306424.556143,3.6807098388671875,-0.2391221821308136,2.0285468101501465,-0.7127441167831421
1751306424.5659428,3.681220054626465,-0.23886707425117493,2.0262508392333984,-0.711716890335083
1751306424.5859518,3.6812081336975098,-0.23889605700969696,2.0240046977996826,-0.7107020616531372
1751306424.5959616,3.681260347366333,-0.23888927698135376,2.021779775619507,-0.7096768021583557
1751306424.6159375,3.6809396743774414,-0.23937292397022247,2.0195233821868896,-0.7086713314056396
1751306424.6359336,3.681208848953247,-0.23883230984210968,2.017328977584839,-0.7077003717422485
1751306424.646495,3.6812121868133545,-0.23886220157146454,2.015117883682251,-0.7066940665245056
1751306424.6583607,3.681220531463623,-0.2388925403356552,2.0140373706817627,-0.7062471508979797
1751306424.6760986,3.6811881065368652,-0.23890778422355652,2.0118517875671387,-0.7052649259567261
1751306424.6959388,3.6811437606811523,-0.2388797402381897,2.009643316268921,-0.7043011784553528
1751306424.7159312,3.6811835765838623,-0.23892329633235931,2.0074963569641113,-0.703346312046051
1751306424.7259252,3.681206703186035,-0.2388736456632614,2.005314350128174,-0.7023394703865051
1751306424.7362316,3.681171178817749,-0.23892831802368164,2.0030977725982666,-0.7013586163520813
1751306424.7559464,3.681236982345581,-0.23890157043933868,2.000904083251953,-0.7003362774848938
1751306424.7760086,3.6812210083007812,-0.23890048265457153,1.9986865520477295,-0.6993393898010254
1751306424.78608,3.681248188018799,-0.23888906836509705,1.99648118019104,-0.6983452439308167
1751306424.8059714,3.681241512298584,-0.23889121413230896,1.9953625202178955,-0.6978495717048645
1751306424.8159485,3.6811840534210205,-0.2388731688261032,1.9930706024169922,-0.6968184113502502
1751306424.835952,3.681213140487671,-0.23890410363674164,1.9897011518478394,-0.6952710151672363
1751306424.8559923,3.6812117099761963,-0.2388729602098465,1.9886006116867065,-0.6947449445724487
1751306424.8659706,3.681191921234131,-0.23890291154384613,1.9863020181655884,-0.6937480568885803
1751306424.8859935,3.6811819076538086,-0.23892122507095337,1.9840834140777588,-0.6927229166030884
1751306424.8959577,3.6812562942504883,-0.238897904753685,1.9818665981292725,-0.691723108291626
1751306424.915934,3.6812431812286377,-0.23888850212097168,1.9796375036239624,-0.6907031536102295
1751306424.9359393,3.6811838150024414,-0.2389088273048401,1.9773974418640137,-0.6896364688873291
1751306424.9459896,3.6812057495117188,-0.23888184130191803,1.9763269424438477,-0.6891478896141052
1751306424.9559507,3.6812262535095215,-0.2389444261789322,1.9741147756576538,-0.6881685256958008
1751306424.975934,3.6812407970428467,-0.23887388408184052,1.9718942642211914,-0.687065839767456
1751306424.9859447,3.6812140941619873,-0.23890924453735352,1.9696087837219238,-0.6860525608062744
1751306425.00595,3.681234359741211,-0.23890841007232666,1.9674599170684814,-0.6850766539573669
1751306425.0259585,3.681223154067993,-0.2388949990272522,1.9652328491210938,-0.6840177774429321
1751306425.0365827,3.6812424659729004,-0.2389114946126938,1.9641048908233643,-0.6835095882415771
1751306425.056232,3.6806907653808594,-0.23909592628479004,1.9619202613830566,-0.6824987530708313
1751306425.0659864,3.681209087371826,-0.23890432715415955,1.9596869945526123,-0.681465208530426
1751306425.086001,3.681227207183838,-0.238934725522995,1.957501769065857,-0.6804201602935791
1751306425.0963464,3.681236982345581,-0.23887541890144348,1.9552561044692993,-0.6793469190597534
1751306425.1159387,3.6811907291412354,-0.2388928234577179,1.9530302286148071,-0.6783303022384644
1751306425.1359437,3.6811954975128174,-0.23891963064670563,1.9507979154586792,-0.6772515177726746
1751306425.1464272,3.6812407970428467,-0.23886068165302277,1.9485963582992554,-0.6762206554412842
1751306425.1659927,3.6811795234680176,-0.23890158534049988,1.9463768005371094,-0.6752091646194458
1751306425.1759794,3.6812329292297363,-0.23889148235321045,1.9453076124191284,-0.6746747493743896
1751306425.195946,3.6812222003936768,-0.2389017641544342,1.9430694580078125,-0.6736125349998474
1751306425.2059762,3.681257963180542,-0.23891057074069977,1.9408880472183228,-0.6725919842720032
1751306425.2259462,3.6812210083007812,-0.23891477286815643,1.9386863708496094,-0.6715342998504639
1751306425.2459464,3.681234836578369,-0.23887699842453003,1.9364219903945923,-0.6704785823822021
1751306425.2559378,3.68125057220459,-0.23890885710716248,1.9342525005340576,-0.6694263219833374
1751306425.27594,3.681209087371826,-0.23890669643878937,1.9319864511489868,-0.668356716632843
1751306425.2859573,3.6812102794647217,-0.23891907930374146,1.930885672569275,-0.6678332090377808
1751306425.305999,3.6812376976013184,-0.23888154327869415,1.9286832809448242,-0.6667492389678955
1751306425.3262267,3.681196451187134,-0.23889495432376862,1.9252899885177612,-0.6652112007141113
1751306425.3360987,3.6811397075653076,-0.2389218807220459,1.9230971336364746,-0.6641169190406799
1751306425.3562465,3.68119478225708,-0.2389318197965622,1.9208844900131226,-0.6630494594573975
1751306425.3660867,3.681227922439575,-0.238880917429924,1.9197514057159424,-0.6625213027000427
1751306425.3859587,3.6812896728515625,-0.2388993352651596,1.9175442457199097,-0.661433756351471
1751306425.395969,3.6812825202941895,-0.2388780415058136,1.9164432287216187,-0.6608880162239075
1751306425.4159307,3.681206464767456,-0.23891369998455048,1.913108468055725,-0.6593305468559265
1751306425.4259562,3.6812551021575928,-0.23891469836235046,1.9120522737503052,-0.658815324306488
1751306425.4459867,3.681236743927002,-0.23889081180095673,1.909793734550476,-0.6577093005180359
1751306425.4561079,3.6812405586242676,-0.23890864849090576,1.9076510667800903,-0.6566852331161499
1751306425.4759314,3.6812500953674316,-0.23888596892356873,1.9054509401321411,-0.6555975079536438
1751306425.4960198,3.6812336444854736,-0.23889906704425812,1.9032050371170044,-0.6545544266700745
1751306425.5060492,3.6812329292297363,-0.2388819009065628,1.901028037071228,-0.6534861326217651
1751306425.5259745,3.681236505508423,-0.23889005184173584,1.8987990617752075,-0.6524125337600708
1751306425.5359335,3.681220769882202,-0.23891648650169373,1.8966153860092163,-0.6513968706130981
1751306425.5569181,3.681234359741211,-0.23887164890766144,1.8944803476333618,-0.650348424911499
1751306425.5759351,3.6812195777893066,-0.2388881891965866,1.8923355340957642,-0.6493305563926697
1751306425.5859747,3.6812634468078613,-0.2388969510793686,1.8912361860275269,-0.6488050818443298
1751306425.5959258,3.6811718940734863,-0.2388862818479538,1.889083981513977,-0.6477479934692383
1751306425.6159256,3.681074857711792,-0.2389199435710907,1.8868857622146606,-0.6467254161834717
1751306425.6359353,3.6811165809631348,-0.2389550358057022,1.8848274946212769,-0.6457007527351379
1751306425.6459372,3.6811811923980713,-0.23889847099781036,1.8826485872268677,-0.6446321606636047
1751306425.6659803,3.681157112121582,-0.23891186714172363,1.8804969787597656,-0.6436556577682495
1751306425.675933,3.680530548095703,-0.2391405701637268,1.8794656991958618,-0.643137514591217
1751306425.6959434,3.68121337890625,-0.23890064656734467,1.8772262334823608,-0.6420546770095825
1751306425.7059524,3.6812455654144287,-0.23893511295318604,1.8750720024108887,-0.6410288214683533
1751306425.7259786,3.681199789047241,-0.23889382183551788,1.8728774785995483,-0.6399697065353394
1751306425.7459798,3.6812551021575928,-0.23888814449310303,1.8706889152526855,-0.6389190554618835
1751306425.7559247,3.6812899112701416,-0.23890207707881927,1.8685333728790283,-0.6378611326217651
1751306425.7759438,3.681257963180542,-0.23888063430786133,1.8663256168365479,-0.6367785334587097
1751306425.7859368,3.6807398796081543,-0.23911279439926147,1.8641940355300903,-0.6357461214065552
1751306425.805926,3.681213617324829,-0.23892094194889069,1.86203932762146,-0.6347232460975647
1751306425.8173392,3.6812260150909424,-0.23889058828353882,1.8609012365341187,-0.6341894865036011
1751306425.835946,3.6812562942504883,-0.2389211356639862,1.8587771654129028,-0.6331920027732849
1751306425.8459904,3.6812186241149902,-0.23888976871967316,1.8566017150878906,-0.6321369409561157
1751306425.8659534,3.681197166442871,-0.23889538645744324,1.8544329404830933,-0.6311213374137878
1751306425.8859694,3.6812386512756348,-0.23891615867614746,1.852420687675476,-0.6300864219665527
1751306425.8959546,3.6812071800231934,-0.2389037013053894,1.8502449989318848,-0.6290637254714966
1751306425.9159448,3.6812005043029785,-0.23890842497348785,1.8491586446762085,-0.6285498142242432
1751306425.926029,3.681239366531372,-0.2389024794101715,1.847066879272461,-0.627529501914978
1751306425.9459367,3.6812095642089844,-0.23889374732971191,1.8448858261108398,-0.6264626383781433
1751306425.955951,3.6812005043029785,-0.2389182597398758,1.8427525758743286,-0.6254674792289734
1751306425.9759712,3.6805922985076904,-0.2391471266746521,1.840639591217041,-0.6243894696235657
1751306425.9859636,3.6812174320220947,-0.2389095425605774,1.8383865356445312,-0.6233621835708618
1751306426.005974,3.681205987930298,-0.23892128467559814,1.8362393379211426,-0.6223048567771912
1751306426.0259616,3.681198835372925,-0.23889994621276855,1.834031581878662,-0.621221125125885
1751306426.0359437,3.6812565326690674,-0.23888760805130005,1.8329156637191772,-0.6206752061843872
1751306426.055934,3.6812517642974854,-0.23890788853168488,1.8307645320892334,-0.6196175813674927
1751306426.0666857,3.6807138919830322,-0.23913264274597168,1.8285082578659058,-0.6185204386711121
1751306426.085977,3.681190013885498,-0.23892535269260406,1.826295256614685,-0.6174733638763428
1751306426.0961177,3.6812591552734375,-0.23893199861049652,1.8241467475891113,-0.6164383292198181
1751306426.115947,3.681236505508423,-0.2389046847820282,1.8219319581985474,-0.6153556704521179
1751306426.135961,3.6812686920166016,-0.23892901837825775,1.819769263267517,-0.6143028736114502
1751306426.145954,3.6812591552734375,-0.23889732360839844,1.8175303936004639,-0.6131998300552368
1751306426.1659617,3.6812167167663574,-0.23892658948898315,1.8153533935546875,-0.6121786236763
1751306426.1760087,3.680629014968872,-0.23915377259254456,1.8142937421798706,-0.6116235852241516
1751306426.1959512,3.681243658065796,-0.23889775574207306,1.8121247291564941,-0.6105896234512329
1751306426.2060056,3.6812422275543213,-0.23890642821788788,1.8099253177642822,-0.6095266938209534
1751306426.2259464,3.680722236633301,-0.23912230134010315,1.8077813386917114,-0.6084765195846558
1751306426.2460015,3.6812901496887207,-0.2389034777879715,1.8044441938400269,-0.6068531274795532
1751306426.256132,3.681283712387085,-0.23892326653003693,1.8033995628356934,-0.6063048243522644
1751306426.2759569,3.6812455654144287,-0.23890328407287598,1.8011939525604248,-0.6052189469337463
1751306426.2859743,3.6812379360198975,-0.23894399404525757,1.8000596761703491,-0.6046730279922485
1751306426.3059506,3.681226968765259,-0.23893433809280396,1.7968077659606934,-0.603075385093689
1751306426.3161645,3.6812744140625,-0.23890377581119537,1.7956762313842773,-0.6025335192680359
1751306426.3359542,3.6812291145324707,-0.23895801603794098,1.7934223413467407,-0.6014776229858398
1751306426.3459635,3.6812851428985596,-0.2389139086008072,1.7911920547485352,-0.6003279685974121
1751306426.3659713,3.681269407272339,-0.23890455067157745,1.7889913320541382,-0.5992404222488403
1751306426.3859928,3.6812305450439453,-0.2389378547668457,1.7868088483810425,-0.5981237292289734
1751306426.3959517,3.681248188018799,-0.2388855665922165,1.784595251083374,-0.597034752368927
1751306426.4159477,3.681203603744507,-0.23891031742095947,1.7824208736419678,-0.5960244536399841
1751306426.4359596,3.6812520027160645,-0.23891925811767578,1.780175805091858,-0.5949236154556274
1751306426.446221,3.6811957359313965,-0.23892360925674438,1.7790179252624512,-0.5943760871887207
1751306426.4559746,3.6812102794647217,-0.23892797529697418,1.776789665222168,-0.5932589769363403
1751306426.4759762,3.6812336444854736,-0.23890921473503113,1.774565577507019,-0.5921016931533813
1751306426.485954,3.681227922439575,-0.23891881108283997,1.7723251581192017,-0.5910173654556274
1751306426.5059352,3.6812803745269775,-0.23891176283359528,1.7700742483139038,-0.589946985244751
1751306426.5259354,3.6812384128570557,-0.23888374865055084,1.7678231000900269,-0.5888477563858032
1751306426.53598,3.681220531463623,-0.23893894255161285,1.7655664682388306,-0.5877618193626404
1751306426.5559726,3.6812427043914795,-0.23890279233455658,1.763261318206787,-0.5866254568099976
1751306426.5760305,3.6811890602111816,-0.2389019876718521,1.7610257863998413,-0.5855430960655212
1751306426.585982,3.681177854537964,-0.2389352172613144,1.7598854303359985,-0.5849932432174683
1751306426.6061118,3.681204080581665,-0.23888003826141357,1.7576782703399658,-0.5838675498962402
1751306426.6159525,3.681190013885498,-0.23891423642635345,1.7554861307144165,-0.5828021168708801
1751306426.6359527,3.681248188018799,-0.23893240094184875,1.7532885074615479,-0.581719696521759
1751306426.6459422,3.6812198162078857,-0.23890063166618347,1.7509866952896118,-0.5805990099906921
1751306426.665964,3.6812236309051514,-0.23892366886138916,1.7487801313400269,-0.5795549750328064
1751306426.686019,3.681223154067993,-0.23890841007232666,1.7465648651123047,-0.5784383416175842
1751306426.6960778,3.681241750717163,-0.2388954609632492,1.7454737424850464,-0.577871561050415
1751306426.7159479,3.6812124252319336,-0.23894861340522766,1.7432936429977417,-0.5767834186553955
1751306426.725996,3.6812350749969482,-0.23888854682445526,1.741044044494629,-0.5756678581237793
1751306426.7360396,3.6811954975128174,-0.23891183733940125,1.738812804222107,-0.5745960474014282
1751306426.756403,3.6812338829040527,-0.2389158010482788,1.7366373538970947,-0.5735129117965698
1751306426.7759414,3.6812007427215576,-0.23889245092868805,1.7343939542770386,-0.5723878741264343
1751306426.786096,3.681157112121582,-0.23894546926021576,1.733279824256897,-0.571863055229187
1751306426.805972,3.681196689605713,-0.23890487849712372,1.7310750484466553,-0.5707428455352783
1751306426.8159282,3.681201934814453,-0.23887957632541656,1.7288613319396973,-0.5696237087249756
1751306426.8359315,3.6807026863098145,-0.23914198577404022,1.7255066633224487,-0.567973792552948
1751306426.8559217,3.681030035018921,-0.23917309939861298,1.7244147062301636,-0.5674275755882263
1751306426.8659291,3.681208848953247,-0.23893480002880096,1.722129464149475,-0.5663631558418274
1751306426.8859048,3.680663585662842,-0.2391732782125473,1.7198846340179443,-0.5652269124984741
1751306426.8959167,3.681257724761963,-0.23887932300567627,1.7177014350891113,-0.5641044974327087
1751306426.9159093,3.681246757507324,-0.23892512917518616,1.7155064344406128,-0.5630084872245789
1751306426.9259222,3.681238889694214,-0.23891237378120422,1.7132974863052368,-0.5618799328804016
1751306426.9459126,3.6812264919281006,-0.2388797551393509,1.7121844291687012,-0.561337411403656
1751306426.9559286,3.6809823513031006,-0.23941293358802795,1.7099233865737915,-0.560244083404541
1751306426.9759219,3.681262493133545,-0.23891031742095947,1.707762598991394,-0.5591210126876831
1751306426.995912,3.6812453269958496,-0.238901287317276,1.704392910003662,-0.5574817061424255
1751306427.005923,3.6812384128570557,-0.23888647556304932,1.7033324241638184,-0.5569208860397339
1751306427.0259883,3.6812376976013184,-0.23889020085334778,1.7011808156967163,-0.555823802947998
1751306427.0359495,3.680708408355713,-0.23914527893066406,1.7000848054885864,-0.5552842617034912
1751306427.0559385,3.681253671646118,-0.23889613151550293,1.6979212760925293,-0.5542237758636475
1751306427.0659578,3.681222438812256,-0.23889921605587006,1.6957842111587524,-0.5531490445137024
1751306427.0859637,3.6812331676483154,-0.23891763389110565,1.6934953927993774,-0.552059531211853
1751306427.0960658,3.681241512298584,-0.23889267444610596,1.691394329071045,-0.5509718656539917
1751306427.1159327,3.681182384490967,-0.23891779780387878,1.689143180847168,-0.5499030351638794
1751306427.1359446,3.6811928749084473,-0.23893697559833527,1.686991810798645,-0.548808753490448
1751306427.1459544,3.6812100410461426,-0.23888786137104034,1.684842824935913,-0.54770827293396
1751306427.1659288,3.68121337890625,-0.23891310393810272,1.6825873851776123,-0.5466346740722656
1751306427.1868591,3.6812093257904053,-0.2389441877603531,1.6804354190826416,-0.5455326437950134
1751306427.195931,3.6812076568603516,-0.2388845831155777,1.6793220043182373,-0.5450121164321899
1751306427.2072935,3.6811931133270264,-0.23892007768154144,1.677138328552246,-0.5439344644546509
1751306427.2260475,3.6812453269958496,-0.23887647688388824,1.674953818321228,-0.5428565144538879
1751306427.2459488,3.6812047958374023,-0.23889896273612976,1.672783613204956,-0.541806697845459
1751306427.2566698,3.6812126636505127,-0.23894667625427246,1.6705683469772339,-0.5407140254974365
1751306427.2759428,3.6812384128570557,-0.23890922963619232,1.6684317588806152,-0.5396625995635986
1751306427.2859569,3.681198835372925,-0.23892606794834137,1.6662722826004028,-0.5385916829109192
1751306427.3059976,3.6812589168548584,-0.23891684412956238,1.6652239561080933,-0.538055419921875
1751306427.315968,3.68123722076416,-0.2388957291841507,1.6630483865737915,-0.5370103716850281
1751306427.3359535,3.6812636852264404,-0.2389335185289383,1.660931944847107,-0.5359976887702942
1751306427.3560367,3.6811721324920654,-0.23891805112361908,1.6588168144226074,-0.5348913073539734
1751306427.3659866,3.68125319480896,-0.23889710009098053,1.6567142009735107,-0.5338853597640991
1751306427.3859808,3.681011915206909,-0.23942387104034424,1.6546272039413452,-0.5328515768051147
1751306427.3959465,3.68125319480896,-0.2388959378004074,1.6525167226791382,-0.5318277478218079
1751306427.415942,3.6812636852264404,-0.2389063835144043,1.651396632194519,-0.5312907695770264
1751306427.4263875,3.6812586784362793,-0.23890556395053864,1.649334192276001,-0.5302855968475342
1751306427.4459264,3.6812586784362793,-0.2388969212770462,1.6472039222717285,-0.529198408126831
1751306427.4560297,3.681259870529175,-0.23893100023269653,1.645094871520996,-0.5281763076782227
1751306427.4759192,3.6812803745269775,-0.238888218998909,1.6430315971374512,-0.5271243453025818
1751306427.4959142,3.6812527179718018,-0.23888377845287323,1.6408950090408325,-0.5261222124099731
1751306427.505934,3.6812381744384766,-0.23894517123699188,1.638850212097168,-0.5250856876373291
1751306427.5259159,3.681222677230835,-0.2389039546251297,1.6368193626403809,-0.5241285562515259
1751306427.54591,3.6812593936920166,-0.23889081180095673,1.634871244430542,-0.5231879949569702
1751306427.5559216,3.6812682151794434,-0.23888979852199554,1.6339268684387207,-0.5227290391921997
1751306427.5659423,3.681248188018799,-0.23889942467212677,1.6320420503616333,-0.5217685699462891
1751306427.5859149,3.6812400817871094,-0.23893694579601288,1.6300859451293945,-0.520782470703125
1751306427.605913,3.6812336444854736,-0.2388637214899063,1.6280704736709595,-0.5197658538818359
1751306427.6161885,3.681227445602417,-0.2389088273048401,1.6260353326797485,-0.5187547206878662
1751306427.6359513,3.681295871734619,-0.23891255259513855,1.623985767364502,-0.5176926851272583
1751306427.645987,3.6812336444854736,-0.23889891803264618,1.621852159500122,-0.5166196227073669
1751306427.6659696,3.68121600151062,-0.23889698088169098,1.6197190284729004,-0.5155775547027588
1751306427.685957,3.6812305450439453,-0.23890845477581024,1.617677092552185,-0.5144858360290527
1751306427.6959302,3.681230306625366,-0.2389003336429596,1.6166436672210693,-0.5139785408973694
1751306427.7060926,3.6812222003936768,-0.23894132673740387,1.6146149635314941,-0.5129967331886292
1751306427.7259316,3.681204080581665,-0.23886704444885254,1.6126941442489624,-0.511974573135376
1751306427.7359319,3.6806676387786865,-0.2391558438539505,1.6107009649276733,-0.5109653472900391
1751306427.755912,3.681246519088745,-0.23892329633235931,1.608820915222168,-0.510007917881012
1751306427.7759297,3.6812074184417725,-0.2388899326324463,1.6069098711013794,-0.5090351104736328
1751306427.785931,3.681215524673462,-0.2389155775308609,1.605933427810669,-0.5085660219192505
1751306427.805945,3.6812450885772705,-0.2389160543680191,1.6040700674057007,-0.5076487064361572
1751306427.8159227,3.6812500953674316,-0.2389025241136551,1.6022143363952637,-0.5066686272621155
1751306427.8359175,3.681267023086548,-0.2389306277036667,1.6003884077072144,-0.5057674646377563
1751306427.8459249,3.6812589168548584,-0.2389204055070877,1.5986323356628418,-0.5048356652259827
1751306427.8659346,3.681257724761963,-0.238926500082016,1.5968323945999146,-0.5039495825767517
1751306427.8759232,3.6813008785247803,-0.23893021047115326,1.5951008796691895,-0.5030862092971802
1751306427.8959243,3.6812925338745117,-0.2389117330312729,1.5942121744155884,-0.5026212930679321
1751306427.9159482,3.681246757507324,-0.2389748990535736,1.5924675464630127,-0.5017998218536377
1751306427.9259214,3.681262731552124,-0.23892292380332947,1.5907639265060425,-0.5009423494338989
1751306427.9459534,3.681262731552124,-0.2389129102230072,1.5890952348709106,-0.5000726580619812
1751306427.9559379,3.681239128112793,-0.23897072672843933,1.5874227285385132,-0.49923843145370483
1751306427.9759176,3.6812493801116943,-0.23891223967075348,1.5857735872268677,-0.49832627177238464
1751306427.9959404,3.681194543838501,-0.238927960395813,1.5840860605239868,-0.49747800827026367
1751306428.0059438,3.6812806129455566,-0.23893985152244568,1.5824401378631592,-0.49660998582839966
1751306428.025981,3.681262493133545,-0.23891499638557434,1.580732822418213,-0.4956924021244049
1751306428.0359995,3.681227922439575,-0.23893898725509644,1.578910231590271,-0.494760125875473
1751306428.0559669,3.681274652481079,-0.23889458179473877,1.5780354738235474,-0.4942450225353241
1751306428.0659916,3.681306838989258,-0.23890718817710876,1.5762709379196167,-0.4932572841644287
1751306428.085967,3.6812896728515625,-0.23894719779491425,1.5744428634643555,-0.49227795004844666
1751306428.105949,3.68129301071167,-0.23891310393810272,1.5725984573364258,-0.4912126660346985
1751306428.126232,3.6812918186187744,-0.23892445862293243,1.56980562210083,-0.4896094799041748
1751306428.1359725,3.681323289871216,-0.23891323804855347,1.5688822269439697,-0.4890640676021576
1751306428.1559615,3.6811938285827637,-0.2389277219772339,1.56689453125,-0.48788297176361084
1751306428.1659698,3.681241035461426,-0.2389364391565323,1.5659193992614746,-0.4873226583003998
1751306428.1767714,3.681288719177246,-0.23893994092941284,1.5640517473220825,-0.48619329929351807
1751306428.1962428,3.681272029876709,-0.23892340064048767,1.5620386600494385,-0.4850093126296997
1751306428.2159564,3.6812314987182617,-0.23894140124320984,1.558990478515625,-0.4831658899784088
1751306428.2259588,3.681222438812256,-0.23891529440879822,1.5579609870910645,-0.48252081871032715
1751306428.2459774,3.6806588172912598,-0.23914925754070282,1.555869221687317,-0.4812278151512146
1751306428.2559443,3.6812613010406494,-0.23893927037715912,1.553881049156189,-0.4799843430519104
1751306428.275997,3.6812078952789307,-0.23891587555408478,1.5517077445983887,-0.47862690687179565
1751306428.2859502,3.6812024116516113,-0.23896165192127228,1.5506057739257812,-0.47798413038253784
1751306428.3059766,3.68125057220459,-0.23887783288955688,1.5485742092132568,-0.4767046272754669
1751306428.316023,3.6812658309936523,-0.23890352249145508,1.5464072227478027,-0.4753446877002716
1751306428.3359365,3.681239128112793,-0.2388998568058014,1.5432547330856323,-0.4734630286693573
1751306428.3559413,3.681210994720459,-0.23890191316604614,1.5421887636184692,-0.47277432680130005
1751306428.3659825,3.6812520027160645,-0.23890839517116547,1.5401102304458618,-0.47152474522590637
1751306428.3859627,3.6812710762023926,-0.2389133721590042,1.5380961894989014,-0.4702833592891693
1751306428.3961768,3.681262731552124,-0.23888611793518066,1.5359628200531006,-0.4689333736896515
1751306428.4159555,3.68122935295105,-0.2389107644557953,1.5339452028274536,-0.4676780700683594
1751306428.4259477,3.681257963180542,-0.2389269769191742,1.5319041013717651,-0.466397225856781
1751306428.445927,3.6812174320220947,-0.23889699578285217,1.5308637619018555,-0.4657670855522156
1751306428.4559476,3.68123722076416,-0.23892557621002197,1.5287716388702393,-0.46455296874046326
1751306428.4759314,3.6812145709991455,-0.23888427019119263,1.526684045791626,-0.46323567628860474
1751306428.4859614,3.6812119483947754,-0.2389107644557953,1.5246444940567017,-0.4619794487953186
1751306428.5059607,3.681256055831909,-0.23890961706638336,1.522650957107544,-0.4606834650039673
1751306428.5259538,3.6812188625335693,-0.2389100044965744,1.5206000804901123,-0.45938313007354736
1751306428.5359442,3.6811742782592773,-0.23893021047115326,1.5195313692092896,-0.4587504267692566
1751306428.5565262,3.6812522411346436,-0.23890510201454163,1.5175646543502808,-0.4575216770172119
1751306428.5659342,3.681260108947754,-0.23891933262348175,1.5155048370361328,-0.4562593996524811
1751306428.585929,3.6812260150909424,-0.2389376163482666,1.5134552717208862,-0.4550817310810089
1751306428.6059186,3.6812655925750732,-0.23890776932239532,1.5115034580230713,-0.4538354277610779
1751306428.616127,3.681241035461426,-0.23894579708576202,1.5096499919891357,-0.4526734948158264
1751306428.6359723,3.681251287460327,-0.2389586716890335,1.5077085494995117,-0.4514986276626587
1751306428.645932,3.681201219558716,-0.2389213740825653,1.5058115720748901,-0.450326532125473
1751306428.6659093,3.6812422275543213,-0.23891319334506989,1.5038692951202393,-0.4492056369781494
1751306428.6859424,3.681227922439575,-0.23891116678714752,1.5019936561584473,-0.4480481445789337
1751306428.6959224,3.6812214851379395,-0.23884643614292145,1.501047968864441,-0.4474959969520569
1751306428.705918,3.681215286254883,-0.23893344402313232,1.4992061853408813,-0.4464452564716339
1751306428.7259173,3.681203842163086,-0.23888835310935974,1.497410535812378,-0.44533222913742065
1751306428.7459204,3.681208372116089,-0.2388847917318344,1.495625376701355,-0.44428446888923645
1751306428.7559566,3.6812357902526855,-0.23895792663097382,1.493881106376648,-0.4432774484157562
1751306428.7760184,3.6811914443969727,-0.23888812959194183,1.4921969175338745,-0.44227463006973267
1751306428.7859576,3.6812047958374023,-0.23890694975852966,1.4905136823654175,-0.44131624698638916
1751306428.8059165,3.681218147277832,-0.2389450967311859,1.4889700412750244,-0.4404277503490448
1751306428.815923,3.68122935295105,-0.2388940006494522,1.4881573915481567,-0.43996337056159973
1751306428.8359125,3.6807103157043457,-0.2391560971736908,1.4866278171539307,-0.4391065835952759
1751306428.8559113,3.6812524795532227,-0.2389097958803177,1.4851373434066772,-0.4382424056529999
1751306428.865948,3.6812634468078613,-0.2389031946659088,1.4837418794631958,-0.4374263286590576
1751306428.8859131,3.681260585784912,-0.2389342337846756,1.482365608215332,-0.4366190731525421
1751306428.8959506,3.681232213973999,-0.2389107197523117,1.4810153245925903,-0.435776948928833
1751306428.9159167,3.681297779083252,-0.23889856040477753,1.4796743392944336,-0.4350169897079468
1751306428.9359128,3.681272029876709,-0.23893135786056519,1.4782946109771729,-0.43414822220802307
1751306428.9459238,3.681250810623169,-0.23891261219978333,1.4775121212005615,-0.4336819052696228
1751306428.9659133,3.6812407970428467,-0.23893368244171143,1.4752649068832397,-0.4322398602962494
1751306428.97593,3.681257724761963,-0.23890873789787292,1.474476933479309,-0.43171226978302
1751306428.995931,3.681241035461426,-0.23890472948551178,1.4728105068206787,-0.43063950538635254
1751306429.0059354,3.6812801361083984,-0.2389441281557083,1.4710884094238281,-0.429462730884552
1751306429.025947,3.6812639236450195,-0.23891180753707886,1.4693657159805298,-0.4283210039138794
1751306429.0360048,3.681259870529175,-0.2389078289270401,1.4675205945968628,-0.42701390385627747
1751306429.0559354,3.681192398071289,-0.23892942070960999,1.4657783508300781,-0.4257473647594452
1751306429.0659668,3.681269407272339,-0.23890964686870575,1.4648654460906982,-0.4251129627227783
1751306429.0859575,3.6812376976013184,-0.23894228041172028,1.46206533908844,-0.42310696840286255
1751306429.1059947,3.6812288761138916,-0.23895062506198883,1.4601637125015259,-0.4217411279678345
1751306429.1159716,3.681222677230835,-0.2389325350522995,1.4591892957687378,-0.4210985004901886
1751306429.1359673,3.681262731552124,-0.2389296144247055,1.457224726676941,-0.4197136163711548
1751306429.1459453,3.68123197555542,-0.2389354705810547,1.4562740325927734,-0.418998122215271
1751306429.165985,3.681230306625366,-0.23893848061561584,1.4533408880233765,-0.4169022738933563
1751306429.1860075,3.6812713146209717,-0.23894579708576202,1.4514392614364624,-0.41545891761779785
1751306429.19646,3.680734872817993,-0.23912931978702545,1.450465440750122,-0.41475844383239746
1751306429.206003,3.6812708377838135,-0.2389393448829651,1.4485019445419312,-0.41334792971611023
1751306429.2259803,3.681257724761963,-0.23891931772232056,1.446579098701477,-0.41194066405296326
1751306429.2460194,3.681097984313965,-0.23897093534469604,1.4446847438812256,-0.4105984568595886
1751306429.2559388,3.6808884143829346,-0.23903794586658478,1.442790150642395,-0.40922293066978455
1751306429.2771955,3.680521011352539,-0.23903286457061768,1.440928339958191,-0.4078366458415985
1751306429.2859478,3.6801819801330566,-0.23891422152519226,1.438984751701355,-0.40642979741096497
1751306429.3063397,3.6798713207244873,-0.23863492906093597,1.4369698762893677,-0.404969185590744
1751306429.3159604,3.679638147354126,-0.23845690488815308,1.435988426208496,-0.4042495787143707
1751306429.3359613,3.678246021270752,-0.23855972290039062,1.4340476989746094,-0.40286195278167725
1751306429.3559885,3.677652597427368,-0.23803076148033142,1.4320929050445557,-0.4013894498348236
1751306429.3660898,3.6768181324005127,-0.23761692643165588,1.4301241636276245,-0.39997199177742004
1751306429.3859625,3.6757006645202637,-0.23731514811515808,1.4281854629516602,-0.3985626995563507
1751306429.3961518,3.673924446105957,-0.2372429221868515,1.4261324405670166,-0.3971390426158905
1751306429.40693,3.672941207885742,-0.23742911219596863,1.425121545791626,-0.39645764231681824
1751306429.4260492,3.670319080352783,-0.23735035955905914,1.4231175184249878,-0.3950028717517853
1751306429.445933,3.6668381690979004,-0.2373717576265335,1.421154260635376,-0.3935999572277069
1751306429.4559276,3.6631453037261963,-0.23736537992954254,1.4191254377365112,-0.3921818733215332
1751306429.4759297,3.6591835021972656,-0.23682481050491333,1.417128086090088,-0.3907897472381592
1751306429.485954,3.6546707153320312,-0.2363893836736679,1.4150724411010742,-0.38938409090042114
1751306429.5059447,3.6496031284332275,-0.23604726791381836,1.413051724433899,-0.3879258930683136
1751306429.5259464,3.644709825515747,-0.23580814898014069,1.4110807180404663,-0.3865151107311249
1751306429.5459244,3.6397552490234375,-0.235494926571846,1.4090371131896973,-0.3851250410079956
1751306429.5559416,3.6373260021209717,-0.23514661192893982,1.4080657958984375,-0.38441959023475647
1751306429.5659864,3.6329104900360107,-0.23468606173992157,1.4060018062591553,-0.3829692304134369
1751306429.5859432,3.6281979084014893,-0.23445414006710052,1.4039815664291382,-0.3815763294696808
1751306429.6059356,3.6234824657440186,-0.23372091352939606,1.4019335508346558,-0.38018372654914856
1751306429.6159384,3.619138717651367,-0.23326475918293,1.3999369144439697,-0.3788159191608429
1751306429.6359522,3.61482572555542,-0.23260711133480072,1.3979382514953613,-0.37740570306777954
1751306429.6461964,3.613011121749878,-0.23213069140911102,1.396926999092102,-0.37670308351516724
1751306429.6659214,3.606017589569092,-0.23114770650863647,1.393871784210205,-0.3747181296348572
1751306429.6759422,3.6019058227539062,-0.2306041270494461,1.3918726444244385,-0.3733009099960327
1751306429.6959257,3.599705934524536,-0.2303415685892105,1.390853762626648,-0.37259721755981445
1751306429.7059495,3.594346761703491,-0.229787215590477,1.3888381719589233,-0.3712969422340393
1751306429.7259345,3.588752031326294,-0.22908957302570343,1.3868389129638672,-0.36991700530052185
1751306429.7459252,3.582641839981079,-0.22839191555976868,1.3848079442977905,-0.3685705065727234
1751306429.755957,3.575599193572998,-0.22767330706119537,1.382821798324585,-0.36725759506225586
1751306429.775929,3.5680506229400635,-0.22653284668922424,1.380712866783142,-0.36583882570266724
1751306429.785932,3.5639729499816895,-0.2260507494211197,1.3797048330307007,-0.36517533659935
1751306429.8059368,3.554741144180298,-0.22431235015392303,1.377631664276123,-0.363812655210495
1751306429.8159492,3.5441389083862305,-0.2226206362247467,1.3755983114242554,-0.3624529540538788
1751306430.1659472,3.2153522968292236,-0.11117902398109436,1.3349411487579346,-0.336676687002182
1751306430.1859725,3.197565793991089,-0.10167408734560013,1.3329848051071167,-0.3354816138744354
1751306430.1959612,3.188805103302002,-0.09576854109764099,1.3309797048568726,-0.3342704474925995
1751306430.2060163,3.1711411476135254,-0.08543550223112106,1.3300014734268188,-0.3336566984653473
1751306430.2264442,3.153651475906372,-0.07461206614971161,1.3279982805252075,-0.3324849307537079
1751306430.2460876,3.1360065937042236,-0.06319068372249603,1.3261007070541382,-0.33128002285957336
1751306430.25596,3.1184003353118896,-0.051458824425935745,1.3240883350372314,-0.33012211322784424
1751306430.2759662,3.1010196208953857,-0.03887644037604332,1.3221884965896606,-0.32902002334594727
1751306430.2859533,3.08343505859375,-0.02631010115146637,1.3202773332595825,-0.32785218954086304
1751306430.3059957,3.0662569999694824,-0.013197831809520721,1.318311333656311,-0.32673463225364685
1751306430.316162,3.0578432083129883,-0.006315816193819046,1.31642746925354,-0.3256227672100067
1751306430.3359258,3.0411009788513184,0.0077844709157943726,1.3154350519180298,-0.3250669836997986
1751306430.3559375,3.0246424674987793,0.022473596036434174,1.3134793043136597,-0.3239615857601166
1751306430.3659282,3.0083467960357666,0.037255000323057175,1.3115785121917725,-0.3228084444999695
1751306430.3759248,2.9921963214874268,0.0522431954741478,1.3095982074737549,-0.3217107653617859
1751306430.3959293,2.9761061668395996,0.06812845915555954,1.3076908588409424,-0.32065531611442566
1751306430.4159403,2.9606316089630127,0.08447325974702835,1.3057222366333008,-0.3195108473300934
1751306430.425935,2.9532554149627686,0.09269078820943832,1.3038151264190674,-0.3184322416782379
1751306430.445918,2.9378862380981445,0.10934662073850632,1.3027759790420532,-0.3178532123565674
1751306430.4559352,2.923739194869995,0.1267755627632141,1.300885796546936,-0.31681665778160095
1751306430.4759276,2.909498453140259,0.14436103403568268,1.2988529205322266,-0.31572115421295166
1751306430.4959173,2.895404815673828,0.16221347451210022,1.2969328165054321,-0.3146347105503082
1751306430.5059423,2.881377696990967,0.18048425018787384,1.2948650121688843,-0.31350940465927124
1751306430.5259273,2.8681747913360596,0.19922329485416412,1.292934536933899,-0.312486469745636
1751306430.536167,2.8617656230926514,0.20875284075737,1.2910150289535522,-0.3114131987094879
1751306430.555942,2.843324899673462,0.23768046498298645,1.2899634838104248,-0.3108764588832855
1751306430.565929,2.8370752334594727,0.2473544031381607,1.2871110439300537,-0.3093794882297516
1751306430.5859241,2.824435234069824,0.2664642930030823,1.2861055135726929,-0.30883580446243286
1751306430.605918,2.8117024898529053,0.2859116494655609,1.2841770648956299,-0.307843416929245
1751306430.6160405,2.7993810176849365,0.30560460686683655,1.2822459936141968,-0.30681392550468445
1751306430.6360261,2.787504196166992,0.32576316595077515,1.2802866697311401,-0.3058381676673889
1751306430.6459255,2.7817776203155518,0.335602343082428,1.2783702611923218,-0.30484887957572937
1751306430.665966,2.7648587226867676,0.3657498359680176,1.2773910760879517,-0.30433860421180725
1751306430.6759424,2.7540671825408936,0.38627558946609497,1.2744667530059814,-0.30285680294036865
1751306430.696007,2.748455762863159,0.3964456021785736,1.2724738121032715,-0.30184659361839294
1751306430.7059553,2.7373781204223633,0.41702917218208313,1.2715150117874146,-0.30138468742370605
1751306430.7259421,2.7269692420959473,0.4381321668624878,1.2695367336273193,-0.300449937582016
1751306430.7459228,2.717479944229126,0.4597746729850769,1.2676137685775757,-0.29945605993270874
1751306430.7559724,2.7086143493652344,0.48129409551620483,1.2656776905059814,-0.2984517812728882
1751306430.7759237,2.7005958557128906,0.5033107399940491,1.2637405395507812,-0.29749298095703125
1751306430.7863061,2.69313907623291,0.5254483819007874,1.2617738246917725,-0.2965501546859741
1751306430.805919,2.686368465423584,0.5476940274238586,1.2597253322601318,-0.29560989141464233
1751306430.815928,2.6829872131347656,0.5589804649353027,1.2577391862869263,-0.29462993144989014
1751306430.836655,2.6724777221679688,0.5927587151527405,1.2567415237426758,-0.29414862394332886
1751306430.8562613,2.6660773754119873,0.6153507828712463,1.2536582946777344,-0.29271531105041504
1751306430.865944,2.663104295730591,0.6266593337059021,1.2516697645187378,-0.2917080819606781
1751306430.885932,2.657611608505249,0.6494574546813965,1.2506341934204102,-0.29123374819755554
1751306430.8959572,2.6519815921783447,0.6720581650733948,1.2486085891723633,-0.2903290390968323
1751306430.9160163,2.6459712982177734,0.6945403814315796,1.246498942375183,-0.28934603929519653
1751306430.9259498,2.6433887481689453,0.7059934139251709,1.2443983554840088,-0.28840675950050354
1751306430.9459329,2.6384871006011963,0.7291313409805298,1.2433594465255737,-0.2879052460193634
1751306430.9559228,2.633141040802002,0.7520468235015869,1.2413089275360107,-0.2869298756122589
1751306430.975918,2.6278717517852783,0.7750177979469299,1.2392832040786743,-0.28603148460388184
1751306430.9859254,2.6219899654388428,0.7978092432022095,1.2372244596481323,-0.28508856892585754
1751306431.0060189,2.615110397338867,0.820104718208313,1.2351056337356567,-0.2841605842113495
1751306431.0260086,2.6070306301116943,0.8420528173446655,1.2330384254455566,-0.2832687795162201
1751306431.0359597,2.598562240600586,0.863715648651123,1.2308846712112427,-0.2822937071323395
1751306431.0559666,2.593949794769287,0.8744655847549438,1.2287784814834595,-0.2813992202281952
1751306431.0660129,2.583749532699585,0.895779013633728,1.2277318239212036,-0.28094279766082764
1751306431.0859573,2.5666136741638184,0.9266441464424133,1.225587010383606,-0.27998387813568115
1751306431.1059766,2.5605275630950928,0.9367614984512329,1.2223361730575562,-0.2785874605178833
1751306431.115958,2.5480332374572754,0.9566560983657837,1.2212567329406738,-0.27812060713768005
1751306431.1359613,2.534597873687744,0.9757078289985657,1.2190643548965454,-0.27722030878067017
1751306431.5062854,2.106581687927246,1.2723790407180786,1.1667383909225464,-0.2567639648914337
1751306431.5259368,2.0957744121551514,1.2756505012512207,1.1656060218811035,-0.25637689232826233
1751306431.5359256,2.0735630989074707,1.2830463647842407,1.1633542776107788,-0.25553637742996216
1751306431.5565171,2.0513904094696045,1.288576602935791,1.1611624956130981,-0.25471997261047363
1751306431.5759556,2.0172080993652344,1.2966948747634888,1.1578457355499268,-0.25357890129089355
1751306431.5860007,2.0049967765808105,1.2988604307174683,1.156719446182251,-0.25319814682006836
1751306431.6059256,1.9816489219665527,1.3028970956802368,1.154563546180725,-0.25241515040397644
1751306431.6159377,1.9589885473251343,1.3068920373916626,1.1523624658584595,-0.25165241956710815
1751306431.6359255,1.935383915901184,1.3098596334457397,1.1501301527023315,-0.2508346140384674
1751306431.6459403,1.9121955633163452,1.3119152784347534,1.1479562520980835,-0.2500796318054199
1751306431.6659315,1.88917875289917,1.3135945796966553,1.1457122564315796,-0.24932053685188293
1751306431.685923,1.8657281398773193,1.314440369606018,1.1435084342956543,-0.24854809045791626
1751306431.6959555,1.854203224182129,1.314605951309204,1.1423571109771729,-0.24814745783805847
1751306431.705962,1.8309409618377686,1.3148481845855713,1.1401441097259521,-0.24737505614757538
1751306431.7259336,1.8076080083847046,1.3146157264709473,1.1379069089889526,-0.24658925831317902
1751306431.7459369,1.7842481136322021,1.3136794567108154,1.1356918811798096,-0.2458568662405014
1751306431.7559385,1.7609277963638306,1.3115862607955933,1.1334854364395142,-0.2450942099094391
1751306431.7759356,1.737707257270813,1.3091992139816284,1.131248116493225,-0.24436397850513458
1751306431.7859414,1.7147971391677856,1.30654776096344,1.1289852857589722,-0.24361668527126312
1751306431.805957,1.6917284727096558,1.3025919198989868,1.1267671585083008,-0.24285298585891724
1751306431.8259277,1.6687605381011963,1.2985626459121704,1.1245588064193726,-0.24215130507946014
1751306431.8359766,1.6571846008300781,1.2962182760238647,1.1234464645385742,-0.24176625907421112
1751306431.8559358,1.6345000267028809,1.291014552116394,1.1212050914764404,-0.24102799594402313
1751306431.8659656,1.6119270324707031,1.2851406335830688,1.1189939975738525,-0.24038006365299225
1751306431.885982,1.589691400527954,1.278426170349121,1.1168550252914429,-0.23967382311820984
1751306431.8959453,1.567384123802185,1.2709869146347046,1.1146222352981567,-0.23896415531635284
1751306431.9159374,1.5454912185668945,1.2632925510406494,1.1123950481414795,-0.2382606416940689
1751306431.9359343,1.523577094078064,1.25532066822052,1.11025869846344,-0.23753292858600616
1751306431.945932,1.5124818086624146,1.2512950897216797,1.1091803312301636,-0.2371950000524521
1751306431.9559262,1.4910465478897095,1.2419815063476562,1.1070700883865356,-0.23653976619243622
1751306431.9759295,1.4698553085327148,1.2323871850967407,1.1050058603286743,-0.23589065670967102
1751306431.9959238,1.4486165046691895,1.22244131565094,1.1029607057571411,-0.23529458045959473
1751306432.0059314,1.427958607673645,1.2116742134094238,1.101001501083374,-0.23471638560295105
1751306432.0259812,1.407283902168274,1.2002538442611694,1.0990502834320068,-0.23406969010829926
1751306432.0361683,1.3969658613204956,1.1945827007293701,1.0980618000030518,-0.2337675392627716
1751306432.0559409,1.3770020008087158,1.1825350522994995,1.0960947275161743,-0.2331659346818924
1751306432.0659552,1.357555627822876,1.1697263717651367,1.0940687656402588,-0.23256266117095947
1751306432.0859618,1.3386772871017456,1.1561453342437744,1.0920495986938477,-0.2319549024105072
1751306432.1059403,1.3111563920974731,1.1345858573913574,1.088935375213623,-0.23093560338020325
1751306432.115934,1.3018698692321777,1.1273717880249023,1.0878736972808838,-0.23063898086547852
1751306432.1359344,1.2832504510879517,1.11309814453125,1.0857703685760498,-0.22996611893177032
1751306432.146004,1.2653684616088867,1.0982589721679688,1.0835413932800293,-0.22922565042972565
1751306432.1659446,1.247929334640503,1.0826821327209473,1.0812218189239502,-0.22855345904827118
1751306432.1759512,1.2394442558288574,1.0745117664337158,1.0800718069076538,-0.2281968593597412
1751306432.1960332,1.2226970195770264,1.058532476425171,1.077750325202942,-0.22744925320148468
1751306432.2159424,1.2062228918075562,1.0421947240829468,1.0753883123397827,-0.22670432925224304
1751306432.225927,1.1903479099273682,1.0250228643417358,1.0731520652770996,-0.226003497838974
1751306432.246128,1.175036072731018,1.0077838897705078,1.0708892345428467,-0.22540505230426788
1751306432.2559333,1.160186767578125,0.9896984696388245,1.0685722827911377,-0.22471436858177185
1751306432.2762282,1.1458156108856201,0.9710096716880798,1.066299319267273,-0.22398348152637482
1751306432.285974,1.1316126585006714,0.951998233795166,1.0640490055084229,-0.22331684827804565
1751306432.3059874,1.1182682514190674,0.9329929947853088,1.0617352724075317,-0.22256214916706085
1751306432.3161879,1.1120007038116455,0.9232451915740967,1.0605857372283936,-0.22222398221492767
1751306432.3359637,1.099605679512024,0.9035026431083679,1.0582664012908936,-0.2216242402791977
1751306432.3561258,1.0869015455245972,0.8841005563735962,1.0559004545211792,-0.2208939790725708
1751306432.365979,1.0748611688613892,0.8644158244132996,1.0536096096038818,-0.2202460616827011
1751306432.385985,1.0636402368545532,0.8433961272239685,1.0512627363204956,-0.2195504605770111
1751306432.3959339,1.0529285669326782,0.8224623203277588,1.0490361452102661,-0.21889032423496246
1751306432.415933,1.0426301956176758,0.8013430833816528,1.0469247102737427,-0.21837668120861053
1751306432.425946,1.037723183631897,0.7908110618591309,1.0458605289459229,-0.2181035876274109
1751306432.4459445,1.0283185243606567,0.7690513134002686,1.0438182353973389,-0.21750375628471375
1751306432.4559546,1.019386649131775,0.7474535703659058,1.0417908430099487,-0.21696090698242188
1751306432.4759312,1.0113871097564697,0.7252610921859741,1.039785385131836,-0.216412752866745
1751306432.4963055,1.0036003589630127,0.7032941579818726,1.0376980304718018,-0.21585409343242645
1751306432.5059416,0.9966150522232056,0.681022584438324,1.0355685949325562,-0.2152312994003296
1751306432.5259318,0.9902509450912476,0.6583690047264099,1.0334612131118774,-0.21465015411376953
1751306432.535957,0.9837767481803894,0.6356370449066162,1.031360387802124,-0.21406672894954681
1751306432.5563028,0.977563202381134,0.6131457686424255,1.0291407108306885,-0.21341478824615479
1751306432.5659332,0.9743995666503906,0.6019309759140015,1.0280141830444336,-0.2131277322769165
1751306432.5859427,0.9683143496513367,0.5792603492736816,1.0258320569992065,-0.21256278455257416
1751306432.596011,0.961958110332489,0.5567446351051331,1.0235636234283447,-0.21189889311790466
1751306432.6159227,0.9548794627189636,0.53504478931427,1.021338701248169,-0.21125012636184692
1751306432.625967,0.9474299550056458,0.5129976868629456,1.0190670490264893,-0.21068885922431946
1751306432.6477628,0.9390655755996704,0.49107590317726135,1.0168217420578003,-0.21003805100917816
1751306432.6659315,0.9297245740890503,0.4697309136390686,1.0145323276519775,-0.20936764776706696
1751306432.6859624,0.9195423722267151,0.448723167181015,1.0122928619384766,-0.2087288349866867
1751306432.6959302,0.9141421318054199,0.43843162059783936,1.0111726522445679,-0.20842653512954712
1751306432.7159355,0.9028160572052002,0.41817957162857056,1.0088087320327759,-0.2077644020318985
1751306432.7259479,0.8908037543296814,0.39824506640434265,1.0065432786941528,-0.20710311830043793
1751306432.7359447,0.8778522610664368,0.37882694602012634,1.004248023033142,-0.2064255326986313
1751306432.7559159,0.8642145395278931,0.3600652515888214,1.0019840002059937,-0.2057790905237198
1751306432.7759244,0.8497088551521301,0.34146392345428467,0.9995932579040527,-0.20509973168373108
1751306432.7859797,0.8422229886054993,0.33243852853775024,0.9984475374221802,-0.20477375388145447
1751306432.8059838,0.8267217874526978,0.31512221693992615,0.9961417317390442,-0.20414766669273376
1751306432.8159802,0.8105724453926086,0.2981455326080322,0.9938046336174011,-0.2034248411655426
1751306432.8459303,0.785923182964325,0.2730136513710022,0.9902576804161072,-0.2024165689945221
1751306432.8559287,0.777374804019928,0.26522526144981384,0.9891253709793091,-0.20209546387195587
1751306432.8659348,0.7597668170928955,0.24960371851921082,0.9867755174636841,-0.2014121115207672
1751306432.8859425,0.741622269153595,0.23423431813716888,0.9844799637794495,-0.20076580345630646
1751306432.8959284,0.7232031226158142,0.2195187509059906,0.9821814298629761,-0.20010124146938324
1751306432.9159322,0.7043211460113525,0.20548909902572632,0.9798125624656677,-0.19941005110740662
1751306432.9260888,0.6854256987571716,0.19139385223388672,0.9775241017341614,-0.19878773391246796
1751306432.9459255,0.6759850382804871,0.18434187769889832,0.9763626456260681,-0.19842679798603058
1751306432.9559247,0.6571319103240967,0.17043283581733704,0.9740558862686157,-0.19780968129634857
1751306432.9759274,0.6378857493400574,0.15665745735168457,0.9717749357223511,-0.1971692144870758
1751306432.9859228,0.6180959343910217,0.14349907636642456,0.9695018529891968,-0.19654053449630737
1751306433.0059652,0.5981220006942749,0.13078761100769043,0.9671695828437805,-0.19589705765247345
1751306433.0159404,0.5880727767944336,0.12471257150173187,0.9659839272499084,-0.1955617517232895
1751306433.0359652,0.5571896433830261,0.1074354350566864,0.9624728560447693,-0.19458599388599396
1751306433.056003,0.5361461043357849,0.09708153456449509,0.9601537585258484,-0.1939331293106079
1751306433.0768917,0.5145662426948547,0.08732981234788895,0.9577767848968506,-0.19321699440479279
1751306433.0859907,0.4928518533706665,0.07753829658031464,0.95541912317276,-0.19265535473823547
1751306433.0963051,0.4819643795490265,0.07276546955108643,0.9542387127876282,-0.19230176508426666
1751306433.1159396,0.4600878655910492,0.06393495202064514,0.9518617987632751,-0.19158314168453217
1751306433.1361074,0.43792933225631714,0.055810581892728806,0.9495146870613098,-0.1909378618001938
1751306433.145967,0.41554275155067444,0.048192840069532394,0.9472224712371826,-0.19029371440410614
1751306433.1659667,0.3930511772632599,0.04092492535710335,0.9449835419654846,-0.18970246613025665
1751306433.1761615,0.38170596957206726,0.0375974141061306,0.9437762498855591,-0.18935948610305786
1751306433.1960588,0.34668731689453125,0.028485504910349846,0.9403911828994751,-0.18839895725250244
1751306433.2159982,0.33503276109695435,0.025596652179956436,0.9392331838607788,-0.18809962272644043
1751306433.2260075,0.31201499700546265,0.020395930856466293,0.9368952512741089,-0.18743032217025757
1751306433.2359524,0.28870102763175964,0.015943927690386772,0.9345488548278809,-0.18676245212554932
1751306433.2559397,0.2654578685760498,0.011893250048160553,0.9322690367698669,-0.1861368715763092
1751306433.276032,0.24190562963485718,0.008410966023802757,0.9299460649490356,-0.1854425072669983
1751306433.2859776,0.21817073225975037,0.005678478628396988,0.9275761246681213,-0.18479618430137634
1751306433.3059597,0.20626133680343628,0.004515652544796467,0.9264310002326965,-0.18446530401706696
1751306433.3160517,0.18256914615631104,0.002703467383980751,0.924117922782898,-0.1837817281484604
1751306433.335964,0.15890923142433167,0.0018136817961931229,0.9218553304672241,-0.18318073451519012
1751306433.3459392,0.13514010608196259,0.001047259196639061,0.9195378422737122,-0.18248754739761353
1751306433.3660924,0.11151082068681717,0.0006519176531583071,0.9172509908676147,-0.1818545162677765
1751306433.3860729,0.0879364162683487,0.0011794068850576878,0.914983868598938,-0.1812463253736496
1751306433.3959472,0.06396603584289551,0.0023943865671753883,0.9126400351524353,-0.1805688738822937
1751306433.4159563,0.0518975704908371,0.0030866300221532583,0.9114217162132263,-0.18025566637516022
1751306433.4259782,0.028348661959171295,0.004988955333828926,0.9090787768363953,-0.1796250194311142
1751306433.4459856,0.004828013479709625,0.007782136555761099,0.9067510366439819,-0.17894528806209564
1751306433.4559643,-0.01860138773918152,0.011197369545698166,0.9044029116630554,-0.1782931685447693
1751306433.4759371,-0.041870761662721634,0.014792540110647678,0.9021138548851013,-0.17764614522457123
1751306433.4860046,-0.0652155801653862,0.018781444057822227,0.8997965455055237,-0.1770138144493103
1751306433.5059657,-0.08868170529603958,0.023047123104333878,0.8975221514701843,-0.17637264728546143
1751306433.5259511,-0.10037499666213989,0.025057490915060043,0.8963925838470459,-0.17602890729904175
1751306433.5361183,-0.13522504270076752,0.03148674964904785,0.8931373357772827,-0.17513123154640198
1751306433.5559418,-0.1468285322189331,0.03373802825808525,0.8920903205871582,-0.17481397092342377
1751306433.5659752,-0.16983914375305176,0.03909146040678024,0.889889121055603,-0.17421434819698334
1751306433.585962,-0.19247956573963165,0.045661021023988724,0.8876853585243225,-0.17361639440059662
1751306433.6059248,-0.2264080047607422,0.05648909509181976,0.8844791650772095,-0.1727018654346466
1751306433.6159596,-0.23779897391796112,0.060236237943172455,0.8834332823753357,-0.17241501808166504
1751306433.6359563,-0.26023054122924805,0.06841962784528732,0.8813225626945496,-0.17183981835842133
1751306433.6460521,-0.27114343643188477,0.0727553591132164,0.8802285194396973,-0.1715150773525238
1751306433.6659257,-0.30383366346359253,0.08675580471754074,0.8768888115882874,-0.17064501345157623
1751306433.6859307,-0.32533594965934753,0.096556156873703,0.87472003698349,-0.17002423107624054
1751306433.6963248,-0.3466109037399292,0.10740223526954651,0.8725254535675049,-0.1694490611553192
1751306433.7160752,-0.3675731122493744,0.11895453929901123,0.8703248500823975,-0.1688639521598816
1751306433.7259343,-0.3780260980129242,0.1247308999300003,0.8692505359649658,-0.1685531735420227
1751306433.736001,-0.398624062538147,0.1365927904844284,0.8670073747634888,-0.16796992719173431
1751306433.7559404,-0.4186840057373047,0.14893893897533417,0.8648714423179626,-0.16744005680084229
1751306433.7759624,-0.43863391876220703,0.16177938878536224,0.8626981377601624,-0.16686448454856873
1751306433.7859576,-0.45817822217941284,0.1752088963985443,0.8605090379714966,-0.16634699702262878
1751306433.8059485,-0.47769370675086975,0.18874838948249817,0.8583713173866272,-0.1657971739768982
1751306433.8159347,-0.487451434135437,0.19568294286727905,0.8572872281074524,-0.16550147533416748
1751306433.8359797,-0.515421986579895,0.21794867515563965,0.8540669083595276,-0.16474184393882751
1751306433.8559465,-0.5247698426246643,0.22518429160118103,0.8529938459396362,-0.16445013880729675
1751306433.865942,-0.5426800847053528,0.24088896811008453,0.8508336544036865,-0.16393578052520752
1751306433.885928,-0.5608170628547668,0.25606632232666016,0.8486632704734802,-0.163429856300354
1751306433.8959343,-0.5779541730880737,0.27242475748062134,0.8465413451194763,-0.162898987531662
1751306433.9159331,-0.5864640474319458,0.2806866466999054,0.8454684019088745,-0.16264508664608002
1751306433.9259734,-0.6031142473220825,0.2979518175125122,0.8434141278266907,-0.162222221493721
1751306433.945921,-0.6195078492164612,0.31518736481666565,0.8413170576095581,-0.16171255707740784
1751306433.9659164,-0.6426931619644165,0.34232333302497864,0.8380985260009766,-0.16103368997573853
1751306433.976084,-0.6503016352653503,0.35148701071739197,0.8370612263679504,-0.16079199314117432
1751306433.9959729,-0.6651930809020996,0.3698625862598419,0.8349763751029968,-0.16035033762454987
1751306434.0059524,-0.67963707447052,0.3886158764362335,0.8329147100448608,-0.15995965898036957
1751306434.0259619,-0.6936513781547546,0.4079899787902832,0.8309046626091003,-0.15951880812644958
1751306434.045985,-0.707512378692627,0.4274838864803314,0.8289662003517151,-0.1591305285692215
1751306434.0561304,-0.7205173373222351,0.4474243223667145,0.8270353674888611,-0.1587357521057129
1751306434.0664294,-0.7269318699836731,0.45740464329719543,0.8261302709579468,-0.15856575965881348
1751306434.0859704,-0.7392793297767639,0.4776037633419037,0.8243042230606079,-0.15827086567878723
1751306434.1059527,-0.7512437105178833,0.498164564371109,0.8226092457771301,-0.1579466611146927
1751306434.11595,-0.7623524069786072,0.5192642211914062,0.8209105730056763,-0.1576291173696518
1751306434.1359718,-0.7732192873954773,0.5405805706977844,0.8194029927253723,-0.15740251541137695
1751306434.1459286,-0.7789918780326843,0.5511956214904785,0.8186306953430176,-0.15725566446781158
1751306434.1659496,-0.7956790924072266,0.5827324986457825,0.8164023756980896,-0.15688355267047882
1751306434.1859512,-0.8068143725395203,0.6034911274909973,0.8148654699325562,-0.15662851929664612
1751306434.1961145,-0.812548041343689,0.6138509511947632,0.8140550851821899,-0.15648990869522095
1751306434.21611,-0.8243204951286316,0.6342346668243408,0.8123323917388916,-0.1562211662530899
1751306434.2259502,-0.8367034196853638,0.654347836971283,0.8105554580688477,-0.1558748334646225
1751306434.245966,-0.8498920202255249,0.6742639541625977,0.8086237907409668,-0.1555037945508957
1751306434.2559967,-0.8635875582695007,0.6936283707618713,0.8066120743751526,-0.15511153638362885
1751306434.2764087,-0.8775776624679565,0.7124857902526855,0.8044620752334595,-0.15463125705718994
1751306434.2859547,-0.891829788684845,0.7313295602798462,0.8021844029426575,-0.1541636884212494
1751306434.3059692,-0.906199038028717,0.750173032283783,0.7997792959213257,-0.15364715456962585
1751306434.3259716,-0.9210026860237122,0.768531084060669,0.7972462177276611,-0.1531171202659607
1751306434.3359575,-0.9284161925315857,0.777585506439209,0.7959180474281311,-0.15282686054706573
1751306434.3559778,-0.9524221420288086,0.803871750831604,0.7917704582214355,-0.15190757811069489
1751306434.3671358,-0.961031973361969,0.8121657967567444,0.7903479337692261,-0.15161561965942383
1751306434.3859649,-0.9785710573196411,0.8281998634338379,0.7874816060066223,-0.15097825229167938
1751306434.3962772,-0.9965243935585022,0.8435880541801453,0.7844721674919128,-0.1502988487482071
1751306434.4159656,-1.0055832862854004,0.8510541915893555,0.7829261422157288,-0.14997556805610657
1751306434.4259653,-1.0337270498275757,0.8728692531585693,0.7780424356460571,-0.1488330066204071
1751306434.4459174,-1.0528545379638672,0.8868573307991028,0.7745518684387207,-0.1480167955160141
1751306434.4659545,-1.0622484683990479,0.8937684297561646,0.7726762890815735,-0.1475747674703598
1751306434.4759414,-1.0822418928146362,0.9065074324607849,0.7687928676605225,-0.14653828740119934
1751306434.485974,-1.1026885509490967,0.9187419414520264,0.7645212411880493,-0.14536255598068237
1751306434.5059674,-1.1238045692443848,0.9300099015235901,0.7600225806236267,-0.14414338767528534
1751306434.5259895,-1.145099401473999,0.9407708644866943,0.7552551031112671,-0.14276671409606934
1751306434.535937,-1.155422568321228,0.9460840821266174,0.7527465224266052,-0.14204740524291992
1751306434.5563283,-1.1767739057540894,0.9565932750701904,0.7476583123207092,-0.140563502907753
1751306434.5660086,-1.1987351179122925,0.9659016132354736,0.7422595024108887,-0.13894936442375183
1751306434.5860462,-1.232129693031311,0.9788965582847595,0.7337842583656311,-0.13648878037929535
1751306434.605932,-1.2431992292404175,0.982970654964447,0.7308006286621094,-0.13554789125919342
1751306434.6161523,-1.2659034729003906,0.9909608960151672,0.7247042655944824,-0.13370080292224884
1751306434.6359432,-1.2885048389434814,0.9983502626419067,0.7183738946914673,-0.13176609575748444
1751306434.646044,-1.3113460540771484,1.004948616027832,0.7118505239486694,-0.12970517575740814
1751306434.6659746,-1.3343000411987305,1.0110173225402832,0.7050741910934448,-0.12756575644016266
1751306434.6759734,-1.3458837270736694,1.0136951208114624,0.7015674710273743,-0.12647061049938202
1751306434.6959243,-1.3692724704742432,1.0184186697006226,0.6944519281387329,-0.12411293387413025
1751306434.7059479,-1.3923652172088623,1.0228732824325562,0.6870408654212952,-0.12165244668722153
1751306434.7259483,-1.41572105884552,1.026280164718628,0.679323673248291,-0.11904947459697723
1751306434.7359388,-1.439349889755249,1.0292754173278809,0.6712286472320557,-0.11631136387586594
1751306434.7559311,-1.4632023572921753,1.031626582145691,0.6628454923629761,-0.11341162025928497
1751306434.7660968,-1.4750123023986816,1.032680869102478,0.6585630774497986,-0.11195327341556549
1751306434.7859745,-1.5105187892913818,1.0345402956008911,0.6452612280845642,-0.10730043053627014
1751306434.8059747,-1.534079670906067,1.0350322723388672,0.6360862851142883,-0.10407670587301254
1751306434.815976,-1.5456669330596924,1.0353888273239136,0.6313178539276123,-0.10238172113895416
1751306434.8359692,-1.5694704055786133,1.0351661443710327,0.6216602325439453,-0.09895455837249756
1751306434.845949,-1.593013882637024,1.0353820323944092,0.611720621585846,-0.09543174505233765
1751306434.8660429,-1.6167933940887451,1.035429835319519,0.6015003323554993,-0.09181508421897888
1751306434.8760006,-1.6403461694717407,1.0360932350158691,0.5910633206367493,-0.08816716820001602
1751306434.895933,-1.663864254951477,1.0368461608886719,0.5804283022880554,-0.08444669842720032
1751306434.915947,-1.675471544265747,1.0379533767700195,0.5751201510429382,-0.08263568580150604
1751306434.9259675,-1.7103585004806519,1.0415560007095337,0.5589664578437805,-0.07718753814697266
1751306434.9459527,-1.7219905853271484,1.0434309244155884,0.553514301776886,-0.07536407560110092
1751306434.955919,-1.744978427886963,1.0476176738739014,0.5426685214042664,-0.07179258018732071
1751306434.9759037,-1.767891526222229,1.0524680614471436,0.5318592190742493,-0.06830812990665436
1751306434.9959238,-1.7907968759536743,1.0585893392562866,0.5209582448005676,-0.06480590254068375
1751306435.0059395,-1.813581109046936,1.0655049085617065,0.5098620653152466,-0.06139424815773964
1751306435.0259354,-1.8357625007629395,1.0734148025512695,0.4985460937023163,-0.05782360956072807
1751306435.0359592,-1.8577004671096802,1.0823700428009033,0.4870658218860626,-0.054296039044857025
1751306435.0559258,-1.868526816368103,1.08731210231781,0.48130103945732117,-0.052561111748218536
1751306435.0659754,-1.8896987438201904,1.0976730585098267,0.46966955065727234,-0.04897782951593399
1751306435.0859647,-1.9104572534561157,1.1093299388885498,0.4580257534980774,-0.04543861001729965
1751306435.1059604,-1.931187391281128,1.1210591793060303,0.44634702801704407,-0.04185062274336815
1751306435.116015,-1.9523355960845947,1.1323790550231934,0.4346429109573364,-0.038295868784189224
1751306435.1359422,-1.9732921123504639,1.143315076828003,0.4229033291339874,-0.0346960723400116
1751306435.1459694,-1.9941743612289429,1.1540603637695312,0.4111424684524536,-0.031025715172290802
1751306435.1659946,-2.015127420425415,1.1640886068344116,0.39934465289115906,-0.027269385755062103
1751306435.1759756,-2.036302328109741,1.1749287843704224,0.3876097798347473,-0.023607250303030014
1751306435.1959665,-2.0468637943267822,1.1803412437438965,0.3817545473575592,-0.02175729349255562
1751306435.205966,-2.0680041313171387,1.1917166709899902,0.3699954152107239,-0.01812826469540596
1751306435.2259555,-2.0887844562530518,1.203919529914856,0.35820549726486206,-0.01450781524181366
1751306435.2359805,-2.108823537826538,1.2175813913345337,0.34648212790489197,-0.010926238261163235
1751306435.2560027,-2.128926992416382,1.2316479682922363,0.33477485179901123,-0.007314962334930897
1751306435.2759647,-2.1481173038482666,1.245919942855835,0.3231401741504669,-0.003782182466238737
1751306435.2859561,-2.157520294189453,1.253249168395996,0.3173416554927826,-0.002004525624215603
1751306435.3059852,-2.1755917072296143,1.2685786485671997,0.30572453141212463,0.001503629144281149
1751306435.3159864,-2.1933798789978027,1.2844706773757935,0.29415929317474365,0.005105071701109409
1751306435.3359742,-2.2110707759857178,1.3006815910339355,0.2826259136199951,0.008702640421688557
1751306435.355949,-2.2279694080352783,1.3174853324890137,0.27115485072135925,0.012368765659630299
1751306435.365942,-2.244846820831299,1.334343671798706,0.25965648889541626,0.016044754534959793
1751306435.3759415,-2.2614009380340576,1.3513946533203125,0.24814870953559875,0.019748490303754807
1751306435.395941,-2.268699884414673,1.3607295751571655,0.2423822581768036,0.02164817973971367
1751306435.415942,-2.2851650714874268,1.3782404661178589,0.23090632259845734,0.02539248578250408
1751306435.4259655,-2.300570011138916,1.3965989351272583,0.21948204934597015,0.029201075434684753
1751306435.4461865,-2.3161728382110596,1.414620041847229,0.2079795002937317,0.03306883946061134
1751306435.4559302,-2.331712007522583,1.432827353477478,0.19650599360466003,0.03688579797744751
1751306435.475966,-2.347057342529297,1.4516291618347168,0.18511705100536346,0.04078682139515877
1751306435.4959373,-2.362379789352417,1.4706454277038574,0.1739119440317154,0.04458293691277504
1751306435.5059834,-2.3760712146759033,1.4905472993850708,0.16290901601314545,0.04832705855369568
1751306435.52606,-2.3897390365600586,1.5105524063110352,0.15208876132965088,0.05201106145977974
1751306435.5363195,-2.4027035236358643,1.530838966369629,0.14152288436889648,0.05555646866559982
1751306435.5559645,-2.4152798652648926,1.5513901710510254,0.13119295239448547,0.059154726564884186
1751306435.565943,-2.4224586486816406,1.562093734741211,0.126052126288414,0.06098509952425957
1751306435.5859404,-2.4321327209472656,1.5830001831054688,0.11591734737157822,0.06455465406179428
1751306435.6059532,-2.444053888320923,1.6040812730789185,0.10578005015850067,0.06832727789878845
1751306435.6159265,-2.4558639526367188,1.6252853870391846,0.09574460983276367,0.07213804870843887
1751306435.6359246,-2.458876132965088,1.6471916437149048,0.08568237721920013,0.07608901709318161
1751306435.645943,-2.4700517654418945,1.6692169904708862,0.07555339485406876,0.08013905584812164
1751306435.6659584,-2.480433225631714,1.6914833784103394,0.06529968976974487,0.08437240123748779
1751306435.6859453,-2.4889094829559326,1.7138882875442505,0.05499836802482605,0.088773712515831
1751306435.6961734,-2.493058919906616,1.7245752811431885,0.0497337207198143,0.09104526787996292
1751306435.7059293,-2.5001018047332764,1.7472556829452515,0.039146553725004196,0.09573350846767426
1751306435.7259486,-2.5076675415039062,1.7683892250061035,0.02843683585524559,0.10055162757635117
1751306435.7459447,-2.514476776123047,1.7897846698760986,0.0175863578915596,0.10553444176912308
1751306435.7659554,-2.5223655700683594,1.8097624778747559,0.006585750728845596,0.11059644818305969
1751306435.775936,-2.529442071914673,1.8290060758590698,-0.004501748830080032,0.11578408628702164
1751306435.7859674,-2.5365545749664307,1.8470121622085571,-0.015636157244443893,0.12101718783378601
1751306435.8059354,-2.5434491634368896,1.862967610359192,-0.026750490069389343,0.12627176940441132
1751306435.8159373,-2.5468595027923584,1.8706445693969727,-0.032269760966300964,0.12894675135612488
1751306435.8359237,-2.553462028503418,1.8853195905685425,-0.0432981476187706,0.13409870862960815
1751306435.855927,-2.5595760345458984,1.8983021974563599,-0.05424270033836365,0.13922813534736633
1751306435.8659296,-2.5662753582000732,1.9104228019714355,-0.06491699814796448,0.14417695999145508
1751306435.8859155,-2.571934938430786,1.9227038621902466,-0.07524645328521729,0.1489763706922531
1751306435.8959305,-2.5765204429626465,1.9330024719238281,-0.08514313399791718,0.15353672206401825
1751306435.915933,-2.57875919342041,1.9376819133758545,-0.08996012061834335,0.15571936964988708
1751306435.9259424,-2.582592248916626,1.9461408853530884,-0.09921440482139587,0.15987566113471985
1751306435.94595,-2.586073398590088,1.9541314840316772,-0.10808033496141434,0.16379494965076447
1751306435.9559326,-2.588606595993042,1.9598172903060913,-0.11655633896589279,0.16746778786182404
1751306435.975911,-2.5911660194396973,1.9656788110733032,-0.12473680078983307,0.17086642980575562
1751306435.9859269,-2.5936360359191895,1.9712653160095215,-0.13275977969169617,0.17406417429447174
1751306436.0059292,-2.5953099727630615,1.9769337177276611,-0.14057689905166626,0.17700134217739105
1751306436.0266523,-2.5982415676116943,1.9816950559616089,-0.14832305908203125,0.17975206673145294
1751306436.0359325,-2.6002566814422607,1.9856061935424805,-0.15596427023410797,0.1822495460510254
1751306436.0559244,-2.601043462753296,1.987614631652832,-0.1597704142332077,0.1834612935781479
1751306436.0760603,-2.6032416820526123,1.9935274124145508,-0.17112979292869568,0.18675464391708374
1751306436.085966,-2.603822708129883,1.9950429201126099,-0.17490719258785248,0.1877141296863556
1751306436.096356,-2.60514497756958,1.9978703260421753,-0.1825658082962036,0.18959777057170868
1751306436.1159642,-2.6067886352539062,2.001420259475708,-0.19024085998535156,0.1912628561258316
1751306436.13125,-2.608044147491455,2.00358510017395,-0.19784720242023468,0.1926921308040619
1751306436.1459453,-2.6115591526031494,2.0073087215423584,-0.20540228486061096,0.19396567344665527
1751306436.1660163,-2.6107208728790283,2.0087664127349854,-0.21288028359413147,0.1949996054172516
1751306436.1759565,-2.611231565475464,2.009840726852417,-0.2165883332490921,0.1954536885023117
1751306436.195934,-2.6121954917907715,2.0128042697906494,-0.2277013659477234,0.19657686352729797
1751306436.2062147,-2.6123838424682617,2.0134212970733643,-0.23133635520935059,0.19684720039367676
1751306436.2260823,-2.612985610961914,2.01466703414917,-0.23806343972682953,0.19728316366672516
1751306436.236202,-2.6135618686676025,2.0157322883605957,-0.24407295882701874,0.1976986676454544
1751306436.2559793,-2.6143710613250732,2.016451120376587,-0.24925941228866577,0.19808907806873322
1751306436.2759671,-2.614345073699951,2.0169098377227783,-0.2536943554878235,0.1984817385673523
1751306436.286005,-2.6144211292266846,2.0169103145599365,-0.25560203194618225,0.19864903390407562
1751306436.3059618,-2.6146275997161865,2.0166263580322266,-0.25884565711021423,0.19887560606002808
1751306436.31606,-2.6143391132354736,2.0161144733428955,-0.26129814982414246,0.19899728894233704
1751306436.335955,-2.6142513751983643,2.015742540359497,-0.26303115487098694,0.1989944875240326
1751306436.3459451,-2.61403751373291,2.0155746936798096,-0.26403379440307617,0.19889001548290253
1751306436.3659346,-2.6137428283691406,2.0152506828308105,-0.26443472504615784,0.19878025352954865
1751306436.3858778,-2.613612413406372,2.0152506828308105,-0.2643464505672455,0.1987690031528473
1751306436.3959312,-2.6133439540863037,2.015146017074585,-0.2639830410480499,0.1988309621810913
1751306436.415934,-2.6133055686950684,2.0146796703338623,-0.26349446177482605,0.19879676401615143
1751306436.4259384,-2.613854169845581,2.0149998664855957,-0.26322686672210693,0.19879303872585297
1751306436.445889,-2.613356351852417,2.0146560668945312,-0.26271817088127136,0.19885285198688507
1751306436.4559162,-2.6129250526428223,2.014223337173462,-0.26229286193847656,0.19890472292900085
1751306436.475913,-2.6129043102264404,2.013903856277466,-0.2619258761405945,0.19893822073936462
1751306436.4859283,-2.6120541095733643,2.0133800506591797,-0.26168280839920044,0.19892609119415283
1751306436.5058954,-2.61198353767395,2.0131280422210693,-0.2614603638648987,0.19894231855869293
1751306436.5259097,-2.611881732940674,2.013017416000366,-0.2612672448158264,0.1989625245332718
1751306436.5359168,-2.6118545532226562,2.012817859649658,-0.26122450828552246,0.19896668195724487
1751306436.5559335,-2.6116504669189453,2.012338638305664,-0.2612243890762329,0.19897544384002686
1751306436.56597,-2.6116034984588623,2.0122275352478027,-0.2612493932247162,0.19895431399345398
1751306436.5859077,-2.6116576194763184,2.012169122695923,-0.2612658143043518,0.19894815981388092
1751306436.5959392,-2.611651659011841,2.0119271278381348,-0.26126593351364136,0.19897139072418213
1751306436.6159246,-2.6115806102752686,2.011918544769287,-0.2612643837928772,0.19897112250328064
1751306436.6358979,-2.612464427947998,2.011890172958374,-0.2612684369087219,0.19897165894508362
1751306436.645926,-2.612295627593994,2.011826753616333,-0.26125210523605347,0.19897623360157013
1751306436.6658964,-2.6120870113372803,2.0118372440338135,-0.2612524628639221,0.1989617794752121
1751306436.6759522,-2.6119658946990967,2.0115339756011963,-0.26125568151474,0.19896654784679413
1751306436.6959422,-2.612291097640991,2.011552572250366,-0.26126208901405334,0.19895590841770172
1751306436.706554,-2.6119675636291504,2.0115363597869873,-0.2612617015838623,0.19895842671394348
1751306436.7259433,-2.6123769283294678,2.011770248413086,-0.2612520754337311,0.19896821677684784
1751306436.7359424,-2.6122820377349854,2.011749744415283,-0.26126787066459656,0.19897739589214325
1751306436.7559147,-2.6120011806488037,2.0116331577301025,-0.2612711191177368,0.19897161424160004
1751306436.7763665,-2.612337827682495,2.011995792388916,-0.2612568438053131,0.1989736258983612
1751306436.785994,-2.6121907234191895,2.0121099948883057,-0.26124706864356995,0.19896051287651062
1751306436.8059409,-2.6124277114868164,2.0121359825134277,-0.2612631022930145,0.19896428287029266
1751306436.8164709,-2.61273455619812,2.0119965076446533,-0.261260449886322,0.1989772617816925
1751306436.8359253,-2.6120541095733643,2.011780023574829,-0.2612625062465668,0.19896723330020905
1751306436.8459365,-2.612295627593994,2.0118093490600586,-0.26125368475914,0.19896821677684784
1751306436.8659143,-2.6122045516967773,2.012080669403076,-0.2612674832344055,0.19896991550922394
1751306436.8759537,-2.612919807434082,2.0121419429779053,-0.2612643837928772,0.198977530002594
1751306436.89592,-2.6127588748931885,2.0119779109954834,-0.2612537443637848,0.19897577166557312
1751306436.915956,-2.6125588417053223,2.0118913650512695,-0.26124852895736694,0.19898468255996704
1751306436.9261103,-2.612673044204712,2.0120105743408203,-0.26127228140830994,0.19897255301475525
1751306436.9459004,-2.612677812576294,2.0120575428009033,-0.26125892996788025,0.19897189736366272
1751306436.9659336,-2.612575054168701,2.0118608474731445,-0.2612678110599518,0.19897298514842987
1751306436.9763098,-2.6126081943511963,2.011922597885132,-0.26124972105026245,0.19896851480007172
1751306436.9959133,-2.6126084327697754,2.011807680130005,-0.2612740993499756,0.19897425174713135
1751306437.005915,-2.6125218868255615,2.0119123458862305,-0.2612663507461548,0.1989596039056778
1751306437.0259316,-2.6125645637512207,2.011805534362793,-0.26126354932785034,0.19898054003715515
1751306437.035948,-2.6124777793884277,2.0119340419769287,-0.26127588748931885,0.19896669685840607
1751306437.0559316,-2.6122336387634277,2.0118227005004883,-0.261260986328125,0.1989683210849762
1751306437.0758965,-2.6127073764801025,2.011861562728882,-0.2612723708152771,0.19897343218326569
1751306437.0859885,-2.611860513687134,2.011547088623047,-0.2612651586532593,0.19896981120109558
1751306437.1059308,-2.6124773025512695,2.0116970539093018,-0.26125165820121765,0.19896474480628967
1751306437.115928,-2.612335443496704,2.0120410919189453,-0.2612585425376892,0.19897028803825378
1751306437.1359682,-2.612032890319824,2.0119311809539795,-0.26125627756118774,0.19895599782466888
1751306437.145949,-2.6126654148101807,2.0118958950042725,-0.26125195622444153,0.19895917177200317
1751306437.165889,-2.612555742263794,2.0118837356567383,-0.2612598240375519,0.19895748794078827
1751306437.175919,-2.6121373176574707,2.0119504928588867,-0.2612597942352295,0.19896110892295837
1751306437.1959138,-2.6125006675720215,2.011990547180176,-0.26126793026924133,0.19896525144577026
1751306437.2059128,-2.6121439933776855,2.0118958950042725,-0.2612646818161011,0.19895294308662415
1751306437.2259066,-2.612622022628784,2.011939764022827,-0.261263906955719,0.19897380471229553
1751306437.2360227,-2.612525463104248,2.0119121074676514,-0.2612631320953369,0.1989656388759613
1751306437.255942,-2.6123576164245605,2.0119192600250244,-0.2612568736076355,0.19895489513874054
1751306437.2759473,-2.6124958992004395,2.011775016784668,-0.2612544596195221,0.19897550344467163
1751306437.2859538,-2.612449884414673,2.011928081512451,-0.2612687051296234,0.19896289706230164
1751306437.305907,-2.6123175621032715,2.0117788314819336,-0.26124414801597595,0.1989585906267166
1751306437.3159213,-2.6123616695404053,2.0118417739868164,-0.2612488269805908,0.19896969199180603
1751306437.3359184,-2.612071990966797,2.0119190216064453,-0.2612740397453308,0.1989578902721405
1751306437.3459203,-2.6122632026672363,2.0118119716644287,-0.26125192642211914,0.19896800816059113
1751306437.3660216,-2.612269163131714,2.0115702152252197,-0.26126399636268616,0.1989736109972
1751306437.3759098,-2.612424850463867,2.0116705894470215,-0.26125064492225647,0.19896507263183594
1751306437.3959064,-2.612032413482666,2.0115292072296143,-0.2612493336200714,0.1989804357290268
1751306437.4159052,-2.6119539737701416,2.0114777088165283,-0.26125943660736084,0.19897116720676422
1751306437.425918,-2.612138032913208,2.011888027191162,-0.2612510919570923,0.19897660613059998
1751306437.4459121,-2.612401008605957,2.011827230453491,-0.261238694190979,0.198978990316391
1751306437.4659,-2.612133741378784,2.0115606784820557,-0.2612679600715637,0.19896365702152252
1751306437.4759204,-2.6119112968444824,2.0114586353302,-0.2612551748752594,0.19897577166557312
1751306437.4959285,-2.6117541790008545,2.011610507965088,-0.2612578868865967,0.19896459579467773
1751306437.5059175,-2.6118311882019043,2.0118556022644043,-0.2612581253051758,0.19896084070205688
1751306437.5258965,-2.6117687225341797,2.012025833129883,-0.26124727725982666,0.19897937774658203
1751306437.5359159,-2.6117913722991943,2.0118815898895264,-0.2612622082233429,0.19895651936531067
1751306437.5562575,-2.612100839614868,2.0117716789245605,-0.2612486779689789,0.19896209239959717
1751306437.5659723,-2.611980676651001,2.011683940887451,-0.2612515091896057,0.1989760845899582
1751306437.5859036,-2.611980438232422,2.011766195297241,-0.261252224445343,0.19896304607391357
1751306437.6059358,-2.612011194229126,2.0118534564971924,-0.26125431060791016,0.19896480441093445
1751306437.6162362,-2.611889600753784,2.0119197368621826,-0.2612617015838623,0.19896209239959717
1751306437.6359205,-2.611764669418335,2.011789560317993,-0.26126301288604736,0.19896423816680908
1751306437.6459382,-2.61183762550354,2.0118179321289062,-0.2612520158290863,0.19895945489406586
1751306437.665907,-2.611912727355957,2.0118699073791504,-0.2612638771533966,0.19896049797534943
1751306437.685944,-2.611553430557251,2.0116219520568848,-0.26124945282936096,0.19896885752677917
1751306437.6965477,-2.6117658615112305,2.011732339859009,-0.26124298572540283,0.1989656686782837
1751306437.705976,-2.61175274848938,2.01177978515625,-0.261258989572525,0.1989678144454956
1751306437.7259264,-2.6118314266204834,2.011850118637085,-0.26124998927116394,0.19897043704986572
1751306437.745958,-2.611778974533081,2.0118608474731445,-0.26124686002731323,0.1989678591489792
1751306437.756153,-2.612037181854248,2.0117852687835693,-0.26125991344451904,0.19896864891052246
1751306437.775937,-2.613081216812134,2.0123536586761475,-0.2612541913986206,0.19896237552165985
1751306437.7859225,-2.613192319869995,2.0123934745788574,-0.2612409293651581,0.1989547163248062
1751306437.8059168,-2.613316774368286,2.012422561645508,-0.26125508546829224,0.19895167648792267
1751306437.8159232,-2.613330125808716,2.0124642848968506,-0.261253297328949,0.19896188378334045
1751306437.836219,-2.6133229732513428,2.0124731063842773,-0.26125282049179077,0.1989613175392151
1751306437.8564003,-2.6133902072906494,2.012455463409424,-0.2612391412258148,0.1989576816558838
1751306437.8659568,-2.6134235858917236,2.012552499771118,-0.2612423598766327,0.198954775929451
1751306437.885947,-2.613049268722534,2.011915683746338,-0.2612585723400116,0.1989593356847763
1751306437.8959508,-2.613258123397827,2.0117623805999756,-0.26124411821365356,0.19895276427268982
1751306437.9159515,-2.613180160522461,2.011634111404419,-0.2612449526786804,0.19897456467151642
1751306437.9359403,-2.6132171154022217,2.0116355419158936,-0.26125818490982056,0.19896292686462402
1751306437.945964,-2.6131138801574707,2.0116803646087646,-0.26123905181884766,0.19896456599235535
1751306437.9559484,-2.6131274700164795,2.011648654937744,-0.2612520754337311,0.19896197319030762
1751306437.9759297,-2.61325740814209,2.011691093444824,-0.2612488865852356,0.19896288216114044
1751306437.9959545,-2.613247871398926,2.0117456912994385,-0.26125943660736084,0.1989758312702179
1751306438.005974,-2.6130824089050293,2.0115721225738525,-0.2612704932689667,0.1989673525094986
1751306438.0159366,-2.6131744384765625,2.011669635772705,-0.2612726092338562,0.19896277785301208
1751306438.0359323,-2.6137495040893555,2.011983871459961,-0.26125526428222656,0.19896960258483887
1751306438.0559232,-2.613314151763916,2.0117275714874268,-0.26125556230545044,0.1989627182483673
1751306438.0659485,-2.613438129425049,2.011810064315796,-0.26125964522361755,0.19897186756134033
1751306438.0859287,-2.613503932952881,2.01181960105896,-0.26125794649124146,0.19896800816059113
1751306438.0959284,-2.613672971725464,2.0118916034698486,-0.2612593173980713,0.19895371794700623
1751306438.1159472,-2.613478660583496,2.0118467807769775,-0.26125121116638184,0.1989651471376419
1751306438.1359348,-2.6136717796325684,2.0119452476501465,-0.2612699270248413,0.1989593654870987
1751306438.1459835,-2.613520383834839,2.011833906173706,-0.2612614035606384,0.19896729290485382
1751306438.1659477,-2.6135623455047607,2.01181960105896,-0.261249840259552,0.1989566683769226
1751306438.1759422,-2.612679958343506,2.0116560459136963,-0.26126059889793396,0.1989668309688568
1751306438.195983,-2.611414670944214,2.0114083290100098,-0.2612612843513489,0.19897352159023285
1751306438.2159529,-2.6115803718566895,2.0118112564086914,-0.2612572908401489,0.19896522164344788
1751306438.2259455,-2.6116838455200195,2.0117616653442383,-0.26125720143318176,0.19895333051681519
1751306438.2359612,-2.6119027137756348,2.0117225646972656,-0.26125413179397583,0.19896596670150757
1751306438.2559512,-2.612014055252075,2.0117366313934326,-0.26125842332839966,0.19896239042282104
1751306438.2759137,-2.6118621826171875,2.0116565227508545,-0.2612651288509369,0.19896605610847473
1751306438.2859323,-2.611764669418335,2.011733055114746,-0.26125726103782654,0.198959618806839
1751306438.3059397,-2.6117103099823,2.011739492416382,-0.2612576186656952,0.1989540457725525
1751306438.3159175,-2.611943483352661,2.0116443634033203,-0.26126179099082947,0.19896024465560913
1751306438.3359075,-2.611774206161499,2.0114853382110596,-0.2612546980381012,0.19897419214248657
1751306438.355927,-2.611851453781128,2.0116565227508545,-0.2612631022930145,0.19896608591079712
1751306438.3659592,-2.611769437789917,2.0117709636688232,-0.26125118136405945,0.19897015392780304
1751306438.385897,-2.6118457317352295,2.0117344856262207,-0.26124757528305054,0.19895406067371368
1751306438.3959231,-2.611743927001953,2.0116589069366455,-0.2612617015838623,0.19897103309631348
1751306438.4159114,-2.6117608547210693,2.0116703510284424,-0.26124438643455505,0.19896818697452545
1751306438.4259293,-2.611865282058716,2.011680841445923,-0.2612404525279999,0.1989588737487793
1751306438.4458957,-2.6118271350860596,2.0115573406219482,-0.2612678110599518,0.19897562265396118
1751306438.4559414,-2.611891746520996,2.0117359161376953,-0.26125288009643555,0.19896285235881805
1751306438.4759405,-2.611722230911255,2.01173996925354,-0.26126062870025635,0.19897951185703278
1751306438.4859188,-2.6116292476654053,2.0117287635803223,-0.26125460863113403,0.19896700978279114
1751306438.505925,-2.6116275787353516,2.011716604232788,-0.26125338673591614,0.19896294176578522
1751306438.5159597,-2.611659049987793,2.011720895767212,-0.2612582743167877,0.19897159934043884
1751306438.535927,-2.6116528511047363,2.011674404144287,-0.26125189661979675,0.19896981120109558
1751306438.555933,-2.6115448474884033,2.0116498470306396,-0.2612597942352295,0.19896933436393738
1751306438.5659385,-2.6117780208587646,2.0116851329803467,-0.26125776767730713,0.19896571338176727
1751306438.5859346,-2.6119437217712402,2.0116894245147705,-0.26124733686447144,0.19896578788757324
1751306438.5959802,-2.611980676651001,2.011754035949707,-0.2612578868865967,0.19897623360157013
1751306438.6159563,-2.61181902885437,2.0116097927093506,-0.26126667857170105,0.19896918535232544
1751306438.6259215,-2.611772298812866,2.0114312171936035,-0.261256605386734,0.19897541403770447
1751306438.6459217,-2.611625909805298,2.011383056640625,-0.2612534463405609,0.19897517561912537
1751306438.6660328,-2.611919641494751,2.0115699768066406,-0.2612491548061371,0.19897274672985077
1751306438.6760645,-2.6116185188293457,2.0113584995269775,-0.2612549066543579,0.19897085428237915
1751306438.6959286,-2.611820936203003,2.0116848945617676,-0.26126164197921753,0.19897663593292236
1751306438.7159352,-2.612138509750366,2.0116727352142334,-0.2612534165382385,0.19896478950977325
1751306438.7259977,-2.6121647357940674,2.0116612911224365,-0.26125583052635193,0.19896860420703888
1751306438.7359624,-2.6117076873779297,2.011597156524658,-0.2612714171409607,0.19896794855594635
1751306438.7559202,-2.6118128299713135,2.0117225646972656,-0.2612578868865967,0.19897496700286865
1751306438.7660654,-2.611764430999756,2.0117201805114746,-0.2612507939338684,0.19898061454296112
1751306438.7858934,-2.611621141433716,2.0114290714263916,-0.26126334071159363,0.19898082315921783
1751306438.805992,-2.6118829250335693,2.0113794803619385,-0.26125800609588623,0.19898644089698792
1751306438.81591,-2.6118242740631104,2.011478900909424,-0.26125967502593994,0.19897368550300598
1751306438.8359118,-2.6118884086608887,2.011701822280884,-0.26126283407211304,0.1989762932062149
1751306438.8559315,-2.611823558807373,2.0117199420928955,-0.261257141828537,0.1989671140909195
1751306438.8659465,-2.6117801666259766,2.0116543769836426,-0.2612702250480652,0.1989622414112091
1751306438.8859403,-2.6117184162139893,2.011418342590332,-0.2612594962120056,0.19898581504821777
1751306438.8959384,-2.6117241382598877,2.0115807056427,-0.2612546682357788,0.1989748328924179
1751306438.9159317,-2.6119327545166016,2.0115771293640137,-0.26126015186309814,0.19896668195724487
1751306438.9259653,-2.6118733882904053,2.0115349292755127,-0.2612604796886444,0.1989780217409134
1751306438.945907,-2.61186146736145,2.0116536617279053,-0.2612549364566803,0.19896967709064484
1751306438.9659274,-2.6118004322052,2.0115740299224854,-0.2612594962120056,0.19897142052650452
1751306438.9759576,-2.6117937564849854,2.0117077827453613,-0.2612576484680176,0.1989690214395523
1751306438.9859326,-2.611699342727661,2.0115163326263428,-0.2612721920013428,0.1989571750164032
1751306439.0059142,-2.6119258403778076,2.0114848613739014,-0.2612680196762085,0.1989755928516388
1751306439.0259404,-2.6119017601013184,2.011600971221924,-0.26126015186309814,0.19895432889461517
1751306439.0359251,-2.611790657043457,2.0115904808044434,-0.2612684369087219,0.19897249341011047
1751306439.0559351,-2.6117470264434814,2.0116312503814697,-0.2612660229206085,0.19896985590457916
1751306439.06594,-2.611783742904663,2.011592149734497,-0.2612565755844116,0.1989484578371048
1751306439.085909,-2.611851453781128,2.0115044116973877,-0.26126623153686523,0.1989770382642746
1751306439.1059017,-2.611880302429199,2.0115392208099365,-0.26126015186309814,0.19896578788757324
1751306439.1159153,-2.611687183380127,2.0113964080810547,-0.2612594962120056,0.19896897673606873
1751306439.135934,-2.6120975017547607,2.0115880966186523,-0.26126402616500854,0.19897137582302094
1751306439.1459236,-2.611839771270752,2.0115883350372314,-0.2612553536891937,0.1989687830209732
1751306439.1659143,-2.611851453781128,2.011601448059082,-0.2612520456314087,0.19897298514842987
1751306439.1859124,-2.611825704574585,2.011643648147583,-0.2612614035606384,0.19896402955055237
1751306439.1959286,-2.6119401454925537,2.011669635772705,-0.26126810908317566,0.19896073639392853
1751306439.2059238,-2.61190128326416,2.011593818664551,-0.2612590491771698,0.1989702731370926
1751306439.2259104,-2.61177134513855,2.0116310119628906,-0.2612578570842743,0.19896017014980316
1751306439.2359385,-2.611769914627075,2.011646270751953,-0.2612614631652832,0.19896650314331055
1751306439.255933,-2.6115853786468506,2.011462688446045,-0.2612614929676056,0.19896633923053741
1751306439.26594,-2.6116714477539062,2.0114190578460693,-0.2612498104572296,0.19896650314331055
1751306439.285919,-2.611872911453247,2.0116796493530273,-0.26126185059547424,0.1989794671535492
1751306439.305921,-2.611847400665283,2.0115854740142822,-0.2612539827823639,0.19896721839904785
1751306439.3259065,-2.6115195751190186,2.0111892223358154,-0.2612448036670685,0.19898119568824768
1751306439.335959,-2.6113171577453613,2.0109972953796387,-0.2612532079219818,0.19896972179412842
1751306439.3559203,-2.613133430480957,2.0116429328918457,-0.26125216484069824,0.1989704817533493
1751306439.3659325,-2.6132009029388428,2.011564016342163,-0.26125568151474,0.1989711970090866
1751306439.3859274,-2.6130969524383545,2.0114710330963135,-0.26124411821365356,0.19895029067993164
1751306439.4059298,-2.613332986831665,2.0116493701934814,-0.26125168800354004,0.19896630942821503
1751306439.4159226,-2.613511323928833,2.0117697715759277,-0.2612593173980713,0.19898203015327454
1751306439.4361823,-2.6135103702545166,2.011711835861206,-0.26125568151474,0.19896440207958221
1751306439.4460137,-2.613558292388916,2.0117859840393066,-0.2612544596195221,0.19898025691509247
1751306439.465909,-2.6135292053222656,2.01176381111145,-0.2612541615962982,0.19896642863750458
1751306439.4759252,-2.6134989261627197,2.0117063522338867,-0.2612479627132416,0.19896219670772552
1751306439.4959152,-2.6134912967681885,2.0117411613464355,-0.26125583052635193,0.19898369908332825
1751306439.5059204,-2.6133737564086914,2.0115859508514404,-0.2612437307834625,0.19895534217357635
1751306439.525904,-2.6135010719299316,2.0117056369781494,-0.26125970482826233,0.19896788895130157
1751306439.5359945,-2.6137046813964844,2.0119125843048096,-0.261260062456131,0.1989695131778717
1751306439.5559187,-2.6136064529418945,2.0118377208709717,-0.26125678420066833,0.19896122813224792
1751306439.5659199,-2.6133577823638916,2.0115818977355957,-0.2612457871437073,0.1989634484052658
1751306439.585961,-2.613555908203125,2.011798143386841,-0.2612530589103699,0.19897300004959106
1751306439.6059093,-2.613400936126709,2.0116114616394043,-0.2612485885620117,0.19896285235881805
1751306439.6160848,-2.6134698390960693,2.0116591453552246,-0.26124584674835205,0.19896367192268372
1751306439.6359189,-2.6135613918304443,2.0117578506469727,-0.26125431060791016,0.19896027445793152
1751306439.6460178,-2.6135973930358887,2.01184344291687,-0.2612415552139282,0.1989477425813675
1751306439.6659465,-2.613623857498169,2.0117998123168945,-0.2612495720386505,0.19896003603935242
1751306439.6859136,-2.6135103702545166,2.011746644973755,-0.2612634599208832,0.19894979894161224
1751306439.6959743,-2.6135659217834473,2.0117478370666504,-0.26124629378318787,0.19895580410957336
1751306439.7059374,-2.613537311553955,2.011737585067749,-0.2612522542476654,0.19896338880062103
1751306439.7259567,-2.613642692565918,2.0118470191955566,-0.2612527012825012,0.1989579200744629
1751306439.7459776,-2.613624095916748,2.0117571353912354,-0.2612540125846863,0.19895976781845093
1751306439.7559378,-2.613478183746338,2.011610507965088,-0.26125067472457886,0.19896580278873444
1751306439.7759712,-2.613450527191162,2.0116097927093506,-0.2612503170967102,0.19896464049816132
1751306439.7959442,-2.613346576690674,2.0115597248077393,-0.26125383377075195,0.19896745681762695
1751306439.8059328,-2.6134321689605713,2.011547565460205,-0.2612494230270386,0.19896410405635834
1751306439.8159404,-2.6134347915649414,2.0116560459136963,-0.26126646995544434,0.19896960258483887
1751306439.845957,-2.613394021987915,2.011598587036133,-0.2612617611885071,0.1989687979221344
1751306439.8559525,-2.6134865283966064,2.0116939544677734,-0.26125186681747437,0.19896112382411957
1751306439.8659642,-2.6134514808654785,2.0116209983825684,-0.26125502586364746,0.19896049797534943
1751306439.8859284,-2.6130688190460205,2.0114634037017822,-0.26126158237457275,0.19896599650382996
1751306439.8959386,-2.613354206085205,2.0116159915924072,-0.2612548768520355,0.19896972179412842
1751306439.9159248,-2.6133244037628174,2.011552333831787,-0.2612503468990326,0.1989661455154419
1751306439.9259431,-2.6134986877441406,2.011667013168335,-0.2612491548061371,0.1989695429801941
1751306439.9459586,-2.613677740097046,2.0118472576141357,-0.26124829053878784,0.19896893203258514
1751306439.9659626,-2.613382577896118,2.011625051498413,-0.2612495720386505,0.19896340370178223
1751306439.9758995,-2.6135268211364746,2.0117454528808594,-0.2612365782260895,0.19896262884140015
1751306439.9859405,-2.6133830547332764,2.011565923690796,-0.2612527310848236,0.19895003736019135
1751306440.0059612,-2.613502264022827,2.0117039680480957,-0.2612491548061371,0.19895663857460022
1751306440.025914,-2.613595724105835,2.011763572692871,-0.2612417936325073,0.1989685744047165
1751306440.0361683,-2.613598108291626,2.011749505996704,-0.2612416744232178,0.19896087050437927
1751306440.0559564,-2.6132850646972656,2.0115482807159424,-0.2612498104572296,0.19895793497562408
1751306440.06591,-2.6136627197265625,2.011761426925659,-0.2612529695034027,0.1989549845457077
1751306440.0859013,-2.6132514476776123,2.0115318298339844,-0.26124677062034607,0.19896985590457916
1751306440.0959163,-2.6134626865386963,2.011650323867798,-0.2612362802028656,0.19894838333129883
1751306440.1159136,-2.612844467163086,2.011571168899536,-0.2612520158290863,0.1989603191614151
1751306440.1259181,-2.6124274730682373,2.011486291885376,-0.2612420618534088,0.19895228743553162
1751306440.1458964,-2.6120288372039795,2.011723518371582,-0.26123982667922974,0.19896133244037628
1751306440.1659138,-2.6115667819976807,2.011442184448242,-0.26126307249069214,0.19897469878196716
1751306440.1859004,-2.6116833686828613,2.011364221572876,-0.26125165820121765,0.1989690214395523
1751306440.1959374,-2.61189603805542,2.0114543437957764,-0.26125574111938477,0.1989608258008957
1751306440.2059262,-2.6118686199188232,2.0116164684295654,-0.2612636089324951,0.19898726046085358
1751306440.225896,-2.6116814613342285,2.0115818977355957,-0.2612610459327698,0.1989690214395523
1751306440.2459,-2.6118860244750977,2.011596202850342,-0.2612523138523102,0.198974609375
1751306440.2559173,-2.611710786819458,2.0115885734558105,-0.26125672459602356,0.19897352159023285
1751306440.2759056,-2.611711025238037,2.01157283782959,-0.26125234365463257,0.19896382093429565
1751306440.2859185,-2.6119160652160645,2.011488437652588,-0.2612549662590027,0.1989692896604538
1751306440.3058937,-2.6117820739746094,2.011631488800049,-0.2612587511539459,0.19896027445793152
1751306440.3159366,-2.611600875854492,2.011573076248169,-0.2612643241882324,0.19896818697452545
1751306440.3359008,-2.611820936203003,2.0115158557891846,-0.26126334071159363,0.19896408915519714
1751306440.3558896,-2.611818790435791,2.011589527130127,-0.26125144958496094,0.19896800816059113
1751306440.3659167,-2.6116836071014404,2.011528253555298,-0.2612517178058624,0.19897331297397614
1751306440.3858855,-2.611814498901367,2.011641502380371,-0.2612510323524475,0.19896148145198822
1751306440.395942,-2.611704111099243,2.011592388153076,-0.261249303817749,0.1989610493183136
1751306440.4159157,-2.6116065979003906,2.0115251541137695,-0.2612510323524475,0.19896632432937622
1751306440.4259167,-2.611654758453369,2.011613607406616,-0.26125404238700867,0.19895486533641815
1751306440.4459205,-2.611750841140747,2.0116429328918457,-0.2612590491771698,0.19895966351032257
1751306440.4559104,-2.611654043197632,2.0113840103149414,-0.26125869154930115,0.19895786046981812
1751306440.4759455,-2.6118056774139404,2.0115182399749756,-0.2612580358982086,0.19896173477172852
1751306440.4859211,-2.6119496822357178,2.0116164684295654,-0.2612626850605011,0.19894884526729584
1751306440.5059278,-2.6115827560424805,2.01133131980896,-0.26125568151474,0.19894659519195557
1751306440.525922,-2.6119837760925293,2.0115981101989746,-0.2612658441066742,0.19896624982357025
1751306440.5359328,-2.6119184494018555,2.01162052154541,-0.26125213503837585,0.19895526766777039
1751306440.5561376,-2.6117632389068604,2.011564254760742,-0.26126182079315186,0.19894802570343018
1751306440.5659454,-2.6116952896118164,2.011550188064575,-0.26126793026924133,0.198965921998024
1751306440.585933,-2.611750364303589,2.011603832244873,-0.261264443397522,0.19896157085895538
1751306440.5959618,-2.611776113510132,2.0116004943847656,-0.26126590371131897,0.19895870983600616
1751306440.617457,-2.611841917037964,2.011592388153076,-0.26126977801322937,0.19897206127643585
1751306440.6359296,-2.61189603805542,2.011615037918091,-0.26126474142074585,0.1989552080631256
1751306440.6460779,-2.611902952194214,2.011587381362915,-0.26126644015312195,0.19896475970745087
1751306440.6659424,-2.61191987991333,2.0116162300109863,-0.26126450300216675,0.19896988570690155
1751306440.675947,-2.612086057662964,2.011617660522461,-0.26126617193222046,0.19895148277282715
1751306440.695928,-2.6113362312316895,2.0115060806274414,-0.26126107573509216,0.1989670842885971
1751306440.7165627,-2.611128568649292,2.011375904083252,-0.26125791668891907,0.1989688128232956
1751306440.7259417,-2.6113228797912598,2.0114786624908447,-0.261261910200119,0.19896410405635834
1751306440.735925,-2.611224889755249,2.0114290714263916,-0.26126474142074585,0.19896633923053741
1751306440.7559278,-2.6110427379608154,2.0113070011138916,-0.2612641453742981,0.19894753396511078
1751306440.7759469,-2.6111886501312256,2.0114314556121826,-0.2612510621547699,0.19895794987678528
1751306440.7859318,-2.6110236644744873,2.0113892555236816,-0.2612648010253906,0.1989613175392151
1751306440.8059297,-2.611138343811035,2.011397361755371,-0.26126420497894287,0.1989627629518509
1751306440.8259726,-2.610928773880005,2.0112667083740234,-0.26126334071159363,0.1989632546901703
1751306440.8359437,-2.6108460426330566,2.0112340450286865,-0.26125532388687134,0.19896452128887177
1751306440.8559458,-2.6110222339630127,2.0113613605499268,-0.2612592279911041,0.1989656388759613
1751306440.8659425,-2.6111814975738525,2.0114362239837646,-0.26126694679260254,0.1989443451166153
1751306440.8859553,-2.61126971244812,2.0114636421203613,-0.261266827583313,0.19896580278873444
1751306440.895914,-2.611345052719116,2.011446475982666,-0.26126277446746826,0.1989639550447464
1751306440.9159133,-2.6112892627716064,2.0114898681640625,-0.26126036047935486,0.19895854592323303
1751306440.925922,-2.611245632171631,2.0114705562591553,-0.2612724304199219,0.19896675646305084
1751306440.945929,-2.6112821102142334,2.0114567279815674,-0.26127204298973083,0.19895677268505096
1751306440.9559143,-2.6112723350524902,2.0114355087280273,-0.26127684116363525,0.1989561766386032
1751306440.975878,-2.611220121383667,2.011488437652588,-0.2612598240375519,0.1989634484052658
1751306440.9859376,-2.611060619354248,2.011338949203491,-0.26127326488494873,0.19895605742931366
1751306441.0059228,-2.6112847328186035,2.011446237564087,-0.26127055287361145,0.19896230101585388
1751306441.0259576,-2.611013650894165,2.0113236904144287,-0.26126569509506226,0.19896966218948364
1751306441.045962,-2.6111481189727783,2.0113911628723145,-0.2612566351890564,0.1989608108997345
1751306441.055955,-2.611189842224121,2.0114192962646484,-0.2612677812576294,0.1989641636610031
1751306441.066017,-2.6111714839935303,2.011467695236206,-0.26127997040748596,0.19897350668907166
1751306441.0859325,-2.611069917678833,2.0112903118133545,-0.2612680494785309,0.19896870851516724
1751306441.0959578,-2.6111319065093994,2.011322259902954,-0.2612667381763458,0.1989794373512268
1751306441.1159163,-2.6110517978668213,2.011307716369629,-0.26126769185066223,0.19896240532398224
1751306441.1259303,-2.6110165119171143,2.0113325119018555,-0.2612723708152771,0.19897215068340302
1751306441.1459372,-2.611124277114868,2.0113093852996826,-0.2612771689891815,0.19897174835205078
1751306441.1659272,-2.611114263534546,2.011216878890991,-0.26127246022224426,0.19896021485328674
1751306441.1759367,-2.6113369464874268,2.0116779804229736,-0.2612689733505249,0.19896115362644196
1751306441.195918,-2.6114604473114014,2.0117387771606445,-0.2612769901752472,0.19895842671394348
1751306441.2059143,-2.611844062805176,2.011845827102661,-0.26126885414123535,0.19897174835205078
1751306441.225883,-2.6116535663604736,2.011465072631836,-0.2612770199775696,0.19896037876605988
1751306441.2359412,-2.61152720451355,2.011197328567505,-0.26127225160598755,0.1989748179912567
1751306441.2569833,-2.6119306087493896,2.0113487243652344,-0.26128003001213074,0.1989654153585434
1751306441.2659469,-2.611912488937378,2.0114810466766357,-0.261273056268692,0.19895993173122406
1751306441.2859058,-2.6117920875549316,2.0114736557006836,-0.2612829804420471,0.19897538423538208
1751306441.3059194,-2.6116981506347656,2.0114784240722656,-0.2612662613391876,0.19895629584789276
1751306441.3258798,-2.6118695735931396,2.0113165378570557,-0.26127350330352783,0.19897396862506866
1751306441.3459089,-2.6115760803222656,2.0112738609313965,-0.2612609267234802,0.1989821493625641
1751306441.3559377,-2.6111435890197754,2.0115346908569336,-0.26127147674560547,0.19896528124809265
1751306441.3659337,-2.6112120151519775,2.0111403465270996,-0.26126813888549805,0.19896429777145386
1751306441.385948,-2.611260414123535,2.0109736919403076,-0.2612711191177368,0.19898563623428345
1751306441.3959184,-2.6112630367279053,2.0110905170440674,-0.26127782464027405,0.19895678758621216
1751306441.4159012,-2.6114981174468994,2.011256217956543,-0.26127877831459045,0.1989719569683075
1751306441.4358985,-2.6110215187072754,2.011091709136963,-0.26127171516418457,0.19898466765880585
1751306441.4459364,-2.61132550239563,2.0110490322113037,-0.26127398014068604,0.19897408783435822
1751306441.4659314,-2.611379861831665,2.011133909225464,-0.2612774968147278,0.19898168742656708
1751306441.475966,-2.611238956451416,2.0111143589019775,-0.2612614929676056,0.19896657764911652
1751306441.495925,-2.6112000942230225,2.0111844539642334,-0.26128193736076355,0.19896739721298218
1751306441.5059109,-2.6113061904907227,2.0111613273620605,-0.2612472176551819,0.1989690065383911
1751306441.5258973,-2.6114134788513184,2.011209726333618,-0.26126718521118164,0.19897611439228058
1751306441.5359402,-2.6111557483673096,2.011016607284546,-0.2612713575363159,0.19896303117275238
1751306441.5559187,-2.6111583709716797,2.011094331741333,-0.26126551628112793,0.19896630942821503
1751306441.5759194,-2.611409902572632,2.0111632347106934,-0.2612616717815399,0.19898274540901184
1751306441.5859313,-2.611332654953003,2.0110766887664795,-0.26126018166542053,0.19896888732910156
1751306441.6059206,-2.6114156246185303,2.01108980178833,-0.26126036047935486,0.1989736258983612
1751306441.6159413,-2.6113579273223877,2.011148691177368,-0.2612707316875458,0.1989823281764984
1751306441.635939,-2.611297845840454,2.011138677597046,-0.26126182079315186,0.19897128641605377
1751306441.6562586,-2.6113879680633545,2.0111825466156006,-0.2612561285495758,0.19898028671741486
1751306441.665951,-2.611391305923462,2.011213779449463,-0.26125961542129517,0.19898271560668945
1751306441.6759365,-2.6113121509552,2.0112428665161133,-0.26126813888549805,0.1989591121673584
1751306441.695939,-2.611264228820801,2.0111935138702393,-0.2612583339214325,0.19897499680519104
1751306441.705937,-2.6112449169158936,2.011160135269165,-0.26124662160873413,0.19896334409713745
1751306441.7259161,-2.6113250255584717,2.0111968517303467,-0.2612708508968353,0.1989683359861374
1751306441.7459238,-2.6112887859344482,2.0111758708953857,-0.2612711489200592,0.19897468388080597
1751306441.7559211,-2.61112380027771,2.0110559463500977,-0.26125216484069824,0.19897042214870453
1751306441.7759314,-2.6112186908721924,2.0111892223358154,-0.26126372814178467,0.19898299872875214
1751306441.7859368,-2.6112253665924072,2.0112264156341553,-0.2612661123275757,0.1989802122116089
1751306441.805932,-2.6110658645629883,2.011106252670288,-0.2612619698047638,0.19897744059562683
1751306441.8259335,-2.6110804080963135,2.0111420154571533,-0.26126962900161743,0.19897687435150146
1751306441.8364286,-2.6110472679138184,2.0110442638397217,-0.26124972105026245,0.1989721804857254
1751306441.8559551,-2.6107988357543945,2.010910987854004,-0.26125597953796387,0.1989651322364807
1751306441.8660097,-2.6111032962799072,2.011240243911743,-0.26126453280448914,0.19895151257514954
1751306441.876001,-2.6110849380493164,2.0110514163970947,-0.2612510025501251,0.19897443056106567
1751306441.895942,-2.6110026836395264,2.0110394954681396,-0.2612641751766205,0.19897139072418213
1751306441.9159424,-2.610802173614502,2.0110232830047607,-0.2612648010253906,0.19896288216114044
1751306441.9259899,-2.6113250255584717,2.0111734867095947,-0.26125943660736084,0.19897279143333435
1751306441.9459612,-2.611138105392456,2.0111167430877686,-0.26125967502593994,0.19896875321865082
1751306441.957498,-2.611281394958496,2.0111966133117676,-0.26126623153686523,0.19896428287029266
1751306441.975928,-2.611151695251465,2.0110909938812256,-0.26125380396842957,0.1989682912826538
1751306441.9859574,-2.6113269329071045,2.0112876892089844,-0.2612697184085846,0.19896464049816132
1751306442.0059648,-2.6110591888427734,2.0111513137817383,-0.2612590193748474,0.19897718727588654
1751306442.0259886,-2.611272096633911,2.011108875274658,-0.261264443397522,0.19897417724132538
1751306442.0359676,-2.611198902130127,2.0110793113708496,-0.2612602412700653,0.19896261394023895
1751306442.055959,-2.611250638961792,2.011134386062622,-0.2612687349319458,0.19896043837070465
1751306442.065971,-2.611164093017578,2.0110793113708496,-0.26126226782798767,0.19896933436393738
1751306442.0859764,-2.611001968383789,2.0106184482574463,-0.2612666189670563,0.19897037744522095
1751306442.0959537,-2.6108994483947754,2.0105271339416504,-0.2612602412700653,0.1989711970090866
1751306442.1159225,-2.611294984817505,2.0110700130462646,-0.26126131415367126,0.1989673674106598
1751306442.1259239,-2.6113789081573486,2.0110814571380615,-0.2612670361995697,0.1989658921957016
1751306442.145913,-2.6113269329071045,2.0112078189849854,-0.2612651288509369,0.19897498190402985
1751306442.1659172,-2.611248254776001,2.0111618041992188,-0.2612482011318207,0.19895480573177338
1751306442.1759522,-2.611063003540039,2.0109915733337402,-0.26125624775886536,0.1989499181509018
1751306442.1959426,-2.610969305038452,2.0110690593719482,-0.2612660527229309,0.19896338880062103
1751306442.2059839,-2.610978841781616,2.011085033416748,-0.2612583339214325,0.19897714257240295
1751306442.2259548,-2.6111080646514893,2.0109853744506836,-0.26125892996788025,0.19897204637527466
1751306442.2363467,-2.611048698425293,2.011019468307495,-0.2612500488758087,0.19896824657917023
1751306442.2563221,-2.6110260486602783,2.0111231803894043,-0.26127055287361145,0.19897548854351044
1751306442.2759051,-2.610945463180542,2.0111083984375,-0.2612689733505249,0.19897015392780304
1751306442.2859504,-2.611194133758545,2.0110979080200195,-0.2612447440624237,0.19898943603038788
1751306442.3060088,-2.6111721992492676,2.0111653804779053,-0.26125091314315796,0.19897198677062988
1751306442.3258963,-2.6111948490142822,2.0111160278320312,-0.26125821471214294,0.1989634931087494
1751306442.3359175,-2.611415147781372,2.011239767074585,-0.2612527012825012,0.19896729290485382
1751306442.355924,-2.611380100250244,2.0111851692199707,-0.26125049591064453,0.19896583259105682
1751306442.365917,-2.611337900161743,2.0112674236297607,-0.26125165820121765,0.19897498190402985
1751306442.3859055,-2.6112842559814453,2.0112152099609375,-0.2612558901309967,0.1989615559577942
1751306442.3959343,-2.611387014389038,2.011321544647217,-0.26126453280448914,0.198965921998024
1751306442.4159274,-2.61142897605896,2.011347770690918,-0.2612628936767578,0.1989729404449463
1751306442.4359093,-2.611067295074463,2.011101007461548,-0.26126202940940857,0.19895926117897034
1751306442.4459283,-2.611177444458008,2.0111265182495117,-0.26125720143318176,0.19896012544631958
1751306442.4559493,-2.6111888885498047,2.011040449142456,-0.261264443397522,0.1989848017692566
1751306442.4759088,-2.611258029937744,2.0112199783325195,-0.26124945282936096,0.1989782750606537
1751306442.4859176,-2.6113882064819336,2.0113227367401123,-0.26125192642211914,0.19897282123565674
1751306442.5059383,-2.6111369132995605,2.0110116004943848,-0.2612517476081848,0.19898030161857605
1751306442.52593,-2.611273765563965,2.011131763458252,-0.26124927401542664,0.1989714354276657
1751306442.535943,-2.6113030910491943,2.011198043823242,-0.2612476944923401,0.19897626340389252
1751306442.5559504,-2.6113319396972656,2.0112106800079346,-0.26125162839889526,0.19898521900177002
1751306442.5659525,-2.6112167835235596,2.011150360107422,-0.26124870777130127,0.19898541271686554
1751306442.5859315,-2.6114144325256348,2.0110504627227783,-0.2612554728984833,0.1989828646183014
1751306442.5964887,-2.6111533641815186,2.010993003845215,-0.26125726103782654,0.19898706674575806
1751306442.615943,-2.611213445663452,2.0112338066101074,-0.26126182079315186,0.19898119568824768
1751306442.635936,-2.6114726066589355,2.0112526416778564,-0.2612646520137787,0.1989736557006836
1751306442.6459138,-2.6114087104797363,2.0112416744232178,-0.2612479031085968,0.19897858798503876
1751306442.665929,-2.6113109588623047,2.011049270629883,-0.26125407218933105,0.19898703694343567
1751306442.6759424,-2.6112277507781982,2.0108838081359863,-0.2612561285495758,0.19896221160888672
1751306442.6959374,-2.6114141941070557,2.0107483863830566,-0.2612565755844116,0.19898124039173126
1751306442.7059598,-2.6113169193267822,2.0108048915863037,-0.26124948263168335,0.19897954165935516
1751306442.7259798,-2.611257791519165,2.011129856109619,-0.2612539827823639,0.19897069036960602
1751306442.7459245,-2.611084461212158,2.0111565589904785,-0.2612591087818146,0.1989758163690567
1751306442.7563465,-2.611283779144287,2.0110130310058594,-0.2612568438053131,0.1989673227071762
1751306442.7759619,-2.611440420150757,2.011051893234253,-0.26124873757362366,0.19897454977035522
1751306442.7859647,-2.6111977100372314,2.0111629962921143,-0.2612418532371521,0.1989755481481552
1751306442.8059146,-2.6109015941619873,2.0110044479370117,-0.261261522769928,0.1989620327949524
1751306442.8259516,-2.6113264560699463,2.0108046531677246,-0.2612582743167877,0.19897735118865967
1751306442.83596,-2.611206531524658,2.01072359085083,-0.26125460863113403,0.19898201525211334
1751306442.8559256,-2.611473798751831,2.011139392852783,-0.2612563669681549,0.1989651471376419
1751306442.8659542,-2.611212730407715,2.0113213062286377,-0.26126858592033386,0.19897709786891937
1751306442.885898,-2.611297130584717,2.0111243724823,-0.2612534165382385,0.19896651804447174
1751306442.8959322,-2.611382246017456,2.010775566101074,-0.26124677062034607,0.1989828199148178
1751306442.9160442,-2.6115119457244873,2.0108561515808105,-0.2612464725971222,0.1989656537771225
1751306442.9259224,-2.611372470855713,2.0111658573150635,-0.2612527012825012,0.19897545874118805
1751306442.945918,-2.611255407333374,2.0112860202789307,-0.26125723123550415,0.19898110628128052
1751306442.955945,-2.6112546920776367,2.011174201965332,-0.2612396776676178,0.19896139204502106
1751306442.975943,-2.6112780570983887,2.0111427307128906,-0.26124581694602966,0.19898022711277008
1751306442.9859118,-2.611130475997925,2.0111396312713623,-0.2612585127353668,0.198967844247818
1751306443.0059648,-2.611497640609741,2.0112760066986084,-0.26124659180641174,0.19896391034126282
1751306443.0259163,-2.611483573913574,2.01110577583313,-0.2612422704696655,0.19897668063640594
1751306443.035927,-2.611333131790161,2.011202335357666,-0.2612544596195221,0.19897010922431946
1751306443.0559168,-2.6116943359375,2.0113167762756348,-0.26126036047935486,0.19896173477172852
1751306443.0659637,-2.611398696899414,2.011143207550049,-0.26125216484069824,0.19897335767745972
1751306443.0858994,-2.6112637519836426,2.0111606121063232,-0.26124462485313416,0.19896818697452545
1751306443.1059053,-2.611366033554077,2.011164903640747,-0.26125285029411316,0.19896270334720612
1751306443.115942,-2.6113643646240234,2.0111210346221924,-0.2612621486186981,0.19897478818893433
